2026-04-17 05:12:39 [INFO] - Lote: VirusShare_00499
2026-04-17 05:12:39 [INFO] - Input TXT: C:\Users\ADOLF\Desktop\Repositorios\Creacion_Dataset\hashes\VirusShare_00499.txt
2026-04-17 05:12:39 [INFO] - Modo: file
2026-04-17 05:12:39 [INFO] - Escribiendo nuevo estado: EJECUTANDO extras={'input_txt': 'C:\\Users\\ADOLF\\Desktop\\Repositorios\\Creacion_Dataset\\hashes\\VirusShare_00499.txt'}
2026-04-17 05:12:40 [INFO] - START hash=32753d64f721f4a25d8364ef71dbb332 lote=VirusShare_00499 key=Key-VS-1 (GDQl...SlST) mode=file
2026-04-17 05:12:41 [INFO] - OK   hash=32753d64f721f4a25d8364ef71dbb332 estado=malware_o_detectado saved='clasificacion/VirusShare_00499/reportes/reporte/32753d64f721f4a25d8364ef71dbb332.json'
2026-04-17 05:12:56 [INFO] - START hash=18c7c0c8ae4757639fd8ed9ed52d5d0b lote=VirusShare_00499 key=Key-VS-1 (GDQl...SlST) mode=file
2026-04-17 05:12:56 [INFO] - OK   hash=18c7c0c8ae4757639fd8ed9ed52d5d0b estado=malware_o_detectado saved='clasificacion/VirusShare_00499/reportes/reporte/18c7c0c8ae4757639fd8ed9ed52d5d0b.json'
2026-04-17 05:13:11 [INFO] - START hash=e6020eea4525b7fedec5d5737615f933 lote=VirusShare_00499 key=Key-VS-1 (GDQl...SlST) mode=file
2026-04-17 05:13:11 [INFO] - OK   hash=e6020eea4525b7fedec5d5737615f933 estado=malware_o_detectado saved='clasificacion/VirusShare_00499/reportes/reporte/e6020eea4525b7fedec5d5737615f933.json'
2026-04-17 05:13:26 [INFO] - START hash=283c0a8823b435c9b96d9439cde9bcdb lote=VirusShare_00499 key=Key-VS-1 (GDQl...SlST) mode=file
2026-04-17 05:13:27 [INFO] - OK   hash=283c0a8823b435c9b96d9439cde9bcdb estado=malware_o_detectado saved='clasificacion/VirusShare_00499/reportes/reporte/283c0a8823b435c9b96d9439cde9bcdb.json'
2026-04-17 05:13:42 [INFO] - START hash=ed9184683fd30a2653cbcd854e50c0f4 lote=VirusShare_00499 key=Key-VS-1 (GDQl...SlST) mode=file
2026-04-17 05:13:42 [INFO] - OK   hash=ed9184683fd30a2653cbcd854e50c0f4 estado=malware_o_detectado saved='clasificacion/VirusShare_00499/reportes/reporte/ed9184683fd30a2653cbcd854e50c0f4.json'
2026-04-17 05:13:57 [INFO] - START hash=03c7f6563e9d289790439c3d8cefae40 lote=VirusShare_00499 key=Key-VS-1 (GDQl...SlST) mode=file
2026-04-17 05:13:57 [INFO] - OK   hash=03c7f6563e9d289790439c3d8cefae40 estado=malware_o_detectado saved='clasificacion/VirusShare_00499/reportes/reporte/03c7f6563e9d289790439c3d8cefae40.json'
2026-04-17 05:14:12 [INFO] - START hash=260f38d1f388fb8dae205de82de778f5 lote=VirusShare_00499 key=Key-VS-1 (GDQl...SlST) mode=file
2026-04-17 05:14:12 [INFO] - OK   hash=260f38d1f388fb8dae205de82de778f5 estado=malware_o_detectado saved='clasificacion/VirusShare_00499/reportes/reporte/260f38d1f388fb8dae205de82de778f5.json'
2026-04-17 05:14:27 [INFO] - START hash=e10fb7415ac496e172f4182e4f48e352 lote=VirusShare_00499 key=Key-VS-1 (GDQl...SlST) mode=file
2026-04-17 05:14:28 [INFO] - OK   hash=e10fb7415ac496e172f4182e4f48e352 estado=malware_o_detectado saved='clasificacion/VirusShare_00499/reportes/reporte/e10fb7415ac496e172f4182e4f48e352.json'
2026-04-17 05:14:43 [INFO] - START hash=d6c864b8801e521300bffb70a1738791 lote=VirusShare_00499 key=Key-VS-1 (GDQl...SlST) mode=file
2026-04-17 05:14:43 [INFO] - OK   hash=d6c864b8801e521300bffb70a1738791 estado=malware_o_detectado saved='clasificacion/VirusShare_00499/reportes/reporte/d6c864b8801e521300bffb70a1738791.json'
2026-04-17 05:14:58 [INFO] - START hash=0bdfbd9066cbeb2847196c7415c7ba57 lote=VirusShare_00499 key=Key-VS-1 (GDQl...SlST) mode=file
2026-04-17 05:14:58 [INFO] - OK   hash=0bdfbd9066cbeb2847196c7415c7ba57 estado=malware_o_detectado saved='clasificacion/VirusShare_00499/reportes/reporte/0bdfbd9066cbeb2847196c7415c7ba57.json'
2026-04-17 05:15:13 [INFO] - START hash=2647d47a31c115ea947ea26371d021a5 lote=VirusShare_00499 key=Key-VS-1 (GDQl...SlST) mode=file
2026-04-17 05:15:13 [INFO] - OK   hash=2647d47a31c115ea947ea26371d021a5 estado=malware_o_detectado saved='clasificacion/VirusShare_00499/reportes/reporte/2647d47a31c115ea947ea26371d021a5.json'
2026-04-17 05:15:28 [INFO] - START hash=d58475dbf485936dd0467144cc6e991b lote=VirusShare_00499 key=Key-VS-1 (GDQl...SlST) mode=file
2026-04-17 05:15:29 [INFO] - OK   hash=d58475dbf485936dd0467144cc6e991b estado=malware_o_detectado saved='clasificacion/VirusShare_00499/reportes/reporte/d58475dbf485936dd0467144cc6e991b.json'
2026-04-17 05:15:44 [INFO] - START hash=30acabee5ce9c5347186c286a63d5c07 lote=VirusShare_00499 key=Key-VS-1 (GDQl...SlST) mode=file
2026-04-17 05:15:44 [INFO] - OK   hash=30acabee5ce9c5347186c286a63d5c07 estado=malware_o_detectado saved='clasificacion/VirusShare_00499/reportes/reporte/30acabee5ce9c5347186c286a63d5c07.json'
2026-04-17 05:15:59 [INFO] - START hash=3a510f6d163e821bf38d3672b0041857 lote=VirusShare_00499 key=Key-VS-1 (GDQl...SlST) mode=file
2026-04-17 05:15:59 [INFO] - OK   hash=3a510f6d163e821bf38d3672b0041857 estado=malware_o_detectado saved='clasificacion/VirusShare_00499/reportes/reporte/3a510f6d163e821bf38d3672b0041857.json'
2026-04-17 05:16:14 [INFO] - START hash=e4dcdb377899682034b41de0db394ff5 lote=VirusShare_00499 key=Key-VS-1 (GDQl...SlST) mode=file
2026-04-17 05:16:14 [INFO] - OK   hash=e4dcdb377899682034b41de0db394ff5 estado=malware_o_detectado saved='clasificacion/VirusShare_00499/reportes/reporte/e4dcdb377899682034b41de0db394ff5.json'
2026-04-17 05:16:29 [INFO] - START hash=616602f7443c1a5b7af12d09be622748 lote=VirusShare_00499 key=Key-VS-1 (GDQl...SlST) mode=file
2026-04-17 05:16:30 [INFO] - OK   hash=616602f7443c1a5b7af12d09be622748 estado=malware_o_detectado saved='clasificacion/VirusShare_00499/reportes/reporte/616602f7443c1a5b7af12d09be622748.json'
2026-04-17 05:16:45 [INFO] - START hash=e2b2d06d22a62e36c9dea510560665ba lote=VirusShare_00499 key=Key-VS-1 (GDQl...SlST) mode=file
2026-04-17 05:16:45 [INFO] - OK   hash=e2b2d06d22a62e36c9dea510560665ba estado=malware_o_detectado saved='clasificacion/VirusShare_00499/reportes/reporte/e2b2d06d22a62e36c9dea510560665ba.json'
2026-04-17 05:17:00 [INFO] - START hash=1cdc67a087eca3f094361a413c7ca855 lote=VirusShare_00499 key=Key-VS-1 (GDQl...SlST) mode=file
2026-04-17 05:17:00 [INFO] - OK   hash=1cdc67a087eca3f094361a413c7ca855 estado=malware_o_detectado saved='clasificacion/VirusShare_00499/reportes/reporte/1cdc67a087eca3f094361a413c7ca855.json'
2026-04-17 05:17:15 [INFO] - START hash=6a894fde7690e61ba8ff69458d151416 lote=VirusShare_00499 key=Key-VS-1 (GDQl...SlST) mode=file
2026-04-17 05:17:15 [INFO] - OK   hash=6a894fde7690e61ba8ff69458d151416 estado=malware_o_detectado saved='clasificacion/VirusShare_00499/reportes/reporte/6a894fde7690e61ba8ff69458d151416.json'
2026-04-17 05:17:30 [INFO] - START hash=44680dfb24fe26e1eecc904016e662f5 lote=VirusShare_00499 key=Key-VS-1 (GDQl...SlST) mode=file
2026-04-17 05:17:30 [INFO] - OK   hash=44680dfb24fe26e1eecc904016e662f5 estado=malware_o_detectado saved='clasificacion/VirusShare_00499/reportes/reporte/44680dfb24fe26e1eecc904016e662f5.json'
2026-04-17 05:17:45 [INFO] - START hash=52ab362a5c5a2036d6df86def71ebdf0 lote=VirusShare_00499 key=Key-VS-1 (GDQl...SlST) mode=file
2026-04-17 05:17:46 [INFO] - OK   hash=52ab362a5c5a2036d6df86def71ebdf0 estado=malware_o_detectado saved='clasificacion/VirusShare_00499/reportes/reporte/52ab362a5c5a2036d6df86def71ebdf0.json'
2026-04-17 05:18:01 [INFO] - START hash=b646da5d8c28725dd90e996fc8f57192 lote=VirusShare_00499 key=Key-VS-1 (GDQl...SlST) mode=file
2026-04-17 05:18:01 [INFO] - OK   hash=b646da5d8c28725dd90e996fc8f57192 estado=malware_o_detectado saved='clasificacion/VirusShare_00499/reportes/reporte/b646da5d8c28725dd90e996fc8f57192.json'
2026-04-17 05:18:16 [INFO] - START hash=378e7f6afa9020b074a228907765dcf7 lote=VirusShare_00499 key=Key-VS-1 (GDQl...SlST) mode=file
2026-04-17 05:18:18 [INFO] - OK   hash=378e7f6afa9020b074a228907765dcf7 estado=malware_o_detectado saved='clasificacion/VirusShare_00499/reportes/reporte/378e7f6afa9020b074a228907765dcf7.json'
2026-04-17 05:18:33 [INFO] - START hash=93a9cc3f47e50d29b4ccad45c43d7507 lote=VirusShare_00499 key=Key-VS-1 (GDQl...SlST) mode=file
2026-04-17 05:18:34 [INFO] - OK   hash=93a9cc3f47e50d29b4ccad45c43d7507 estado=malware_o_detectado saved='clasificacion/VirusShare_00499/reportes/reporte/93a9cc3f47e50d29b4ccad45c43d7507.json'
2026-04-17 05:18:49 [INFO] - START hash=3672a9669b9f93ab8005fe93e22e67ec lote=VirusShare_00499 key=Key-VS-1 (GDQl...SlST) mode=file
2026-04-17 05:18:49 [INFO] - OK   hash=3672a9669b9f93ab8005fe93e22e67ec estado=malware_o_detectado saved='clasificacion/VirusShare_00499/reportes/reporte/3672a9669b9f93ab8005fe93e22e67ec.json'
2026-04-17 05:19:04 [INFO] - START hash=bd2502cb96952a66c2879f77d363cf66 lote=VirusShare_00499 key=Key-VS-1 (GDQl...SlST) mode=file
2026-04-17 05:19:04 [INFO] - OK   hash=bd2502cb96952a66c2879f77d363cf66 estado=malware_o_detectado saved='clasificacion/VirusShare_00499/reportes/reporte/bd2502cb96952a66c2879f77d363cf66.json'
2026-04-17 05:19:19 [INFO] - START hash=cce512e72d8183e6253b3a2ef3e57d46 lote=VirusShare_00499 key=Key-VS-1 (GDQl...SlST) mode=file
2026-04-17 05:19:19 [INFO] - OK   hash=cce512e72d8183e6253b3a2ef3e57d46 estado=malware_o_detectado saved='clasificacion/VirusShare_00499/reportes/reporte/cce512e72d8183e6253b3a2ef3e57d46.json'
2026-04-17 05:19:34 [INFO] - START hash=857a63fc74b7551f1653b19c2687f5c5 lote=VirusShare_00499 key=Key-VS-1 (GDQl...SlST) mode=file
2026-04-17 05:19:35 [INFO] - OK   hash=857a63fc74b7551f1653b19c2687f5c5 estado=malware_o_detectado saved='clasificacion/VirusShare_00499/reportes/reporte/857a63fc74b7551f1653b19c2687f5c5.json'
2026-04-17 05:19:50 [INFO] - START hash=f4608d231816bce76dc2368ba618592c lote=VirusShare_00499 key=Key-VS-1 (GDQl...SlST) mode=file
2026-04-17 05:19:50 [INFO] - OK   hash=f4608d231816bce76dc2368ba618592c estado=malware_o_detectado saved='clasificacion/VirusShare_00499/reportes/reporte/f4608d231816bce76dc2368ba618592c.json'
2026-04-17 05:20:05 [INFO] - START hash=f86cf220ab3480e68f338e68218f3821 lote=VirusShare_00499 key=Key-VS-1 (GDQl...SlST) mode=file
2026-04-17 05:20:05 [INFO] - OK   hash=f86cf220ab3480e68f338e68218f3821 estado=malware_o_detectado saved='clasificacion/VirusShare_00499/reportes/reporte/f86cf220ab3480e68f338e68218f3821.json'
2026-04-17 05:20:20 [INFO] - START hash=5337a651cf4c21e1bdf7490383a5a5a6 lote=VirusShare_00499 key=Key-VS-1 (GDQl...SlST) mode=file
2026-04-17 05:20:20 [INFO] - OK   hash=5337a651cf4c21e1bdf7490383a5a5a6 estado=malware_o_detectado saved='clasificacion/VirusShare_00499/reportes/reporte/5337a651cf4c21e1bdf7490383a5a5a6.json'
2026-04-17 05:20:35 [INFO] - START hash=903fe53a57d51aeeba0cac2c2dad9a75 lote=VirusShare_00499 key=Key-VS-1 (GDQl...SlST) mode=file
2026-04-17 05:20:36 [INFO] - OK   hash=903fe53a57d51aeeba0cac2c2dad9a75 estado=malware_o_detectado saved='clasificacion/VirusShare_00499/reportes/reporte/903fe53a57d51aeeba0cac2c2dad9a75.json'
2026-04-17 05:20:51 [INFO] - START hash=af1da11f0eb6ce5050f5873b60f8d7b9 lote=VirusShare_00499 key=Key-VS-1 (GDQl...SlST) mode=file
2026-04-17 05:20:51 [INFO] - OK   hash=af1da11f0eb6ce5050f5873b60f8d7b9 estado=malware_o_detectado saved='clasificacion/VirusShare_00499/reportes/reporte/af1da11f0eb6ce5050f5873b60f8d7b9.json'
2026-04-17 05:21:06 [INFO] - START hash=a0cff49636b83dd8a2aa362ce95f5693 lote=VirusShare_00499 key=Key-VS-1 (GDQl...SlST) mode=file
2026-04-17 05:21:06 [INFO] - OK   hash=a0cff49636b83dd8a2aa362ce95f5693 estado=malware_o_detectado saved='clasificacion/VirusShare_00499/reportes/reporte/a0cff49636b83dd8a2aa362ce95f5693.json'
2026-04-17 05:21:21 [INFO] - START hash=7b1979f27cd85d91ad2531566a116eec lote=VirusShare_00499 key=Key-VS-1 (GDQl...SlST) mode=file
2026-04-17 05:21:21 [INFO] - OK   hash=7b1979f27cd85d91ad2531566a116eec estado=malware_o_detectado saved='clasificacion/VirusShare_00499/reportes/reporte/7b1979f27cd85d91ad2531566a116eec.json'
2026-04-17 05:21:36 [INFO] - START hash=d51606a0437e1618ddb10f66a0a6f819 lote=VirusShare_00499 key=Key-VS-1 (GDQl...SlST) mode=file
2026-04-17 05:21:37 [INFO] - OK   hash=d51606a0437e1618ddb10f66a0a6f819 estado=malware_o_detectado saved='clasificacion/VirusShare_00499/reportes/reporte/d51606a0437e1618ddb10f66a0a6f819.json'
2026-04-17 05:21:52 [INFO] - START hash=5d7acbed450c662042b624da2c6b74e0 lote=VirusShare_00499 key=Key-VS-1 (GDQl...SlST) mode=file
2026-04-17 05:21:52 [INFO] - OK   hash=5d7acbed450c662042b624da2c6b74e0 estado=malware_o_detectado saved='clasificacion/VirusShare_00499/reportes/reporte/5d7acbed450c662042b624da2c6b74e0.json'
2026-04-17 05:22:07 [INFO] - START hash=67dbad39ad1860b2668211626f689cbf lote=VirusShare_00499 key=Key-VS-1 (GDQl...SlST) mode=file
2026-04-17 05:22:07 [INFO] - OK   hash=67dbad39ad1860b2668211626f689cbf estado=malware_o_detectado saved='clasificacion/VirusShare_00499/reportes/reporte/67dbad39ad1860b2668211626f689cbf.json'
2026-04-17 05:22:22 [INFO] - START hash=71fd533a6afba2416835ecab00a55e25 lote=VirusShare_00499 key=Key-VS-1 (GDQl...SlST) mode=file
2026-04-17 05:22:22 [INFO] - OK   hash=71fd533a6afba2416835ecab00a55e25 estado=malware_o_detectado saved='clasificacion/VirusShare_00499/reportes/reporte/71fd533a6afba2416835ecab00a55e25.json'
2026-04-17 05:22:37 [INFO] - START hash=58da0cddaaf72e05656a14c54787fe28 lote=VirusShare_00499 key=Key-VS-1 (GDQl...SlST) mode=file
2026-04-17 05:22:38 [INFO] - OK   hash=58da0cddaaf72e05656a14c54787fe28 estado=malware_o_detectado saved='clasificacion/VirusShare_00499/reportes/reporte/58da0cddaaf72e05656a14c54787fe28.json'
2026-04-17 05:22:53 [INFO] - START hash=af162993b810c8ac34d7be01cebf88b3 lote=VirusShare_00499 key=Key-VS-1 (GDQl...SlST) mode=file
2026-04-17 05:22:53 [INFO] - OK   hash=af162993b810c8ac34d7be01cebf88b3 estado=malware_o_detectado saved='clasificacion/VirusShare_00499/reportes/reporte/af162993b810c8ac34d7be01cebf88b3.json'
2026-04-17 05:23:08 [INFO] - START hash=23dc1441435a8133dc487eb03b0a4c87 lote=VirusShare_00499 key=Key-VS-1 (GDQl...SlST) mode=file
2026-04-17 05:23:08 [INFO] - OK   hash=23dc1441435a8133dc487eb03b0a4c87 estado=malware_o_detectado saved='clasificacion/VirusShare_00499/reportes/reporte/23dc1441435a8133dc487eb03b0a4c87.json'
2026-04-17 05:23:23 [INFO] - START hash=6d69c9446c3d048d23a23d8e1e0c2f59 lote=VirusShare_00499 key=Key-VS-1 (GDQl...SlST) mode=file
2026-04-17 05:23:23 [INFO] - OK   hash=6d69c9446c3d048d23a23d8e1e0c2f59 estado=malware_o_detectado saved='clasificacion/VirusShare_00499/reportes/reporte/6d69c9446c3d048d23a23d8e1e0c2f59.json'
2026-04-17 05:23:38 [INFO] - START hash=b898569efb04dcd12112a53dcbd2ebb1 lote=VirusShare_00499 key=Key-VS-1 (GDQl...SlST) mode=file
2026-04-17 05:23:39 [INFO] - OK   hash=b898569efb04dcd12112a53dcbd2ebb1 estado=malware_o_detectado saved='clasificacion/VirusShare_00499/reportes/reporte/b898569efb04dcd12112a53dcbd2ebb1.json'
2026-04-17 05:23:54 [INFO] - START hash=8dc584a1d34ad38de85f6df87703400c lote=VirusShare_00499 key=Key-VS-1 (GDQl...SlST) mode=file
2026-04-17 05:23:54 [INFO] - OK   hash=8dc584a1d34ad38de85f6df87703400c estado=malware_o_detectado saved='clasificacion/VirusShare_00499/reportes/reporte/8dc584a1d34ad38de85f6df87703400c.json'
2026-04-17 05:24:09 [INFO] - START hash=12c26149fd144f8e84dbfb894084577e lote=VirusShare_00499 key=Key-VS-1 (GDQl...SlST) mode=file
2026-04-17 05:24:09 [INFO] - OK   hash=12c26149fd144f8e84dbfb894084577e estado=malware_o_detectado saved='clasificacion/VirusShare_00499/reportes/reporte/12c26149fd144f8e84dbfb894084577e.json'
2026-04-17 05:24:24 [INFO] - START hash=4ec8b81e09836ef873e3b89eef2c9392 lote=VirusShare_00499 key=Key-VS-1 (GDQl...SlST) mode=file
2026-04-17 05:24:24 [INFO] - OK   hash=4ec8b81e09836ef873e3b89eef2c9392 estado=malware_o_detectado saved='clasificacion/VirusShare_00499/reportes/reporte/4ec8b81e09836ef873e3b89eef2c9392.json'
2026-04-17 05:24:39 [INFO] - START hash=a974e75c9bdfe13ccb7344daa1fe3b37 lote=VirusShare_00499 key=Key-VS-1 (GDQl...SlST) mode=file
2026-04-17 05:24:40 [INFO] - OK   hash=a974e75c9bdfe13ccb7344daa1fe3b37 estado=malware_o_detectado saved='clasificacion/VirusShare_00499/reportes/reporte/a974e75c9bdfe13ccb7344daa1fe3b37.json'
2026-04-17 05:24:55 [INFO] - START hash=0a0ea2848aea4a4f5c4c8886cc58fdc1 lote=VirusShare_00499 key=Key-VS-1 (GDQl...SlST) mode=file
2026-04-17 05:24:55 [INFO] - OK   hash=0a0ea2848aea4a4f5c4c8886cc58fdc1 estado=malware_o_detectado saved='clasificacion/VirusShare_00499/reportes/reporte/0a0ea2848aea4a4f5c4c8886cc58fdc1.json'
2026-04-17 05:25:10 [INFO] - START hash=2093410bfe234fa5cc421dbf17a71fec lote=VirusShare_00499 key=Key-VS-1 (GDQl...SlST) mode=file
2026-04-17 05:25:10 [INFO] - OK   hash=2093410bfe234fa5cc421dbf17a71fec estado=malware_o_detectado saved='clasificacion/VirusShare_00499/reportes/reporte/2093410bfe234fa5cc421dbf17a71fec.json'
2026-04-17 05:25:25 [INFO] - START hash=18db6412c925c1570372585b90576a0b lote=VirusShare_00499 key=Key-VS-1 (GDQl...SlST) mode=file
2026-04-17 05:25:25 [INFO] - OK   hash=18db6412c925c1570372585b90576a0b estado=malware_o_detectado saved='clasificacion/VirusShare_00499/reportes/reporte/18db6412c925c1570372585b90576a0b.json'
2026-04-17 05:25:40 [INFO] - START hash=ebe49bad4ddb6e4b23ceb60b635b27a8 lote=VirusShare_00499 key=Key-VS-1 (GDQl...SlST) mode=file
2026-04-17 05:25:40 [INFO] - OK   hash=ebe49bad4ddb6e4b23ceb60b635b27a8 estado=malware_o_detectado saved='clasificacion/VirusShare_00499/reportes/reporte/ebe49bad4ddb6e4b23ceb60b635b27a8.json'
2026-04-17 05:25:55 [INFO] - START hash=f8eda1525ff27d1c7e3181e32408ded9 lote=VirusShare_00499 key=Key-VS-1 (GDQl...SlST) mode=file
2026-04-17 05:25:55 [INFO] - OK   hash=f8eda1525ff27d1c7e3181e32408ded9 estado=malware_o_detectado saved='clasificacion/VirusShare_00499/reportes/reporte/f8eda1525ff27d1c7e3181e32408ded9.json'
2026-04-17 05:26:10 [INFO] - START hash=c6b5407cb8341352f43e5d89f2a1c5bf lote=VirusShare_00499 key=Key-VS-1 (GDQl...SlST) mode=file
2026-04-17 05:26:11 [INFO] - OK   hash=c6b5407cb8341352f43e5d89f2a1c5bf estado=malware_o_detectado saved='clasificacion/VirusShare_00499/reportes/reporte/c6b5407cb8341352f43e5d89f2a1c5bf.json'
2026-04-17 05:26:26 [INFO] - START hash=6d1d0c6becaa112069771b6443669d08 lote=VirusShare_00499 key=Key-VS-1 (GDQl...SlST) mode=file
2026-04-17 05:26:26 [INFO] - OK   hash=6d1d0c6becaa112069771b6443669d08 estado=malware_o_detectado saved='clasificacion/VirusShare_00499/reportes/reporte/6d1d0c6becaa112069771b6443669d08.json'
2026-04-17 05:26:41 [INFO] - START hash=24ea04cc6f692f372a5b50ce53b478a0 lote=VirusShare_00499 key=Key-VS-1 (GDQl...SlST) mode=file
2026-04-17 05:26:41 [INFO] - OK   hash=24ea04cc6f692f372a5b50ce53b478a0 estado=malware_o_detectado saved='clasificacion/VirusShare_00499/reportes/reporte/24ea04cc6f692f372a5b50ce53b478a0.json'
2026-04-17 05:26:56 [INFO] - START hash=2bd2dc77b1603e60b04f4b9a283434a3 lote=VirusShare_00499 key=Key-VS-1 (GDQl...SlST) mode=file
2026-04-17 05:26:56 [INFO] - OK   hash=2bd2dc77b1603e60b04f4b9a283434a3 estado=malware_o_detectado saved='clasificacion/VirusShare_00499/reportes/reporte/2bd2dc77b1603e60b04f4b9a283434a3.json'
2026-04-17 05:27:11 [INFO] - START hash=34d1011b884caf474b6c90025965e5f3 lote=VirusShare_00499 key=Key-VS-1 (GDQl...SlST) mode=file
2026-04-17 05:27:12 [INFO] - OK   hash=34d1011b884caf474b6c90025965e5f3 estado=malware_o_detectado saved='clasificacion/VirusShare_00499/reportes/reporte/34d1011b884caf474b6c90025965e5f3.json'
2026-04-17 05:27:27 [INFO] - START hash=7968310ea20dfb132e8cfe5e4e30dc09 lote=VirusShare_00499 key=Key-VS-1 (GDQl...SlST) mode=file
2026-04-17 05:27:27 [INFO] - OK   hash=7968310ea20dfb132e8cfe5e4e30dc09 estado=malware_o_detectado saved='clasificacion/VirusShare_00499/reportes/reporte/7968310ea20dfb132e8cfe5e4e30dc09.json'
2026-04-17 05:27:42 [INFO] - START hash=5711a753361326618b0bcc01a6613d85 lote=VirusShare_00499 key=Key-VS-1 (GDQl...SlST) mode=file
2026-04-17 05:27:42 [INFO] - OK   hash=5711a753361326618b0bcc01a6613d85 estado=malware_o_detectado saved='clasificacion/VirusShare_00499/reportes/reporte/5711a753361326618b0bcc01a6613d85.json'
2026-04-17 05:27:57 [INFO] - START hash=e5922d788e58d4298d1c2a4897fd10b1 lote=VirusShare_00499 key=Key-VS-1 (GDQl...SlST) mode=file
2026-04-17 05:27:57 [INFO] - OK   hash=e5922d788e58d4298d1c2a4897fd10b1 estado=malware_o_detectado saved='clasificacion/VirusShare_00499/reportes/reporte/e5922d788e58d4298d1c2a4897fd10b1.json'
2026-04-17 05:28:12 [INFO] - START hash=280c80ef6c274fb94e46cb6fcd81d7ee lote=VirusShare_00499 key=Key-VS-1 (GDQl...SlST) mode=file
2026-04-17 05:28:13 [INFO] - OK   hash=280c80ef6c274fb94e46cb6fcd81d7ee estado=malware_o_detectado saved='clasificacion/VirusShare_00499/reportes/reporte/280c80ef6c274fb94e46cb6fcd81d7ee.json'
2026-04-17 05:28:28 [INFO] - START hash=5d62fbd411c58f2259cec9f3da5b5649 lote=VirusShare_00499 key=Key-VS-1 (GDQl...SlST) mode=file
2026-04-17 05:28:28 [INFO] - OK   hash=5d62fbd411c58f2259cec9f3da5b5649 estado=malware_o_detectado saved='clasificacion/VirusShare_00499/reportes/reporte/5d62fbd411c58f2259cec9f3da5b5649.json'
2026-04-17 05:28:43 [INFO] - START hash=0a57c4e88c2121724f54561565ec5f9d lote=VirusShare_00499 key=Key-VS-1 (GDQl...SlST) mode=file
2026-04-17 05:28:43 [INFO] - OK   hash=0a57c4e88c2121724f54561565ec5f9d estado=malware_o_detectado saved='clasificacion/VirusShare_00499/reportes/reporte/0a57c4e88c2121724f54561565ec5f9d.json'
2026-04-17 05:28:58 [INFO] - START hash=0381b03e63458ba29d583244d259a33a lote=VirusShare_00499 key=Key-VS-1 (GDQl...SlST) mode=file
2026-04-17 05:28:58 [INFO] - OK   hash=0381b03e63458ba29d583244d259a33a estado=malware_o_detectado saved='clasificacion/VirusShare_00499/reportes/reporte/0381b03e63458ba29d583244d259a33a.json'
2026-04-17 05:29:13 [INFO] - START hash=45df17fa1922efd856ff8a41cb55c025 lote=VirusShare_00499 key=Key-VS-1 (GDQl...SlST) mode=file
2026-04-17 05:29:14 [INFO] - OK   hash=45df17fa1922efd856ff8a41cb55c025 estado=malware_o_detectado saved='clasificacion/VirusShare_00499/reportes/reporte/45df17fa1922efd856ff8a41cb55c025.json'
2026-04-17 05:29:29 [INFO] - START hash=fce4c1af48bf211524c347174099d165 lote=VirusShare_00499 key=Key-VS-1 (GDQl...SlST) mode=file
2026-04-17 05:29:29 [INFO] - OK   hash=fce4c1af48bf211524c347174099d165 estado=malware_o_detectado saved='clasificacion/VirusShare_00499/reportes/reporte/fce4c1af48bf211524c347174099d165.json'
2026-04-17 05:29:44 [INFO] - START hash=43822f95613c2261108d7cbaabe349cc lote=VirusShare_00499 key=Key-VS-1 (GDQl...SlST) mode=file
2026-04-17 05:29:44 [INFO] - OK   hash=43822f95613c2261108d7cbaabe349cc estado=malware_o_detectado saved='clasificacion/VirusShare_00499/reportes/reporte/43822f95613c2261108d7cbaabe349cc.json'
2026-04-17 05:29:59 [INFO] - START hash=3780a0fdec0efad0bfb679b5a896c987 lote=VirusShare_00499 key=Key-VS-1 (GDQl...SlST) mode=file
2026-04-17 05:29:59 [INFO] - OK   hash=3780a0fdec0efad0bfb679b5a896c987 estado=malware_o_detectado saved='clasificacion/VirusShare_00499/reportes/reporte/3780a0fdec0efad0bfb679b5a896c987.json'
2026-04-17 05:30:14 [INFO] - START hash=ac7f996574ab3ac7f985c62b101c04f9 lote=VirusShare_00499 key=Key-VS-1 (GDQl...SlST) mode=file
2026-04-17 05:30:15 [INFO] - OK   hash=ac7f996574ab3ac7f985c62b101c04f9 estado=malware_o_detectado saved='clasificacion/VirusShare_00499/reportes/reporte/ac7f996574ab3ac7f985c62b101c04f9.json'
2026-04-17 05:30:30 [INFO] - START hash=81c658dc5ee1092953c741a69839d737 lote=VirusShare_00499 key=Key-VS-1 (GDQl...SlST) mode=file
2026-04-17 05:30:30 [INFO] - OK   hash=81c658dc5ee1092953c741a69839d737 estado=malware_o_detectado saved='clasificacion/VirusShare_00499/reportes/reporte/81c658dc5ee1092953c741a69839d737.json'
2026-04-17 05:30:45 [INFO] - START hash=ff4fd7e734e892a32a6beddbeb9a35bc lote=VirusShare_00499 key=Key-VS-1 (GDQl...SlST) mode=file
2026-04-17 05:30:45 [INFO] - OK   hash=ff4fd7e734e892a32a6beddbeb9a35bc estado=malware_o_detectado saved='clasificacion/VirusShare_00499/reportes/reporte/ff4fd7e734e892a32a6beddbeb9a35bc.json'
2026-04-17 05:31:00 [INFO] - START hash=fa8fa63c58460c8821e1013088d0ce88 lote=VirusShare_00499 key=Key-VS-1 (GDQl...SlST) mode=file
2026-04-17 05:31:01 [INFO] - OK   hash=fa8fa63c58460c8821e1013088d0ce88 estado=malware_o_detectado saved='clasificacion/VirusShare_00499/reportes/reporte/fa8fa63c58460c8821e1013088d0ce88.json'
2026-04-17 05:31:16 [INFO] - START hash=a666f3b28dd0a4b08e4ca29c1c6a5be6 lote=VirusShare_00499 key=Key-VS-1 (GDQl...SlST) mode=file
2026-04-17 05:31:16 [INFO] - OK   hash=a666f3b28dd0a4b08e4ca29c1c6a5be6 estado=malware_o_detectado saved='clasificacion/VirusShare_00499/reportes/reporte/a666f3b28dd0a4b08e4ca29c1c6a5be6.json'
2026-04-17 05:31:31 [INFO] - START hash=210a8465ce9f5063c376e7c5da857923 lote=VirusShare_00499 key=Key-VS-1 (GDQl...SlST) mode=file
2026-04-17 05:31:31 [INFO] - OK   hash=210a8465ce9f5063c376e7c5da857923 estado=malware_o_detectado saved='clasificacion/VirusShare_00499/reportes/reporte/210a8465ce9f5063c376e7c5da857923.json'
2026-04-17 05:31:46 [INFO] - START hash=a02307617f8faafbd585b9ea8d3adccd lote=VirusShare_00499 key=Key-VS-1 (GDQl...SlST) mode=file
2026-04-17 05:31:46 [INFO] - OK   hash=a02307617f8faafbd585b9ea8d3adccd estado=malware_o_detectado saved='clasificacion/VirusShare_00499/reportes/reporte/a02307617f8faafbd585b9ea8d3adccd.json'
2026-04-17 05:32:01 [INFO] - START hash=4598601fe85e9bb45045a1bb05fd117c lote=VirusShare_00499 key=Key-VS-1 (GDQl...SlST) mode=file
2026-04-17 05:32:02 [INFO] - OK   hash=4598601fe85e9bb45045a1bb05fd117c estado=malware_o_detectado saved='clasificacion/VirusShare_00499/reportes/reporte/4598601fe85e9bb45045a1bb05fd117c.json'
2026-04-17 05:32:17 [INFO] - START hash=74bc0a064adc59d925371176c4d5074e lote=VirusShare_00499 key=Key-VS-1 (GDQl...SlST) mode=file
2026-04-17 05:32:17 [INFO] - OK   hash=74bc0a064adc59d925371176c4d5074e estado=malware_o_detectado saved='clasificacion/VirusShare_00499/reportes/reporte/74bc0a064adc59d925371176c4d5074e.json'
2026-04-17 05:32:32 [INFO] - START hash=7fa4d80858260b80d115f24f71a229a3 lote=VirusShare_00499 key=Key-VS-1 (GDQl...SlST) mode=file
2026-04-17 05:32:32 [INFO] - OK   hash=7fa4d80858260b80d115f24f71a229a3 estado=malware_o_detectado saved='clasificacion/VirusShare_00499/reportes/reporte/7fa4d80858260b80d115f24f71a229a3.json'
2026-04-17 05:32:47 [INFO] - START hash=c15035eb10b0b4f5b46a054b8fd213bf lote=VirusShare_00499 key=Key-VS-1 (GDQl...SlST) mode=file
2026-04-17 05:32:47 [INFO] - OK   hash=c15035eb10b0b4f5b46a054b8fd213bf estado=malware_o_detectado saved='clasificacion/VirusShare_00499/reportes/reporte/c15035eb10b0b4f5b46a054b8fd213bf.json'
2026-04-17 05:33:02 [INFO] - START hash=ae2ef02a461af7662c6ea219aa308f12 lote=VirusShare_00499 key=Key-VS-1 (GDQl...SlST) mode=file
2026-04-17 05:33:03 [INFO] - OK   hash=ae2ef02a461af7662c6ea219aa308f12 estado=malware_o_detectado saved='clasificacion/VirusShare_00499/reportes/reporte/ae2ef02a461af7662c6ea219aa308f12.json'
2026-04-17 05:33:18 [INFO] - START hash=2e14fb77feb68a351907e6e5dd6e0f01 lote=VirusShare_00499 key=Key-VS-1 (GDQl...SlST) mode=file
2026-04-17 05:33:18 [INFO] - OK   hash=2e14fb77feb68a351907e6e5dd6e0f01 estado=malware_o_detectado saved='clasificacion/VirusShare_00499/reportes/reporte/2e14fb77feb68a351907e6e5dd6e0f01.json'
2026-04-17 05:33:33 [INFO] - START hash=9112118f0b8434add3c42067aaeaec79 lote=VirusShare_00499 key=Key-VS-1 (GDQl...SlST) mode=file
2026-04-17 05:33:33 [INFO] - OK   hash=9112118f0b8434add3c42067aaeaec79 estado=malware_o_detectado saved='clasificacion/VirusShare_00499/reportes/reporte/9112118f0b8434add3c42067aaeaec79.json'
2026-04-17 05:33:48 [INFO] - START hash=676668a7ec1843a30da60f335629a3eb lote=VirusShare_00499 key=Key-VS-1 (GDQl...SlST) mode=file
2026-04-17 05:33:48 [INFO] - OK   hash=676668a7ec1843a30da60f335629a3eb estado=malware_o_detectado saved='clasificacion/VirusShare_00499/reportes/reporte/676668a7ec1843a30da60f335629a3eb.json'
2026-04-17 05:34:03 [INFO] - START hash=72b47a25d3a39e36435c22077d892365 lote=VirusShare_00499 key=Key-VS-1 (GDQl...SlST) mode=file
2026-04-17 05:34:04 [INFO] - OK   hash=72b47a25d3a39e36435c22077d892365 estado=malware_o_detectado saved='clasificacion/VirusShare_00499/reportes/reporte/72b47a25d3a39e36435c22077d892365.json'
2026-04-17 05:34:19 [INFO] - START hash=f2abea538cfb3658e0d856d189cc457a lote=VirusShare_00499 key=Key-VS-1 (GDQl...SlST) mode=file
2026-04-17 05:34:19 [INFO] - OK   hash=f2abea538cfb3658e0d856d189cc457a estado=malware_o_detectado saved='clasificacion/VirusShare_00499/reportes/reporte/f2abea538cfb3658e0d856d189cc457a.json'
2026-04-17 05:34:34 [INFO] - START hash=b18b46748c7e5e1ca203fcf4d3bee822 lote=VirusShare_00499 key=Key-VS-1 (GDQl...SlST) mode=file
2026-04-17 05:34:34 [INFO] - OK   hash=b18b46748c7e5e1ca203fcf4d3bee822 estado=malware_o_detectado saved='clasificacion/VirusShare_00499/reportes/reporte/b18b46748c7e5e1ca203fcf4d3bee822.json'
2026-04-17 05:34:49 [INFO] - START hash=6ad42be693e71a6037e9753c482ec1f1 lote=VirusShare_00499 key=Key-VS-1 (GDQl...SlST) mode=file
2026-04-17 05:34:49 [INFO] - OK   hash=6ad42be693e71a6037e9753c482ec1f1 estado=malware_o_detectado saved='clasificacion/VirusShare_00499/reportes/reporte/6ad42be693e71a6037e9753c482ec1f1.json'
2026-04-17 05:35:04 [INFO] - START hash=19e9db0c0da7c3716274f76b4898d458 lote=VirusShare_00499 key=Key-VS-1 (GDQl...SlST) mode=file
2026-04-17 05:35:05 [INFO] - OK   hash=19e9db0c0da7c3716274f76b4898d458 estado=malware_o_detectado saved='clasificacion/VirusShare_00499/reportes/reporte/19e9db0c0da7c3716274f76b4898d458.json'
2026-04-17 05:35:20 [INFO] - START hash=90f36352ee35582924f955e4e9b125a4 lote=VirusShare_00499 key=Key-VS-1 (GDQl...SlST) mode=file
2026-04-17 05:35:20 [INFO] - OK   hash=90f36352ee35582924f955e4e9b125a4 estado=malware_o_detectado saved='clasificacion/VirusShare_00499/reportes/reporte/90f36352ee35582924f955e4e9b125a4.json'
2026-04-17 05:35:35 [INFO] - START hash=e513593e124407f92b258d1d8b99332d lote=VirusShare_00499 key=Key-VS-1 (GDQl...SlST) mode=file
2026-04-17 05:35:35 [INFO] - OK   hash=e513593e124407f92b258d1d8b99332d estado=malware_o_detectado saved='clasificacion/VirusShare_00499/reportes/reporte/e513593e124407f92b258d1d8b99332d.json'
2026-04-17 05:35:50 [INFO] - START hash=c9ebea5c99fdd4bbafa73454f933b825 lote=VirusShare_00499 key=Key-VS-1 (GDQl...SlST) mode=file
2026-04-17 05:35:50 [INFO] - OK   hash=c9ebea5c99fdd4bbafa73454f933b825 estado=malware_o_detectado saved='clasificacion/VirusShare_00499/reportes/reporte/c9ebea5c99fdd4bbafa73454f933b825.json'
2026-04-17 05:36:05 [INFO] - START hash=ca81e545cba278628d01965c8a617499 lote=VirusShare_00499 key=Key-VS-1 (GDQl...SlST) mode=file
2026-04-17 05:36:06 [INFO] - OK   hash=ca81e545cba278628d01965c8a617499 estado=malware_o_detectado saved='clasificacion/VirusShare_00499/reportes/reporte/ca81e545cba278628d01965c8a617499.json'
2026-04-17 05:36:21 [INFO] - START hash=632f5ac4bf3c287b454ccaa6a22d27a1 lote=VirusShare_00499 key=Key-VS-1 (GDQl...SlST) mode=file
2026-04-17 05:36:21 [INFO] - OK   hash=632f5ac4bf3c287b454ccaa6a22d27a1 estado=malware_o_detectado saved='clasificacion/VirusShare_00499/reportes/reporte/632f5ac4bf3c287b454ccaa6a22d27a1.json'
2026-04-17 05:36:36 [INFO] - START hash=abc99cbbb762aeae006e522379e58ff2 lote=VirusShare_00499 key=Key-VS-1 (GDQl...SlST) mode=file
2026-04-17 05:36:36 [INFO] - OK   hash=abc99cbbb762aeae006e522379e58ff2 estado=malware_o_detectado saved='clasificacion/VirusShare_00499/reportes/reporte/abc99cbbb762aeae006e522379e58ff2.json'
2026-04-17 05:36:51 [INFO] - START hash=f7d90af8389d91d57e1ac892ca2d2b94 lote=VirusShare_00499 key=Key-VS-1 (GDQl...SlST) mode=file
2026-04-17 05:36:51 [INFO] - OK   hash=f7d90af8389d91d57e1ac892ca2d2b94 estado=malware_o_detectado saved='clasificacion/VirusShare_00499/reportes/reporte/f7d90af8389d91d57e1ac892ca2d2b94.json'
2026-04-17 05:37:06 [INFO] - START hash=3c3a723f204ea91928fd81d19e81cf3a lote=VirusShare_00499 key=Key-VS-1 (GDQl...SlST) mode=file
2026-04-17 05:37:07 [INFO] - OK   hash=3c3a723f204ea91928fd81d19e81cf3a estado=malware_o_detectado saved='clasificacion/VirusShare_00499/reportes/reporte/3c3a723f204ea91928fd81d19e81cf3a.json'
2026-04-17 05:37:22 [INFO] - START hash=1599c0e78f144d5fa9a79830ea2adba2 lote=VirusShare_00499 key=Key-VS-1 (GDQl...SlST) mode=file
2026-04-17 05:37:22 [INFO] - OK   hash=1599c0e78f144d5fa9a79830ea2adba2 estado=malware_o_detectado saved='clasificacion/VirusShare_00499/reportes/reporte/1599c0e78f144d5fa9a79830ea2adba2.json'
2026-04-17 05:37:37 [INFO] - START hash=2a9fd1b24fa1cceadd8fc98a64ae1f5a lote=VirusShare_00499 key=Key-VS-1 (GDQl...SlST) mode=file
2026-04-17 05:37:37 [INFO] - OK   hash=2a9fd1b24fa1cceadd8fc98a64ae1f5a estado=malware_o_detectado saved='clasificacion/VirusShare_00499/reportes/reporte/2a9fd1b24fa1cceadd8fc98a64ae1f5a.json'
2026-04-17 05:37:52 [INFO] - START hash=87b53aa9338befb434cda057bf2b2b01 lote=VirusShare_00499 key=Key-VS-1 (GDQl...SlST) mode=file
2026-04-17 05:37:52 [INFO] - OK   hash=87b53aa9338befb434cda057bf2b2b01 estado=malware_o_detectado saved='clasificacion/VirusShare_00499/reportes/reporte/87b53aa9338befb434cda057bf2b2b01.json'
2026-04-17 05:38:07 [INFO] - START hash=46476a74d7d8296c0e5893b00cca8817 lote=VirusShare_00499 key=Key-VS-1 (GDQl...SlST) mode=file
2026-04-17 05:38:07 [INFO] - OK   hash=46476a74d7d8296c0e5893b00cca8817 estado=malware_o_detectado saved='clasificacion/VirusShare_00499/reportes/reporte/46476a74d7d8296c0e5893b00cca8817.json'
2026-04-17 05:38:22 [INFO] - START hash=4ba14072c15f5b32e1bf40bca13cb455 lote=VirusShare_00499 key=Key-VS-1 (GDQl...SlST) mode=file
2026-04-17 05:38:23 [INFO] - OK   hash=4ba14072c15f5b32e1bf40bca13cb455 estado=malware_o_detectado saved='clasificacion/VirusShare_00499/reportes/reporte/4ba14072c15f5b32e1bf40bca13cb455.json'
2026-04-17 05:38:38 [INFO] - START hash=a09bb24b332bfe6b53c804ee9bc582c1 lote=VirusShare_00499 key=Key-VS-1 (GDQl...SlST) mode=file
2026-04-17 05:38:38 [INFO] - OK   hash=a09bb24b332bfe6b53c804ee9bc582c1 estado=malware_o_detectado saved='clasificacion/VirusShare_00499/reportes/reporte/a09bb24b332bfe6b53c804ee9bc582c1.json'
2026-04-17 05:38:53 [INFO] - START hash=c0380c9a0d7f237d4c08a651b95cae0d lote=VirusShare_00499 key=Key-VS-1 (GDQl...SlST) mode=file
2026-04-17 05:38:53 [INFO] - OK   hash=c0380c9a0d7f237d4c08a651b95cae0d estado=malware_o_detectado saved='clasificacion/VirusShare_00499/reportes/reporte/c0380c9a0d7f237d4c08a651b95cae0d.json'
2026-04-17 05:39:08 [INFO] - START hash=c45773b9f6122abc13ae91be3c513117 lote=VirusShare_00499 key=Key-VS-1 (GDQl...SlST) mode=file
2026-04-17 05:39:08 [INFO] - OK   hash=c45773b9f6122abc13ae91be3c513117 estado=malware_o_detectado saved='clasificacion/VirusShare_00499/reportes/reporte/c45773b9f6122abc13ae91be3c513117.json'
2026-04-17 05:39:23 [INFO] - START hash=f5583d7710fc61071fb7c5b5bd1a5fc6 lote=VirusShare_00499 key=Key-VS-1 (GDQl...SlST) mode=file
2026-04-17 05:39:24 [INFO] - OK   hash=f5583d7710fc61071fb7c5b5bd1a5fc6 estado=malware_o_detectado saved='clasificacion/VirusShare_00499/reportes/reporte/f5583d7710fc61071fb7c5b5bd1a5fc6.json'
2026-04-17 05:39:39 [INFO] - START hash=218e83f0ddbe1aa32a176447aeb3b804 lote=VirusShare_00499 key=Key-VS-1 (GDQl...SlST) mode=file
2026-04-17 05:39:39 [INFO] - OK   hash=218e83f0ddbe1aa32a176447aeb3b804 estado=malware_o_detectado saved='clasificacion/VirusShare_00499/reportes/reporte/218e83f0ddbe1aa32a176447aeb3b804.json'
2026-04-17 05:39:54 [INFO] - START hash=dabf50690d1c8c52b5d8b2c45a67861e lote=VirusShare_00499 key=Key-VS-1 (GDQl...SlST) mode=file
2026-04-17 05:39:54 [INFO] - OK   hash=dabf50690d1c8c52b5d8b2c45a67861e estado=malware_o_detectado saved='clasificacion/VirusShare_00499/reportes/reporte/dabf50690d1c8c52b5d8b2c45a67861e.json'
2026-04-17 05:40:09 [INFO] - START hash=4dd292a879abd6c48d97c6bc0d69bcd9 lote=VirusShare_00499 key=Key-VS-1 (GDQl...SlST) mode=file
2026-04-17 05:40:09 [INFO] - OK   hash=4dd292a879abd6c48d97c6bc0d69bcd9 estado=malware_o_detectado saved='clasificacion/VirusShare_00499/reportes/reporte/4dd292a879abd6c48d97c6bc0d69bcd9.json'
2026-04-17 05:40:24 [INFO] - START hash=421eebc639b2fe1b2238dc89c447c5f6 lote=VirusShare_00499 key=Key-VS-1 (GDQl...SlST) mode=file
2026-04-17 05:40:25 [INFO] - OK   hash=421eebc639b2fe1b2238dc89c447c5f6 estado=malware_o_detectado saved='clasificacion/VirusShare_00499/reportes/reporte/421eebc639b2fe1b2238dc89c447c5f6.json'
2026-04-17 05:40:40 [INFO] - START hash=9bbccc2dd77e4817e246fe4d0731754a lote=VirusShare_00499 key=Key-VS-1 (GDQl...SlST) mode=file
2026-04-17 05:40:40 [INFO] - OK   hash=9bbccc2dd77e4817e246fe4d0731754a estado=malware_o_detectado saved='clasificacion/VirusShare_00499/reportes/reporte/9bbccc2dd77e4817e246fe4d0731754a.json'
2026-04-17 05:40:55 [INFO] - START hash=562ace1dde839616d71e0fe486524ddc lote=VirusShare_00499 key=Key-VS-1 (GDQl...SlST) mode=file
2026-04-17 05:40:55 [INFO] - OK   hash=562ace1dde839616d71e0fe486524ddc estado=malware_o_detectado saved='clasificacion/VirusShare_00499/reportes/reporte/562ace1dde839616d71e0fe486524ddc.json'
2026-04-17 05:41:10 [INFO] - START hash=d2328c76eba67d4205f377a78270eef0 lote=VirusShare_00499 key=Key-VS-1 (GDQl...SlST) mode=file
2026-04-17 05:41:10 [INFO] - OK   hash=d2328c76eba67d4205f377a78270eef0 estado=malware_o_detectado saved='clasificacion/VirusShare_00499/reportes/reporte/d2328c76eba67d4205f377a78270eef0.json'
2026-04-17 05:41:25 [INFO] - START hash=9fcd0ac143cd7d7cfbe6097a3dffe0aa lote=VirusShare_00499 key=Key-VS-1 (GDQl...SlST) mode=file
2026-04-17 05:41:26 [INFO] - OK   hash=9fcd0ac143cd7d7cfbe6097a3dffe0aa estado=malware_o_detectado saved='clasificacion/VirusShare_00499/reportes/reporte/9fcd0ac143cd7d7cfbe6097a3dffe0aa.json'
2026-04-17 05:41:41 [INFO] - START hash=4297ef4f79ddf2cd0908809bcc9c57b0 lote=VirusShare_00499 key=Key-VS-1 (GDQl...SlST) mode=file
2026-04-17 05:41:41 [INFO] - OK   hash=4297ef4f79ddf2cd0908809bcc9c57b0 estado=malware_o_detectado saved='clasificacion/VirusShare_00499/reportes/reporte/4297ef4f79ddf2cd0908809bcc9c57b0.json'
2026-04-17 05:41:56 [INFO] - START hash=4cf4e634c27ea542ac6f5b3a9d12d1de lote=VirusShare_00499 key=Key-VS-1 (GDQl...SlST) mode=file
2026-04-17 05:41:56 [INFO] - OK   hash=4cf4e634c27ea542ac6f5b3a9d12d1de estado=malware_o_detectado saved='clasificacion/VirusShare_00499/reportes/reporte/4cf4e634c27ea542ac6f5b3a9d12d1de.json'
2026-04-17 05:42:11 [INFO] - START hash=b3bd15c772ce34acf31fe6c3bbc39467 lote=VirusShare_00499 key=Key-VS-1 (GDQl...SlST) mode=file
2026-04-17 05:42:11 [INFO] - OK   hash=b3bd15c772ce34acf31fe6c3bbc39467 estado=malware_o_detectado saved='clasificacion/VirusShare_00499/reportes/reporte/b3bd15c772ce34acf31fe6c3bbc39467.json'
2026-04-17 05:42:26 [INFO] - START hash=0f4d3ce2c9f72f457d95654f4323aa00 lote=VirusShare_00499 key=Key-VS-1 (GDQl...SlST) mode=file
2026-04-17 05:42:27 [INFO] - OK   hash=0f4d3ce2c9f72f457d95654f4323aa00 estado=malware_o_detectado saved='clasificacion/VirusShare_00499/reportes/reporte/0f4d3ce2c9f72f457d95654f4323aa00.json'
2026-04-17 05:42:42 [INFO] - START hash=8608246b1cfefc78b13392d8fe9d7e00 lote=VirusShare_00499 key=Key-VS-1 (GDQl...SlST) mode=file
2026-04-17 05:42:42 [INFO] - OK   hash=8608246b1cfefc78b13392d8fe9d7e00 estado=malware_o_detectado saved='clasificacion/VirusShare_00499/reportes/reporte/8608246b1cfefc78b13392d8fe9d7e00.json'
2026-04-17 05:42:57 [INFO] - START hash=decc19c950973f8faac31c6e351b81bf lote=VirusShare_00499 key=Key-VS-1 (GDQl...SlST) mode=file
2026-04-17 05:42:57 [INFO] - OK   hash=decc19c950973f8faac31c6e351b81bf estado=malware_o_detectado saved='clasificacion/VirusShare_00499/reportes/reporte/decc19c950973f8faac31c6e351b81bf.json'
2026-04-17 05:43:12 [INFO] - START hash=e418df29b2cca28cc133f03905d217d2 lote=VirusShare_00499 key=Key-VS-1 (GDQl...SlST) mode=file
2026-04-17 05:43:12 [INFO] - OK   hash=e418df29b2cca28cc133f03905d217d2 estado=malware_o_detectado saved='clasificacion/VirusShare_00499/reportes/reporte/e418df29b2cca28cc133f03905d217d2.json'
2026-04-17 05:43:27 [INFO] - START hash=c8be2c9015d12d641d3ad1549cb47840 lote=VirusShare_00499 key=Key-VS-1 (GDQl...SlST) mode=file
2026-04-17 05:43:28 [INFO] - OK   hash=c8be2c9015d12d641d3ad1549cb47840 estado=malware_o_detectado saved='clasificacion/VirusShare_00499/reportes/reporte/c8be2c9015d12d641d3ad1549cb47840.json'
2026-04-17 05:43:43 [INFO] - START hash=3afcd25b5bfb5e3f892a657792e1f16a lote=VirusShare_00499 key=Key-VS-1 (GDQl...SlST) mode=file
2026-04-17 05:43:43 [INFO] - OK   hash=3afcd25b5bfb5e3f892a657792e1f16a estado=malware_o_detectado saved='clasificacion/VirusShare_00499/reportes/reporte/3afcd25b5bfb5e3f892a657792e1f16a.json'
2026-04-17 05:43:58 [INFO] - START hash=8af369c2b3bcdb57bb390d283cb58d3b lote=VirusShare_00499 key=Key-VS-1 (GDQl...SlST) mode=file
2026-04-17 05:43:58 [INFO] - OK   hash=8af369c2b3bcdb57bb390d283cb58d3b estado=malware_o_detectado saved='clasificacion/VirusShare_00499/reportes/reporte/8af369c2b3bcdb57bb390d283cb58d3b.json'
2026-04-17 05:44:13 [INFO] - START hash=c5647f269f3ac79e7f6fcd2fb42c7bf5 lote=VirusShare_00499 key=Key-VS-1 (GDQl...SlST) mode=file
2026-04-17 05:44:13 [INFO] - OK   hash=c5647f269f3ac79e7f6fcd2fb42c7bf5 estado=malware_o_detectado saved='clasificacion/VirusShare_00499/reportes/reporte/c5647f269f3ac79e7f6fcd2fb42c7bf5.json'
2026-04-17 05:44:28 [INFO] - START hash=df403f7ebd8fa6d025fc777a3e648194 lote=VirusShare_00499 key=Key-VS-1 (GDQl...SlST) mode=file
2026-04-17 05:44:29 [INFO] - OK   hash=df403f7ebd8fa6d025fc777a3e648194 estado=malware_o_detectado saved='clasificacion/VirusShare_00499/reportes/reporte/df403f7ebd8fa6d025fc777a3e648194.json'
2026-04-17 05:44:44 [INFO] - START hash=561d1c498c59f003b324ca477796cd0a lote=VirusShare_00499 key=Key-VS-1 (GDQl...SlST) mode=file
2026-04-17 05:44:44 [INFO] - OK   hash=561d1c498c59f003b324ca477796cd0a estado=malware_o_detectado saved='clasificacion/VirusShare_00499/reportes/reporte/561d1c498c59f003b324ca477796cd0a.json'
2026-04-17 05:44:59 [INFO] - START hash=7729f866dd25f4c0507556619843ce97 lote=VirusShare_00499 key=Key-VS-1 (GDQl...SlST) mode=file
2026-04-17 05:44:59 [INFO] - OK   hash=7729f866dd25f4c0507556619843ce97 estado=malware_o_detectado saved='clasificacion/VirusShare_00499/reportes/reporte/7729f866dd25f4c0507556619843ce97.json'
2026-04-17 05:45:14 [INFO] - START hash=16f5e4f77986002ddcafd961b739fc29 lote=VirusShare_00499 key=Key-VS-1 (GDQl...SlST) mode=file
2026-04-17 05:45:14 [INFO] - OK   hash=16f5e4f77986002ddcafd961b739fc29 estado=malware_o_detectado saved='clasificacion/VirusShare_00499/reportes/reporte/16f5e4f77986002ddcafd961b739fc29.json'
2026-04-17 05:45:29 [INFO] - START hash=26a18ed9f97211451fe23b9a5b532fb2 lote=VirusShare_00499 key=Key-VS-1 (GDQl...SlST) mode=file
2026-04-17 05:45:29 [INFO] - OK   hash=26a18ed9f97211451fe23b9a5b532fb2 estado=malware_o_detectado saved='clasificacion/VirusShare_00499/reportes/reporte/26a18ed9f97211451fe23b9a5b532fb2.json'
2026-04-17 05:45:44 [INFO] - START hash=b90c4ef4b588f2d35c7f9cdbef4c104e lote=VirusShare_00499 key=Key-VS-1 (GDQl...SlST) mode=file
2026-04-17 05:45:45 [INFO] - OK   hash=b90c4ef4b588f2d35c7f9cdbef4c104e estado=malware_o_detectado saved='clasificacion/VirusShare_00499/reportes/reporte/b90c4ef4b588f2d35c7f9cdbef4c104e.json'
2026-04-17 05:46:00 [INFO] - START hash=045ef870b1b0652d3a83bf0b1f7ddb19 lote=VirusShare_00499 key=Key-VS-1 (GDQl...SlST) mode=file
2026-04-17 05:46:00 [INFO] - OK   hash=045ef870b1b0652d3a83bf0b1f7ddb19 estado=malware_o_detectado saved='clasificacion/VirusShare_00499/reportes/reporte/045ef870b1b0652d3a83bf0b1f7ddb19.json'
2026-04-17 05:46:15 [INFO] - START hash=6200c1a36ef7c1b89609c0a04d1df61b lote=VirusShare_00499 key=Key-VS-1 (GDQl...SlST) mode=file
2026-04-17 05:46:15 [INFO] - OK   hash=6200c1a36ef7c1b89609c0a04d1df61b estado=malware_o_detectado saved='clasificacion/VirusShare_00499/reportes/reporte/6200c1a36ef7c1b89609c0a04d1df61b.json'
2026-04-17 05:46:30 [INFO] - START hash=de889696cb1bbea20f8adea158a3fdea lote=VirusShare_00499 key=Key-VS-1 (GDQl...SlST) mode=file
2026-04-17 05:46:30 [INFO] - OK   hash=de889696cb1bbea20f8adea158a3fdea estado=malware_o_detectado saved='clasificacion/VirusShare_00499/reportes/reporte/de889696cb1bbea20f8adea158a3fdea.json'
2026-04-17 05:46:45 [INFO] - START hash=6d0d4e02936a1eaf01581dedc8b385da lote=VirusShare_00499 key=Key-VS-1 (GDQl...SlST) mode=file
2026-04-17 05:46:46 [INFO] - OK   hash=6d0d4e02936a1eaf01581dedc8b385da estado=malware_o_detectado saved='clasificacion/VirusShare_00499/reportes/reporte/6d0d4e02936a1eaf01581dedc8b385da.json'
2026-04-17 05:47:01 [INFO] - START hash=f1ee2694bc635840958b9f0f25529e7b lote=VirusShare_00499 key=Key-VS-1 (GDQl...SlST) mode=file
2026-04-17 05:47:01 [INFO] - OK   hash=f1ee2694bc635840958b9f0f25529e7b estado=malware_o_detectado saved='clasificacion/VirusShare_00499/reportes/reporte/f1ee2694bc635840958b9f0f25529e7b.json'
2026-04-17 05:47:16 [INFO] - START hash=220c215670cd408b4931251135949a0c lote=VirusShare_00499 key=Key-VS-1 (GDQl...SlST) mode=file
2026-04-17 05:47:17 [INFO] - OK   hash=220c215670cd408b4931251135949a0c estado=malware_o_detectado saved='clasificacion/VirusShare_00499/reportes/reporte/220c215670cd408b4931251135949a0c.json'
2026-04-17 05:47:32 [INFO] - START hash=35364b77aba4e79f5a1aed87764f4971 lote=VirusShare_00499 key=Key-VS-1 (GDQl...SlST) mode=file
2026-04-17 05:47:32 [INFO] - OK   hash=35364b77aba4e79f5a1aed87764f4971 estado=malware_o_detectado saved='clasificacion/VirusShare_00499/reportes/reporte/35364b77aba4e79f5a1aed87764f4971.json'
2026-04-17 05:47:47 [INFO] - START hash=744734927b899be5a5938c54378c4840 lote=VirusShare_00499 key=Key-VS-1 (GDQl...SlST) mode=file
2026-04-17 05:47:47 [INFO] - OK   hash=744734927b899be5a5938c54378c4840 estado=malware_o_detectado saved='clasificacion/VirusShare_00499/reportes/reporte/744734927b899be5a5938c54378c4840.json'
2026-04-17 05:48:02 [INFO] - START hash=e5ab98614492e5fa9a709d2509ad3b51 lote=VirusShare_00499 key=Key-VS-1 (GDQl...SlST) mode=file
2026-04-17 05:48:02 [INFO] - OK   hash=e5ab98614492e5fa9a709d2509ad3b51 estado=malware_o_detectado saved='clasificacion/VirusShare_00499/reportes/reporte/e5ab98614492e5fa9a709d2509ad3b51.json'
2026-04-17 05:48:17 [INFO] - START hash=336e9922a0da9e34f1924088b2b3c390 lote=VirusShare_00499 key=Key-VS-1 (GDQl...SlST) mode=file
2026-04-17 05:48:18 [INFO] - OK   hash=336e9922a0da9e34f1924088b2b3c390 estado=malware_o_detectado saved='clasificacion/VirusShare_00499/reportes/reporte/336e9922a0da9e34f1924088b2b3c390.json'
2026-04-17 05:48:33 [INFO] - START hash=3a97ba91bec14535ba87af0025c9393f lote=VirusShare_00499 key=Key-VS-1 (GDQl...SlST) mode=file
2026-04-17 05:48:34 [INFO] - OK   hash=3a97ba91bec14535ba87af0025c9393f estado=malware_o_detectado saved='clasificacion/VirusShare_00499/reportes/reporte/3a97ba91bec14535ba87af0025c9393f.json'
2026-04-17 05:48:49 [INFO] - START hash=60742a167591ae77dcd3301523dfe0bd lote=VirusShare_00499 key=Key-VS-1 (GDQl...SlST) mode=file
2026-04-17 05:48:49 [INFO] - OK   hash=60742a167591ae77dcd3301523dfe0bd estado=malware_o_detectado saved='clasificacion/VirusShare_00499/reportes/reporte/60742a167591ae77dcd3301523dfe0bd.json'
2026-04-17 05:49:04 [INFO] - START hash=074eaa002d3d16ee7067b441c3808b02 lote=VirusShare_00499 key=Key-VS-1 (GDQl...SlST) mode=file
2026-04-17 05:49:05 [INFO] - OK   hash=074eaa002d3d16ee7067b441c3808b02 estado=malware_o_detectado saved='clasificacion/VirusShare_00499/reportes/reporte/074eaa002d3d16ee7067b441c3808b02.json'
2026-04-17 05:49:20 [INFO] - START hash=046b290b205660b0b021739909a7b913 lote=VirusShare_00499 key=Key-VS-1 (GDQl...SlST) mode=file
2026-04-17 05:49:20 [INFO] - OK   hash=046b290b205660b0b021739909a7b913 estado=malware_o_detectado saved='clasificacion/VirusShare_00499/reportes/reporte/046b290b205660b0b021739909a7b913.json'
2026-04-17 05:49:35 [INFO] - START hash=c7d3d37d4660d6505501989182074f2b lote=VirusShare_00499 key=Key-VS-1 (GDQl...SlST) mode=file
2026-04-17 05:49:35 [INFO] - OK   hash=c7d3d37d4660d6505501989182074f2b estado=malware_o_detectado saved='clasificacion/VirusShare_00499/reportes/reporte/c7d3d37d4660d6505501989182074f2b.json'
2026-04-17 05:49:50 [INFO] - START hash=d9e6e972a0ad7b739ba6deadbd065aa1 lote=VirusShare_00499 key=Key-VS-1 (GDQl...SlST) mode=file
2026-04-17 05:49:50 [INFO] - OK   hash=d9e6e972a0ad7b739ba6deadbd065aa1 estado=malware_o_detectado saved='clasificacion/VirusShare_00499/reportes/reporte/d9e6e972a0ad7b739ba6deadbd065aa1.json'
2026-04-17 05:50:05 [INFO] - START hash=bb72f6463319c7db15a3e2249af2f022 lote=VirusShare_00499 key=Key-VS-1 (GDQl...SlST) mode=file
2026-04-17 05:50:06 [INFO] - OK   hash=bb72f6463319c7db15a3e2249af2f022 estado=malware_o_detectado saved='clasificacion/VirusShare_00499/reportes/reporte/bb72f6463319c7db15a3e2249af2f022.json'
2026-04-17 05:50:21 [INFO] - START hash=6a56e13b257cd110811cbb8d495e240c lote=VirusShare_00499 key=Key-VS-1 (GDQl...SlST) mode=file
2026-04-17 05:50:21 [INFO] - OK   hash=6a56e13b257cd110811cbb8d495e240c estado=malware_o_detectado saved='clasificacion/VirusShare_00499/reportes/reporte/6a56e13b257cd110811cbb8d495e240c.json'
2026-04-17 05:50:36 [INFO] - START hash=f8109f64ef68fdeae8519537f63d6a6e lote=VirusShare_00499 key=Key-VS-1 (GDQl...SlST) mode=file
2026-04-17 05:50:36 [INFO] - OK   hash=f8109f64ef68fdeae8519537f63d6a6e estado=malware_o_detectado saved='clasificacion/VirusShare_00499/reportes/reporte/f8109f64ef68fdeae8519537f63d6a6e.json'
2026-04-17 05:50:51 [INFO] - START hash=851bff24bdaf256761f0ed524988f134 lote=VirusShare_00499 key=Key-VS-1 (GDQl...SlST) mode=file
2026-04-17 05:50:51 [INFO] - OK   hash=851bff24bdaf256761f0ed524988f134 estado=malware_o_detectado saved='clasificacion/VirusShare_00499/reportes/reporte/851bff24bdaf256761f0ed524988f134.json'
2026-04-17 05:51:06 [INFO] - START hash=fefaf27bbe3c4685b28f76b2fba45292 lote=VirusShare_00499 key=Key-VS-1 (GDQl...SlST) mode=file
2026-04-17 05:51:07 [INFO] - OK   hash=fefaf27bbe3c4685b28f76b2fba45292 estado=malware_o_detectado saved='clasificacion/VirusShare_00499/reportes/reporte/fefaf27bbe3c4685b28f76b2fba45292.json'
2026-04-17 05:51:22 [INFO] - START hash=c47405b64d1d9ef491650bbc6eb66ca6 lote=VirusShare_00499 key=Key-VS-1 (GDQl...SlST) mode=file
2026-04-17 05:51:22 [INFO] - OK   hash=c47405b64d1d9ef491650bbc6eb66ca6 estado=malware_o_detectado saved='clasificacion/VirusShare_00499/reportes/reporte/c47405b64d1d9ef491650bbc6eb66ca6.json'
2026-04-17 05:51:37 [INFO] - START hash=3230215ce08c9db11592e78c836eec1c lote=VirusShare_00499 key=Key-VS-1 (GDQl...SlST) mode=file
2026-04-17 05:51:37 [INFO] - OK   hash=3230215ce08c9db11592e78c836eec1c estado=malware_o_detectado saved='clasificacion/VirusShare_00499/reportes/reporte/3230215ce08c9db11592e78c836eec1c.json'
2026-04-17 05:51:52 [INFO] - START hash=f03e712d7f8fbdf0014f38ce5c6b297a lote=VirusShare_00499 key=Key-VS-1 (GDQl...SlST) mode=file
2026-04-17 05:51:52 [INFO] - OK   hash=f03e712d7f8fbdf0014f38ce5c6b297a estado=malware_o_detectado saved='clasificacion/VirusShare_00499/reportes/reporte/f03e712d7f8fbdf0014f38ce5c6b297a.json'
2026-04-17 05:52:07 [INFO] - START hash=a58bc9b676ea96c248f7e30c6d459641 lote=VirusShare_00499 key=Key-VS-1 (GDQl...SlST) mode=file
2026-04-17 05:52:08 [INFO] - OK   hash=a58bc9b676ea96c248f7e30c6d459641 estado=malware_o_detectado saved='clasificacion/VirusShare_00499/reportes/reporte/a58bc9b676ea96c248f7e30c6d459641.json'
2026-04-17 05:52:23 [INFO] - START hash=344a6ba924b491286919199b114bfa04 lote=VirusShare_00499 key=Key-VS-1 (GDQl...SlST) mode=file
2026-04-17 05:52:23 [INFO] - OK   hash=344a6ba924b491286919199b114bfa04 estado=malware_o_detectado saved='clasificacion/VirusShare_00499/reportes/reporte/344a6ba924b491286919199b114bfa04.json'
2026-04-17 05:52:38 [INFO] - START hash=6f4ab1ae09b287d97fc12190d62395ab lote=VirusShare_00499 key=Key-VS-1 (GDQl...SlST) mode=file
2026-04-17 05:52:38 [INFO] - OK   hash=6f4ab1ae09b287d97fc12190d62395ab estado=malware_o_detectado saved='clasificacion/VirusShare_00499/reportes/reporte/6f4ab1ae09b287d97fc12190d62395ab.json'
2026-04-17 05:52:53 [INFO] - START hash=c360e0e53e44a82df76be5663e3c19b6 lote=VirusShare_00499 key=Key-VS-1 (GDQl...SlST) mode=file
2026-04-17 05:52:53 [INFO] - OK   hash=c360e0e53e44a82df76be5663e3c19b6 estado=malware_o_detectado saved='clasificacion/VirusShare_00499/reportes/reporte/c360e0e53e44a82df76be5663e3c19b6.json'
2026-04-17 05:53:08 [INFO] - START hash=5b65eb90d3cda36e1a75ce647f2b9f55 lote=VirusShare_00499 key=Key-VS-1 (GDQl...SlST) mode=file
2026-04-17 05:53:09 [INFO] - OK   hash=5b65eb90d3cda36e1a75ce647f2b9f55 estado=malware_o_detectado saved='clasificacion/VirusShare_00499/reportes/reporte/5b65eb90d3cda36e1a75ce647f2b9f55.json'
2026-04-17 05:53:24 [INFO] - START hash=d00c29c00a96be90d5c8fdf0d336697b lote=VirusShare_00499 key=Key-VS-1 (GDQl...SlST) mode=file
2026-04-17 05:53:24 [INFO] - OK   hash=d00c29c00a96be90d5c8fdf0d336697b estado=malware_o_detectado saved='clasificacion/VirusShare_00499/reportes/reporte/d00c29c00a96be90d5c8fdf0d336697b.json'
2026-04-17 05:53:39 [INFO] - START hash=25aee7151c3d60c6d48da2581c453413 lote=VirusShare_00499 key=Key-VS-1 (GDQl...SlST) mode=file
2026-04-17 05:53:39 [INFO] - OK   hash=25aee7151c3d60c6d48da2581c453413 estado=malware_o_detectado saved='clasificacion/VirusShare_00499/reportes/reporte/25aee7151c3d60c6d48da2581c453413.json'
2026-04-17 05:53:54 [INFO] - START hash=9381010dc0288b3fa0b3748623ffe5f2 lote=VirusShare_00499 key=Key-VS-1 (GDQl...SlST) mode=file
2026-04-17 05:53:54 [INFO] - OK   hash=9381010dc0288b3fa0b3748623ffe5f2 estado=malware_o_detectado saved='clasificacion/VirusShare_00499/reportes/reporte/9381010dc0288b3fa0b3748623ffe5f2.json'
2026-04-17 05:54:09 [INFO] - START hash=bccfbd518f498be507a5dd7d28eecb0c lote=VirusShare_00499 key=Key-VS-1 (GDQl...SlST) mode=file
2026-04-17 05:54:10 [INFO] - OK   hash=bccfbd518f498be507a5dd7d28eecb0c estado=malware_o_detectado saved='clasificacion/VirusShare_00499/reportes/reporte/bccfbd518f498be507a5dd7d28eecb0c.json'
2026-04-17 05:54:25 [INFO] - START hash=4e6d435021aa393a991aa28929a6074f lote=VirusShare_00499 key=Key-VS-1 (GDQl...SlST) mode=file
2026-04-17 05:54:25 [INFO] - OK   hash=4e6d435021aa393a991aa28929a6074f estado=malware_o_detectado saved='clasificacion/VirusShare_00499/reportes/reporte/4e6d435021aa393a991aa28929a6074f.json'
2026-04-17 05:54:40 [INFO] - START hash=2399015a4f0427eaac63db48faca5060 lote=VirusShare_00499 key=Key-VS-1 (GDQl...SlST) mode=file
2026-04-17 05:54:40 [INFO] - OK   hash=2399015a4f0427eaac63db48faca5060 estado=malware_o_detectado saved='clasificacion/VirusShare_00499/reportes/reporte/2399015a4f0427eaac63db48faca5060.json'
2026-04-17 05:54:55 [INFO] - START hash=65bd4bc79f95fde7cbf38256f5327e12 lote=VirusShare_00499 key=Key-VS-1 (GDQl...SlST) mode=file
2026-04-17 05:54:55 [INFO] - OK   hash=65bd4bc79f95fde7cbf38256f5327e12 estado=malware_o_detectado saved='clasificacion/VirusShare_00499/reportes/reporte/65bd4bc79f95fde7cbf38256f5327e12.json'
2026-04-17 05:55:10 [INFO] - START hash=1bc2bae6c7b703711f0ac26f9bd89d60 lote=VirusShare_00499 key=Key-VS-1 (GDQl...SlST) mode=file
2026-04-17 05:55:11 [INFO] - OK   hash=1bc2bae6c7b703711f0ac26f9bd89d60 estado=malware_o_detectado saved='clasificacion/VirusShare_00499/reportes/reporte/1bc2bae6c7b703711f0ac26f9bd89d60.json'
2026-04-17 05:55:26 [INFO] - START hash=fcbbe44c3a86bfd4bdea8054579960e3 lote=VirusShare_00499 key=Key-VS-1 (GDQl...SlST) mode=file
2026-04-17 05:55:26 [INFO] - OK   hash=fcbbe44c3a86bfd4bdea8054579960e3 estado=malware_o_detectado saved='clasificacion/VirusShare_00499/reportes/reporte/fcbbe44c3a86bfd4bdea8054579960e3.json'
2026-04-17 05:55:41 [INFO] - START hash=72df8587f5581320d9eb1b534d0ae622 lote=VirusShare_00499 key=Key-VS-1 (GDQl...SlST) mode=file
2026-04-17 05:55:41 [INFO] - OK   hash=72df8587f5581320d9eb1b534d0ae622 estado=malware_o_detectado saved='clasificacion/VirusShare_00499/reportes/reporte/72df8587f5581320d9eb1b534d0ae622.json'
2026-04-17 05:55:56 [INFO] - START hash=bcb0172fd59c0fd88092a7bd573f6865 lote=VirusShare_00499 key=Key-VS-1 (GDQl...SlST) mode=file
2026-04-17 05:55:57 [INFO] - OK   hash=bcb0172fd59c0fd88092a7bd573f6865 estado=malware_o_detectado saved='clasificacion/VirusShare_00499/reportes/reporte/bcb0172fd59c0fd88092a7bd573f6865.json'
2026-04-17 05:56:12 [INFO] - START hash=e268cd1a5f60746b538c027989f382ad lote=VirusShare_00499 key=Key-VS-1 (GDQl...SlST) mode=file
2026-04-17 05:56:12 [INFO] - OK   hash=e268cd1a5f60746b538c027989f382ad estado=malware_o_detectado saved='clasificacion/VirusShare_00499/reportes/reporte/e268cd1a5f60746b538c027989f382ad.json'
2026-04-17 05:56:27 [INFO] - START hash=b75042bbe5b66a9caa0984a0a6f46be9 lote=VirusShare_00499 key=Key-VS-1 (GDQl...SlST) mode=file
2026-04-17 05:56:27 [INFO] - OK   hash=b75042bbe5b66a9caa0984a0a6f46be9 estado=malware_o_detectado saved='clasificacion/VirusShare_00499/reportes/reporte/b75042bbe5b66a9caa0984a0a6f46be9.json'
2026-04-17 05:56:42 [INFO] - START hash=e11fcdc4a56690352e499e9962c793cf lote=VirusShare_00499 key=Key-VS-1 (GDQl...SlST) mode=file
2026-04-17 05:56:42 [INFO] - OK   hash=e11fcdc4a56690352e499e9962c793cf estado=malware_o_detectado saved='clasificacion/VirusShare_00499/reportes/reporte/e11fcdc4a56690352e499e9962c793cf.json'
2026-04-17 05:56:57 [INFO] - START hash=5c97b653f18fefcbd7c6b56b7e73499f lote=VirusShare_00499 key=Key-VS-1 (GDQl...SlST) mode=file
2026-04-17 05:56:58 [INFO] - OK   hash=5c97b653f18fefcbd7c6b56b7e73499f estado=malware_o_detectado saved='clasificacion/VirusShare_00499/reportes/reporte/5c97b653f18fefcbd7c6b56b7e73499f.json'
2026-04-17 05:57:13 [INFO] - START hash=f5d44eadb752c07a170f4b054d4bc54d lote=VirusShare_00499 key=Key-VS-1 (GDQl...SlST) mode=file
2026-04-17 05:57:13 [INFO] - OK   hash=f5d44eadb752c07a170f4b054d4bc54d estado=malware_o_detectado saved='clasificacion/VirusShare_00499/reportes/reporte/f5d44eadb752c07a170f4b054d4bc54d.json'
2026-04-17 05:57:28 [INFO] - START hash=c5ceb5f7e6f686c3ed46bdf7bf615174 lote=VirusShare_00499 key=Key-VS-1 (GDQl...SlST) mode=file
2026-04-17 05:57:28 [INFO] - OK   hash=c5ceb5f7e6f686c3ed46bdf7bf615174 estado=malware_o_detectado saved='clasificacion/VirusShare_00499/reportes/reporte/c5ceb5f7e6f686c3ed46bdf7bf615174.json'
2026-04-17 05:57:43 [INFO] - START hash=61f0024372f1dde771018d8d6424d681 lote=VirusShare_00499 key=Key-VS-1 (GDQl...SlST) mode=file
2026-04-17 05:57:43 [INFO] - OK   hash=61f0024372f1dde771018d8d6424d681 estado=malware_o_detectado saved='clasificacion/VirusShare_00499/reportes/reporte/61f0024372f1dde771018d8d6424d681.json'
2026-04-17 05:57:58 [INFO] - START hash=6a89f354ffd41e4cf774f1fd4465249c lote=VirusShare_00499 key=Key-VS-1 (GDQl...SlST) mode=file
2026-04-17 05:57:59 [INFO] - OK   hash=6a89f354ffd41e4cf774f1fd4465249c estado=malware_o_detectado saved='clasificacion/VirusShare_00499/reportes/reporte/6a89f354ffd41e4cf774f1fd4465249c.json'
2026-04-17 05:58:14 [INFO] - START hash=04a3830bc4b02b7a808d3594fdb2d5c8 lote=VirusShare_00499 key=Key-VS-1 (GDQl...SlST) mode=file
2026-04-17 05:58:14 [INFO] - OK   hash=04a3830bc4b02b7a808d3594fdb2d5c8 estado=malware_o_detectado saved='clasificacion/VirusShare_00499/reportes/reporte/04a3830bc4b02b7a808d3594fdb2d5c8.json'
2026-04-17 05:58:29 [INFO] - START hash=7603ad30ca73d97f319ced3bd17d0595 lote=VirusShare_00499 key=Key-VS-1 (GDQl...SlST) mode=file
2026-04-17 05:58:29 [INFO] - OK   hash=7603ad30ca73d97f319ced3bd17d0595 estado=malware_o_detectado saved='clasificacion/VirusShare_00499/reportes/reporte/7603ad30ca73d97f319ced3bd17d0595.json'
2026-04-17 05:58:44 [INFO] - START hash=ecb77951c007b0f53daaf0d6268b4096 lote=VirusShare_00499 key=Key-VS-1 (GDQl...SlST) mode=file
2026-04-17 05:58:45 [INFO] - OK   hash=ecb77951c007b0f53daaf0d6268b4096 estado=malware_o_detectado saved='clasificacion/VirusShare_00499/reportes/reporte/ecb77951c007b0f53daaf0d6268b4096.json'
2026-04-17 05:59:00 [INFO] - START hash=e7cd708490ca356cee42baca7fac8777 lote=VirusShare_00499 key=Key-VS-1 (GDQl...SlST) mode=file
2026-04-17 05:59:00 [INFO] - OK   hash=e7cd708490ca356cee42baca7fac8777 estado=malware_o_detectado saved='clasificacion/VirusShare_00499/reportes/reporte/e7cd708490ca356cee42baca7fac8777.json'
2026-04-17 05:59:15 [INFO] - START hash=60714272982176b94b7443423c73f35f lote=VirusShare_00499 key=Key-VS-1 (GDQl...SlST) mode=file
2026-04-17 05:59:15 [INFO] - OK   hash=60714272982176b94b7443423c73f35f estado=malware_o_detectado saved='clasificacion/VirusShare_00499/reportes/reporte/60714272982176b94b7443423c73f35f.json'
2026-04-17 05:59:30 [INFO] - START hash=ce503bea2173318419e35962f2ffc8a2 lote=VirusShare_00499 key=Key-VS-1 (GDQl...SlST) mode=file
2026-04-17 05:59:30 [INFO] - OK   hash=ce503bea2173318419e35962f2ffc8a2 estado=malware_o_detectado saved='clasificacion/VirusShare_00499/reportes/reporte/ce503bea2173318419e35962f2ffc8a2.json'
2026-04-17 05:59:45 [INFO] - START hash=5f84b145e8c4e4897fce7ed4d34412e2 lote=VirusShare_00499 key=Key-VS-1 (GDQl...SlST) mode=file
2026-04-17 05:59:46 [INFO] - OK   hash=5f84b145e8c4e4897fce7ed4d34412e2 estado=malware_o_detectado saved='clasificacion/VirusShare_00499/reportes/reporte/5f84b145e8c4e4897fce7ed4d34412e2.json'
2026-04-17 06:00:01 [INFO] - START hash=41c5b6bd786f74713987b359c1d98504 lote=VirusShare_00499 key=Key-VS-1 (GDQl...SlST) mode=file
2026-04-17 06:00:01 [INFO] - OK   hash=41c5b6bd786f74713987b359c1d98504 estado=malware_o_detectado saved='clasificacion/VirusShare_00499/reportes/reporte/41c5b6bd786f74713987b359c1d98504.json'
2026-04-17 06:00:16 [INFO] - START hash=bf0f61655a533cf0c5e89977c441f5bf lote=VirusShare_00499 key=Key-VS-1 (GDQl...SlST) mode=file
2026-04-17 06:00:16 [INFO] - OK   hash=bf0f61655a533cf0c5e89977c441f5bf estado=malware_o_detectado saved='clasificacion/VirusShare_00499/reportes/reporte/bf0f61655a533cf0c5e89977c441f5bf.json'
2026-04-17 06:00:31 [INFO] - START hash=f56a7b07b772be684c90981aa380099f lote=VirusShare_00499 key=Key-VS-1 (GDQl...SlST) mode=file
2026-04-17 06:00:31 [INFO] - OK   hash=f56a7b07b772be684c90981aa380099f estado=malware_o_detectado saved='clasificacion/VirusShare_00499/reportes/reporte/f56a7b07b772be684c90981aa380099f.json'
2026-04-17 06:00:46 [INFO] - START hash=ea1d95caa4eb2c77ea2aa63c93f24e2f lote=VirusShare_00499 key=Key-VS-1 (GDQl...SlST) mode=file
2026-04-17 06:00:47 [INFO] - OK   hash=ea1d95caa4eb2c77ea2aa63c93f24e2f estado=malware_o_detectado saved='clasificacion/VirusShare_00499/reportes/reporte/ea1d95caa4eb2c77ea2aa63c93f24e2f.json'
2026-04-17 06:01:02 [INFO] - START hash=5ca3fed18a042e2fa7634269f612f967 lote=VirusShare_00499 key=Key-VS-1 (GDQl...SlST) mode=file
2026-04-17 06:01:02 [INFO] - OK   hash=5ca3fed18a042e2fa7634269f612f967 estado=malware_o_detectado saved='clasificacion/VirusShare_00499/reportes/reporte/5ca3fed18a042e2fa7634269f612f967.json'
2026-04-17 06:01:17 [INFO] - START hash=d9445c0269b51f449a85994debf80d82 lote=VirusShare_00499 key=Key-VS-1 (GDQl...SlST) mode=file
2026-04-17 06:01:17 [INFO] - OK   hash=d9445c0269b51f449a85994debf80d82 estado=malware_o_detectado saved='clasificacion/VirusShare_00499/reportes/reporte/d9445c0269b51f449a85994debf80d82.json'
2026-04-17 06:01:32 [INFO] - START hash=9a8eaa17bff84d4917d8913dcff2fb81 lote=VirusShare_00499 key=Key-VS-1 (GDQl...SlST) mode=file
2026-04-17 06:01:33 [INFO] - OK   hash=9a8eaa17bff84d4917d8913dcff2fb81 estado=malware_o_detectado saved='clasificacion/VirusShare_00499/reportes/reporte/9a8eaa17bff84d4917d8913dcff2fb81.json'
2026-04-17 06:01:48 [INFO] - START hash=7fdd91ecbed7d026b9af56b25297061d lote=VirusShare_00499 key=Key-VS-1 (GDQl...SlST) mode=file
2026-04-17 06:01:48 [INFO] - OK   hash=7fdd91ecbed7d026b9af56b25297061d estado=malware_o_detectado saved='clasificacion/VirusShare_00499/reportes/reporte/7fdd91ecbed7d026b9af56b25297061d.json'
2026-04-17 06:02:03 [INFO] - START hash=850a695cf7bd8f573205c3383d279b4a lote=VirusShare_00499 key=Key-VS-1 (GDQl...SlST) mode=file
2026-04-17 06:02:03 [INFO] - OK   hash=850a695cf7bd8f573205c3383d279b4a estado=malware_o_detectado saved='clasificacion/VirusShare_00499/reportes/reporte/850a695cf7bd8f573205c3383d279b4a.json'
2026-04-17 06:02:18 [INFO] - START hash=90942e94119dc4409f935b2b85e528d8 lote=VirusShare_00499 key=Key-VS-1 (GDQl...SlST) mode=file
2026-04-17 06:02:18 [INFO] - OK   hash=90942e94119dc4409f935b2b85e528d8 estado=malware_o_detectado saved='clasificacion/VirusShare_00499/reportes/reporte/90942e94119dc4409f935b2b85e528d8.json'
2026-04-17 06:02:33 [INFO] - START hash=66e35545987fdb80f5c276d9cae6df1b lote=VirusShare_00499 key=Key-VS-1 (GDQl...SlST) mode=file
2026-04-17 06:02:34 [INFO] - OK   hash=66e35545987fdb80f5c276d9cae6df1b estado=malware_o_detectado saved='clasificacion/VirusShare_00499/reportes/reporte/66e35545987fdb80f5c276d9cae6df1b.json'
2026-04-17 06:02:49 [INFO] - START hash=7c514ffffbfe4965beba702330c24cc4 lote=VirusShare_00499 key=Key-VS-1 (GDQl...SlST) mode=file
2026-04-17 06:02:49 [INFO] - OK   hash=7c514ffffbfe4965beba702330c24cc4 estado=malware_o_detectado saved='clasificacion/VirusShare_00499/reportes/reporte/7c514ffffbfe4965beba702330c24cc4.json'
2026-04-17 06:03:04 [INFO] - START hash=6fe62ef6a4316c1b20cee1d8cc568648 lote=VirusShare_00499 key=Key-VS-1 (GDQl...SlST) mode=file
2026-04-17 06:03:04 [INFO] - OK   hash=6fe62ef6a4316c1b20cee1d8cc568648 estado=malware_o_detectado saved='clasificacion/VirusShare_00499/reportes/reporte/6fe62ef6a4316c1b20cee1d8cc568648.json'
2026-04-17 06:03:19 [INFO] - START hash=167bbf0e40f1c21835a4239c85d2e1cf lote=VirusShare_00499 key=Key-VS-1 (GDQl...SlST) mode=file
2026-04-17 06:03:19 [INFO] - OK   hash=167bbf0e40f1c21835a4239c85d2e1cf estado=malware_o_detectado saved='clasificacion/VirusShare_00499/reportes/reporte/167bbf0e40f1c21835a4239c85d2e1cf.json'
2026-04-17 06:03:34 [INFO] - START hash=c7e81b9d702a4e91d660496c87fa358a lote=VirusShare_00499 key=Key-VS-1 (GDQl...SlST) mode=file
2026-04-17 06:03:35 [INFO] - OK   hash=c7e81b9d702a4e91d660496c87fa358a estado=malware_o_detectado saved='clasificacion/VirusShare_00499/reportes/reporte/c7e81b9d702a4e91d660496c87fa358a.json'
2026-04-17 06:03:50 [INFO] - START hash=9c50ce65bfbabf88c0284cfff9633b8a lote=VirusShare_00499 key=Key-VS-1 (GDQl...SlST) mode=file
2026-04-17 06:03:50 [INFO] - OK   hash=9c50ce65bfbabf88c0284cfff9633b8a estado=malware_o_detectado saved='clasificacion/VirusShare_00499/reportes/reporte/9c50ce65bfbabf88c0284cfff9633b8a.json'
2026-04-17 06:04:05 [INFO] - START hash=1138b5802518ab722e502e80834f0dc8 lote=VirusShare_00499 key=Key-VS-1 (GDQl...SlST) mode=file
2026-04-17 06:04:05 [INFO] - OK   hash=1138b5802518ab722e502e80834f0dc8 estado=malware_o_detectado saved='clasificacion/VirusShare_00499/reportes/reporte/1138b5802518ab722e502e80834f0dc8.json'
2026-04-17 06:04:20 [INFO] - START hash=c85fc28faad582816e77517841f44812 lote=VirusShare_00499 key=Key-VS-1 (GDQl...SlST) mode=file
2026-04-17 06:04:20 [INFO] - OK   hash=c85fc28faad582816e77517841f44812 estado=malware_o_detectado saved='clasificacion/VirusShare_00499/reportes/reporte/c85fc28faad582816e77517841f44812.json'
2026-04-17 06:04:35 [INFO] - START hash=0b9d9a3e35b66cc0e8da0398930e5442 lote=VirusShare_00499 key=Key-VS-1 (GDQl...SlST) mode=file
2026-04-17 06:04:36 [INFO] - OK   hash=0b9d9a3e35b66cc0e8da0398930e5442 estado=malware_o_detectado saved='clasificacion/VirusShare_00499/reportes/reporte/0b9d9a3e35b66cc0e8da0398930e5442.json'
2026-04-17 06:04:51 [INFO] - START hash=b504badba427dc5504d5a6f59038f7b9 lote=VirusShare_00499 key=Key-VS-1 (GDQl...SlST) mode=file
2026-04-17 06:04:51 [INFO] - OK   hash=b504badba427dc5504d5a6f59038f7b9 estado=malware_o_detectado saved='clasificacion/VirusShare_00499/reportes/reporte/b504badba427dc5504d5a6f59038f7b9.json'
2026-04-17 06:05:06 [INFO] - START hash=1e5932c14c79fd8da3e44872a340eaee lote=VirusShare_00499 key=Key-VS-1 (GDQl...SlST) mode=file
2026-04-17 06:05:06 [INFO] - OK   hash=1e5932c14c79fd8da3e44872a340eaee estado=malware_o_detectado saved='clasificacion/VirusShare_00499/reportes/reporte/1e5932c14c79fd8da3e44872a340eaee.json'
2026-04-17 06:05:21 [INFO] - START hash=8dc4b916d35ec98a866dddc8c0da7812 lote=VirusShare_00499 key=Key-VS-1 (GDQl...SlST) mode=file
2026-04-17 06:05:21 [INFO] - OK   hash=8dc4b916d35ec98a866dddc8c0da7812 estado=malware_o_detectado saved='clasificacion/VirusShare_00499/reportes/reporte/8dc4b916d35ec98a866dddc8c0da7812.json'
2026-04-17 06:05:36 [INFO] - START hash=be76600d87270528d9a8f9e49c21681d lote=VirusShare_00499 key=Key-VS-1 (GDQl...SlST) mode=file
2026-04-17 06:05:36 [INFO] - OK   hash=be76600d87270528d9a8f9e49c21681d estado=malware_o_detectado saved='clasificacion/VirusShare_00499/reportes/reporte/be76600d87270528d9a8f9e49c21681d.json'
2026-04-17 06:05:51 [INFO] - START hash=405a5fcb30017951ffba4e7286b28754 lote=VirusShare_00499 key=Key-VS-1 (GDQl...SlST) mode=file
2026-04-17 06:05:52 [INFO] - OK   hash=405a5fcb30017951ffba4e7286b28754 estado=malware_o_detectado saved='clasificacion/VirusShare_00499/reportes/reporte/405a5fcb30017951ffba4e7286b28754.json'
2026-04-17 06:06:07 [INFO] - START hash=39dcbd3055f11393ea7767969b4c7120 lote=VirusShare_00499 key=Key-VS-1 (GDQl...SlST) mode=file
2026-04-17 06:06:07 [INFO] - OK   hash=39dcbd3055f11393ea7767969b4c7120 estado=malware_o_detectado saved='clasificacion/VirusShare_00499/reportes/reporte/39dcbd3055f11393ea7767969b4c7120.json'
2026-04-17 06:06:22 [INFO] - START hash=7ee1b2890b59627326d91a36a4275477 lote=VirusShare_00499 key=Key-VS-1 (GDQl...SlST) mode=file
2026-04-17 06:06:22 [INFO] - OK   hash=7ee1b2890b59627326d91a36a4275477 estado=malware_o_detectado saved='clasificacion/VirusShare_00499/reportes/reporte/7ee1b2890b59627326d91a36a4275477.json'
2026-04-17 06:06:37 [INFO] - START hash=fd15e5cf0c5cd1a0d27e2db44693d5b9 lote=VirusShare_00499 key=Key-VS-1 (GDQl...SlST) mode=file
2026-04-17 06:06:37 [INFO] - OK   hash=fd15e5cf0c5cd1a0d27e2db44693d5b9 estado=malware_o_detectado saved='clasificacion/VirusShare_00499/reportes/reporte/fd15e5cf0c5cd1a0d27e2db44693d5b9.json'
2026-04-17 06:06:52 [INFO] - START hash=f230654d0d2aa968a48d490aab4f5d68 lote=VirusShare_00499 key=Key-VS-1 (GDQl...SlST) mode=file
2026-04-17 06:06:53 [INFO] - OK   hash=f230654d0d2aa968a48d490aab4f5d68 estado=malware_o_detectado saved='clasificacion/VirusShare_00499/reportes/reporte/f230654d0d2aa968a48d490aab4f5d68.json'
2026-04-17 06:07:08 [INFO] - START hash=3edd7a550d8ab361246f8b545a69954f lote=VirusShare_00499 key=Key-VS-1 (GDQl...SlST) mode=file
2026-04-17 06:07:08 [INFO] - OK   hash=3edd7a550d8ab361246f8b545a69954f estado=malware_o_detectado saved='clasificacion/VirusShare_00499/reportes/reporte/3edd7a550d8ab361246f8b545a69954f.json'
2026-04-17 06:07:23 [INFO] - START hash=3d205b8c8f073d6de63c266cbb2b0f4a lote=VirusShare_00499 key=Key-VS-1 (GDQl...SlST) mode=file
2026-04-17 06:07:23 [INFO] - OK   hash=3d205b8c8f073d6de63c266cbb2b0f4a estado=malware_o_detectado saved='clasificacion/VirusShare_00499/reportes/reporte/3d205b8c8f073d6de63c266cbb2b0f4a.json'
2026-04-17 06:07:38 [INFO] - START hash=853da86d0ed47bfef8be23462b39ccac lote=VirusShare_00499 key=Key-VS-1 (GDQl...SlST) mode=file
2026-04-17 06:07:38 [INFO] - OK   hash=853da86d0ed47bfef8be23462b39ccac estado=malware_o_detectado saved='clasificacion/VirusShare_00499/reportes/reporte/853da86d0ed47bfef8be23462b39ccac.json'
2026-04-17 06:07:53 [INFO] - START hash=1f05ca2fa9a590a7d4a8846ea8e2689c lote=VirusShare_00499 key=Key-VS-1 (GDQl...SlST) mode=file
2026-04-17 06:07:54 [INFO] - OK   hash=1f05ca2fa9a590a7d4a8846ea8e2689c estado=malware_o_detectado saved='clasificacion/VirusShare_00499/reportes/reporte/1f05ca2fa9a590a7d4a8846ea8e2689c.json'
2026-04-17 06:08:09 [INFO] - START hash=8f4d9829b65be60c2d70920cbd9b0dfa lote=VirusShare_00499 key=Key-VS-1 (GDQl...SlST) mode=file
2026-04-17 06:08:09 [INFO] - OK   hash=8f4d9829b65be60c2d70920cbd9b0dfa estado=malware_o_detectado saved='clasificacion/VirusShare_00499/reportes/reporte/8f4d9829b65be60c2d70920cbd9b0dfa.json'
2026-04-17 06:08:24 [INFO] - START hash=ad88ff6a7115c28146db2dbabf6f1b0c lote=VirusShare_00499 key=Key-VS-1 (GDQl...SlST) mode=file
2026-04-17 06:08:24 [INFO] - OK   hash=ad88ff6a7115c28146db2dbabf6f1b0c estado=malware_o_detectado saved='clasificacion/VirusShare_00499/reportes/reporte/ad88ff6a7115c28146db2dbabf6f1b0c.json'
2026-04-17 06:08:39 [INFO] - START hash=1d347a86c24e112f198bdf2b584682b6 lote=VirusShare_00499 key=Key-VS-1 (GDQl...SlST) mode=file
2026-04-17 06:08:40 [INFO] - OK   hash=1d347a86c24e112f198bdf2b584682b6 estado=malware_o_detectado saved='clasificacion/VirusShare_00499/reportes/reporte/1d347a86c24e112f198bdf2b584682b6.json'
2026-04-17 06:08:55 [INFO] - START hash=a5924fab57a8ae9c3d12263109415ded lote=VirusShare_00499 key=Key-VS-1 (GDQl...SlST) mode=file
2026-04-17 06:08:55 [INFO] - OK   hash=a5924fab57a8ae9c3d12263109415ded estado=malware_o_detectado saved='clasificacion/VirusShare_00499/reportes/reporte/a5924fab57a8ae9c3d12263109415ded.json'
2026-04-17 06:09:10 [INFO] - START hash=ffee334541c8086d1e7b2c9da6dd5af0 lote=VirusShare_00499 key=Key-VS-1 (GDQl...SlST) mode=file
2026-04-17 06:09:10 [INFO] - OK   hash=ffee334541c8086d1e7b2c9da6dd5af0 estado=malware_o_detectado saved='clasificacion/VirusShare_00499/reportes/reporte/ffee334541c8086d1e7b2c9da6dd5af0.json'
2026-04-17 06:09:25 [INFO] - START hash=bf71dd2140d392e2b89db01f29e7f44a lote=VirusShare_00499 key=Key-VS-1 (GDQl...SlST) mode=file
2026-04-17 06:09:25 [INFO] - OK   hash=bf71dd2140d392e2b89db01f29e7f44a estado=malware_o_detectado saved='clasificacion/VirusShare_00499/reportes/reporte/bf71dd2140d392e2b89db01f29e7f44a.json'
2026-04-17 06:09:40 [INFO] - START hash=8eb4ca24d9e078b26743f71efe71d13a lote=VirusShare_00499 key=Key-VS-1 (GDQl...SlST) mode=file
2026-04-17 06:09:41 [INFO] - OK   hash=8eb4ca24d9e078b26743f71efe71d13a estado=malware_o_detectado saved='clasificacion/VirusShare_00499/reportes/reporte/8eb4ca24d9e078b26743f71efe71d13a.json'
2026-04-17 06:09:56 [INFO] - START hash=91ac7b915c80c7d34427bd862f8b3206 lote=VirusShare_00499 key=Key-VS-1 (GDQl...SlST) mode=file
2026-04-17 06:09:56 [INFO] - OK   hash=91ac7b915c80c7d34427bd862f8b3206 estado=malware_o_detectado saved='clasificacion/VirusShare_00499/reportes/reporte/91ac7b915c80c7d34427bd862f8b3206.json'
2026-04-17 06:10:11 [INFO] - START hash=4a88313b62b5f37248779257de82309f lote=VirusShare_00499 key=Key-VS-1 (GDQl...SlST) mode=file
2026-04-17 06:10:11 [INFO] - OK   hash=4a88313b62b5f37248779257de82309f estado=malware_o_detectado saved='clasificacion/VirusShare_00499/reportes/reporte/4a88313b62b5f37248779257de82309f.json'
2026-04-17 06:10:26 [INFO] - START hash=e5140b2282068627880761cb7f8cbb69 lote=VirusShare_00499 key=Key-VS-1 (GDQl...SlST) mode=file
2026-04-17 06:10:27 [INFO] - OK   hash=e5140b2282068627880761cb7f8cbb69 estado=malware_o_detectado saved='clasificacion/VirusShare_00499/reportes/reporte/e5140b2282068627880761cb7f8cbb69.json'
2026-04-17 06:10:42 [INFO] - START hash=ccebcf747a818f32b3622f39cce07b94 lote=VirusShare_00499 key=Key-VS-1 (GDQl...SlST) mode=file
2026-04-17 06:10:42 [INFO] - OK   hash=ccebcf747a818f32b3622f39cce07b94 estado=malware_o_detectado saved='clasificacion/VirusShare_00499/reportes/reporte/ccebcf747a818f32b3622f39cce07b94.json'
2026-04-17 06:10:57 [INFO] - START hash=9801a8a49d6a4ac93375685ad4ccb363 lote=VirusShare_00499 key=Key-VS-1 (GDQl...SlST) mode=file
2026-04-17 06:10:57 [INFO] - OK   hash=9801a8a49d6a4ac93375685ad4ccb363 estado=malware_o_detectado saved='clasificacion/VirusShare_00499/reportes/reporte/9801a8a49d6a4ac93375685ad4ccb363.json'
2026-04-17 06:11:12 [INFO] - START hash=2842778e508516036c0fd2663ec1758b lote=VirusShare_00499 key=Key-VS-1 (GDQl...SlST) mode=file
2026-04-17 06:11:12 [INFO] - OK   hash=2842778e508516036c0fd2663ec1758b estado=malware_o_detectado saved='clasificacion/VirusShare_00499/reportes/reporte/2842778e508516036c0fd2663ec1758b.json'
2026-04-17 06:11:27 [INFO] - START hash=59bbf78ac42526653ac8d6e179ffe166 lote=VirusShare_00499 key=Key-VS-1 (GDQl...SlST) mode=file
2026-04-17 06:11:28 [INFO] - OK   hash=59bbf78ac42526653ac8d6e179ffe166 estado=malware_o_detectado saved='clasificacion/VirusShare_00499/reportes/reporte/59bbf78ac42526653ac8d6e179ffe166.json'
2026-04-17 06:11:43 [INFO] - START hash=27ff50b1a46aef068e6fa2d3fd275d6d lote=VirusShare_00499 key=Key-VS-1 (GDQl...SlST) mode=file
2026-04-17 06:11:43 [INFO] - OK   hash=27ff50b1a46aef068e6fa2d3fd275d6d estado=malware_o_detectado saved='clasificacion/VirusShare_00499/reportes/reporte/27ff50b1a46aef068e6fa2d3fd275d6d.json'
2026-04-17 06:11:58 [INFO] - START hash=ed0297f6acfae1a4a3f7b50c5ece7e7b lote=VirusShare_00499 key=Key-VS-1 (GDQl...SlST) mode=file
2026-04-17 06:11:58 [INFO] - OK   hash=ed0297f6acfae1a4a3f7b50c5ece7e7b estado=malware_o_detectado saved='clasificacion/VirusShare_00499/reportes/reporte/ed0297f6acfae1a4a3f7b50c5ece7e7b.json'
2026-04-17 06:12:13 [INFO] - START hash=03fd3fda50fd365ca4b402d27f1ead98 lote=VirusShare_00499 key=Key-VS-1 (GDQl...SlST) mode=file
2026-04-17 06:12:13 [INFO] - OK   hash=03fd3fda50fd365ca4b402d27f1ead98 estado=malware_o_detectado saved='clasificacion/VirusShare_00499/reportes/reporte/03fd3fda50fd365ca4b402d27f1ead98.json'
2026-04-17 06:12:28 [INFO] - START hash=83304a31d7fb85cb2d6c23a28367b28e lote=VirusShare_00499 key=Key-VS-1 (GDQl...SlST) mode=file
2026-04-17 06:12:29 [INFO] - OK   hash=83304a31d7fb85cb2d6c23a28367b28e estado=malware_o_detectado saved='clasificacion/VirusShare_00499/reportes/reporte/83304a31d7fb85cb2d6c23a28367b28e.json'
2026-04-17 06:12:44 [INFO] - START hash=32b6b1bbae33ba51babc93e3fe5bbc39 lote=VirusShare_00499 key=Key-VS-1 (GDQl...SlST) mode=file
2026-04-17 06:12:44 [INFO] - OK   hash=32b6b1bbae33ba51babc93e3fe5bbc39 estado=malware_o_detectado saved='clasificacion/VirusShare_00499/reportes/reporte/32b6b1bbae33ba51babc93e3fe5bbc39.json'
2026-04-17 06:12:59 [INFO] - START hash=b8ab245b9e1768cd0886bac935533d72 lote=VirusShare_00499 key=Key-VS-1 (GDQl...SlST) mode=file
2026-04-17 06:12:59 [INFO] - OK   hash=b8ab245b9e1768cd0886bac935533d72 estado=malware_o_detectado saved='clasificacion/VirusShare_00499/reportes/reporte/b8ab245b9e1768cd0886bac935533d72.json'
2026-04-17 06:13:14 [INFO] - START hash=4aac80be2a5aa9d2d0532c21ad0fb83a lote=VirusShare_00499 key=Key-VS-1 (GDQl...SlST) mode=file
2026-04-17 06:13:14 [INFO] - OK   hash=4aac80be2a5aa9d2d0532c21ad0fb83a estado=malware_o_detectado saved='clasificacion/VirusShare_00499/reportes/reporte/4aac80be2a5aa9d2d0532c21ad0fb83a.json'
2026-04-17 06:13:29 [INFO] - START hash=d5c383a508c1c21e9a43ecd85cb6268f lote=VirusShare_00499 key=Key-VS-1 (GDQl...SlST) mode=file
2026-04-17 06:13:30 [INFO] - OK   hash=d5c383a508c1c21e9a43ecd85cb6268f estado=malware_o_detectado saved='clasificacion/VirusShare_00499/reportes/reporte/d5c383a508c1c21e9a43ecd85cb6268f.json'
2026-04-17 06:13:45 [INFO] - START hash=f1f0b82741155e41e4710e1202e9620b lote=VirusShare_00499 key=Key-VS-1 (GDQl...SlST) mode=file
2026-04-17 06:13:45 [INFO] - OK   hash=f1f0b82741155e41e4710e1202e9620b estado=malware_o_detectado saved='clasificacion/VirusShare_00499/reportes/reporte/f1f0b82741155e41e4710e1202e9620b.json'
2026-04-17 06:14:00 [INFO] - START hash=f7b83e45b72152b31c737808a27a30a2 lote=VirusShare_00499 key=Key-VS-1 (GDQl...SlST) mode=file
2026-04-17 06:14:00 [INFO] - OK   hash=f7b83e45b72152b31c737808a27a30a2 estado=malware_o_detectado saved='clasificacion/VirusShare_00499/reportes/reporte/f7b83e45b72152b31c737808a27a30a2.json'
2026-04-17 06:14:15 [INFO] - START hash=2300b2ef4123bdfd3db6f537be47646c lote=VirusShare_00499 key=Key-VS-1 (GDQl...SlST) mode=file
2026-04-17 06:14:15 [INFO] - OK   hash=2300b2ef4123bdfd3db6f537be47646c estado=malware_o_detectado saved='clasificacion/VirusShare_00499/reportes/reporte/2300b2ef4123bdfd3db6f537be47646c.json'
2026-04-17 06:14:30 [INFO] - START hash=7ea0dfcfcce21acae73ddfbaf5288b17 lote=VirusShare_00499 key=Key-VS-1 (GDQl...SlST) mode=file
2026-04-17 06:14:31 [INFO] - OK   hash=7ea0dfcfcce21acae73ddfbaf5288b17 estado=malware_o_detectado saved='clasificacion/VirusShare_00499/reportes/reporte/7ea0dfcfcce21acae73ddfbaf5288b17.json'
2026-04-17 06:14:46 [INFO] - START hash=6a49eaafa9f5660531e7e1d0a7d46141 lote=VirusShare_00499 key=Key-VS-1 (GDQl...SlST) mode=file
2026-04-17 06:14:46 [INFO] - OK   hash=6a49eaafa9f5660531e7e1d0a7d46141 estado=malware_o_detectado saved='clasificacion/VirusShare_00499/reportes/reporte/6a49eaafa9f5660531e7e1d0a7d46141.json'
2026-04-17 06:15:01 [INFO] - START hash=935b1eea99cfe412caf07a2bcabd0dd5 lote=VirusShare_00499 key=Key-VS-1 (GDQl...SlST) mode=file
2026-04-17 06:15:01 [INFO] - OK   hash=935b1eea99cfe412caf07a2bcabd0dd5 estado=malware_o_detectado saved='clasificacion/VirusShare_00499/reportes/reporte/935b1eea99cfe412caf07a2bcabd0dd5.json'
2026-04-17 06:15:16 [INFO] - START hash=cc16d534de1e7450311440b4ca78375b lote=VirusShare_00499 key=Key-VS-1 (GDQl...SlST) mode=file
2026-04-17 06:15:17 [INFO] - OK   hash=cc16d534de1e7450311440b4ca78375b estado=malware_o_detectado saved='clasificacion/VirusShare_00499/reportes/reporte/cc16d534de1e7450311440b4ca78375b.json'
2026-04-17 06:15:32 [INFO] - START hash=f46b568624a9bec32f648fd7511f1bd0 lote=VirusShare_00499 key=Key-VS-1 (GDQl...SlST) mode=file
2026-04-17 06:15:32 [INFO] - OK   hash=f46b568624a9bec32f648fd7511f1bd0 estado=malware_o_detectado saved='clasificacion/VirusShare_00499/reportes/reporte/f46b568624a9bec32f648fd7511f1bd0.json'
2026-04-17 06:15:47 [INFO] - START hash=ae18e50a2efc3f342b6ed278c6d18cd1 lote=VirusShare_00499 key=Key-VS-1 (GDQl...SlST) mode=file
2026-04-17 06:15:47 [INFO] - OK   hash=ae18e50a2efc3f342b6ed278c6d18cd1 estado=malware_o_detectado saved='clasificacion/VirusShare_00499/reportes/reporte/ae18e50a2efc3f342b6ed278c6d18cd1.json'
2026-04-17 06:16:02 [INFO] - START hash=36affb208e4af143aa2f9fdb0cd99063 lote=VirusShare_00499 key=Key-VS-1 (GDQl...SlST) mode=file
2026-04-17 06:16:02 [INFO] - OK   hash=36affb208e4af143aa2f9fdb0cd99063 estado=malware_o_detectado saved='clasificacion/VirusShare_00499/reportes/reporte/36affb208e4af143aa2f9fdb0cd99063.json'
2026-04-17 06:16:17 [INFO] - START hash=01322bfc3df657eab2d08586af5306f9 lote=VirusShare_00499 key=Key-VS-1 (GDQl...SlST) mode=file
2026-04-17 06:16:18 [INFO] - OK   hash=01322bfc3df657eab2d08586af5306f9 estado=malware_o_detectado saved='clasificacion/VirusShare_00499/reportes/reporte/01322bfc3df657eab2d08586af5306f9.json'
2026-04-17 06:16:33 [INFO] - START hash=7d549a5cd9dfea2f2377dac9728ed8a5 lote=VirusShare_00499 key=Key-VS-1 (GDQl...SlST) mode=file
2026-04-17 06:16:33 [INFO] - OK   hash=7d549a5cd9dfea2f2377dac9728ed8a5 estado=malware_o_detectado saved='clasificacion/VirusShare_00499/reportes/reporte/7d549a5cd9dfea2f2377dac9728ed8a5.json'
2026-04-17 06:16:48 [INFO] - START hash=95e69b19a56926b4106034038824118f lote=VirusShare_00499 key=Key-VS-1 (GDQl...SlST) mode=file
2026-04-17 06:16:48 [INFO] - OK   hash=95e69b19a56926b4106034038824118f estado=malware_o_detectado saved='clasificacion/VirusShare_00499/reportes/reporte/95e69b19a56926b4106034038824118f.json'
2026-04-17 06:17:03 [INFO] - START hash=99b8da7d6b3a4f1a640544017925c7d1 lote=VirusShare_00499 key=Key-VS-1 (GDQl...SlST) mode=file
2026-04-17 06:17:03 [INFO] - OK   hash=99b8da7d6b3a4f1a640544017925c7d1 estado=malware_o_detectado saved='clasificacion/VirusShare_00499/reportes/reporte/99b8da7d6b3a4f1a640544017925c7d1.json'
2026-04-17 06:17:18 [INFO] - START hash=8f091d296c3cf3caafcd5f96cffd26ea lote=VirusShare_00499 key=Key-VS-1 (GDQl...SlST) mode=file
2026-04-17 06:17:19 [INFO] - OK   hash=8f091d296c3cf3caafcd5f96cffd26ea estado=malware_o_detectado saved='clasificacion/VirusShare_00499/reportes/reporte/8f091d296c3cf3caafcd5f96cffd26ea.json'
2026-04-17 06:17:34 [INFO] - START hash=a9705734e0c91f8eefe939e5047db1cf lote=VirusShare_00499 key=Key-VS-1 (GDQl...SlST) mode=file
2026-04-17 06:17:34 [INFO] - OK   hash=a9705734e0c91f8eefe939e5047db1cf estado=malware_o_detectado saved='clasificacion/VirusShare_00499/reportes/reporte/a9705734e0c91f8eefe939e5047db1cf.json'
2026-04-17 06:17:49 [INFO] - START hash=c548618d5b183cdd0eff577d29deef40 lote=VirusShare_00499 key=Key-VS-1 (GDQl...SlST) mode=file
2026-04-17 06:17:49 [INFO] - OK   hash=c548618d5b183cdd0eff577d29deef40 estado=malware_o_detectado saved='clasificacion/VirusShare_00499/reportes/reporte/c548618d5b183cdd0eff577d29deef40.json'
2026-04-17 06:18:04 [INFO] - START hash=bafd1253e305f4c624beff37678cd2d1 lote=VirusShare_00499 key=Key-VS-1 (GDQl...SlST) mode=file
2026-04-17 06:18:04 [INFO] - OK   hash=bafd1253e305f4c624beff37678cd2d1 estado=malware_o_detectado saved='clasificacion/VirusShare_00499/reportes/reporte/bafd1253e305f4c624beff37678cd2d1.json'
2026-04-17 06:18:19 [INFO] - START hash=c4844d00a6e5a9197a150a6b8a8af2a2 lote=VirusShare_00499 key=Key-VS-1 (GDQl...SlST) mode=file
2026-04-17 06:18:19 [INFO] - OK   hash=c4844d00a6e5a9197a150a6b8a8af2a2 estado=malware_o_detectado saved='clasificacion/VirusShare_00499/reportes/reporte/c4844d00a6e5a9197a150a6b8a8af2a2.json'
2026-04-17 06:18:34 [INFO] - START hash=83ff9b9962d2af9b1611b75c39a16e1c lote=VirusShare_00499 key=Key-VS-1 (GDQl...SlST) mode=file
2026-04-17 06:18:35 [INFO] - OK   hash=83ff9b9962d2af9b1611b75c39a16e1c estado=malware_o_detectado saved='clasificacion/VirusShare_00499/reportes/reporte/83ff9b9962d2af9b1611b75c39a16e1c.json'
2026-04-17 06:18:50 [INFO] - START hash=94108bb74acd957c165c947f8850b69a lote=VirusShare_00499 key=Key-VS-1 (GDQl...SlST) mode=file
2026-04-17 06:18:50 [INFO] - OK   hash=94108bb74acd957c165c947f8850b69a estado=malware_o_detectado saved='clasificacion/VirusShare_00499/reportes/reporte/94108bb74acd957c165c947f8850b69a.json'
2026-04-17 06:19:05 [INFO] - START hash=8c48d419d55297d2389f2ede7451a1cc lote=VirusShare_00499 key=Key-VS-1 (GDQl...SlST) mode=file
2026-04-17 06:19:05 [INFO] - OK   hash=8c48d419d55297d2389f2ede7451a1cc estado=malware_o_detectado saved='clasificacion/VirusShare_00499/reportes/reporte/8c48d419d55297d2389f2ede7451a1cc.json'
2026-04-17 06:19:20 [INFO] - START hash=9efc28b8054216486d01127971cdf368 lote=VirusShare_00499 key=Key-VS-1 (GDQl...SlST) mode=file
2026-04-17 06:19:20 [INFO] - OK   hash=9efc28b8054216486d01127971cdf368 estado=malware_o_detectado saved='clasificacion/VirusShare_00499/reportes/reporte/9efc28b8054216486d01127971cdf368.json'
2026-04-17 06:19:35 [INFO] - START hash=aa65a2d102199922e2151e504d5ac8ea lote=VirusShare_00499 key=Key-VS-1 (GDQl...SlST) mode=file
2026-04-17 06:19:36 [INFO] - OK   hash=aa65a2d102199922e2151e504d5ac8ea estado=malware_o_detectado saved='clasificacion/VirusShare_00499/reportes/reporte/aa65a2d102199922e2151e504d5ac8ea.json'
2026-04-17 06:19:51 [INFO] - START hash=632bf290726c43f63ceaf948ba595eea lote=VirusShare_00499 key=Key-VS-1 (GDQl...SlST) mode=file
2026-04-17 06:19:51 [INFO] - OK   hash=632bf290726c43f63ceaf948ba595eea estado=malware_o_detectado saved='clasificacion/VirusShare_00499/reportes/reporte/632bf290726c43f63ceaf948ba595eea.json'
2026-04-17 06:20:06 [INFO] - START hash=69fc6cf249c3d6c742eff0a84f857d62 lote=VirusShare_00499 key=Key-VS-1 (GDQl...SlST) mode=file
2026-04-17 06:20:06 [INFO] - OK   hash=69fc6cf249c3d6c742eff0a84f857d62 estado=malware_o_detectado saved='clasificacion/VirusShare_00499/reportes/reporte/69fc6cf249c3d6c742eff0a84f857d62.json'
2026-04-17 06:20:21 [INFO] - START hash=b6b41461ee07250130c118e1c4c1279f lote=VirusShare_00499 key=Key-VS-1 (GDQl...SlST) mode=file
2026-04-17 06:20:21 [INFO] - OK   hash=b6b41461ee07250130c118e1c4c1279f estado=malware_o_detectado saved='clasificacion/VirusShare_00499/reportes/reporte/b6b41461ee07250130c118e1c4c1279f.json'
2026-04-17 06:20:36 [INFO] - START hash=ed4dabf0817a4eab19edc97453299bb9 lote=VirusShare_00499 key=Key-VS-1 (GDQl...SlST) mode=file
2026-04-17 06:20:37 [INFO] - OK   hash=ed4dabf0817a4eab19edc97453299bb9 estado=malware_o_detectado saved='clasificacion/VirusShare_00499/reportes/reporte/ed4dabf0817a4eab19edc97453299bb9.json'
2026-04-17 06:20:52 [INFO] - START hash=008e0c8c1c05687c119d443f5cacbc85 lote=VirusShare_00499 key=Key-VS-1 (GDQl...SlST) mode=file
2026-04-17 06:20:52 [INFO] - OK   hash=008e0c8c1c05687c119d443f5cacbc85 estado=malware_o_detectado saved='clasificacion/VirusShare_00499/reportes/reporte/008e0c8c1c05687c119d443f5cacbc85.json'
2026-04-17 06:21:07 [INFO] - START hash=bd491d02e00f36d6c13e5664f7371b4b lote=VirusShare_00499 key=Key-VS-1 (GDQl...SlST) mode=file
2026-04-17 06:21:07 [INFO] - OK   hash=bd491d02e00f36d6c13e5664f7371b4b estado=malware_o_detectado saved='clasificacion/VirusShare_00499/reportes/reporte/bd491d02e00f36d6c13e5664f7371b4b.json'
2026-04-17 06:21:22 [INFO] - START hash=e3a2967aa257795177909983c7cc52e2 lote=VirusShare_00499 key=Key-VS-1 (GDQl...SlST) mode=file
2026-04-17 06:21:22 [INFO] - OK   hash=e3a2967aa257795177909983c7cc52e2 estado=malware_o_detectado saved='clasificacion/VirusShare_00499/reportes/reporte/e3a2967aa257795177909983c7cc52e2.json'
2026-04-17 06:21:37 [INFO] - START hash=2f3905a9868096c39003b97898836a78 lote=VirusShare_00499 key=Key-VS-1 (GDQl...SlST) mode=file
2026-04-17 06:21:38 [INFO] - OK   hash=2f3905a9868096c39003b97898836a78 estado=malware_o_detectado saved='clasificacion/VirusShare_00499/reportes/reporte/2f3905a9868096c39003b97898836a78.json'
2026-04-17 06:21:53 [INFO] - START hash=c843d46cf47fda350dcffd4663525003 lote=VirusShare_00499 key=Key-VS-1 (GDQl...SlST) mode=file
2026-04-17 06:21:53 [INFO] - OK   hash=c843d46cf47fda350dcffd4663525003 estado=malware_o_detectado saved='clasificacion/VirusShare_00499/reportes/reporte/c843d46cf47fda350dcffd4663525003.json'
2026-04-17 06:22:08 [INFO] - START hash=3e44eaef66364f17cbc2b335d947031c lote=VirusShare_00499 key=Key-VS-1 (GDQl...SlST) mode=file
2026-04-17 06:22:08 [INFO] - OK   hash=3e44eaef66364f17cbc2b335d947031c estado=malware_o_detectado saved='clasificacion/VirusShare_00499/reportes/reporte/3e44eaef66364f17cbc2b335d947031c.json'
2026-04-17 06:22:23 [INFO] - START hash=eb73603de47eaea08419d3f822f28e8e lote=VirusShare_00499 key=Key-VS-1 (GDQl...SlST) mode=file
2026-04-17 06:22:23 [INFO] - OK   hash=eb73603de47eaea08419d3f822f28e8e estado=malware_o_detectado saved='clasificacion/VirusShare_00499/reportes/reporte/eb73603de47eaea08419d3f822f28e8e.json'
2026-04-17 06:22:38 [INFO] - START hash=f2b1c93b4bdb3f404c25e6974050fc7f lote=VirusShare_00499 key=Key-VS-1 (GDQl...SlST) mode=file
2026-04-17 06:22:39 [INFO] - OK   hash=f2b1c93b4bdb3f404c25e6974050fc7f estado=malware_o_detectado saved='clasificacion/VirusShare_00499/reportes/reporte/f2b1c93b4bdb3f404c25e6974050fc7f.json'
2026-04-17 06:22:54 [INFO] - START hash=2d2e619b2f23633aab0078e4a11a5b5e lote=VirusShare_00499 key=Key-VS-1 (GDQl...SlST) mode=file
2026-04-17 06:22:54 [INFO] - OK   hash=2d2e619b2f23633aab0078e4a11a5b5e estado=malware_o_detectado saved='clasificacion/VirusShare_00499/reportes/reporte/2d2e619b2f23633aab0078e4a11a5b5e.json'
2026-04-17 06:23:09 [INFO] - START hash=30d8963fe64b661fa4ea4677a72f9d5e lote=VirusShare_00499 key=Key-VS-1 (GDQl...SlST) mode=file
2026-04-17 06:23:09 [INFO] - OK   hash=30d8963fe64b661fa4ea4677a72f9d5e estado=malware_o_detectado saved='clasificacion/VirusShare_00499/reportes/reporte/30d8963fe64b661fa4ea4677a72f9d5e.json'
2026-04-17 06:23:24 [INFO] - START hash=3eb0d34f7c97cd896a3258a733c68248 lote=VirusShare_00499 key=Key-VS-1 (GDQl...SlST) mode=file
2026-04-17 06:23:24 [INFO] - OK   hash=3eb0d34f7c97cd896a3258a733c68248 estado=malware_o_detectado saved='clasificacion/VirusShare_00499/reportes/reporte/3eb0d34f7c97cd896a3258a733c68248.json'
2026-04-17 06:23:39 [INFO] - START hash=3f44762877bf6efd610a3c8650d995d2 lote=VirusShare_00499 key=Key-VS-1 (GDQl...SlST) mode=file
2026-04-17 06:23:39 [INFO] - OK   hash=3f44762877bf6efd610a3c8650d995d2 estado=malware_o_detectado saved='clasificacion/VirusShare_00499/reportes/reporte/3f44762877bf6efd610a3c8650d995d2.json'
2026-04-17 06:23:54 [INFO] - START hash=9d3fb65eca9c62d87ccc7b68094e60f6 lote=VirusShare_00499 key=Key-VS-1 (GDQl...SlST) mode=file
2026-04-17 06:23:55 [INFO] - OK   hash=9d3fb65eca9c62d87ccc7b68094e60f6 estado=malware_o_detectado saved='clasificacion/VirusShare_00499/reportes/reporte/9d3fb65eca9c62d87ccc7b68094e60f6.json'
2026-04-17 06:24:10 [INFO] - START hash=4f706ac43cb63275bd5f4bd698a6e28b lote=VirusShare_00499 key=Key-VS-1 (GDQl...SlST) mode=file
2026-04-17 06:24:10 [INFO] - OK   hash=4f706ac43cb63275bd5f4bd698a6e28b estado=malware_o_detectado saved='clasificacion/VirusShare_00499/reportes/reporte/4f706ac43cb63275bd5f4bd698a6e28b.json'
2026-04-17 06:24:25 [INFO] - START hash=6d6a56d9be7089efc8e386b16cfd6bb3 lote=VirusShare_00499 key=Key-VS-1 (GDQl...SlST) mode=file
2026-04-17 06:24:25 [INFO] - OK   hash=6d6a56d9be7089efc8e386b16cfd6bb3 estado=malware_o_detectado saved='clasificacion/VirusShare_00499/reportes/reporte/6d6a56d9be7089efc8e386b16cfd6bb3.json'
2026-04-17 06:24:40 [INFO] - START hash=ff6d16c5d04bb8a8c61d3accd56392d2 lote=VirusShare_00499 key=Key-VS-1 (GDQl...SlST) mode=file
2026-04-17 06:24:40 [INFO] - OK   hash=ff6d16c5d04bb8a8c61d3accd56392d2 estado=malware_o_detectado saved='clasificacion/VirusShare_00499/reportes/reporte/ff6d16c5d04bb8a8c61d3accd56392d2.json'
2026-04-17 06:24:55 [INFO] - START hash=db2ea222521edd4bb59ed42b89a8700e lote=VirusShare_00499 key=Key-VS-1 (GDQl...SlST) mode=file
2026-04-17 06:24:56 [INFO] - OK   hash=db2ea222521edd4bb59ed42b89a8700e estado=malware_o_detectado saved='clasificacion/VirusShare_00499/reportes/reporte/db2ea222521edd4bb59ed42b89a8700e.json'
2026-04-17 06:25:11 [INFO] - START hash=bddedd95571ec8653af5efa7e8aa0bbd lote=VirusShare_00499 key=Key-VS-1 (GDQl...SlST) mode=file
2026-04-17 06:25:11 [INFO] - OK   hash=bddedd95571ec8653af5efa7e8aa0bbd estado=malware_o_detectado saved='clasificacion/VirusShare_00499/reportes/reporte/bddedd95571ec8653af5efa7e8aa0bbd.json'
2026-04-17 06:25:26 [INFO] - START hash=564bdb5f893aa463c0fa39d2a08dcdca lote=VirusShare_00499 key=Key-VS-1 (GDQl...SlST) mode=file
2026-04-17 06:25:26 [INFO] - OK   hash=564bdb5f893aa463c0fa39d2a08dcdca estado=malware_o_detectado saved='clasificacion/VirusShare_00499/reportes/reporte/564bdb5f893aa463c0fa39d2a08dcdca.json'
2026-04-17 06:25:41 [INFO] - START hash=4cdc8fee490533875a3ad629bacfa900 lote=VirusShare_00499 key=Key-VS-1 (GDQl...SlST) mode=file
2026-04-17 06:25:42 [INFO] - OK   hash=4cdc8fee490533875a3ad629bacfa900 estado=malware_o_detectado saved='clasificacion/VirusShare_00499/reportes/reporte/4cdc8fee490533875a3ad629bacfa900.json'
2026-04-17 06:25:57 [INFO] - START hash=77665629ea0c46787cd1f9c6e7c0ac91 lote=VirusShare_00499 key=Key-VS-1 (GDQl...SlST) mode=file
2026-04-17 06:25:57 [INFO] - OK   hash=77665629ea0c46787cd1f9c6e7c0ac91 estado=malware_o_detectado saved='clasificacion/VirusShare_00499/reportes/reporte/77665629ea0c46787cd1f9c6e7c0ac91.json'
2026-04-17 06:26:12 [INFO] - START hash=253154c83abb4d4ab3e7ac7fbd415922 lote=VirusShare_00499 key=Key-VS-1 (GDQl...SlST) mode=file
2026-04-17 06:26:12 [INFO] - OK   hash=253154c83abb4d4ab3e7ac7fbd415922 estado=malware_o_detectado saved='clasificacion/VirusShare_00499/reportes/reporte/253154c83abb4d4ab3e7ac7fbd415922.json'
2026-04-17 06:26:27 [INFO] - START hash=e61b9e0ff83098bed55ca59f5bf39ed0 lote=VirusShare_00499 key=Key-VS-1 (GDQl...SlST) mode=file
2026-04-17 06:26:27 [INFO] - OK   hash=e61b9e0ff83098bed55ca59f5bf39ed0 estado=malware_o_detectado saved='clasificacion/VirusShare_00499/reportes/reporte/e61b9e0ff83098bed55ca59f5bf39ed0.json'
2026-04-17 06:26:42 [INFO] - START hash=d960c00de825c59d6a83e92d315afbd2 lote=VirusShare_00499 key=Key-VS-1 (GDQl...SlST) mode=file
2026-04-17 06:26:43 [INFO] - OK   hash=d960c00de825c59d6a83e92d315afbd2 estado=malware_o_detectado saved='clasificacion/VirusShare_00499/reportes/reporte/d960c00de825c59d6a83e92d315afbd2.json'
2026-04-17 06:26:58 [INFO] - START hash=1f6a21327f157dd5674dbfb6baceb302 lote=VirusShare_00499 key=Key-VS-1 (GDQl...SlST) mode=file
2026-04-17 06:26:58 [INFO] - OK   hash=1f6a21327f157dd5674dbfb6baceb302 estado=malware_o_detectado saved='clasificacion/VirusShare_00499/reportes/reporte/1f6a21327f157dd5674dbfb6baceb302.json'
2026-04-17 06:27:13 [INFO] - START hash=3dc69ae9863dec9e64735c726e2767ed lote=VirusShare_00499 key=Key-VS-1 (GDQl...SlST) mode=file
2026-04-17 06:27:13 [INFO] - OK   hash=3dc69ae9863dec9e64735c726e2767ed estado=malware_o_detectado saved='clasificacion/VirusShare_00499/reportes/reporte/3dc69ae9863dec9e64735c726e2767ed.json'
2026-04-17 06:27:28 [INFO] - START hash=ea9ddd82f39fafa7763dee4d50eeeb29 lote=VirusShare_00499 key=Key-VS-1 (GDQl...SlST) mode=file
2026-04-17 06:27:28 [INFO] - OK   hash=ea9ddd82f39fafa7763dee4d50eeeb29 estado=malware_o_detectado saved='clasificacion/VirusShare_00499/reportes/reporte/ea9ddd82f39fafa7763dee4d50eeeb29.json'
2026-04-17 06:27:43 [INFO] - START hash=985aeb49b5ff009013044a0267b1ee8d lote=VirusShare_00499 key=Key-VS-1 (GDQl...SlST) mode=file
2026-04-17 06:27:44 [INFO] - OK   hash=985aeb49b5ff009013044a0267b1ee8d estado=malware_o_detectado saved='clasificacion/VirusShare_00499/reportes/reporte/985aeb49b5ff009013044a0267b1ee8d.json'
2026-04-17 06:27:59 [INFO] - START hash=069ca58dceb783ebfa85a06ab2bb82e3 lote=VirusShare_00499 key=Key-VS-1 (GDQl...SlST) mode=file
2026-04-17 06:27:59 [INFO] - OK   hash=069ca58dceb783ebfa85a06ab2bb82e3 estado=malware_o_detectado saved='clasificacion/VirusShare_00499/reportes/reporte/069ca58dceb783ebfa85a06ab2bb82e3.json'
2026-04-17 06:28:14 [INFO] - START hash=e67e33d0293de5ef841714c0015fca75 lote=VirusShare_00499 key=Key-VS-1 (GDQl...SlST) mode=file
2026-04-17 06:28:14 [INFO] - OK   hash=e67e33d0293de5ef841714c0015fca75 estado=malware_o_detectado saved='clasificacion/VirusShare_00499/reportes/reporte/e67e33d0293de5ef841714c0015fca75.json'
2026-04-17 06:28:29 [INFO] - START hash=c29cb9345fa2d0cff81fa8f55beb6e55 lote=VirusShare_00499 key=Key-VS-1 (GDQl...SlST) mode=file
2026-04-17 06:28:29 [INFO] - OK   hash=c29cb9345fa2d0cff81fa8f55beb6e55 estado=malware_o_detectado saved='clasificacion/VirusShare_00499/reportes/reporte/c29cb9345fa2d0cff81fa8f55beb6e55.json'
2026-04-17 06:28:44 [INFO] - START hash=b18c57f49570797035ab4451be25a0b8 lote=VirusShare_00499 key=Key-VS-1 (GDQl...SlST) mode=file
2026-04-17 06:28:45 [INFO] - OK   hash=b18c57f49570797035ab4451be25a0b8 estado=malware_o_detectado saved='clasificacion/VirusShare_00499/reportes/reporte/b18c57f49570797035ab4451be25a0b8.json'
2026-04-17 06:29:00 [INFO] - START hash=6f11e62f705f471f23a0184ffe0ca07c lote=VirusShare_00499 key=Key-VS-1 (GDQl...SlST) mode=file
2026-04-17 06:29:00 [INFO] - OK   hash=6f11e62f705f471f23a0184ffe0ca07c estado=malware_o_detectado saved='clasificacion/VirusShare_00499/reportes/reporte/6f11e62f705f471f23a0184ffe0ca07c.json'
2026-04-17 06:29:15 [INFO] - START hash=4a4cd0de5acb406d2ea31c7490e137c0 lote=VirusShare_00499 key=Key-VS-1 (GDQl...SlST) mode=file
2026-04-17 06:29:15 [INFO] - OK   hash=4a4cd0de5acb406d2ea31c7490e137c0 estado=malware_o_detectado saved='clasificacion/VirusShare_00499/reportes/reporte/4a4cd0de5acb406d2ea31c7490e137c0.json'
2026-04-17 06:29:30 [INFO] - START hash=416e256705e86344aba46d1aecc3c694 lote=VirusShare_00499 key=Key-VS-1 (GDQl...SlST) mode=file
2026-04-17 06:29:30 [INFO] - OK   hash=416e256705e86344aba46d1aecc3c694 estado=malware_o_detectado saved='clasificacion/VirusShare_00499/reportes/reporte/416e256705e86344aba46d1aecc3c694.json'
2026-04-17 06:29:45 [INFO] - START hash=86e5086130039952d905f17eb01de04a lote=VirusShare_00499 key=Key-VS-1 (GDQl...SlST) mode=file
2026-04-17 06:29:45 [INFO] - OK   hash=86e5086130039952d905f17eb01de04a estado=malware_o_detectado saved='clasificacion/VirusShare_00499/reportes/reporte/86e5086130039952d905f17eb01de04a.json'
2026-04-17 06:30:00 [INFO] - START hash=8cbe64e1485d8011761dc68fdbe75ae2 lote=VirusShare_00499 key=Key-VS-1 (GDQl...SlST) mode=file
2026-04-17 06:30:01 [INFO] - OK   hash=8cbe64e1485d8011761dc68fdbe75ae2 estado=malware_o_detectado saved='clasificacion/VirusShare_00499/reportes/reporte/8cbe64e1485d8011761dc68fdbe75ae2.json'
2026-04-17 06:30:16 [INFO] - START hash=5616ee24f854c41e105cd727274a57ed lote=VirusShare_00499 key=Key-VS-1 (GDQl...SlST) mode=file
2026-04-17 06:30:16 [INFO] - OK   hash=5616ee24f854c41e105cd727274a57ed estado=malware_o_detectado saved='clasificacion/VirusShare_00499/reportes/reporte/5616ee24f854c41e105cd727274a57ed.json'
2026-04-17 06:30:31 [INFO] - START hash=11ded0bb480d91048727650057a081fa lote=VirusShare_00499 key=Key-VS-1 (GDQl...SlST) mode=file
2026-04-17 06:30:31 [INFO] - OK   hash=11ded0bb480d91048727650057a081fa estado=malware_o_detectado saved='clasificacion/VirusShare_00499/reportes/reporte/11ded0bb480d91048727650057a081fa.json'
2026-04-17 06:30:46 [INFO] - START hash=5af1f15719618d4207c0c452f3871aa3 lote=VirusShare_00499 key=Key-VS-1 (GDQl...SlST) mode=file
2026-04-17 06:30:46 [INFO] - OK   hash=5af1f15719618d4207c0c452f3871aa3 estado=malware_o_detectado saved='clasificacion/VirusShare_00499/reportes/reporte/5af1f15719618d4207c0c452f3871aa3.json'
2026-04-17 06:31:01 [INFO] - START hash=36d60f3226d5ca22ecacef3ae3d32747 lote=VirusShare_00499 key=Key-VS-1 (GDQl...SlST) mode=file
2026-04-17 06:31:02 [INFO] - OK   hash=36d60f3226d5ca22ecacef3ae3d32747 estado=malware_o_detectado saved='clasificacion/VirusShare_00499/reportes/reporte/36d60f3226d5ca22ecacef3ae3d32747.json'
2026-04-17 06:31:17 [INFO] - START hash=ef001375553eae848fbbdeb39cb74e43 lote=VirusShare_00499 key=Key-VS-1 (GDQl...SlST) mode=file
2026-04-17 06:31:17 [INFO] - OK   hash=ef001375553eae848fbbdeb39cb74e43 estado=malware_o_detectado saved='clasificacion/VirusShare_00499/reportes/reporte/ef001375553eae848fbbdeb39cb74e43.json'
2026-04-17 06:31:32 [INFO] - START hash=3818b6dcefe1d794e0f2c0c98a39e1ef lote=VirusShare_00499 key=Key-VS-1 (GDQl...SlST) mode=file
2026-04-17 06:31:32 [INFO] - OK   hash=3818b6dcefe1d794e0f2c0c98a39e1ef estado=malware_o_detectado saved='clasificacion/VirusShare_00499/reportes/reporte/3818b6dcefe1d794e0f2c0c98a39e1ef.json'
2026-04-17 06:31:47 [INFO] - START hash=d8e0111c9e9b5ec1ec4e4036aecc1129 lote=VirusShare_00499 key=Key-VS-1 (GDQl...SlST) mode=file
2026-04-17 06:31:47 [INFO] - OK   hash=d8e0111c9e9b5ec1ec4e4036aecc1129 estado=malware_o_detectado saved='clasificacion/VirusShare_00499/reportes/reporte/d8e0111c9e9b5ec1ec4e4036aecc1129.json'
2026-04-17 06:32:02 [INFO] - START hash=da5ce321a26a544ea2bce13bbf0c8ff8 lote=VirusShare_00499 key=Key-VS-1 (GDQl...SlST) mode=file
2026-04-17 06:32:03 [INFO] - OK   hash=da5ce321a26a544ea2bce13bbf0c8ff8 estado=malware_o_detectado saved='clasificacion/VirusShare_00499/reportes/reporte/da5ce321a26a544ea2bce13bbf0c8ff8.json'
2026-04-17 06:32:18 [INFO] - START hash=d2677654b965383a143e4a977ac237d3 lote=VirusShare_00499 key=Key-VS-1 (GDQl...SlST) mode=file
2026-04-17 06:32:18 [INFO] - OK   hash=d2677654b965383a143e4a977ac237d3 estado=malware_o_detectado saved='clasificacion/VirusShare_00499/reportes/reporte/d2677654b965383a143e4a977ac237d3.json'
2026-04-17 06:32:33 [INFO] - START hash=3b3811cc5f846bfcdaef29751524dbb1 lote=VirusShare_00499 key=Key-VS-1 (GDQl...SlST) mode=file
2026-04-17 06:32:33 [INFO] - OK   hash=3b3811cc5f846bfcdaef29751524dbb1 estado=malware_o_detectado saved='clasificacion/VirusShare_00499/reportes/reporte/3b3811cc5f846bfcdaef29751524dbb1.json'
2026-04-17 06:32:48 [INFO] - START hash=a8427102f88b1dbb75565ce6f612e8e7 lote=VirusShare_00499 key=Key-VS-1 (GDQl...SlST) mode=file
2026-04-17 06:32:48 [INFO] - OK   hash=a8427102f88b1dbb75565ce6f612e8e7 estado=malware_o_detectado saved='clasificacion/VirusShare_00499/reportes/reporte/a8427102f88b1dbb75565ce6f612e8e7.json'
2026-04-17 06:33:03 [INFO] - START hash=134f137cb04de16821a16da88401183d lote=VirusShare_00499 key=Key-VS-1 (GDQl...SlST) mode=file
2026-04-17 06:33:03 [INFO] - OK   hash=134f137cb04de16821a16da88401183d estado=malware_o_detectado saved='clasificacion/VirusShare_00499/reportes/reporte/134f137cb04de16821a16da88401183d.json'
2026-04-17 06:33:18 [INFO] - START hash=61d9a5370e4e301eb526b6f054ae393f lote=VirusShare_00499 key=Key-VS-1 (GDQl...SlST) mode=file
2026-04-17 06:33:19 [INFO] - OK   hash=61d9a5370e4e301eb526b6f054ae393f estado=malware_o_detectado saved='clasificacion/VirusShare_00499/reportes/reporte/61d9a5370e4e301eb526b6f054ae393f.json'
2026-04-17 06:33:34 [INFO] - START hash=3ff98cba7fe7ccc3b1ed3ba49a693af2 lote=VirusShare_00499 key=Key-VS-1 (GDQl...SlST) mode=file
2026-04-17 06:33:34 [INFO] - OK   hash=3ff98cba7fe7ccc3b1ed3ba49a693af2 estado=malware_o_detectado saved='clasificacion/VirusShare_00499/reportes/reporte/3ff98cba7fe7ccc3b1ed3ba49a693af2.json'
2026-04-17 06:33:49 [INFO] - START hash=16e07167b691e929f1fee180d19159da lote=VirusShare_00499 key=Key-VS-1 (GDQl...SlST) mode=file
2026-04-17 06:33:49 [INFO] - OK   hash=16e07167b691e929f1fee180d19159da estado=malware_o_detectado saved='clasificacion/VirusShare_00499/reportes/reporte/16e07167b691e929f1fee180d19159da.json'
2026-04-17 06:34:04 [INFO] - START hash=966fc66dc064abc0313541a6b37480d2 lote=VirusShare_00499 key=Key-VS-1 (GDQl...SlST) mode=file
2026-04-17 06:34:04 [INFO] - OK   hash=966fc66dc064abc0313541a6b37480d2 estado=malware_o_detectado saved='clasificacion/VirusShare_00499/reportes/reporte/966fc66dc064abc0313541a6b37480d2.json'
2026-04-17 06:34:19 [INFO] - START hash=1da8555fee48604b0d6b043f924ce97c lote=VirusShare_00499 key=Key-VS-1 (GDQl...SlST) mode=file
2026-04-17 06:34:20 [INFO] - OK   hash=1da8555fee48604b0d6b043f924ce97c estado=malware_o_detectado saved='clasificacion/VirusShare_00499/reportes/reporte/1da8555fee48604b0d6b043f924ce97c.json'
2026-04-17 06:34:35 [INFO] - START hash=549966e8cefd9dfdd26393fe607555c1 lote=VirusShare_00499 key=Key-VS-1 (GDQl...SlST) mode=file
2026-04-17 06:34:35 [INFO] - OK   hash=549966e8cefd9dfdd26393fe607555c1 estado=malware_o_detectado saved='clasificacion/VirusShare_00499/reportes/reporte/549966e8cefd9dfdd26393fe607555c1.json'
2026-04-17 06:34:50 [INFO] - START hash=7d43d9f51fc444f48af9478ad05b6d3e lote=VirusShare_00499 key=Key-VS-1 (GDQl...SlST) mode=file
2026-04-17 06:34:50 [INFO] - OK   hash=7d43d9f51fc444f48af9478ad05b6d3e estado=malware_o_detectado saved='clasificacion/VirusShare_00499/reportes/reporte/7d43d9f51fc444f48af9478ad05b6d3e.json'
2026-04-17 06:35:05 [INFO] - START hash=bd2d638058a9c7bd4a860d28856eea84 lote=VirusShare_00499 key=Key-VS-1 (GDQl...SlST) mode=file
2026-04-17 06:35:05 [INFO] - OK   hash=bd2d638058a9c7bd4a860d28856eea84 estado=malware_o_detectado saved='clasificacion/VirusShare_00499/reportes/reporte/bd2d638058a9c7bd4a860d28856eea84.json'
2026-04-17 06:35:20 [INFO] - START hash=05f3b59cded21296bd7c53da57d885ae lote=VirusShare_00499 key=Key-VS-1 (GDQl...SlST) mode=file
2026-04-17 06:35:20 [INFO] - OK   hash=05f3b59cded21296bd7c53da57d885ae estado=malware_o_detectado saved='clasificacion/VirusShare_00499/reportes/reporte/05f3b59cded21296bd7c53da57d885ae.json'
2026-04-17 06:35:35 [INFO] - START hash=57b977a0cd3f12336f3d1e7513273c0b lote=VirusShare_00499 key=Key-VS-1 (GDQl...SlST) mode=file
2026-04-17 06:35:36 [INFO] - OK   hash=57b977a0cd3f12336f3d1e7513273c0b estado=malware_o_detectado saved='clasificacion/VirusShare_00499/reportes/reporte/57b977a0cd3f12336f3d1e7513273c0b.json'
2026-04-17 06:35:51 [INFO] - START hash=c8952dd8e434bb41d55119ca9c697ebd lote=VirusShare_00499 key=Key-VS-1 (GDQl...SlST) mode=file
2026-04-17 06:35:51 [INFO] - OK   hash=c8952dd8e434bb41d55119ca9c697ebd estado=malware_o_detectado saved='clasificacion/VirusShare_00499/reportes/reporte/c8952dd8e434bb41d55119ca9c697ebd.json'
2026-04-17 06:36:06 [INFO] - START hash=151ba934ed9ed93a01ce66bf80acfd2e lote=VirusShare_00499 key=Key-VS-1 (GDQl...SlST) mode=file
2026-04-17 06:36:06 [INFO] - OK   hash=151ba934ed9ed93a01ce66bf80acfd2e estado=malware_o_detectado saved='clasificacion/VirusShare_00499/reportes/reporte/151ba934ed9ed93a01ce66bf80acfd2e.json'
2026-04-17 06:36:21 [INFO] - START hash=0cddc18f04f3f04787798998c6e0c864 lote=VirusShare_00499 key=Key-VS-1 (GDQl...SlST) mode=file
2026-04-17 06:36:21 [INFO] - OK   hash=0cddc18f04f3f04787798998c6e0c864 estado=malware_o_detectado saved='clasificacion/VirusShare_00499/reportes/reporte/0cddc18f04f3f04787798998c6e0c864.json'
2026-04-17 06:36:36 [INFO] - START hash=9326f25d25d00ba8ff59798d79df0119 lote=VirusShare_00499 key=Key-VS-1 (GDQl...SlST) mode=file
2026-04-17 06:36:37 [INFO] - OK   hash=9326f25d25d00ba8ff59798d79df0119 estado=malware_o_detectado saved='clasificacion/VirusShare_00499/reportes/reporte/9326f25d25d00ba8ff59798d79df0119.json'
2026-04-17 06:36:52 [INFO] - START hash=2ff1d0f58b93846a97b22d6acd2e1392 lote=VirusShare_00499 key=Key-VS-1 (GDQl...SlST) mode=file
2026-04-17 06:36:52 [INFO] - OK   hash=2ff1d0f58b93846a97b22d6acd2e1392 estado=malware_o_detectado saved='clasificacion/VirusShare_00499/reportes/reporte/2ff1d0f58b93846a97b22d6acd2e1392.json'
2026-04-17 06:37:07 [INFO] - START hash=f97a8bfea100314ede3775dbc89f59a4 lote=VirusShare_00499 key=Key-VS-1 (GDQl...SlST) mode=file
2026-04-17 06:37:07 [INFO] - OK   hash=f97a8bfea100314ede3775dbc89f59a4 estado=malware_o_detectado saved='clasificacion/VirusShare_00499/reportes/reporte/f97a8bfea100314ede3775dbc89f59a4.json'
2026-04-17 06:37:22 [INFO] - START hash=7e943099623a0e378944e20db9978874 lote=VirusShare_00499 key=Key-VS-1 (GDQl...SlST) mode=file
2026-04-17 06:37:22 [INFO] - OK   hash=7e943099623a0e378944e20db9978874 estado=malware_o_detectado saved='clasificacion/VirusShare_00499/reportes/reporte/7e943099623a0e378944e20db9978874.json'
2026-04-17 06:37:37 [INFO] - START hash=13c7e55b60eb29408ef7d29103b7bf18 lote=VirusShare_00499 key=Key-VS-1 (GDQl...SlST) mode=file
2026-04-17 06:37:37 [INFO] - OK   hash=13c7e55b60eb29408ef7d29103b7bf18 estado=malware_o_detectado saved='clasificacion/VirusShare_00499/reportes/reporte/13c7e55b60eb29408ef7d29103b7bf18.json'
2026-04-17 06:37:52 [INFO] - START hash=4559869bb38e6aba49f5a0edb2ba47a0 lote=VirusShare_00499 key=Key-VS-1 (GDQl...SlST) mode=file
2026-04-17 06:37:53 [INFO] - OK   hash=4559869bb38e6aba49f5a0edb2ba47a0 estado=malware_o_detectado saved='clasificacion/VirusShare_00499/reportes/reporte/4559869bb38e6aba49f5a0edb2ba47a0.json'
2026-04-17 06:38:08 [INFO] - START hash=fa22c1bda718bc4109e6016d913f1201 lote=VirusShare_00499 key=Key-VS-1 (GDQl...SlST) mode=file
2026-04-17 06:38:08 [INFO] - OK   hash=fa22c1bda718bc4109e6016d913f1201 estado=malware_o_detectado saved='clasificacion/VirusShare_00499/reportes/reporte/fa22c1bda718bc4109e6016d913f1201.json'
2026-04-17 06:38:23 [INFO] - START hash=0e905d301edd4378ce579e00999cc9dc lote=VirusShare_00499 key=Key-VS-1 (GDQl...SlST) mode=file
2026-04-17 06:38:23 [INFO] - OK   hash=0e905d301edd4378ce579e00999cc9dc estado=malware_o_detectado saved='clasificacion/VirusShare_00499/reportes/reporte/0e905d301edd4378ce579e00999cc9dc.json'
2026-04-17 06:38:38 [INFO] - START hash=9b558b9dd46bf11c2296b3dbc4a5fa24 lote=VirusShare_00499 key=Key-VS-1 (GDQl...SlST) mode=file
2026-04-17 06:38:39 [INFO] - OK   hash=9b558b9dd46bf11c2296b3dbc4a5fa24 estado=malware_o_detectado saved='clasificacion/VirusShare_00499/reportes/reporte/9b558b9dd46bf11c2296b3dbc4a5fa24.json'
2026-04-17 06:38:54 [INFO] - START hash=c4f0f53534a3578541c225d868c271d1 lote=VirusShare_00499 key=Key-VS-1 (GDQl...SlST) mode=file
2026-04-17 06:38:54 [INFO] - OK   hash=c4f0f53534a3578541c225d868c271d1 estado=malware_o_detectado saved='clasificacion/VirusShare_00499/reportes/reporte/c4f0f53534a3578541c225d868c271d1.json'
2026-04-17 06:39:09 [INFO] - START hash=85583e665f6055139661f14579836151 lote=VirusShare_00499 key=Key-VS-1 (GDQl...SlST) mode=file
2026-04-17 06:39:09 [INFO] - OK   hash=85583e665f6055139661f14579836151 estado=malware_o_detectado saved='clasificacion/VirusShare_00499/reportes/reporte/85583e665f6055139661f14579836151.json'
2026-04-17 06:39:24 [INFO] - START hash=7e8388a3ebd05c84e44b07cc3d7d9afe lote=VirusShare_00499 key=Key-VS-1 (GDQl...SlST) mode=file
2026-04-17 06:39:24 [INFO] - OK   hash=7e8388a3ebd05c84e44b07cc3d7d9afe estado=malware_o_detectado saved='clasificacion/VirusShare_00499/reportes/reporte/7e8388a3ebd05c84e44b07cc3d7d9afe.json'
2026-04-17 06:39:39 [INFO] - START hash=ff82d772b162545f73c46328198b2013 lote=VirusShare_00499 key=Key-VS-1 (GDQl...SlST) mode=file
2026-04-17 06:39:40 [INFO] - OK   hash=ff82d772b162545f73c46328198b2013 estado=malware_o_detectado saved='clasificacion/VirusShare_00499/reportes/reporte/ff82d772b162545f73c46328198b2013.json'
2026-04-17 06:39:55 [INFO] - START hash=7fdec851158776c0b10168285a004a92 lote=VirusShare_00499 key=Key-VS-1 (GDQl...SlST) mode=file
2026-04-17 06:39:55 [INFO] - OK   hash=7fdec851158776c0b10168285a004a92 estado=malware_o_detectado saved='clasificacion/VirusShare_00499/reportes/reporte/7fdec851158776c0b10168285a004a92.json'
2026-04-17 06:40:10 [INFO] - START hash=640b23db69f811677177b2a51f7c3cd4 lote=VirusShare_00499 key=Key-VS-1 (GDQl...SlST) mode=file
2026-04-17 06:40:10 [INFO] - OK   hash=640b23db69f811677177b2a51f7c3cd4 estado=malware_o_detectado saved='clasificacion/VirusShare_00499/reportes/reporte/640b23db69f811677177b2a51f7c3cd4.json'
2026-04-17 06:40:25 [INFO] - START hash=eea43bc2c8ecaf8a0ceb8def58973bec lote=VirusShare_00499 key=Key-VS-1 (GDQl...SlST) mode=file
2026-04-17 06:40:25 [INFO] - OK   hash=eea43bc2c8ecaf8a0ceb8def58973bec estado=malware_o_detectado saved='clasificacion/VirusShare_00499/reportes/reporte/eea43bc2c8ecaf8a0ceb8def58973bec.json'
2026-04-17 06:40:40 [INFO] - START hash=34999ca5743c452b06e1eae266257b14 lote=VirusShare_00499 key=Key-VS-1 (GDQl...SlST) mode=file
2026-04-17 06:40:41 [INFO] - OK   hash=34999ca5743c452b06e1eae266257b14 estado=malware_o_detectado saved='clasificacion/VirusShare_00499/reportes/reporte/34999ca5743c452b06e1eae266257b14.json'
2026-04-17 06:40:56 [INFO] - START hash=77da3989773fb89ea35f7afe044e4b4d lote=VirusShare_00499 key=Key-VS-1 (GDQl...SlST) mode=file
2026-04-17 06:40:56 [INFO] - OK   hash=77da3989773fb89ea35f7afe044e4b4d estado=malware_o_detectado saved='clasificacion/VirusShare_00499/reportes/reporte/77da3989773fb89ea35f7afe044e4b4d.json'
2026-04-17 06:41:11 [INFO] - START hash=d2cbcbd1d70f9df36e919c0a1cb6547a lote=VirusShare_00499 key=Key-VS-1 (GDQl...SlST) mode=file
2026-04-17 06:41:11 [INFO] - OK   hash=d2cbcbd1d70f9df36e919c0a1cb6547a estado=malware_o_detectado saved='clasificacion/VirusShare_00499/reportes/reporte/d2cbcbd1d70f9df36e919c0a1cb6547a.json'
2026-04-17 06:41:26 [INFO] - START hash=ceaa4491d97b1466b0dd9c6f54981200 lote=VirusShare_00499 key=Key-VS-1 (GDQl...SlST) mode=file
2026-04-17 06:41:26 [INFO] - OK   hash=ceaa4491d97b1466b0dd9c6f54981200 estado=malware_o_detectado saved='clasificacion/VirusShare_00499/reportes/reporte/ceaa4491d97b1466b0dd9c6f54981200.json'
2026-04-17 06:41:41 [INFO] - START hash=163c4b26d7f4d18501ba0b467c39cec5 lote=VirusShare_00499 key=Key-VS-1 (GDQl...SlST) mode=file
2026-04-17 06:41:42 [INFO] - OK   hash=163c4b26d7f4d18501ba0b467c39cec5 estado=malware_o_detectado saved='clasificacion/VirusShare_00499/reportes/reporte/163c4b26d7f4d18501ba0b467c39cec5.json'
2026-04-17 06:41:57 [INFO] - START hash=e1430703ed447b33c05a0cb67a745d4a lote=VirusShare_00499 key=Key-VS-1 (GDQl...SlST) mode=file
2026-04-17 06:41:57 [INFO] - OK   hash=e1430703ed447b33c05a0cb67a745d4a estado=malware_o_detectado saved='clasificacion/VirusShare_00499/reportes/reporte/e1430703ed447b33c05a0cb67a745d4a.json'
2026-04-17 06:42:12 [INFO] - START hash=3344c93343b7a84f0d2d45c1b4f24354 lote=VirusShare_00499 key=Key-VS-1 (GDQl...SlST) mode=file
2026-04-17 06:42:12 [INFO] - OK   hash=3344c93343b7a84f0d2d45c1b4f24354 estado=malware_o_detectado saved='clasificacion/VirusShare_00499/reportes/reporte/3344c93343b7a84f0d2d45c1b4f24354.json'
2026-04-17 06:42:27 [INFO] - START hash=b3adeed2d11ed3f0378d09b8f9457564 lote=VirusShare_00499 key=Key-VS-1 (GDQl...SlST) mode=file
2026-04-17 06:42:28 [INFO] - OK   hash=b3adeed2d11ed3f0378d09b8f9457564 estado=malware_o_detectado saved='clasificacion/VirusShare_00499/reportes/reporte/b3adeed2d11ed3f0378d09b8f9457564.json'
2026-04-17 06:42:43 [INFO] - START hash=5fea2db8652f04ddd59619fc21d2695f lote=VirusShare_00499 key=Key-VS-1 (GDQl...SlST) mode=file
2026-04-17 06:42:43 [INFO] - OK   hash=5fea2db8652f04ddd59619fc21d2695f estado=malware_o_detectado saved='clasificacion/VirusShare_00499/reportes/reporte/5fea2db8652f04ddd59619fc21d2695f.json'
2026-04-17 06:42:58 [INFO] - START hash=b9a7dd92ff0ef16b1098beebe0aa8cf5 lote=VirusShare_00499 key=Key-VS-1 (GDQl...SlST) mode=file
2026-04-17 06:42:58 [INFO] - OK   hash=b9a7dd92ff0ef16b1098beebe0aa8cf5 estado=malware_o_detectado saved='clasificacion/VirusShare_00499/reportes/reporte/b9a7dd92ff0ef16b1098beebe0aa8cf5.json'
2026-04-17 06:43:13 [INFO] - START hash=06ff62b8e88cfd7cdf4a8c34ae53f354 lote=VirusShare_00499 key=Key-VS-1 (GDQl...SlST) mode=file
2026-04-17 06:43:13 [INFO] - OK   hash=06ff62b8e88cfd7cdf4a8c34ae53f354 estado=malware_o_detectado saved='clasificacion/VirusShare_00499/reportes/reporte/06ff62b8e88cfd7cdf4a8c34ae53f354.json'
2026-04-17 06:43:28 [INFO] - START hash=da2dc86d8a778125a475bfcafce91daa lote=VirusShare_00499 key=Key-VS-1 (GDQl...SlST) mode=file
2026-04-17 06:43:29 [INFO] - OK   hash=da2dc86d8a778125a475bfcafce91daa estado=malware_o_detectado saved='clasificacion/VirusShare_00499/reportes/reporte/da2dc86d8a778125a475bfcafce91daa.json'
2026-04-17 06:43:44 [INFO] - START hash=52af78fd04c78377699c90f19f2644f2 lote=VirusShare_00499 key=Key-VS-1 (GDQl...SlST) mode=file
2026-04-17 06:43:44 [INFO] - OK   hash=52af78fd04c78377699c90f19f2644f2 estado=malware_o_detectado saved='clasificacion/VirusShare_00499/reportes/reporte/52af78fd04c78377699c90f19f2644f2.json'
2026-04-17 06:43:59 [INFO] - START hash=db384608a43808b6e9a9166954782e8b lote=VirusShare_00499 key=Key-VS-1 (GDQl...SlST) mode=file
2026-04-17 06:43:59 [INFO] - OK   hash=db384608a43808b6e9a9166954782e8b estado=malware_o_detectado saved='clasificacion/VirusShare_00499/reportes/reporte/db384608a43808b6e9a9166954782e8b.json'
2026-04-17 06:44:14 [INFO] - START hash=8eccaca6c85b7b695cb433473218aa47 lote=VirusShare_00499 key=Key-VS-1 (GDQl...SlST) mode=file
2026-04-17 06:44:14 [INFO] - OK   hash=8eccaca6c85b7b695cb433473218aa47 estado=malware_o_detectado saved='clasificacion/VirusShare_00499/reportes/reporte/8eccaca6c85b7b695cb433473218aa47.json'
2026-04-17 06:44:29 [INFO] - START hash=18580e1a294b618a765d92858c305174 lote=VirusShare_00499 key=Key-VS-1 (GDQl...SlST) mode=file
2026-04-17 06:44:29 [INFO] - OK   hash=18580e1a294b618a765d92858c305174 estado=malware_o_detectado saved='clasificacion/VirusShare_00499/reportes/reporte/18580e1a294b618a765d92858c305174.json'
2026-04-17 06:44:44 [INFO] - START hash=83de7f2e45ca0621a7640c5b250685cf lote=VirusShare_00499 key=Key-VS-1 (GDQl...SlST) mode=file
2026-04-17 06:44:45 [INFO] - OK   hash=83de7f2e45ca0621a7640c5b250685cf estado=malware_o_detectado saved='clasificacion/VirusShare_00499/reportes/reporte/83de7f2e45ca0621a7640c5b250685cf.json'
2026-04-17 06:45:00 [INFO] - START hash=814cd3406490de091fdd7b090ef6a2ea lote=VirusShare_00499 key=Key-VS-1 (GDQl...SlST) mode=file
2026-04-17 06:45:00 [INFO] - OK   hash=814cd3406490de091fdd7b090ef6a2ea estado=malware_o_detectado saved='clasificacion/VirusShare_00499/reportes/reporte/814cd3406490de091fdd7b090ef6a2ea.json'
2026-04-17 06:45:15 [INFO] - START hash=592b89e88df4d1d1206dd4cdc807c58e lote=VirusShare_00499 key=Key-VS-1 (GDQl...SlST) mode=file
2026-04-17 06:45:15 [INFO] - OK   hash=592b89e88df4d1d1206dd4cdc807c58e estado=malware_o_detectado saved='clasificacion/VirusShare_00499/reportes/reporte/592b89e88df4d1d1206dd4cdc807c58e.json'
2026-04-17 06:45:30 [INFO] - START hash=4e415115096f7b3a259e5ca2e07db0a4 lote=VirusShare_00499 key=Key-VS-1 (GDQl...SlST) mode=file
2026-04-17 06:45:30 [INFO] - OK   hash=4e415115096f7b3a259e5ca2e07db0a4 estado=malware_o_detectado saved='clasificacion/VirusShare_00499/reportes/reporte/4e415115096f7b3a259e5ca2e07db0a4.json'
2026-04-17 06:45:45 [INFO] - START hash=0e1d8fbb4369002e58302dd521d7bab5 lote=VirusShare_00499 key=Key-VS-1 (GDQl...SlST) mode=file
2026-04-17 06:45:46 [INFO] - OK   hash=0e1d8fbb4369002e58302dd521d7bab5 estado=malware_o_detectado saved='clasificacion/VirusShare_00499/reportes/reporte/0e1d8fbb4369002e58302dd521d7bab5.json'
2026-04-17 06:46:01 [INFO] - START hash=03c13442b776869434987a290b36a6ee lote=VirusShare_00499 key=Key-VS-1 (GDQl...SlST) mode=file
2026-04-17 06:46:01 [INFO] - OK   hash=03c13442b776869434987a290b36a6ee estado=malware_o_detectado saved='clasificacion/VirusShare_00499/reportes/reporte/03c13442b776869434987a290b36a6ee.json'
2026-04-17 06:46:16 [INFO] - START hash=188d14bf5edc5cf762eadb9aee50cb83 lote=VirusShare_00499 key=Key-VS-1 (GDQl...SlST) mode=file
2026-04-17 06:46:16 [INFO] - OK   hash=188d14bf5edc5cf762eadb9aee50cb83 estado=malware_o_detectado saved='clasificacion/VirusShare_00499/reportes/reporte/188d14bf5edc5cf762eadb9aee50cb83.json'
2026-04-17 06:46:31 [INFO] - START hash=3725788f07f1cea03e9d66f2ba311440 lote=VirusShare_00499 key=Key-VS-1 (GDQl...SlST) mode=file
2026-04-17 06:46:31 [INFO] - OK   hash=3725788f07f1cea03e9d66f2ba311440 estado=malware_o_detectado saved='clasificacion/VirusShare_00499/reportes/reporte/3725788f07f1cea03e9d66f2ba311440.json'
2026-04-17 06:46:46 [INFO] - START hash=5e749973ac21a920ccc2ae8292523d65 lote=VirusShare_00499 key=Key-VS-1 (GDQl...SlST) mode=file
2026-04-17 06:46:47 [INFO] - OK   hash=5e749973ac21a920ccc2ae8292523d65 estado=malware_o_detectado saved='clasificacion/VirusShare_00499/reportes/reporte/5e749973ac21a920ccc2ae8292523d65.json'
2026-04-17 06:47:02 [INFO] - START hash=58705f9feab932772e6ad3cd262ec419 lote=VirusShare_00499 key=Key-VS-1 (GDQl...SlST) mode=file
2026-04-17 06:47:02 [INFO] - OK   hash=58705f9feab932772e6ad3cd262ec419 estado=malware_o_detectado saved='clasificacion/VirusShare_00499/reportes/reporte/58705f9feab932772e6ad3cd262ec419.json'
2026-04-17 06:47:17 [INFO] - START hash=c2aa04926b0d9abe04153d6bd72be02f lote=VirusShare_00499 key=Key-VS-1 (GDQl...SlST) mode=file
2026-04-17 06:47:17 [INFO] - OK   hash=c2aa04926b0d9abe04153d6bd72be02f estado=malware_o_detectado saved='clasificacion/VirusShare_00499/reportes/reporte/c2aa04926b0d9abe04153d6bd72be02f.json'
2026-04-17 06:47:32 [INFO] - START hash=c31dd9512970cb0b5013ef288a748b8b lote=VirusShare_00499 key=Key-VS-1 (GDQl...SlST) mode=file
2026-04-17 06:47:32 [INFO] - OK   hash=c31dd9512970cb0b5013ef288a748b8b estado=malware_o_detectado saved='clasificacion/VirusShare_00499/reportes/reporte/c31dd9512970cb0b5013ef288a748b8b.json'
2026-04-17 06:47:47 [INFO] - START hash=b78694fa9322942063781731e6ab019b lote=VirusShare_00499 key=Key-VS-1 (GDQl...SlST) mode=file
2026-04-17 06:47:47 [INFO] - OK   hash=b78694fa9322942063781731e6ab019b estado=malware_o_detectado saved='clasificacion/VirusShare_00499/reportes/reporte/b78694fa9322942063781731e6ab019b.json'
2026-04-17 06:48:03 [INFO] - START hash=9561b07236cd2ac1c407f0fd69fa8d88 lote=VirusShare_00499 key=Key-VS-1 (GDQl...SlST) mode=file
2026-04-17 06:48:03 [INFO] - OK   hash=9561b07236cd2ac1c407f0fd69fa8d88 estado=malware_o_detectado saved='clasificacion/VirusShare_00499/reportes/reporte/9561b07236cd2ac1c407f0fd69fa8d88.json'
2026-04-17 06:48:18 [INFO] - START hash=2663b98efb0efe6a5921870a768a79dc lote=VirusShare_00499 key=Key-VS-1 (GDQl...SlST) mode=file
2026-04-17 06:48:18 [INFO] - OK   hash=2663b98efb0efe6a5921870a768a79dc estado=malware_o_detectado saved='clasificacion/VirusShare_00499/reportes/reporte/2663b98efb0efe6a5921870a768a79dc.json'
2026-04-17 06:48:33 [INFO] - START hash=244baeafddfd85609034f01799ffb7ea lote=VirusShare_00499 key=Key-VS-1 (GDQl...SlST) mode=file
2026-04-17 06:48:33 [INFO] - OK   hash=244baeafddfd85609034f01799ffb7ea estado=malware_o_detectado saved='clasificacion/VirusShare_00499/reportes/reporte/244baeafddfd85609034f01799ffb7ea.json'
2026-04-17 06:48:48 [INFO] - START hash=019ae4c4ac4381382efd6d7fc9ae31ef lote=VirusShare_00499 key=Key-VS-1 (GDQl...SlST) mode=file
2026-04-17 06:48:48 [INFO] - OK   hash=019ae4c4ac4381382efd6d7fc9ae31ef estado=malware_o_detectado saved='clasificacion/VirusShare_00499/reportes/reporte/019ae4c4ac4381382efd6d7fc9ae31ef.json'
2026-04-17 06:49:03 [INFO] - START hash=5be3447c79a7d5a1bedb32c0a5ac99eb lote=VirusShare_00499 key=Key-VS-1 (GDQl...SlST) mode=file
2026-04-17 06:49:04 [INFO] - OK   hash=5be3447c79a7d5a1bedb32c0a5ac99eb estado=malware_o_detectado saved='clasificacion/VirusShare_00499/reportes/reporte/5be3447c79a7d5a1bedb32c0a5ac99eb.json'
2026-04-17 06:49:19 [INFO] - START hash=89bcc221d7fe6acfe89efa8c222092f9 lote=VirusShare_00499 key=Key-VS-1 (GDQl...SlST) mode=file
2026-04-17 06:49:19 [INFO] - OK   hash=89bcc221d7fe6acfe89efa8c222092f9 estado=malware_o_detectado saved='clasificacion/VirusShare_00499/reportes/reporte/89bcc221d7fe6acfe89efa8c222092f9.json'
2026-04-17 06:49:34 [INFO] - START hash=f6fe07035f5eecb3c8850b9655c0bcde lote=VirusShare_00499 key=Key-VS-1 (GDQl...SlST) mode=file
2026-04-17 06:49:34 [INFO] - OK   hash=f6fe07035f5eecb3c8850b9655c0bcde estado=malware_o_detectado saved='clasificacion/VirusShare_00499/reportes/reporte/f6fe07035f5eecb3c8850b9655c0bcde.json'
2026-04-17 06:49:49 [INFO] - START hash=8459eb5d233dd10987bddb7c5a85305e lote=VirusShare_00499 key=Key-VS-1 (GDQl...SlST) mode=file
2026-04-17 06:49:49 [INFO] - OK   hash=8459eb5d233dd10987bddb7c5a85305e estado=malware_o_detectado saved='clasificacion/VirusShare_00499/reportes/reporte/8459eb5d233dd10987bddb7c5a85305e.json'
2026-04-17 06:50:04 [INFO] - START hash=75d1be0ea360e681e95eb6555ee664f7 lote=VirusShare_00499 key=Key-VS-1 (GDQl...SlST) mode=file
2026-04-17 06:50:05 [INFO] - OK   hash=75d1be0ea360e681e95eb6555ee664f7 estado=malware_o_detectado saved='clasificacion/VirusShare_00499/reportes/reporte/75d1be0ea360e681e95eb6555ee664f7.json'
2026-04-17 06:50:20 [INFO] - START hash=e01fdaac91e4f4ef5ce3ae1dec22b433 lote=VirusShare_00499 key=Key-VS-1 (GDQl...SlST) mode=file
2026-04-17 06:50:20 [INFO] - OK   hash=e01fdaac91e4f4ef5ce3ae1dec22b433 estado=malware_o_detectado saved='clasificacion/VirusShare_00499/reportes/reporte/e01fdaac91e4f4ef5ce3ae1dec22b433.json'
2026-04-17 06:50:35 [INFO] - START hash=579e44f7c05904c1cecd0cf35dc4f2de lote=VirusShare_00499 key=Key-VS-1 (GDQl...SlST) mode=file
2026-04-17 06:50:35 [INFO] - OK   hash=579e44f7c05904c1cecd0cf35dc4f2de estado=malware_o_detectado saved='clasificacion/VirusShare_00499/reportes/reporte/579e44f7c05904c1cecd0cf35dc4f2de.json'
2026-04-17 06:50:50 [INFO] - START hash=ee1efc3c99c60bf2692ede8e02f50605 lote=VirusShare_00499 key=Key-VS-1 (GDQl...SlST) mode=file
2026-04-17 06:50:50 [INFO] - OK   hash=ee1efc3c99c60bf2692ede8e02f50605 estado=malware_o_detectado saved='clasificacion/VirusShare_00499/reportes/reporte/ee1efc3c99c60bf2692ede8e02f50605.json'
2026-04-17 06:51:05 [INFO] - START hash=538f58df041d270899fec7c4499b1035 lote=VirusShare_00499 key=Key-VS-1 (GDQl...SlST) mode=file
2026-04-17 06:51:06 [INFO] - OK   hash=538f58df041d270899fec7c4499b1035 estado=malware_o_detectado saved='clasificacion/VirusShare_00499/reportes/reporte/538f58df041d270899fec7c4499b1035.json'
2026-04-17 06:51:21 [INFO] - START hash=4366b3349a570ece09e7ad56cd661a1b lote=VirusShare_00499 key=Key-VS-1 (GDQl...SlST) mode=file
2026-04-17 06:51:21 [INFO] - OK   hash=4366b3349a570ece09e7ad56cd661a1b estado=malware_o_detectado saved='clasificacion/VirusShare_00499/reportes/reporte/4366b3349a570ece09e7ad56cd661a1b.json'
2026-04-17 06:51:36 [INFO] - START hash=402f03b18f8926351c4f8154bba4df74 lote=VirusShare_00499 key=Key-VS-1 (GDQl...SlST) mode=file
2026-04-17 06:51:36 [INFO] - OK   hash=402f03b18f8926351c4f8154bba4df74 estado=malware_o_detectado saved='clasificacion/VirusShare_00499/reportes/reporte/402f03b18f8926351c4f8154bba4df74.json'
2026-04-17 06:51:51 [INFO] - START hash=c8f7f7a403ff41e2b8804d162549d4f5 lote=VirusShare_00499 key=Key-VS-1 (GDQl...SlST) mode=file
2026-04-17 06:51:51 [INFO] - OK   hash=c8f7f7a403ff41e2b8804d162549d4f5 estado=malware_o_detectado saved='clasificacion/VirusShare_00499/reportes/reporte/c8f7f7a403ff41e2b8804d162549d4f5.json'
2026-04-17 06:52:06 [INFO] - START hash=bbf4b0e74d4c31168fdb9df33783ff05 lote=VirusShare_00499 key=Key-VS-1 (GDQl...SlST) mode=file
2026-04-17 06:52:07 [INFO] - OK   hash=bbf4b0e74d4c31168fdb9df33783ff05 estado=malware_o_detectado saved='clasificacion/VirusShare_00499/reportes/reporte/bbf4b0e74d4c31168fdb9df33783ff05.json'
2026-04-17 06:52:22 [INFO] - START hash=6ee0bb24da543a23f21abfe9fa064455 lote=VirusShare_00499 key=Key-VS-1 (GDQl...SlST) mode=file
2026-04-17 06:52:22 [INFO] - OK   hash=6ee0bb24da543a23f21abfe9fa064455 estado=malware_o_detectado saved='clasificacion/VirusShare_00499/reportes/reporte/6ee0bb24da543a23f21abfe9fa064455.json'
2026-04-17 06:52:37 [INFO] - START hash=1ee199db8abf0ba1e24cdc3b1764af0c lote=VirusShare_00499 key=Key-VS-1 (GDQl...SlST) mode=file
2026-04-17 06:52:37 [INFO] - OK   hash=1ee199db8abf0ba1e24cdc3b1764af0c estado=malware_o_detectado saved='clasificacion/VirusShare_00499/reportes/reporte/1ee199db8abf0ba1e24cdc3b1764af0c.json'
2026-04-17 06:52:52 [INFO] - START hash=2161c2903ff1cd8e9d1fe46d63629386 lote=VirusShare_00499 key=Key-VS-1 (GDQl...SlST) mode=file
2026-04-17 06:52:52 [INFO] - OK   hash=2161c2903ff1cd8e9d1fe46d63629386 estado=malware_o_detectado saved='clasificacion/VirusShare_00499/reportes/reporte/2161c2903ff1cd8e9d1fe46d63629386.json'
2026-04-17 06:53:07 [INFO] - START hash=d06dbb8305dca52243a4553b4c7b3584 lote=VirusShare_00499 key=Key-VS-1 (GDQl...SlST) mode=file
2026-04-17 06:53:07 [INFO] - OK   hash=d06dbb8305dca52243a4553b4c7b3584 estado=malware_o_detectado saved='clasificacion/VirusShare_00499/reportes/reporte/d06dbb8305dca52243a4553b4c7b3584.json'
2026-04-17 06:53:22 [INFO] - START hash=9d18f677a6968987508e124d7f9bab65 lote=VirusShare_00499 key=Key-VS-1 (GDQl...SlST) mode=file
2026-04-17 06:53:23 [INFO] - OK   hash=9d18f677a6968987508e124d7f9bab65 estado=malware_o_detectado saved='clasificacion/VirusShare_00499/reportes/reporte/9d18f677a6968987508e124d7f9bab65.json'
2026-04-17 06:53:38 [INFO] - START hash=c71c1a4750bc9ab31b1e925686f3c097 lote=VirusShare_00499 key=Key-VS-1 (GDQl...SlST) mode=file
2026-04-17 06:53:38 [INFO] - OK   hash=c71c1a4750bc9ab31b1e925686f3c097 estado=malware_o_detectado saved='clasificacion/VirusShare_00499/reportes/reporte/c71c1a4750bc9ab31b1e925686f3c097.json'
2026-04-17 06:53:53 [INFO] - START hash=54abced4b8f31bf27ce52462df05e5bf lote=VirusShare_00499 key=Key-VS-1 (GDQl...SlST) mode=file
2026-04-17 06:53:53 [INFO] - OK   hash=54abced4b8f31bf27ce52462df05e5bf estado=malware_o_detectado saved='clasificacion/VirusShare_00499/reportes/reporte/54abced4b8f31bf27ce52462df05e5bf.json'
2026-04-17 06:54:08 [INFO] - START hash=3cb83cfb6e2bf9a283016fd3736da5a9 lote=VirusShare_00499 key=Key-VS-1 (GDQl...SlST) mode=file
2026-04-17 06:54:09 [INFO] - OK   hash=3cb83cfb6e2bf9a283016fd3736da5a9 estado=malware_o_detectado saved='clasificacion/VirusShare_00499/reportes/reporte/3cb83cfb6e2bf9a283016fd3736da5a9.json'
2026-04-17 06:54:24 [INFO] - START hash=e7f41c8986ded49cf2f2cfa1826400aa lote=VirusShare_00499 key=Key-VS-1 (GDQl...SlST) mode=file
2026-04-17 06:54:24 [INFO] - OK   hash=e7f41c8986ded49cf2f2cfa1826400aa estado=malware_o_detectado saved='clasificacion/VirusShare_00499/reportes/reporte/e7f41c8986ded49cf2f2cfa1826400aa.json'
2026-04-17 06:54:39 [INFO] - START hash=c7dcc0320e4f94de1176e53d9a0aee99 lote=VirusShare_00499 key=Key-VS-1 (GDQl...SlST) mode=file
2026-04-17 06:54:39 [INFO] - OK   hash=c7dcc0320e4f94de1176e53d9a0aee99 estado=malware_o_detectado saved='clasificacion/VirusShare_00499/reportes/reporte/c7dcc0320e4f94de1176e53d9a0aee99.json'
2026-04-17 06:54:54 [INFO] - START hash=746fd89c57a71fdbb1439a676df0a7bb lote=VirusShare_00499 key=Key-VS-1 (GDQl...SlST) mode=file
2026-04-17 06:54:54 [INFO] - OK   hash=746fd89c57a71fdbb1439a676df0a7bb estado=malware_o_detectado saved='clasificacion/VirusShare_00499/reportes/reporte/746fd89c57a71fdbb1439a676df0a7bb.json'
2026-04-17 06:55:09 [INFO] - START hash=0dd2425bd33641e8a81af5e5f3437dff lote=VirusShare_00499 key=Key-VS-1 (GDQl...SlST) mode=file
2026-04-17 06:55:10 [INFO] - OK   hash=0dd2425bd33641e8a81af5e5f3437dff estado=malware_o_detectado saved='clasificacion/VirusShare_00499/reportes/reporte/0dd2425bd33641e8a81af5e5f3437dff.json'
2026-04-17 06:55:25 [INFO] - START hash=edaa1b592f67547ce72cfb3f6559efed lote=VirusShare_00499 key=Key-VS-1 (GDQl...SlST) mode=file
2026-04-17 06:55:25 [INFO] - OK   hash=edaa1b592f67547ce72cfb3f6559efed estado=malware_o_detectado saved='clasificacion/VirusShare_00499/reportes/reporte/edaa1b592f67547ce72cfb3f6559efed.json'
2026-04-17 06:55:40 [INFO] - START hash=ce199ce6e1c6686efa212fe04cbca040 lote=VirusShare_00499 key=Key-VS-1 (GDQl...SlST) mode=file
2026-04-17 06:55:40 [INFO] - OK   hash=ce199ce6e1c6686efa212fe04cbca040 estado=malware_o_detectado saved='clasificacion/VirusShare_00499/reportes/reporte/ce199ce6e1c6686efa212fe04cbca040.json'
2026-04-17 06:55:55 [INFO] - START hash=f317d65160c3a8fcff5378b0dcf64ff4 lote=VirusShare_00499 key=Key-VS-1 (GDQl...SlST) mode=file
2026-04-17 06:55:55 [INFO] - OK   hash=f317d65160c3a8fcff5378b0dcf64ff4 estado=malware_o_detectado saved='clasificacion/VirusShare_00499/reportes/reporte/f317d65160c3a8fcff5378b0dcf64ff4.json'
2026-04-17 06:56:10 [INFO] - START hash=0f05ee5e69a9d67a2dfc1f5e4b99a14f lote=VirusShare_00499 key=Key-VS-1 (GDQl...SlST) mode=file
2026-04-17 06:56:11 [INFO] - OK   hash=0f05ee5e69a9d67a2dfc1f5e4b99a14f estado=malware_o_detectado saved='clasificacion/VirusShare_00499/reportes/reporte/0f05ee5e69a9d67a2dfc1f5e4b99a14f.json'
2026-04-17 06:56:26 [INFO] - START hash=beab6341b9a33ec270e16ca693d8458c lote=VirusShare_00499 key=Key-VS-1 (GDQl...SlST) mode=file
2026-04-17 06:56:26 [INFO] - OK   hash=beab6341b9a33ec270e16ca693d8458c estado=malware_o_detectado saved='clasificacion/VirusShare_00499/reportes/reporte/beab6341b9a33ec270e16ca693d8458c.json'
2026-04-17 06:56:41 [INFO] - START hash=cf6f50290d3079b577ff1e587a8b132a lote=VirusShare_00499 key=Key-VS-1 (GDQl...SlST) mode=file
2026-04-17 06:56:41 [INFO] - OK   hash=cf6f50290d3079b577ff1e587a8b132a estado=malware_o_detectado saved='clasificacion/VirusShare_00499/reportes/reporte/cf6f50290d3079b577ff1e587a8b132a.json'
2026-04-17 06:56:56 [INFO] - START hash=b971158479b4ad8d5d8ae79b589d874a lote=VirusShare_00499 key=Key-VS-1 (GDQl...SlST) mode=file
2026-04-17 06:56:56 [INFO] - OK   hash=b971158479b4ad8d5d8ae79b589d874a estado=malware_o_detectado saved='clasificacion/VirusShare_00499/reportes/reporte/b971158479b4ad8d5d8ae79b589d874a.json'
2026-04-17 06:57:11 [INFO] - START hash=5c015360654b3728c85c9073d47a0825 lote=VirusShare_00499 key=Key-VS-1 (GDQl...SlST) mode=file
2026-04-17 06:57:12 [INFO] - OK   hash=5c015360654b3728c85c9073d47a0825 estado=malware_o_detectado saved='clasificacion/VirusShare_00499/reportes/reporte/5c015360654b3728c85c9073d47a0825.json'
2026-04-17 06:57:27 [INFO] - START hash=c9c80f98ecc65807fc21d64530efda3e lote=VirusShare_00499 key=Key-VS-1 (GDQl...SlST) mode=file
2026-04-17 06:57:27 [INFO] - OK   hash=c9c80f98ecc65807fc21d64530efda3e estado=malware_o_detectado saved='clasificacion/VirusShare_00499/reportes/reporte/c9c80f98ecc65807fc21d64530efda3e.json'
2026-04-17 06:57:42 [INFO] - START hash=cef8207dd4351212d08127e2e5b7d670 lote=VirusShare_00499 key=Key-VS-1 (GDQl...SlST) mode=file
2026-04-17 06:57:42 [INFO] - OK   hash=cef8207dd4351212d08127e2e5b7d670 estado=malware_o_detectado saved='clasificacion/VirusShare_00499/reportes/reporte/cef8207dd4351212d08127e2e5b7d670.json'
2026-04-17 06:57:57 [INFO] - START hash=75e2031438a36c71d69f3b3cf64f9169 lote=VirusShare_00499 key=Key-VS-1 (GDQl...SlST) mode=file
2026-04-17 06:57:58 [INFO] - OK   hash=75e2031438a36c71d69f3b3cf64f9169 estado=malware_o_detectado saved='clasificacion/VirusShare_00499/reportes/reporte/75e2031438a36c71d69f3b3cf64f9169.json'
2026-04-17 06:58:13 [INFO] - START hash=2bbb04b015670954b27177df21b11be8 lote=VirusShare_00499 key=Key-VS-1 (GDQl...SlST) mode=file
2026-04-17 06:58:13 [INFO] - OK   hash=2bbb04b015670954b27177df21b11be8 estado=malware_o_detectado saved='clasificacion/VirusShare_00499/reportes/reporte/2bbb04b015670954b27177df21b11be8.json'
2026-04-17 06:58:28 [INFO] - START hash=882ac01ab411c9902903f11375041184 lote=VirusShare_00499 key=Key-VS-1 (GDQl...SlST) mode=file
2026-04-17 06:58:28 [INFO] - OK   hash=882ac01ab411c9902903f11375041184 estado=malware_o_detectado saved='clasificacion/VirusShare_00499/reportes/reporte/882ac01ab411c9902903f11375041184.json'
2026-04-17 06:58:43 [INFO] - START hash=9c2bfa0a3123cfb27c1d399b0fdb7ce7 lote=VirusShare_00499 key=Key-VS-1 (GDQl...SlST) mode=file
2026-04-17 06:58:43 [INFO] - OK   hash=9c2bfa0a3123cfb27c1d399b0fdb7ce7 estado=malware_o_detectado saved='clasificacion/VirusShare_00499/reportes/reporte/9c2bfa0a3123cfb27c1d399b0fdb7ce7.json'
2026-04-17 06:58:58 [INFO] - START hash=a66b40a7b1b8d8dc94641d9001cb2901 lote=VirusShare_00499 key=Key-VS-1 (GDQl...SlST) mode=file
2026-04-17 06:58:58 [INFO] - OK   hash=a66b40a7b1b8d8dc94641d9001cb2901 estado=malware_o_detectado saved='clasificacion/VirusShare_00499/reportes/reporte/a66b40a7b1b8d8dc94641d9001cb2901.json'
2026-04-17 06:59:13 [INFO] - START hash=88ad41d7eb9879f8a5cb74b12248db8b lote=VirusShare_00499 key=Key-VS-1 (GDQl...SlST) mode=file
2026-04-17 06:59:14 [INFO] - OK   hash=88ad41d7eb9879f8a5cb74b12248db8b estado=malware_o_detectado saved='clasificacion/VirusShare_00499/reportes/reporte/88ad41d7eb9879f8a5cb74b12248db8b.json'
2026-04-17 06:59:29 [INFO] - START hash=0a00351e0eb83de9f35c60f9ff4e75ae lote=VirusShare_00499 key=Key-VS-1 (GDQl...SlST) mode=file
2026-04-17 06:59:29 [INFO] - OK   hash=0a00351e0eb83de9f35c60f9ff4e75ae estado=malware_o_detectado saved='clasificacion/VirusShare_00499/reportes/reporte/0a00351e0eb83de9f35c60f9ff4e75ae.json'
2026-04-17 06:59:44 [INFO] - START hash=be6a8d9abb9954c202871a0a34593705 lote=VirusShare_00499 key=Key-VS-1 (GDQl...SlST) mode=file
2026-04-17 06:59:44 [INFO] - OK   hash=be6a8d9abb9954c202871a0a34593705 estado=malware_o_detectado saved='clasificacion/VirusShare_00499/reportes/reporte/be6a8d9abb9954c202871a0a34593705.json'
2026-04-17 06:59:59 [INFO] - START hash=0bb68ca544eff2e3ae25dc3220464d76 lote=VirusShare_00499 key=Key-VS-1 (GDQl...SlST) mode=file
2026-04-17 06:59:59 [INFO] - OK   hash=0bb68ca544eff2e3ae25dc3220464d76 estado=malware_o_detectado saved='clasificacion/VirusShare_00499/reportes/reporte/0bb68ca544eff2e3ae25dc3220464d76.json'
2026-04-17 07:00:14 [INFO] - START hash=f908450e80bfaa229db8ad4414c89534 lote=VirusShare_00499 key=Key-VS-1 (GDQl...SlST) mode=file
2026-04-17 07:00:15 [INFO] - OK   hash=f908450e80bfaa229db8ad4414c89534 estado=malware_o_detectado saved='clasificacion/VirusShare_00499/reportes/reporte/f908450e80bfaa229db8ad4414c89534.json'
2026-04-17 07:00:30 [INFO] - START hash=227fd05cb340eb38d455a7a43d1ab12a lote=VirusShare_00499 key=Key-VS-1 (GDQl...SlST) mode=file
2026-04-17 07:00:30 [INFO] - OK   hash=227fd05cb340eb38d455a7a43d1ab12a estado=malware_o_detectado saved='clasificacion/VirusShare_00499/reportes/reporte/227fd05cb340eb38d455a7a43d1ab12a.json'
2026-04-17 07:00:45 [INFO] - START hash=1006d570d82ff1ed14454240b9306515 lote=VirusShare_00499 key=Key-VS-1 (GDQl...SlST) mode=file
2026-04-17 07:00:45 [INFO] - OK   hash=1006d570d82ff1ed14454240b9306515 estado=malware_o_detectado saved='clasificacion/VirusShare_00499/reportes/reporte/1006d570d82ff1ed14454240b9306515.json'
2026-04-17 07:01:00 [INFO] - START hash=ba17ecbb89a0b9a6a8ede62b8255133d lote=VirusShare_00499 key=Key-VS-1 (GDQl...SlST) mode=file
2026-04-17 07:01:00 [INFO] - OK   hash=ba17ecbb89a0b9a6a8ede62b8255133d estado=malware_o_detectado saved='clasificacion/VirusShare_00499/reportes/reporte/ba17ecbb89a0b9a6a8ede62b8255133d.json'
2026-04-17 07:01:15 [INFO] - START hash=8d542ed567b29fc06bd26289f8168e20 lote=VirusShare_00499 key=Key-VS-1 (GDQl...SlST) mode=file
2026-04-17 07:01:16 [INFO] - OK   hash=8d542ed567b29fc06bd26289f8168e20 estado=malware_o_detectado saved='clasificacion/VirusShare_00499/reportes/reporte/8d542ed567b29fc06bd26289f8168e20.json'
2026-04-17 07:01:31 [INFO] - START hash=769d16fca2c82d1a6112c0c31eda9f0f lote=VirusShare_00499 key=Key-VS-1 (GDQl...SlST) mode=file
2026-04-17 07:01:31 [INFO] - OK   hash=769d16fca2c82d1a6112c0c31eda9f0f estado=malware_o_detectado saved='clasificacion/VirusShare_00499/reportes/reporte/769d16fca2c82d1a6112c0c31eda9f0f.json'
2026-04-17 07:01:46 [INFO] - START hash=d235a75afe786ceae8aad6e6fee64b9e lote=VirusShare_00499 key=Key-VS-1 (GDQl...SlST) mode=file
2026-04-17 07:01:46 [INFO] - OK   hash=d235a75afe786ceae8aad6e6fee64b9e estado=malware_o_detectado saved='clasificacion/VirusShare_00499/reportes/reporte/d235a75afe786ceae8aad6e6fee64b9e.json'
2026-04-17 07:02:01 [INFO] - START hash=0ba388a82a0da61269207fb917f7bfaf lote=VirusShare_00499 key=Key-VS-1 (GDQl...SlST) mode=file
2026-04-17 07:02:01 [INFO] - OK   hash=0ba388a82a0da61269207fb917f7bfaf estado=malware_o_detectado saved='clasificacion/VirusShare_00499/reportes/reporte/0ba388a82a0da61269207fb917f7bfaf.json'
2026-04-17 07:02:16 [INFO] - START hash=da0f0d60cfb2a80ed6f4dd519561deaa lote=VirusShare_00499 key=Key-VS-1 (GDQl...SlST) mode=file
2026-04-17 07:02:17 [INFO] - OK   hash=da0f0d60cfb2a80ed6f4dd519561deaa estado=malware_o_detectado saved='clasificacion/VirusShare_00499/reportes/reporte/da0f0d60cfb2a80ed6f4dd519561deaa.json'
2026-04-17 07:02:32 [INFO] - START hash=907e2954a48888e7427b3319d47af727 lote=VirusShare_00499 key=Key-VS-1 (GDQl...SlST) mode=file
2026-04-17 07:02:32 [INFO] - OK   hash=907e2954a48888e7427b3319d47af727 estado=malware_o_detectado saved='clasificacion/VirusShare_00499/reportes/reporte/907e2954a48888e7427b3319d47af727.json'
2026-04-17 07:02:47 [INFO] - START hash=9fee8c5187f1cf4587b21ff20e3b8dc9 lote=VirusShare_00499 key=Key-VS-1 (GDQl...SlST) mode=file
2026-04-17 07:02:47 [INFO] - OK   hash=9fee8c5187f1cf4587b21ff20e3b8dc9 estado=malware_o_detectado saved='clasificacion/VirusShare_00499/reportes/reporte/9fee8c5187f1cf4587b21ff20e3b8dc9.json'
2026-04-17 07:03:02 [INFO] - START hash=d016f0b55d66c9b045ffb0ef17102f7d lote=VirusShare_00499 key=Key-VS-1 (GDQl...SlST) mode=file
2026-04-17 07:03:02 [INFO] - OK   hash=d016f0b55d66c9b045ffb0ef17102f7d estado=malware_o_detectado saved='clasificacion/VirusShare_00499/reportes/reporte/d016f0b55d66c9b045ffb0ef17102f7d.json'
2026-04-17 07:03:17 [INFO] - START hash=07b488624625e42f8a4eb45a4277851c lote=VirusShare_00499 key=Key-VS-1 (GDQl...SlST) mode=file
2026-04-17 07:03:18 [INFO] - OK   hash=07b488624625e42f8a4eb45a4277851c estado=malware_o_detectado saved='clasificacion/VirusShare_00499/reportes/reporte/07b488624625e42f8a4eb45a4277851c.json'
2026-04-17 07:03:33 [INFO] - START hash=60f7fa2ffca86a92a874aaa1ed6d8e5a lote=VirusShare_00499 key=Key-VS-1 (GDQl...SlST) mode=file
2026-04-17 07:03:33 [INFO] - OK   hash=60f7fa2ffca86a92a874aaa1ed6d8e5a estado=malware_o_detectado saved='clasificacion/VirusShare_00499/reportes/reporte/60f7fa2ffca86a92a874aaa1ed6d8e5a.json'
2026-04-17 07:03:48 [INFO] - START hash=c54f565de7f8b7b34d174ad3d092c9b4 lote=VirusShare_00499 key=Key-VS-1 (GDQl...SlST) mode=file
2026-04-17 07:03:48 [INFO] - OK   hash=c54f565de7f8b7b34d174ad3d092c9b4 estado=malware_o_detectado saved='clasificacion/VirusShare_00499/reportes/reporte/c54f565de7f8b7b34d174ad3d092c9b4.json'
2026-04-17 07:04:03 [INFO] - START hash=84beaa958a49b3487a5a86239fd10c90 lote=VirusShare_00499 key=Key-VS-1 (GDQl...SlST) mode=file
2026-04-17 07:04:03 [INFO] - OK   hash=84beaa958a49b3487a5a86239fd10c90 estado=malware_o_detectado saved='clasificacion/VirusShare_00499/reportes/reporte/84beaa958a49b3487a5a86239fd10c90.json'
2026-04-17 07:04:18 [INFO] - START hash=b796ea167f8a5c3882f2d129fdedb193 lote=VirusShare_00499 key=Key-VS-1 (GDQl...SlST) mode=file
2026-04-17 07:04:19 [INFO] - OK   hash=b796ea167f8a5c3882f2d129fdedb193 estado=malware_o_detectado saved='clasificacion/VirusShare_00499/reportes/reporte/b796ea167f8a5c3882f2d129fdedb193.json'
2026-04-17 07:04:34 [INFO] - START hash=3bfeae80a66425e2c2b8712d5112ed1f lote=VirusShare_00499 key=Key-VS-1 (GDQl...SlST) mode=file
2026-04-17 07:04:34 [INFO] - OK   hash=3bfeae80a66425e2c2b8712d5112ed1f estado=malware_o_detectado saved='clasificacion/VirusShare_00499/reportes/reporte/3bfeae80a66425e2c2b8712d5112ed1f.json'
2026-04-17 07:04:49 [INFO] - START hash=0f34f5ae4bee55140b74e66f72b92bc4 lote=VirusShare_00499 key=Key-VS-1 (GDQl...SlST) mode=file
2026-04-17 07:04:49 [INFO] - OK   hash=0f34f5ae4bee55140b74e66f72b92bc4 estado=malware_o_detectado saved='clasificacion/VirusShare_00499/reportes/reporte/0f34f5ae4bee55140b74e66f72b92bc4.json'
2026-04-17 07:05:04 [INFO] - START hash=83af0ad656e2a6146be9f9c1abc4f536 lote=VirusShare_00499 key=Key-VS-1 (GDQl...SlST) mode=file
2026-04-17 07:05:04 [INFO] - OK   hash=83af0ad656e2a6146be9f9c1abc4f536 estado=malware_o_detectado saved='clasificacion/VirusShare_00499/reportes/reporte/83af0ad656e2a6146be9f9c1abc4f536.json'
2026-04-17 07:05:19 [INFO] - START hash=32d9891113ec248ab9961cb96b4d386d lote=VirusShare_00499 key=Key-VS-1 (GDQl...SlST) mode=file
2026-04-17 07:05:20 [INFO] - OK   hash=32d9891113ec248ab9961cb96b4d386d estado=malware_o_detectado saved='clasificacion/VirusShare_00499/reportes/reporte/32d9891113ec248ab9961cb96b4d386d.json'
2026-04-17 07:05:35 [INFO] - START hash=bf21e13bd638694d568ec7c5c5a29d9d lote=VirusShare_00499 key=Key-VS-1 (GDQl...SlST) mode=file
2026-04-17 07:05:35 [INFO] - OK   hash=bf21e13bd638694d568ec7c5c5a29d9d estado=malware_o_detectado saved='clasificacion/VirusShare_00499/reportes/reporte/bf21e13bd638694d568ec7c5c5a29d9d.json'
2026-04-17 07:05:50 [INFO] - START hash=35c59236343c0ed592797eb84c858ec3 lote=VirusShare_00499 key=Key-VS-1 (GDQl...SlST) mode=file
2026-04-17 07:05:50 [INFO] - OK   hash=35c59236343c0ed592797eb84c858ec3 estado=malware_o_detectado saved='clasificacion/VirusShare_00499/reportes/reporte/35c59236343c0ed592797eb84c858ec3.json'
2026-04-17 07:06:05 [INFO] - START hash=9cfb3a81e2bf8425f357076a82d83d1d lote=VirusShare_00499 key=Key-VS-1 (GDQl...SlST) mode=file
2026-04-17 07:06:05 [INFO] - OK   hash=9cfb3a81e2bf8425f357076a82d83d1d estado=malware_o_detectado saved='clasificacion/VirusShare_00499/reportes/reporte/9cfb3a81e2bf8425f357076a82d83d1d.json'
2026-04-17 07:06:20 [INFO] - START hash=5c6bd98701a741a26a795b679af7903c lote=VirusShare_00499 key=Key-VS-1 (GDQl...SlST) mode=file
2026-04-17 07:06:21 [INFO] - OK   hash=5c6bd98701a741a26a795b679af7903c estado=malware_o_detectado saved='clasificacion/VirusShare_00499/reportes/reporte/5c6bd98701a741a26a795b679af7903c.json'
2026-04-17 07:06:36 [INFO] - START hash=4e90e7f9cd3f13f735e303dbecbcd12c lote=VirusShare_00499 key=Key-VS-1 (GDQl...SlST) mode=file
2026-04-17 07:06:36 [INFO] - OK   hash=4e90e7f9cd3f13f735e303dbecbcd12c estado=malware_o_detectado saved='clasificacion/VirusShare_00499/reportes/reporte/4e90e7f9cd3f13f735e303dbecbcd12c.json'
2026-04-17 07:06:51 [INFO] - START hash=be0821d7e60c5b227671dfddc6bf0a5a lote=VirusShare_00499 key=Key-VS-1 (GDQl...SlST) mode=file
2026-04-17 07:06:51 [INFO] - OK   hash=be0821d7e60c5b227671dfddc6bf0a5a estado=malware_o_detectado saved='clasificacion/VirusShare_00499/reportes/reporte/be0821d7e60c5b227671dfddc6bf0a5a.json'
2026-04-17 07:07:06 [INFO] - START hash=a40c9df8c33258743c5a615df01b134d lote=VirusShare_00499 key=Key-VS-1 (GDQl...SlST) mode=file
2026-04-17 07:07:06 [INFO] - OK   hash=a40c9df8c33258743c5a615df01b134d estado=malware_o_detectado saved='clasificacion/VirusShare_00499/reportes/reporte/a40c9df8c33258743c5a615df01b134d.json'
2026-04-17 07:07:21 [INFO] - START hash=ac6d9037f0b873e36bcbb7bf492c6bdf lote=VirusShare_00499 key=Key-VS-1 (GDQl...SlST) mode=file
2026-04-17 07:07:22 [INFO] - OK   hash=ac6d9037f0b873e36bcbb7bf492c6bdf estado=malware_o_detectado saved='clasificacion/VirusShare_00499/reportes/reporte/ac6d9037f0b873e36bcbb7bf492c6bdf.json'
2026-04-17 07:07:37 [INFO] - START hash=15cee6b79bf9a934c05f32b97b0033be lote=VirusShare_00499 key=Key-VS-1 (GDQl...SlST) mode=file
2026-04-17 07:07:37 [INFO] - OK   hash=15cee6b79bf9a934c05f32b97b0033be estado=malware_o_detectado saved='clasificacion/VirusShare_00499/reportes/reporte/15cee6b79bf9a934c05f32b97b0033be.json'
2026-04-17 07:07:52 [INFO] - START hash=b70494709f15817d0093867fa643b864 lote=VirusShare_00499 key=Key-VS-1 (GDQl...SlST) mode=file
2026-04-17 07:07:52 [INFO] - OK   hash=b70494709f15817d0093867fa643b864 estado=malware_o_detectado saved='clasificacion/VirusShare_00499/reportes/reporte/b70494709f15817d0093867fa643b864.json'
2026-04-17 07:08:07 [INFO] - START hash=c36919f59afb568c40cda3609364aec2 lote=VirusShare_00499 key=Key-VS-1 (GDQl...SlST) mode=file
2026-04-17 07:08:07 [INFO] - OK   hash=c36919f59afb568c40cda3609364aec2 estado=malware_o_detectado saved='clasificacion/VirusShare_00499/reportes/reporte/c36919f59afb568c40cda3609364aec2.json'
2026-04-17 07:08:23 [INFO] - START hash=4492635f4fd18ee9c209cade7b834317 lote=VirusShare_00499 key=Key-VS-1 (GDQl...SlST) mode=file
2026-04-17 07:08:23 [INFO] - OK   hash=4492635f4fd18ee9c209cade7b834317 estado=malware_o_detectado saved='clasificacion/VirusShare_00499/reportes/reporte/4492635f4fd18ee9c209cade7b834317.json'
2026-04-17 07:08:38 [INFO] - START hash=dd4be9f6425a12f0d535aae0c56c4ddc lote=VirusShare_00499 key=Key-VS-1 (GDQl...SlST) mode=file
2026-04-17 07:08:38 [INFO] - OK   hash=dd4be9f6425a12f0d535aae0c56c4ddc estado=malware_o_detectado saved='clasificacion/VirusShare_00499/reportes/reporte/dd4be9f6425a12f0d535aae0c56c4ddc.json'
2026-04-17 07:08:53 [INFO] - START hash=dda759fe07e2a6a47ef3c4c907a40329 lote=VirusShare_00499 key=Key-VS-1 (GDQl...SlST) mode=file
2026-04-17 07:08:54 [INFO] - OK   hash=dda759fe07e2a6a47ef3c4c907a40329 estado=malware_o_detectado saved='clasificacion/VirusShare_00499/reportes/reporte/dda759fe07e2a6a47ef3c4c907a40329.json'
2026-04-17 07:09:09 [INFO] - START hash=efebed58b6d9a0bce0887fc1f052c7d9 lote=VirusShare_00499 key=Key-VS-1 (GDQl...SlST) mode=file
2026-04-17 07:09:09 [INFO] - OK   hash=efebed58b6d9a0bce0887fc1f052c7d9 estado=malware_o_detectado saved='clasificacion/VirusShare_00499/reportes/reporte/efebed58b6d9a0bce0887fc1f052c7d9.json'
2026-04-17 07:09:24 [INFO] - START hash=2517c510dc1391d028b6fec415e4b068 lote=VirusShare_00499 key=Key-VS-1 (GDQl...SlST) mode=file
2026-04-17 07:09:24 [INFO] - OK   hash=2517c510dc1391d028b6fec415e4b068 estado=malware_o_detectado saved='clasificacion/VirusShare_00499/reportes/reporte/2517c510dc1391d028b6fec415e4b068.json'
2026-04-17 07:09:39 [INFO] - START hash=5a108edd6b948a8a7528c924e2c8b81e lote=VirusShare_00499 key=Key-VS-1 (GDQl...SlST) mode=file
2026-04-17 07:09:39 [INFO] - OK   hash=5a108edd6b948a8a7528c924e2c8b81e estado=malware_o_detectado saved='clasificacion/VirusShare_00499/reportes/reporte/5a108edd6b948a8a7528c924e2c8b81e.json'
2026-04-17 07:09:54 [INFO] - START hash=53199b2b0cecf8fe45f839801195efc9 lote=VirusShare_00499 key=Key-VS-1 (GDQl...SlST) mode=file
2026-04-17 07:09:55 [INFO] - OK   hash=53199b2b0cecf8fe45f839801195efc9 estado=malware_o_detectado saved='clasificacion/VirusShare_00499/reportes/reporte/53199b2b0cecf8fe45f839801195efc9.json'
2026-04-17 07:10:10 [INFO] - START hash=813bc6f232d406111b2740a5f18f3b6a lote=VirusShare_00499 key=Key-VS-1 (GDQl...SlST) mode=file
2026-04-17 07:10:10 [INFO] - OK   hash=813bc6f232d406111b2740a5f18f3b6a estado=malware_o_detectado saved='clasificacion/VirusShare_00499/reportes/reporte/813bc6f232d406111b2740a5f18f3b6a.json'
2026-04-17 07:10:25 [INFO] - START hash=075ff40a8ba9c01f7a358e7e24c88343 lote=VirusShare_00499 key=Key-VS-1 (GDQl...SlST) mode=file
2026-04-17 07:10:25 [INFO] - OK   hash=075ff40a8ba9c01f7a358e7e24c88343 estado=malware_o_detectado saved='clasificacion/VirusShare_00499/reportes/reporte/075ff40a8ba9c01f7a358e7e24c88343.json'
2026-04-17 07:10:40 [INFO] - START hash=5d022bb239c8f97c20e748fe35726fc1 lote=VirusShare_00499 key=Key-VS-1 (GDQl...SlST) mode=file
2026-04-17 07:10:41 [INFO] - OK   hash=5d022bb239c8f97c20e748fe35726fc1 estado=malware_o_detectado saved='clasificacion/VirusShare_00499/reportes/reporte/5d022bb239c8f97c20e748fe35726fc1.json'
2026-04-17 07:10:56 [INFO] - START hash=52f328eb0bdffefb62e9eed11685ea3d lote=VirusShare_00499 key=Key-VS-1 (GDQl...SlST) mode=file
2026-04-17 07:10:56 [INFO] - OK   hash=52f328eb0bdffefb62e9eed11685ea3d estado=malware_o_detectado saved='clasificacion/VirusShare_00499/reportes/reporte/52f328eb0bdffefb62e9eed11685ea3d.json'
2026-04-17 07:11:11 [INFO] - START hash=52cf84d6ddecf143b1be693f227d473a lote=VirusShare_00499 key=Key-VS-1 (GDQl...SlST) mode=file
2026-04-17 07:11:11 [INFO] - OK   hash=52cf84d6ddecf143b1be693f227d473a estado=malware_o_detectado saved='clasificacion/VirusShare_00499/reportes/reporte/52cf84d6ddecf143b1be693f227d473a.json'
2026-04-17 07:11:26 [INFO] - START hash=f2e340ed331ebea7fee23ddad2307eaf lote=VirusShare_00499 key=Key-VS-1 (GDQl...SlST) mode=file
2026-04-17 07:11:26 [INFO] - OK   hash=f2e340ed331ebea7fee23ddad2307eaf estado=malware_o_detectado saved='clasificacion/VirusShare_00499/reportes/reporte/f2e340ed331ebea7fee23ddad2307eaf.json'
2026-04-17 07:11:41 [INFO] - START hash=132fb09e0d758b91a6e33208e4ff3083 lote=VirusShare_00499 key=Key-VS-1 (GDQl...SlST) mode=file
2026-04-17 07:11:41 [INFO] - OK   hash=132fb09e0d758b91a6e33208e4ff3083 estado=malware_o_detectado saved='clasificacion/VirusShare_00499/reportes/reporte/132fb09e0d758b91a6e33208e4ff3083.json'
2026-04-17 07:11:56 [INFO] - START hash=d081328d67dd1e9efab44282d2cc6720 lote=VirusShare_00499 key=Key-VS-1 (GDQl...SlST) mode=file
2026-04-17 07:11:57 [INFO] - OK   hash=d081328d67dd1e9efab44282d2cc6720 estado=malware_o_detectado saved='clasificacion/VirusShare_00499/reportes/reporte/d081328d67dd1e9efab44282d2cc6720.json'
2026-04-17 07:12:12 [INFO] - START hash=9901338dae131fe85938f65342fb6d1f lote=VirusShare_00499 key=Key-VS-1 (GDQl...SlST) mode=file
2026-04-17 07:12:12 [INFO] - OK   hash=9901338dae131fe85938f65342fb6d1f estado=malware_o_detectado saved='clasificacion/VirusShare_00499/reportes/reporte/9901338dae131fe85938f65342fb6d1f.json'
2026-04-17 07:12:27 [INFO] - START hash=b271b0cdf4b32b1f877db6d278104dc9 lote=VirusShare_00499 key=Key-VS-1 (GDQl...SlST) mode=file
2026-04-17 07:12:27 [INFO] - OK   hash=b271b0cdf4b32b1f877db6d278104dc9 estado=malware_o_detectado saved='clasificacion/VirusShare_00499/reportes/reporte/b271b0cdf4b32b1f877db6d278104dc9.json'
2026-04-17 07:12:42 [INFO] - START hash=6a177b26b7a2b6e4b2553426f4cb812e lote=VirusShare_00499 key=Key-VS-1 (GDQl...SlST) mode=file
2026-04-17 07:12:43 [INFO] - OK   hash=6a177b26b7a2b6e4b2553426f4cb812e estado=malware_o_detectado saved='clasificacion/VirusShare_00499/reportes/reporte/6a177b26b7a2b6e4b2553426f4cb812e.json'
2026-04-17 07:12:58 [INFO] - START hash=7471436272f0210e25ad5f6dffe3c89d lote=VirusShare_00499 key=Key-VS-1 (GDQl...SlST) mode=file
2026-04-17 07:12:58 [INFO] - OK   hash=7471436272f0210e25ad5f6dffe3c89d estado=malware_o_detectado saved='clasificacion/VirusShare_00499/reportes/reporte/7471436272f0210e25ad5f6dffe3c89d.json'
2026-04-17 07:13:13 [INFO] - START hash=8014ec34e9b460e1dbc214b095dc60c4 lote=VirusShare_00499 key=Key-VS-1 (GDQl...SlST) mode=file
2026-04-17 07:13:13 [INFO] - OK   hash=8014ec34e9b460e1dbc214b095dc60c4 estado=malware_o_detectado saved='clasificacion/VirusShare_00499/reportes/reporte/8014ec34e9b460e1dbc214b095dc60c4.json'
2026-04-17 07:13:28 [INFO] - START hash=58b92b305ddff092bcbd3aa41143105e lote=VirusShare_00499 key=Key-VS-1 (GDQl...SlST) mode=file
2026-04-17 07:13:28 [INFO] - OK   hash=58b92b305ddff092bcbd3aa41143105e estado=malware_o_detectado saved='clasificacion/VirusShare_00499/reportes/reporte/58b92b305ddff092bcbd3aa41143105e.json'
2026-04-17 07:13:43 [INFO] - START hash=2d1f9f46501d6be2bfc2d868614d2cd0 lote=VirusShare_00499 key=Key-VS-1 (GDQl...SlST) mode=file
2026-04-17 07:13:44 [INFO] - OK   hash=2d1f9f46501d6be2bfc2d868614d2cd0 estado=malware_o_detectado saved='clasificacion/VirusShare_00499/reportes/reporte/2d1f9f46501d6be2bfc2d868614d2cd0.json'
2026-04-17 07:13:59 [INFO] - START hash=fedfb420ae3435d60275c380e5e3038c lote=VirusShare_00499 key=Key-VS-1 (GDQl...SlST) mode=file
2026-04-17 07:13:59 [INFO] - OK   hash=fedfb420ae3435d60275c380e5e3038c estado=malware_o_detectado saved='clasificacion/VirusShare_00499/reportes/reporte/fedfb420ae3435d60275c380e5e3038c.json'
2026-04-17 07:14:14 [INFO] - START hash=40844f30d1d4e9f5eb4a76e222aa44a1 lote=VirusShare_00499 key=Key-VS-1 (GDQl...SlST) mode=file
2026-04-17 07:14:14 [INFO] - OK   hash=40844f30d1d4e9f5eb4a76e222aa44a1 estado=malware_o_detectado saved='clasificacion/VirusShare_00499/reportes/reporte/40844f30d1d4e9f5eb4a76e222aa44a1.json'
2026-04-17 07:14:29 [INFO] - START hash=952907b6e8c5846e4d4092da34c1e8b8 lote=VirusShare_00499 key=Key-VS-1 (GDQl...SlST) mode=file
2026-04-17 07:14:29 [INFO] - OK   hash=952907b6e8c5846e4d4092da34c1e8b8 estado=malware_o_detectado saved='clasificacion/VirusShare_00499/reportes/reporte/952907b6e8c5846e4d4092da34c1e8b8.json'
2026-04-17 07:14:44 [INFO] - START hash=14b2f9fbf5e80dcf9c70c2fd5abe49b7 lote=VirusShare_00499 key=Key-VS-1 (GDQl...SlST) mode=file
2026-04-17 07:14:44 [INFO] - OK   hash=14b2f9fbf5e80dcf9c70c2fd5abe49b7 estado=malware_o_detectado saved='clasificacion/VirusShare_00499/reportes/reporte/14b2f9fbf5e80dcf9c70c2fd5abe49b7.json'
2026-04-17 07:14:59 [INFO] - START hash=4c2a97c739b8115f9d098b70b9d2d8c7 lote=VirusShare_00499 key=Key-VS-1 (GDQl...SlST) mode=file
2026-04-17 07:15:00 [INFO] - OK   hash=4c2a97c739b8115f9d098b70b9d2d8c7 estado=malware_o_detectado saved='clasificacion/VirusShare_00499/reportes/reporte/4c2a97c739b8115f9d098b70b9d2d8c7.json'
2026-04-17 07:15:15 [INFO] - START hash=dd6af466d3af7f4859316836d6680af5 lote=VirusShare_00499 key=Key-VS-1 (GDQl...SlST) mode=file
2026-04-17 07:15:15 [INFO] - OK   hash=dd6af466d3af7f4859316836d6680af5 estado=malware_o_detectado saved='clasificacion/VirusShare_00499/reportes/reporte/dd6af466d3af7f4859316836d6680af5.json'
2026-04-17 07:15:30 [INFO] - START hash=def009326c33af46acdc185b3980893a lote=VirusShare_00499 key=Key-VS-1 (GDQl...SlST) mode=file
2026-04-17 07:15:30 [INFO] - OK   hash=def009326c33af46acdc185b3980893a estado=malware_o_detectado saved='clasificacion/VirusShare_00499/reportes/reporte/def009326c33af46acdc185b3980893a.json'
2026-04-17 07:15:45 [INFO] - START hash=844885f7ee04d9492fca19607b435e33 lote=VirusShare_00499 key=Key-VS-1 (GDQl...SlST) mode=file
2026-04-17 07:15:45 [INFO] - OK   hash=844885f7ee04d9492fca19607b435e33 estado=malware_o_detectado saved='clasificacion/VirusShare_00499/reportes/reporte/844885f7ee04d9492fca19607b435e33.json'
2026-04-17 07:16:00 [INFO] - START hash=fb8cfd3d41b8a7abb7051584dfcb2cd5 lote=VirusShare_00499 key=Key-VS-1 (GDQl...SlST) mode=file
2026-04-17 07:16:01 [INFO] - OK   hash=fb8cfd3d41b8a7abb7051584dfcb2cd5 estado=malware_o_detectado saved='clasificacion/VirusShare_00499/reportes/reporte/fb8cfd3d41b8a7abb7051584dfcb2cd5.json'
2026-04-17 07:16:16 [INFO] - START hash=2f583f9e550ab22cfad41a70171a2737 lote=VirusShare_00499 key=Key-VS-1 (GDQl...SlST) mode=file
2026-04-17 07:16:16 [INFO] - OK   hash=2f583f9e550ab22cfad41a70171a2737 estado=malware_o_detectado saved='clasificacion/VirusShare_00499/reportes/reporte/2f583f9e550ab22cfad41a70171a2737.json'
2026-04-17 07:16:31 [INFO] - START hash=86d615bfaae007ce6a340f30e2d170f2 lote=VirusShare_00499 key=Key-VS-1 (GDQl...SlST) mode=file
2026-04-17 07:16:32 [INFO] - OK   hash=86d615bfaae007ce6a340f30e2d170f2 estado=malware_o_detectado saved='clasificacion/VirusShare_00499/reportes/reporte/86d615bfaae007ce6a340f30e2d170f2.json'
2026-04-17 07:16:47 [INFO] - START hash=997ae532e95e197ec458ddd0f82b9a51 lote=VirusShare_00499 key=Key-VS-1 (GDQl...SlST) mode=file
2026-04-17 07:16:47 [INFO] - OK   hash=997ae532e95e197ec458ddd0f82b9a51 estado=malware_o_detectado saved='clasificacion/VirusShare_00499/reportes/reporte/997ae532e95e197ec458ddd0f82b9a51.json'
2026-04-17 07:17:02 [INFO] - START hash=6c3fa0e021c422eaf46d8ef3bfaa5c15 lote=VirusShare_00499 key=Key-VS-1 (GDQl...SlST) mode=file
2026-04-17 07:17:03 [INFO] - OK   hash=6c3fa0e021c422eaf46d8ef3bfaa5c15 estado=malware_o_detectado saved='clasificacion/VirusShare_00499/reportes/reporte/6c3fa0e021c422eaf46d8ef3bfaa5c15.json'
2026-04-17 07:17:18 [INFO] - START hash=95313b2cd0f1c66bb7687d46de50fead lote=VirusShare_00499 key=Key-VS-1 (GDQl...SlST) mode=file
2026-04-17 07:17:18 [INFO] - OK   hash=95313b2cd0f1c66bb7687d46de50fead estado=malware_o_detectado saved='clasificacion/VirusShare_00499/reportes/reporte/95313b2cd0f1c66bb7687d46de50fead.json'
2026-04-17 07:17:33 [INFO] - START hash=b35f16e6372bbe8a28fd0faea4888a25 lote=VirusShare_00499 key=Key-VS-1 (GDQl...SlST) mode=file
2026-04-17 07:17:33 [INFO] - OK   hash=b35f16e6372bbe8a28fd0faea4888a25 estado=malware_o_detectado saved='clasificacion/VirusShare_00499/reportes/reporte/b35f16e6372bbe8a28fd0faea4888a25.json'
2026-04-17 07:17:48 [INFO] - START hash=da8b6279fb9a16f92eb410984ad1b1a1 lote=VirusShare_00499 key=Key-VS-1 (GDQl...SlST) mode=file
2026-04-17 07:17:48 [INFO] - OK   hash=da8b6279fb9a16f92eb410984ad1b1a1 estado=malware_o_detectado saved='clasificacion/VirusShare_00499/reportes/reporte/da8b6279fb9a16f92eb410984ad1b1a1.json'
2026-04-17 07:18:03 [INFO] - START hash=fd21a890d8991a3b99027ad77cebc6cb lote=VirusShare_00499 key=Key-VS-1 (GDQl...SlST) mode=file
2026-04-17 07:18:04 [INFO] - OK   hash=fd21a890d8991a3b99027ad77cebc6cb estado=malware_o_detectado saved='clasificacion/VirusShare_00499/reportes/reporte/fd21a890d8991a3b99027ad77cebc6cb.json'
2026-04-17 07:18:19 [INFO] - START hash=c849ea930896ae2e2c3dc09bab67a2c6 lote=VirusShare_00499 key=Key-VS-1 (GDQl...SlST) mode=file
2026-04-17 07:18:19 [INFO] - OK   hash=c849ea930896ae2e2c3dc09bab67a2c6 estado=malware_o_detectado saved='clasificacion/VirusShare_00499/reportes/reporte/c849ea930896ae2e2c3dc09bab67a2c6.json'
2026-04-17 07:18:34 [INFO] - START hash=12e9a8afd6ed47ae2b16015d4d8bae24 lote=VirusShare_00499 key=Key-VS-1 (GDQl...SlST) mode=file
2026-04-17 07:18:34 [INFO] - OK   hash=12e9a8afd6ed47ae2b16015d4d8bae24 estado=malware_o_detectado saved='clasificacion/VirusShare_00499/reportes/reporte/12e9a8afd6ed47ae2b16015d4d8bae24.json'
2026-04-17 07:18:49 [INFO] - START hash=51aac509108a89661c814c234b69c5a4 lote=VirusShare_00499 key=Key-VS-1 (GDQl...SlST) mode=file
2026-04-17 07:18:49 [INFO] - OK   hash=51aac509108a89661c814c234b69c5a4 estado=malware_o_detectado saved='clasificacion/VirusShare_00499/reportes/reporte/51aac509108a89661c814c234b69c5a4.json'
2026-04-17 07:19:04 [INFO] - START hash=595e919ea1a43890b5d36e0420e400c2 lote=VirusShare_00499 key=Key-VS-1 (GDQl...SlST) mode=file
2026-04-17 07:19:05 [INFO] - OK   hash=595e919ea1a43890b5d36e0420e400c2 estado=malware_o_detectado saved='clasificacion/VirusShare_00499/reportes/reporte/595e919ea1a43890b5d36e0420e400c2.json'
2026-04-17 07:19:20 [INFO] - START hash=59d70f1dea8887ad4182147c179aca0d lote=VirusShare_00499 key=Key-VS-1 (GDQl...SlST) mode=file
2026-04-17 07:19:20 [INFO] - OK   hash=59d70f1dea8887ad4182147c179aca0d estado=malware_o_detectado saved='clasificacion/VirusShare_00499/reportes/reporte/59d70f1dea8887ad4182147c179aca0d.json'
2026-04-17 07:19:35 [INFO] - START hash=7ccc10b6a1b45bcad0aaad3bfad1f7a4 lote=VirusShare_00499 key=Key-VS-1 (GDQl...SlST) mode=file
2026-04-17 07:19:35 [INFO] - OK   hash=7ccc10b6a1b45bcad0aaad3bfad1f7a4 estado=malware_o_detectado saved='clasificacion/VirusShare_00499/reportes/reporte/7ccc10b6a1b45bcad0aaad3bfad1f7a4.json'
2026-04-17 07:19:50 [INFO] - START hash=06783e95d9daf0548ce9763bfe3f0c4e lote=VirusShare_00499 key=Key-VS-1 (GDQl...SlST) mode=file
2026-04-17 07:19:50 [INFO] - OK   hash=06783e95d9daf0548ce9763bfe3f0c4e estado=malware_o_detectado saved='clasificacion/VirusShare_00499/reportes/reporte/06783e95d9daf0548ce9763bfe3f0c4e.json'
2026-04-17 07:20:05 [INFO] - START hash=f2d2900ffedf4467fe49ee082ed4a905 lote=VirusShare_00499 key=Key-VS-1 (GDQl...SlST) mode=file
2026-04-17 07:20:05 [INFO] - OK   hash=f2d2900ffedf4467fe49ee082ed4a905 estado=malware_o_detectado saved='clasificacion/VirusShare_00499/reportes/reporte/f2d2900ffedf4467fe49ee082ed4a905.json'
2026-04-17 07:20:20 [INFO] - START hash=0f9a34734c78f9fe3205750141b26fa7 lote=VirusShare_00499 key=Key-VS-1 (GDQl...SlST) mode=file
2026-04-17 07:20:21 [INFO] - OK   hash=0f9a34734c78f9fe3205750141b26fa7 estado=malware_o_detectado saved='clasificacion/VirusShare_00499/reportes/reporte/0f9a34734c78f9fe3205750141b26fa7.json'
2026-04-17 07:20:36 [INFO] - START hash=6f45f2fdca3ceab02beb6e3aefb78938 lote=VirusShare_00499 key=Key-VS-1 (GDQl...SlST) mode=file
2026-04-17 07:20:36 [INFO] - OK   hash=6f45f2fdca3ceab02beb6e3aefb78938 estado=malware_o_detectado saved='clasificacion/VirusShare_00499/reportes/reporte/6f45f2fdca3ceab02beb6e3aefb78938.json'
2026-04-17 07:20:51 [INFO] - START hash=1ead0142f9928e33af885aaa72b9c67f lote=VirusShare_00499 key=Key-VS-1 (GDQl...SlST) mode=file
2026-04-17 07:20:51 [INFO] - OK   hash=1ead0142f9928e33af885aaa72b9c67f estado=malware_o_detectado saved='clasificacion/VirusShare_00499/reportes/reporte/1ead0142f9928e33af885aaa72b9c67f.json'
2026-04-17 07:21:06 [INFO] - START hash=ef40ed77d6a8ad665b858b1a107ce409 lote=VirusShare_00499 key=Key-VS-1 (GDQl...SlST) mode=file
2026-04-17 07:21:06 [INFO] - OK   hash=ef40ed77d6a8ad665b858b1a107ce409 estado=malware_o_detectado saved='clasificacion/VirusShare_00499/reportes/reporte/ef40ed77d6a8ad665b858b1a107ce409.json'
2026-04-17 07:21:21 [INFO] - START hash=1825a9aa2dadc693d6c0d7a90cef92ed lote=VirusShare_00499 key=Key-VS-1 (GDQl...SlST) mode=file
2026-04-17 07:21:22 [INFO] - OK   hash=1825a9aa2dadc693d6c0d7a90cef92ed estado=malware_o_detectado saved='clasificacion/VirusShare_00499/reportes/reporte/1825a9aa2dadc693d6c0d7a90cef92ed.json'
2026-04-17 07:21:37 [INFO] - START hash=803fa996cd6bc5a3a9013638ad2424dc lote=VirusShare_00499 key=Key-VS-1 (GDQl...SlST) mode=file
2026-04-17 07:21:37 [INFO] - OK   hash=803fa996cd6bc5a3a9013638ad2424dc estado=malware_o_detectado saved='clasificacion/VirusShare_00499/reportes/reporte/803fa996cd6bc5a3a9013638ad2424dc.json'
2026-04-17 07:21:52 [INFO] - START hash=317e90395323cdb9774beb7bc9eb097f lote=VirusShare_00499 key=Key-VS-1 (GDQl...SlST) mode=file
2026-04-17 07:21:52 [INFO] - OK   hash=317e90395323cdb9774beb7bc9eb097f estado=malware_o_detectado saved='clasificacion/VirusShare_00499/reportes/reporte/317e90395323cdb9774beb7bc9eb097f.json'
2026-04-17 07:22:07 [INFO] - START hash=267203fe495dab15098bc64a50c63d4d lote=VirusShare_00499 key=Key-VS-1 (GDQl...SlST) mode=file
2026-04-17 07:22:07 [INFO] - OK   hash=267203fe495dab15098bc64a50c63d4d estado=malware_o_detectado saved='clasificacion/VirusShare_00499/reportes/reporte/267203fe495dab15098bc64a50c63d4d.json'
2026-04-17 07:22:22 [INFO] - START hash=8e7686e67ef92871d9e0de40a7ee156e lote=VirusShare_00499 key=Key-VS-1 (GDQl...SlST) mode=file
2026-04-17 07:22:23 [INFO] - OK   hash=8e7686e67ef92871d9e0de40a7ee156e estado=malware_o_detectado saved='clasificacion/VirusShare_00499/reportes/reporte/8e7686e67ef92871d9e0de40a7ee156e.json'
2026-04-17 07:22:38 [INFO] - START hash=3f1e5f09a78d7001787fbf7e7fd12ade lote=VirusShare_00499 key=Key-VS-1 (GDQl...SlST) mode=file
2026-04-17 07:22:38 [INFO] - OK   hash=3f1e5f09a78d7001787fbf7e7fd12ade estado=malware_o_detectado saved='clasificacion/VirusShare_00499/reportes/reporte/3f1e5f09a78d7001787fbf7e7fd12ade.json'
2026-04-17 07:22:53 [INFO] - START hash=cb9744f3f28cd636c38b39cf1b328df9 lote=VirusShare_00499 key=Key-VS-1 (GDQl...SlST) mode=file
2026-04-17 07:22:53 [INFO] - OK   hash=cb9744f3f28cd636c38b39cf1b328df9 estado=malware_o_detectado saved='clasificacion/VirusShare_00499/reportes/reporte/cb9744f3f28cd636c38b39cf1b328df9.json'
2026-04-17 07:23:08 [INFO] - START hash=b5ee47c093e54b60024e90ecef4c510f lote=VirusShare_00499 key=Key-VS-1 (GDQl...SlST) mode=file
2026-04-17 07:23:08 [INFO] - OK   hash=b5ee47c093e54b60024e90ecef4c510f estado=malware_o_detectado saved='clasificacion/VirusShare_00499/reportes/reporte/b5ee47c093e54b60024e90ecef4c510f.json'
2026-04-17 07:23:23 [INFO] - START hash=eedca917053481a7c0ca981e541afbdc lote=VirusShare_00499 key=Key-VS-1 (GDQl...SlST) mode=file
2026-04-17 07:23:24 [INFO] - OK   hash=eedca917053481a7c0ca981e541afbdc estado=malware_o_detectado saved='clasificacion/VirusShare_00499/reportes/reporte/eedca917053481a7c0ca981e541afbdc.json'
2026-04-17 07:23:39 [INFO] - START hash=b0ca69483082ab39e61021d4cf4235d0 lote=VirusShare_00499 key=Key-VS-1 (GDQl...SlST) mode=file
2026-04-17 07:23:39 [INFO] - OK   hash=b0ca69483082ab39e61021d4cf4235d0 estado=malware_o_detectado saved='clasificacion/VirusShare_00499/reportes/reporte/b0ca69483082ab39e61021d4cf4235d0.json'
2026-04-17 07:23:54 [INFO] - START hash=1ab49c606c137de89911a49f6238dd97 lote=VirusShare_00499 key=Key-VS-1 (GDQl...SlST) mode=file
2026-04-17 07:23:54 [INFO] - OK   hash=1ab49c606c137de89911a49f6238dd97 estado=malware_o_detectado saved='clasificacion/VirusShare_00499/reportes/reporte/1ab49c606c137de89911a49f6238dd97.json'
2026-04-17 07:24:09 [INFO] - START hash=f0cb3c80e113d5f27fc7a9d5c501ac7d lote=VirusShare_00499 key=Key-VS-1 (GDQl...SlST) mode=file
2026-04-17 07:24:09 [INFO] - OK   hash=f0cb3c80e113d5f27fc7a9d5c501ac7d estado=malware_o_detectado saved='clasificacion/VirusShare_00499/reportes/reporte/f0cb3c80e113d5f27fc7a9d5c501ac7d.json'
2026-04-17 07:24:24 [INFO] - START hash=934f56cedb8cff5df5d361967de86a9a lote=VirusShare_00499 key=Key-VS-1 (GDQl...SlST) mode=file
2026-04-17 07:24:25 [INFO] - OK   hash=934f56cedb8cff5df5d361967de86a9a estado=malware_o_detectado saved='clasificacion/VirusShare_00499/reportes/reporte/934f56cedb8cff5df5d361967de86a9a.json'
2026-04-17 07:24:40 [INFO] - START hash=d8cb69a0382df1b6220e8016666d02c8 lote=VirusShare_00499 key=Key-VS-1 (GDQl...SlST) mode=file
2026-04-17 07:24:40 [INFO] - OK   hash=d8cb69a0382df1b6220e8016666d02c8 estado=malware_o_detectado saved='clasificacion/VirusShare_00499/reportes/reporte/d8cb69a0382df1b6220e8016666d02c8.json'
2026-04-17 07:24:55 [INFO] - START hash=809cd2dd275ae716455eca3992fd6adf lote=VirusShare_00499 key=Key-VS-1 (GDQl...SlST) mode=file
2026-04-17 07:24:55 [INFO] - OK   hash=809cd2dd275ae716455eca3992fd6adf estado=malware_o_detectado saved='clasificacion/VirusShare_00499/reportes/reporte/809cd2dd275ae716455eca3992fd6adf.json'
2026-04-17 07:25:10 [INFO] - START hash=a07dfa72e39002bc8cdbbfe4e29d2d9f lote=VirusShare_00499 key=Key-VS-1 (GDQl...SlST) mode=file
2026-04-17 07:25:10 [INFO] - OK   hash=a07dfa72e39002bc8cdbbfe4e29d2d9f estado=malware_o_detectado saved='clasificacion/VirusShare_00499/reportes/reporte/a07dfa72e39002bc8cdbbfe4e29d2d9f.json'
2026-04-17 07:25:26 [INFO] - START hash=e5c5c0e4ae0f659a0cff79635105487f lote=VirusShare_00499 key=Key-VS-1 (GDQl...SlST) mode=file
2026-04-17 07:25:26 [INFO] - OK   hash=e5c5c0e4ae0f659a0cff79635105487f estado=malware_o_detectado saved='clasificacion/VirusShare_00499/reportes/reporte/e5c5c0e4ae0f659a0cff79635105487f.json'
2026-04-17 07:25:41 [INFO] - START hash=c84c54d2b97b1b3b3b97f52ef3ba2d34 lote=VirusShare_00499 key=Key-VS-1 (GDQl...SlST) mode=file
2026-04-17 07:25:41 [INFO] - OK   hash=c84c54d2b97b1b3b3b97f52ef3ba2d34 estado=malware_o_detectado saved='clasificacion/VirusShare_00499/reportes/reporte/c84c54d2b97b1b3b3b97f52ef3ba2d34.json'
2026-04-17 07:25:56 [INFO] - START hash=80280e35ad5ff1a2887e51ebf3d4aecf lote=VirusShare_00499 key=Key-VS-1 (GDQl...SlST) mode=file
2026-04-17 07:25:56 [INFO] - OK   hash=80280e35ad5ff1a2887e51ebf3d4aecf estado=malware_o_detectado saved='clasificacion/VirusShare_00499/reportes/reporte/80280e35ad5ff1a2887e51ebf3d4aecf.json'
2026-04-17 07:26:11 [INFO] - START hash=f59b68198ccb46fb1be3b2ab9901eaf9 lote=VirusShare_00499 key=Key-VS-1 (GDQl...SlST) mode=file
2026-04-17 07:26:12 [INFO] - OK   hash=f59b68198ccb46fb1be3b2ab9901eaf9 estado=malware_o_detectado saved='clasificacion/VirusShare_00499/reportes/reporte/f59b68198ccb46fb1be3b2ab9901eaf9.json'
2026-04-17 07:26:27 [INFO] - START hash=0875eb0e3da110acca85891a85f710be lote=VirusShare_00499 key=Key-VS-1 (GDQl...SlST) mode=file
2026-04-17 07:26:27 [INFO] - OK   hash=0875eb0e3da110acca85891a85f710be estado=malware_o_detectado saved='clasificacion/VirusShare_00499/reportes/reporte/0875eb0e3da110acca85891a85f710be.json'
2026-04-17 07:26:42 [INFO] - START hash=21c461b85d95a4e0ab48c22aa596e40a lote=VirusShare_00499 key=Key-VS-1 (GDQl...SlST) mode=file
2026-04-17 07:26:42 [INFO] - OK   hash=21c461b85d95a4e0ab48c22aa596e40a estado=malware_o_detectado saved='clasificacion/VirusShare_00499/reportes/reporte/21c461b85d95a4e0ab48c22aa596e40a.json'
2026-04-17 07:26:57 [INFO] - START hash=37946bb3fb00807c058d37c155589e98 lote=VirusShare_00499 key=Key-VS-1 (GDQl...SlST) mode=file
2026-04-17 07:26:57 [INFO] - OK   hash=37946bb3fb00807c058d37c155589e98 estado=malware_o_detectado saved='clasificacion/VirusShare_00499/reportes/reporte/37946bb3fb00807c058d37c155589e98.json'
2026-04-17 07:27:12 [INFO] - START hash=30dba1a366c404065023ab904e1f780b lote=VirusShare_00499 key=Key-VS-1 (GDQl...SlST) mode=file
2026-04-17 07:27:12 [INFO] - OK   hash=30dba1a366c404065023ab904e1f780b estado=malware_o_detectado saved='clasificacion/VirusShare_00499/reportes/reporte/30dba1a366c404065023ab904e1f780b.json'
2026-04-17 07:27:27 [INFO] - START hash=bf175d3802a9e0de61fdccb093489aa4 lote=VirusShare_00499 key=Key-VS-1 (GDQl...SlST) mode=file
2026-04-17 07:27:28 [INFO] - OK   hash=bf175d3802a9e0de61fdccb093489aa4 estado=malware_o_detectado saved='clasificacion/VirusShare_00499/reportes/reporte/bf175d3802a9e0de61fdccb093489aa4.json'
2026-04-17 07:27:43 [INFO] - START hash=d0dd46a6f29a9f5f1e019cb22c860110 lote=VirusShare_00499 key=Key-VS-1 (GDQl...SlST) mode=file
2026-04-17 07:27:43 [INFO] - OK   hash=d0dd46a6f29a9f5f1e019cb22c860110 estado=malware_o_detectado saved='clasificacion/VirusShare_00499/reportes/reporte/d0dd46a6f29a9f5f1e019cb22c860110.json'
2026-04-17 07:27:58 [INFO] - START hash=e12562844dcd975d97aa910fa9ea60b5 lote=VirusShare_00499 key=Key-VS-1 (GDQl...SlST) mode=file
2026-04-17 07:27:58 [INFO] - OK   hash=e12562844dcd975d97aa910fa9ea60b5 estado=malware_o_detectado saved='clasificacion/VirusShare_00499/reportes/reporte/e12562844dcd975d97aa910fa9ea60b5.json'
2026-04-17 07:28:13 [INFO] - START hash=9cc6424bf2d835b1322da45b1a506041 lote=VirusShare_00499 key=Key-VS-1 (GDQl...SlST) mode=file
2026-04-17 07:28:13 [INFO] - OK   hash=9cc6424bf2d835b1322da45b1a506041 estado=malware_o_detectado saved='clasificacion/VirusShare_00499/reportes/reporte/9cc6424bf2d835b1322da45b1a506041.json'
2026-04-17 07:28:28 [INFO] - START hash=fbc7abe64273e6f52b5bc517e3e0e1cf lote=VirusShare_00499 key=Key-VS-1 (GDQl...SlST) mode=file
2026-04-17 07:28:29 [INFO] - OK   hash=fbc7abe64273e6f52b5bc517e3e0e1cf estado=malware_o_detectado saved='clasificacion/VirusShare_00499/reportes/reporte/fbc7abe64273e6f52b5bc517e3e0e1cf.json'
2026-04-17 07:28:44 [INFO] - START hash=75a64a0297002c777369a11f31453867 lote=VirusShare_00499 key=Key-VS-1 (GDQl...SlST) mode=file
2026-04-17 07:28:44 [INFO] - OK   hash=75a64a0297002c777369a11f31453867 estado=malware_o_detectado saved='clasificacion/VirusShare_00499/reportes/reporte/75a64a0297002c777369a11f31453867.json'
2026-04-17 07:28:59 [INFO] - START hash=889012dfc5287773002bcfa491e62913 lote=VirusShare_00499 key=Key-VS-1 (GDQl...SlST) mode=file
2026-04-17 07:28:59 [INFO] - OK   hash=889012dfc5287773002bcfa491e62913 estado=malware_o_detectado saved='clasificacion/VirusShare_00499/reportes/reporte/889012dfc5287773002bcfa491e62913.json'
2026-04-17 07:29:14 [INFO] - START hash=5e1bc4b58115932001adf764b7e8812f lote=VirusShare_00499 key=Key-VS-1 (GDQl...SlST) mode=file
2026-04-17 07:29:14 [INFO] - OK   hash=5e1bc4b58115932001adf764b7e8812f estado=malware_o_detectado saved='clasificacion/VirusShare_00499/reportes/reporte/5e1bc4b58115932001adf764b7e8812f.json'
2026-04-17 07:29:29 [INFO] - START hash=98e1a51e2636ba882e067961155bc20a lote=VirusShare_00499 key=Key-VS-1 (GDQl...SlST) mode=file
2026-04-17 07:29:30 [INFO] - OK   hash=98e1a51e2636ba882e067961155bc20a estado=malware_o_detectado saved='clasificacion/VirusShare_00499/reportes/reporte/98e1a51e2636ba882e067961155bc20a.json'
2026-04-17 07:29:45 [INFO] - START hash=b02784c44bd750d647b6091509e83bcc lote=VirusShare_00499 key=Key-VS-1 (GDQl...SlST) mode=file
2026-04-17 07:29:45 [INFO] - OK   hash=b02784c44bd750d647b6091509e83bcc estado=malware_o_detectado saved='clasificacion/VirusShare_00499/reportes/reporte/b02784c44bd750d647b6091509e83bcc.json'
2026-04-17 07:30:00 [INFO] - START hash=731b28c6182b11954269b552f498bf67 lote=VirusShare_00499 key=Key-VS-1 (GDQl...SlST) mode=file
2026-04-17 07:30:00 [INFO] - OK   hash=731b28c6182b11954269b552f498bf67 estado=malware_o_detectado saved='clasificacion/VirusShare_00499/reportes/reporte/731b28c6182b11954269b552f498bf67.json'
2026-04-17 07:30:15 [INFO] - START hash=34ed9368da8c25d21d6f487f56970395 lote=VirusShare_00499 key=Key-VS-1 (GDQl...SlST) mode=file
2026-04-17 07:30:15 [INFO] - OK   hash=34ed9368da8c25d21d6f487f56970395 estado=malware_o_detectado saved='clasificacion/VirusShare_00499/reportes/reporte/34ed9368da8c25d21d6f487f56970395.json'
2026-04-17 07:30:30 [INFO] - START hash=2de31a96d65f792ebc7166f03c8b6133 lote=VirusShare_00499 key=Key-VS-1 (GDQl...SlST) mode=file
2026-04-17 07:30:31 [INFO] - OK   hash=2de31a96d65f792ebc7166f03c8b6133 estado=malware_o_detectado saved='clasificacion/VirusShare_00499/reportes/reporte/2de31a96d65f792ebc7166f03c8b6133.json'
2026-04-17 07:30:46 [INFO] - START hash=218d78586a91b18f895c3c1af9329f20 lote=VirusShare_00499 key=Key-VS-1 (GDQl...SlST) mode=file
2026-04-17 07:30:46 [INFO] - OK   hash=218d78586a91b18f895c3c1af9329f20 estado=malware_o_detectado saved='clasificacion/VirusShare_00499/reportes/reporte/218d78586a91b18f895c3c1af9329f20.json'
2026-04-17 07:31:01 [INFO] - START hash=b0af9389b828362e0622069573637dc2 lote=VirusShare_00499 key=Key-VS-1 (GDQl...SlST) mode=file
2026-04-17 07:31:01 [INFO] - OK   hash=b0af9389b828362e0622069573637dc2 estado=malware_o_detectado saved='clasificacion/VirusShare_00499/reportes/reporte/b0af9389b828362e0622069573637dc2.json'
2026-04-17 07:31:16 [INFO] - START hash=df1814b64b200472b7dec0490251714d lote=VirusShare_00499 key=Key-VS-1 (GDQl...SlST) mode=file
2026-04-17 07:31:16 [INFO] - OK   hash=df1814b64b200472b7dec0490251714d estado=malware_o_detectado saved='clasificacion/VirusShare_00499/reportes/reporte/df1814b64b200472b7dec0490251714d.json'
2026-04-17 07:31:31 [INFO] - START hash=8128bb5b2011c26117e6d8a26bc77475 lote=VirusShare_00499 key=Key-VS-1 (GDQl...SlST) mode=file
2026-04-17 07:31:31 [INFO] - OK   hash=8128bb5b2011c26117e6d8a26bc77475 estado=malware_o_detectado saved='clasificacion/VirusShare_00499/reportes/reporte/8128bb5b2011c26117e6d8a26bc77475.json'
2026-04-17 07:31:46 [INFO] - START hash=c37ebd7f2b469d4a312efd9992f7c612 lote=VirusShare_00499 key=Key-VS-1 (GDQl...SlST) mode=file
2026-04-17 07:31:47 [INFO] - OK   hash=c37ebd7f2b469d4a312efd9992f7c612 estado=malware_o_detectado saved='clasificacion/VirusShare_00499/reportes/reporte/c37ebd7f2b469d4a312efd9992f7c612.json'
2026-04-17 07:32:02 [INFO] - START hash=d5dc0bd27e9067f020c2da406c28bbc8 lote=VirusShare_00499 key=Key-VS-1 (GDQl...SlST) mode=file
2026-04-17 07:32:02 [INFO] - OK   hash=d5dc0bd27e9067f020c2da406c28bbc8 estado=malware_o_detectado saved='clasificacion/VirusShare_00499/reportes/reporte/d5dc0bd27e9067f020c2da406c28bbc8.json'
2026-04-17 07:32:17 [INFO] - START hash=9fade509ab71b810ac1ec2f559c48b3e lote=VirusShare_00499 key=Key-VS-1 (GDQl...SlST) mode=file
2026-04-17 07:32:17 [INFO] - OK   hash=9fade509ab71b810ac1ec2f559c48b3e estado=malware_o_detectado saved='clasificacion/VirusShare_00499/reportes/reporte/9fade509ab71b810ac1ec2f559c48b3e.json'
2026-04-17 07:32:32 [INFO] - START hash=8063280a6c4f88372b902c9d6aab1337 lote=VirusShare_00499 key=Key-VS-1 (GDQl...SlST) mode=file
2026-04-17 07:32:32 [INFO] - OK   hash=8063280a6c4f88372b902c9d6aab1337 estado=malware_o_detectado saved='clasificacion/VirusShare_00499/reportes/reporte/8063280a6c4f88372b902c9d6aab1337.json'
2026-04-17 07:32:47 [INFO] - START hash=4417c91b5785bf40b0ceef0d8a90c76c lote=VirusShare_00499 key=Key-VS-1 (GDQl...SlST) mode=file
2026-04-17 07:32:48 [INFO] - OK   hash=4417c91b5785bf40b0ceef0d8a90c76c estado=malware_o_detectado saved='clasificacion/VirusShare_00499/reportes/reporte/4417c91b5785bf40b0ceef0d8a90c76c.json'
2026-04-17 07:33:03 [INFO] - START hash=8ed08ef343ae4d13e40ed4f9c2403bef lote=VirusShare_00499 key=Key-VS-1 (GDQl...SlST) mode=file
2026-04-17 07:33:03 [INFO] - OK   hash=8ed08ef343ae4d13e40ed4f9c2403bef estado=malware_o_detectado saved='clasificacion/VirusShare_00499/reportes/reporte/8ed08ef343ae4d13e40ed4f9c2403bef.json'
2026-04-17 07:33:18 [INFO] - START hash=5f299d0fcbf3ae70fd2c1a619981630d lote=VirusShare_00499 key=Key-VS-1 (GDQl...SlST) mode=file
2026-04-17 07:33:18 [INFO] - OK   hash=5f299d0fcbf3ae70fd2c1a619981630d estado=malware_o_detectado saved='clasificacion/VirusShare_00499/reportes/reporte/5f299d0fcbf3ae70fd2c1a619981630d.json'
2026-04-17 07:33:33 [INFO] - START hash=5cd20763db01386b5bfe934d8666909d lote=VirusShare_00499 key=Key-VS-1 (GDQl...SlST) mode=file
2026-04-17 07:33:33 [INFO] - OK   hash=5cd20763db01386b5bfe934d8666909d estado=malware_o_detectado saved='clasificacion/VirusShare_00499/reportes/reporte/5cd20763db01386b5bfe934d8666909d.json'
2026-04-17 07:33:48 [INFO] - START hash=9dce256847d52c482fa4b8bf8a729407 lote=VirusShare_00499 key=Key-VS-1 (GDQl...SlST) mode=file
2026-04-17 07:33:49 [INFO] - OK   hash=9dce256847d52c482fa4b8bf8a729407 estado=malware_o_detectado saved='clasificacion/VirusShare_00499/reportes/reporte/9dce256847d52c482fa4b8bf8a729407.json'
2026-04-17 07:34:04 [INFO] - START hash=bde9738497dde3c8ed02e46b829e2f84 lote=VirusShare_00499 key=Key-VS-1 (GDQl...SlST) mode=file
2026-04-17 07:34:04 [INFO] - OK   hash=bde9738497dde3c8ed02e46b829e2f84 estado=malware_o_detectado saved='clasificacion/VirusShare_00499/reportes/reporte/bde9738497dde3c8ed02e46b829e2f84.json'
2026-04-17 07:34:19 [INFO] - START hash=c0c3b87ac2f63009f9b7dc5eb748c9d2 lote=VirusShare_00499 key=Key-VS-1 (GDQl...SlST) mode=file
2026-04-17 07:34:19 [INFO] - OK   hash=c0c3b87ac2f63009f9b7dc5eb748c9d2 estado=malware_o_detectado saved='clasificacion/VirusShare_00499/reportes/reporte/c0c3b87ac2f63009f9b7dc5eb748c9d2.json'
2026-04-17 07:34:34 [INFO] - START hash=2584375144443180c425152222e17b75 lote=VirusShare_00499 key=Key-VS-1 (GDQl...SlST) mode=file
2026-04-17 07:34:34 [INFO] - OK   hash=2584375144443180c425152222e17b75 estado=malware_o_detectado saved='clasificacion/VirusShare_00499/reportes/reporte/2584375144443180c425152222e17b75.json'
2026-04-17 07:34:49 [INFO] - START hash=f27f742df94c768c0c0ae0fc3422489a lote=VirusShare_00499 key=Key-VS-1 (GDQl...SlST) mode=file
2026-04-17 07:34:50 [INFO] - OK   hash=f27f742df94c768c0c0ae0fc3422489a estado=malware_o_detectado saved='clasificacion/VirusShare_00499/reportes/reporte/f27f742df94c768c0c0ae0fc3422489a.json'
2026-04-17 07:35:05 [INFO] - START hash=f42245d0ea68fd94c01c42702fe9a712 lote=VirusShare_00499 key=Key-VS-1 (GDQl...SlST) mode=file
2026-04-17 07:35:05 [INFO] - OK   hash=f42245d0ea68fd94c01c42702fe9a712 estado=malware_o_detectado saved='clasificacion/VirusShare_00499/reportes/reporte/f42245d0ea68fd94c01c42702fe9a712.json'
2026-04-17 07:35:20 [INFO] - START hash=3ab3e79597b21d55c1b52aac79598d85 lote=VirusShare_00499 key=Key-VS-1 (GDQl...SlST) mode=file
2026-04-17 07:35:20 [INFO] - OK   hash=3ab3e79597b21d55c1b52aac79598d85 estado=malware_o_detectado saved='clasificacion/VirusShare_00499/reportes/reporte/3ab3e79597b21d55c1b52aac79598d85.json'
2026-04-17 07:35:35 [INFO] - START hash=f11963f9cc48b4b9f271bbafbcc5a432 lote=VirusShare_00499 key=Key-VS-1 (GDQl...SlST) mode=file
2026-04-17 07:35:35 [INFO] - OK   hash=f11963f9cc48b4b9f271bbafbcc5a432 estado=malware_o_detectado saved='clasificacion/VirusShare_00499/reportes/reporte/f11963f9cc48b4b9f271bbafbcc5a432.json'
2026-04-17 07:35:50 [INFO] - START hash=c48c3da8a100cdded5ff51a927da749d lote=VirusShare_00499 key=Key-VS-1 (GDQl...SlST) mode=file
2026-04-17 07:35:51 [INFO] - OK   hash=c48c3da8a100cdded5ff51a927da749d estado=malware_o_detectado saved='clasificacion/VirusShare_00499/reportes/reporte/c48c3da8a100cdded5ff51a927da749d.json'
2026-04-17 07:36:06 [INFO] - START hash=8f8b6d5b58eab0606d33b521284f212d lote=VirusShare_00499 key=Key-VS-1 (GDQl...SlST) mode=file
2026-04-17 07:36:06 [INFO] - OK   hash=8f8b6d5b58eab0606d33b521284f212d estado=malware_o_detectado saved='clasificacion/VirusShare_00499/reportes/reporte/8f8b6d5b58eab0606d33b521284f212d.json'
2026-04-17 07:36:21 [INFO] - START hash=7183ebf44c0c5f668cecd8f81c4bfe17 lote=VirusShare_00499 key=Key-VS-1 (GDQl...SlST) mode=file
2026-04-17 07:36:21 [INFO] - OK   hash=7183ebf44c0c5f668cecd8f81c4bfe17 estado=malware_o_detectado saved='clasificacion/VirusShare_00499/reportes/reporte/7183ebf44c0c5f668cecd8f81c4bfe17.json'
2026-04-17 07:36:36 [INFO] - START hash=99de892c10b37ae7ca7f3d0e1a7f4fd7 lote=VirusShare_00499 key=Key-VS-1 (GDQl...SlST) mode=file
2026-04-17 07:36:36 [INFO] - OK   hash=99de892c10b37ae7ca7f3d0e1a7f4fd7 estado=malware_o_detectado saved='clasificacion/VirusShare_00499/reportes/reporte/99de892c10b37ae7ca7f3d0e1a7f4fd7.json'
2026-04-17 07:36:51 [INFO] - START hash=896d3b0473408c1fa005a4ccc526ba9f lote=VirusShare_00499 key=Key-VS-1 (GDQl...SlST) mode=file
2026-04-17 07:36:52 [INFO] - OK   hash=896d3b0473408c1fa005a4ccc526ba9f estado=malware_o_detectado saved='clasificacion/VirusShare_00499/reportes/reporte/896d3b0473408c1fa005a4ccc526ba9f.json'
2026-04-17 07:37:07 [INFO] - START hash=dbccfdebbf34dd174022c5a54b5128da lote=VirusShare_00499 key=Key-VS-1 (GDQl...SlST) mode=file
2026-04-17 07:37:07 [INFO] - OK   hash=dbccfdebbf34dd174022c5a54b5128da estado=malware_o_detectado saved='clasificacion/VirusShare_00499/reportes/reporte/dbccfdebbf34dd174022c5a54b5128da.json'
2026-04-17 07:37:22 [INFO] - START hash=0aa54b940586fdaa25a5c31aec40a455 lote=VirusShare_00499 key=Key-VS-1 (GDQl...SlST) mode=file
2026-04-17 07:37:22 [INFO] - OK   hash=0aa54b940586fdaa25a5c31aec40a455 estado=malware_o_detectado saved='clasificacion/VirusShare_00499/reportes/reporte/0aa54b940586fdaa25a5c31aec40a455.json'
2026-04-17 07:37:37 [INFO] - START hash=9fe40de16d1a5bfa9c3a568cb6c8eb4b lote=VirusShare_00499 key=Key-VS-1 (GDQl...SlST) mode=file
2026-04-17 07:37:37 [INFO] - OK   hash=9fe40de16d1a5bfa9c3a568cb6c8eb4b estado=malware_o_detectado saved='clasificacion/VirusShare_00499/reportes/reporte/9fe40de16d1a5bfa9c3a568cb6c8eb4b.json'
2026-04-17 07:37:52 [INFO] - START hash=35dd33bcd9e0e352dd4a7f54764d50ad lote=VirusShare_00499 key=Key-VS-1 (GDQl...SlST) mode=file
2026-04-17 07:37:52 [INFO] - OK   hash=35dd33bcd9e0e352dd4a7f54764d50ad estado=malware_o_detectado saved='clasificacion/VirusShare_00499/reportes/reporte/35dd33bcd9e0e352dd4a7f54764d50ad.json'
2026-04-17 07:38:07 [INFO] - START hash=a952a0cddbaa9e72949a6eba504ebdfb lote=VirusShare_00499 key=Key-VS-1 (GDQl...SlST) mode=file
2026-04-17 07:38:08 [INFO] - OK   hash=a952a0cddbaa9e72949a6eba504ebdfb estado=malware_o_detectado saved='clasificacion/VirusShare_00499/reportes/reporte/a952a0cddbaa9e72949a6eba504ebdfb.json'
2026-04-17 07:38:23 [INFO] - START hash=09d94a3e796ba7b3dfc0e20d6f9e27c5 lote=VirusShare_00499 key=Key-VS-1 (GDQl...SlST) mode=file
2026-04-17 07:38:23 [INFO] - OK   hash=09d94a3e796ba7b3dfc0e20d6f9e27c5 estado=malware_o_detectado saved='clasificacion/VirusShare_00499/reportes/reporte/09d94a3e796ba7b3dfc0e20d6f9e27c5.json'
2026-04-17 07:38:38 [INFO] - START hash=926ca848482cc1bef11058eb8ecb47be lote=VirusShare_00499 key=Key-VS-1 (GDQl...SlST) mode=file
2026-04-17 07:38:38 [INFO] - OK   hash=926ca848482cc1bef11058eb8ecb47be estado=malware_o_detectado saved='clasificacion/VirusShare_00499/reportes/reporte/926ca848482cc1bef11058eb8ecb47be.json'
2026-04-17 07:38:53 [INFO] - START hash=fb33cb20860d83b43653025d5d36b193 lote=VirusShare_00499 key=Key-VS-1 (GDQl...SlST) mode=file
2026-04-17 07:38:53 [INFO] - OK   hash=fb33cb20860d83b43653025d5d36b193 estado=malware_o_detectado saved='clasificacion/VirusShare_00499/reportes/reporte/fb33cb20860d83b43653025d5d36b193.json'
2026-04-17 07:39:08 [INFO] - START hash=9819f604b3330271338a74387d8ec1a7 lote=VirusShare_00499 key=Key-VS-1 (GDQl...SlST) mode=file
2026-04-17 07:39:09 [INFO] - OK   hash=9819f604b3330271338a74387d8ec1a7 estado=malware_o_detectado saved='clasificacion/VirusShare_00499/reportes/reporte/9819f604b3330271338a74387d8ec1a7.json'
2026-04-17 07:39:24 [INFO] - START hash=e93d34d4a0456e122044be7ac4afb03c lote=VirusShare_00499 key=Key-VS-1 (GDQl...SlST) mode=file
2026-04-17 07:39:24 [INFO] - OK   hash=e93d34d4a0456e122044be7ac4afb03c estado=malware_o_detectado saved='clasificacion/VirusShare_00499/reportes/reporte/e93d34d4a0456e122044be7ac4afb03c.json'
2026-04-17 07:39:39 [INFO] - START hash=2275814ad49bb459eebbb728a317a602 lote=VirusShare_00499 key=Key-VS-1 (GDQl...SlST) mode=file
2026-04-17 07:39:39 [INFO] - OK   hash=2275814ad49bb459eebbb728a317a602 estado=malware_o_detectado saved='clasificacion/VirusShare_00499/reportes/reporte/2275814ad49bb459eebbb728a317a602.json'
2026-04-17 07:39:54 [INFO] - START hash=2995800407d369172efd63763842e718 lote=VirusShare_00499 key=Key-VS-1 (GDQl...SlST) mode=file
2026-04-17 07:39:54 [INFO] - OK   hash=2995800407d369172efd63763842e718 estado=malware_o_detectado saved='clasificacion/VirusShare_00499/reportes/reporte/2995800407d369172efd63763842e718.json'
2026-04-17 07:40:09 [INFO] - START hash=fcf3e0d00dadfff789911ef0ad71ac0c lote=VirusShare_00499 key=Key-VS-1 (GDQl...SlST) mode=file
2026-04-17 07:40:10 [INFO] - OK   hash=fcf3e0d00dadfff789911ef0ad71ac0c estado=malware_o_detectado saved='clasificacion/VirusShare_00499/reportes/reporte/fcf3e0d00dadfff789911ef0ad71ac0c.json'
2026-04-17 07:40:25 [INFO] - START hash=f9e81a35f281c649b3587b68bb033bab lote=VirusShare_00499 key=Key-VS-1 (GDQl...SlST) mode=file
2026-04-17 07:40:25 [INFO] - OK   hash=f9e81a35f281c649b3587b68bb033bab estado=malware_o_detectado saved='clasificacion/VirusShare_00499/reportes/reporte/f9e81a35f281c649b3587b68bb033bab.json'
2026-04-17 07:40:40 [INFO] - START hash=881a3700200360db8c954ce7731f1af7 lote=VirusShare_00499 key=Key-VS-1 (GDQl...SlST) mode=file
2026-04-17 07:40:40 [INFO] - OK   hash=881a3700200360db8c954ce7731f1af7 estado=malware_o_detectado saved='clasificacion/VirusShare_00499/reportes/reporte/881a3700200360db8c954ce7731f1af7.json'
2026-04-17 07:40:55 [INFO] - START hash=f3d04893c8c29ed42cfccb5e1f9e470e lote=VirusShare_00499 key=Key-VS-1 (GDQl...SlST) mode=file
2026-04-17 07:40:56 [INFO] - OK   hash=f3d04893c8c29ed42cfccb5e1f9e470e estado=malware_o_detectado saved='clasificacion/VirusShare_00499/reportes/reporte/f3d04893c8c29ed42cfccb5e1f9e470e.json'
2026-04-17 07:41:11 [INFO] - START hash=f784346a8437e6131ce1512025e4339b lote=VirusShare_00499 key=Key-VS-1 (GDQl...SlST) mode=file
2026-04-17 07:41:11 [INFO] - OK   hash=f784346a8437e6131ce1512025e4339b estado=malware_o_detectado saved='clasificacion/VirusShare_00499/reportes/reporte/f784346a8437e6131ce1512025e4339b.json'
2026-04-17 07:41:26 [INFO] - START hash=54576f35399f976376d49685e3dcd84b lote=VirusShare_00499 key=Key-VS-1 (GDQl...SlST) mode=file
2026-04-17 07:41:26 [INFO] - OK   hash=54576f35399f976376d49685e3dcd84b estado=malware_o_detectado saved='clasificacion/VirusShare_00499/reportes/reporte/54576f35399f976376d49685e3dcd84b.json'
2026-04-17 07:41:41 [INFO] - START hash=0e00dfad661246724b1092c47592c982 lote=VirusShare_00499 key=Key-VS-1 (GDQl...SlST) mode=file
2026-04-17 07:41:41 [INFO] - OK   hash=0e00dfad661246724b1092c47592c982 estado=malware_o_detectado saved='clasificacion/VirusShare_00499/reportes/reporte/0e00dfad661246724b1092c47592c982.json'
2026-04-17 07:41:56 [INFO] - START hash=9279744c8dc5e6d6bbc1232e0d328725 lote=VirusShare_00499 key=Key-VS-1 (GDQl...SlST) mode=file
2026-04-17 07:41:57 [INFO] - OK   hash=9279744c8dc5e6d6bbc1232e0d328725 estado=malware_o_detectado saved='clasificacion/VirusShare_00499/reportes/reporte/9279744c8dc5e6d6bbc1232e0d328725.json'
2026-04-17 07:42:12 [INFO] - START hash=217d6875378df94e393da29bbb8d55e0 lote=VirusShare_00499 key=Key-VS-1 (GDQl...SlST) mode=file
2026-04-17 07:42:12 [INFO] - OK   hash=217d6875378df94e393da29bbb8d55e0 estado=malware_o_detectado saved='clasificacion/VirusShare_00499/reportes/reporte/217d6875378df94e393da29bbb8d55e0.json'
2026-04-17 07:42:27 [INFO] - START hash=1461d40185391f17dc72b787fe70e156 lote=VirusShare_00499 key=Key-VS-1 (GDQl...SlST) mode=file
2026-04-17 07:42:27 [INFO] - OK   hash=1461d40185391f17dc72b787fe70e156 estado=malware_o_detectado saved='clasificacion/VirusShare_00499/reportes/reporte/1461d40185391f17dc72b787fe70e156.json'
2026-04-17 07:42:42 [INFO] - START hash=7963f3373e37d0dbb7774bab429799cc lote=VirusShare_00499 key=Key-VS-1 (GDQl...SlST) mode=file
2026-04-17 07:42:42 [INFO] - OK   hash=7963f3373e37d0dbb7774bab429799cc estado=malware_o_detectado saved='clasificacion/VirusShare_00499/reportes/reporte/7963f3373e37d0dbb7774bab429799cc.json'
2026-04-17 07:42:57 [INFO] - START hash=d8360cc491fb246bf5b67d594e24532d lote=VirusShare_00499 key=Key-VS-1 (GDQl...SlST) mode=file
2026-04-17 07:42:58 [INFO] - OK   hash=d8360cc491fb246bf5b67d594e24532d estado=malware_o_detectado saved='clasificacion/VirusShare_00499/reportes/reporte/d8360cc491fb246bf5b67d594e24532d.json'
2026-04-17 07:43:13 [INFO] - START hash=f81b2e179f7617fb51f060481c601192 lote=VirusShare_00499 key=Key-VS-1 (GDQl...SlST) mode=file
2026-04-17 07:43:13 [INFO] - OK   hash=f81b2e179f7617fb51f060481c601192 estado=malware_o_detectado saved='clasificacion/VirusShare_00499/reportes/reporte/f81b2e179f7617fb51f060481c601192.json'
2026-04-17 07:43:28 [INFO] - START hash=22e9ea419311ebaeb8b3b92432066ffc lote=VirusShare_00499 key=Key-VS-1 (GDQl...SlST) mode=file
2026-04-17 07:43:28 [INFO] - OK   hash=22e9ea419311ebaeb8b3b92432066ffc estado=malware_o_detectado saved='clasificacion/VirusShare_00499/reportes/reporte/22e9ea419311ebaeb8b3b92432066ffc.json'
2026-04-17 07:43:43 [INFO] - START hash=00371100007b9fa22a1c6d69c412e112 lote=VirusShare_00499 key=Key-VS-1 (GDQl...SlST) mode=file
2026-04-17 07:43:43 [INFO] - OK   hash=00371100007b9fa22a1c6d69c412e112 estado=malware_o_detectado saved='clasificacion/VirusShare_00499/reportes/reporte/00371100007b9fa22a1c6d69c412e112.json'
2026-04-17 07:43:58 [INFO] - START hash=bef8ccef92fa55f5952734dceee54dc9 lote=VirusShare_00499 key=Key-VS-1 (GDQl...SlST) mode=file
2026-04-17 07:43:59 [INFO] - OK   hash=bef8ccef92fa55f5952734dceee54dc9 estado=malware_o_detectado saved='clasificacion/VirusShare_00499/reportes/reporte/bef8ccef92fa55f5952734dceee54dc9.json'
2026-04-17 07:44:14 [INFO] - START hash=f0c8cfe9197536a1f2c1b6300c82cb7e lote=VirusShare_00499 key=Key-VS-1 (GDQl...SlST) mode=file
2026-04-17 07:44:14 [INFO] - OK   hash=f0c8cfe9197536a1f2c1b6300c82cb7e estado=malware_o_detectado saved='clasificacion/VirusShare_00499/reportes/reporte/f0c8cfe9197536a1f2c1b6300c82cb7e.json'
2026-04-17 07:44:29 [INFO] - START hash=7024b2254c90b44729a4c925d46a768d lote=VirusShare_00499 key=Key-VS-1 (GDQl...SlST) mode=file
2026-04-17 07:44:29 [INFO] - OK   hash=7024b2254c90b44729a4c925d46a768d estado=malware_o_detectado saved='clasificacion/VirusShare_00499/reportes/reporte/7024b2254c90b44729a4c925d46a768d.json'
2026-04-17 07:44:44 [INFO] - START hash=7b6c572a019cd0cd181d8c3617467908 lote=VirusShare_00499 key=Key-VS-1 (GDQl...SlST) mode=file
2026-04-17 07:44:44 [INFO] - OK   hash=7b6c572a019cd0cd181d8c3617467908 estado=malware_o_detectado saved='clasificacion/VirusShare_00499/reportes/reporte/7b6c572a019cd0cd181d8c3617467908.json'
2026-04-17 07:44:59 [INFO] - START hash=5510159c69b9da511c6e780583bb7862 lote=VirusShare_00499 key=Key-VS-1 (GDQl...SlST) mode=file
2026-04-17 07:45:00 [INFO] - OK   hash=5510159c69b9da511c6e780583bb7862 estado=malware_o_detectado saved='clasificacion/VirusShare_00499/reportes/reporte/5510159c69b9da511c6e780583bb7862.json'
2026-04-17 07:45:15 [INFO] - START hash=b45dabeeac33d2c7e87d34588ea4a977 lote=VirusShare_00499 key=Key-VS-1 (GDQl...SlST) mode=file
2026-04-17 07:45:15 [INFO] - OK   hash=b45dabeeac33d2c7e87d34588ea4a977 estado=malware_o_detectado saved='clasificacion/VirusShare_00499/reportes/reporte/b45dabeeac33d2c7e87d34588ea4a977.json'
2026-04-17 07:45:30 [INFO] - START hash=59032dca0dd08d941fce07fecfedf3ca lote=VirusShare_00499 key=Key-VS-1 (GDQl...SlST) mode=file
2026-04-17 07:45:30 [INFO] - OK   hash=59032dca0dd08d941fce07fecfedf3ca estado=malware_o_detectado saved='clasificacion/VirusShare_00499/reportes/reporte/59032dca0dd08d941fce07fecfedf3ca.json'
2026-04-17 07:45:45 [INFO] - START hash=666fec69c389bf067caec56208b48962 lote=VirusShare_00499 key=Key-VS-1 (GDQl...SlST) mode=file
2026-04-17 07:45:45 [INFO] - OK   hash=666fec69c389bf067caec56208b48962 estado=malware_o_detectado saved='clasificacion/VirusShare_00499/reportes/reporte/666fec69c389bf067caec56208b48962.json'
2026-04-17 07:46:00 [INFO] - START hash=e2908567eb43b09088cdef5947b2480c lote=VirusShare_00499 key=Key-VS-1 (GDQl...SlST) mode=file
2026-04-17 07:46:01 [INFO] - OK   hash=e2908567eb43b09088cdef5947b2480c estado=malware_o_detectado saved='clasificacion/VirusShare_00499/reportes/reporte/e2908567eb43b09088cdef5947b2480c.json'
2026-04-17 07:46:16 [INFO] - START hash=66fb61cfbc3572e0120827d8979bbb38 lote=VirusShare_00499 key=Key-VS-1 (GDQl...SlST) mode=file
2026-04-17 07:46:16 [INFO] - OK   hash=66fb61cfbc3572e0120827d8979bbb38 estado=malware_o_detectado saved='clasificacion/VirusShare_00499/reportes/reporte/66fb61cfbc3572e0120827d8979bbb38.json'
2026-04-17 07:46:31 [INFO] - START hash=f65f74bd236e4391b8da6f78a74eaa5d lote=VirusShare_00499 key=Key-VS-1 (GDQl...SlST) mode=file
2026-04-17 07:46:31 [INFO] - OK   hash=f65f74bd236e4391b8da6f78a74eaa5d estado=malware_o_detectado saved='clasificacion/VirusShare_00499/reportes/reporte/f65f74bd236e4391b8da6f78a74eaa5d.json'
2026-04-17 07:46:46 [INFO] - START hash=66b2cdba27667798d64af47a1e949ee5 lote=VirusShare_00499 key=Key-VS-1 (GDQl...SlST) mode=file
2026-04-17 07:46:46 [INFO] - OK   hash=66b2cdba27667798d64af47a1e949ee5 estado=malware_o_detectado saved='clasificacion/VirusShare_00499/reportes/reporte/66b2cdba27667798d64af47a1e949ee5.json'
2026-04-17 07:47:01 [INFO] - START hash=526c426c1353b2d54b02debebcb5417d lote=VirusShare_00499 key=Key-VS-1 (GDQl...SlST) mode=file
2026-04-17 07:47:02 [INFO] - OK   hash=526c426c1353b2d54b02debebcb5417d estado=malware_o_detectado saved='clasificacion/VirusShare_00499/reportes/reporte/526c426c1353b2d54b02debebcb5417d.json'
2026-04-17 07:47:17 [INFO] - START hash=f492f83bbf242379a4262e158720aa0b lote=VirusShare_00499 key=Key-VS-1 (GDQl...SlST) mode=file
2026-04-17 07:47:17 [INFO] - OK   hash=f492f83bbf242379a4262e158720aa0b estado=malware_o_detectado saved='clasificacion/VirusShare_00499/reportes/reporte/f492f83bbf242379a4262e158720aa0b.json'
2026-04-17 07:47:32 [INFO] - START hash=7578584421ba2a8adfc097ae91d17514 lote=VirusShare_00499 key=Key-VS-1 (GDQl...SlST) mode=file
2026-04-17 07:47:32 [INFO] - OK   hash=7578584421ba2a8adfc097ae91d17514 estado=malware_o_detectado saved='clasificacion/VirusShare_00499/reportes/reporte/7578584421ba2a8adfc097ae91d17514.json'
2026-04-17 07:47:47 [INFO] - START hash=3dbf32b2212df0034e0c87cf6e93025a lote=VirusShare_00499 key=Key-VS-1 (GDQl...SlST) mode=file
2026-04-17 07:47:47 [INFO] - OK   hash=3dbf32b2212df0034e0c87cf6e93025a estado=malware_o_detectado saved='clasificacion/VirusShare_00499/reportes/reporte/3dbf32b2212df0034e0c87cf6e93025a.json'
2026-04-17 07:48:02 [INFO] - START hash=9c4dc737c32c834d999cbe0ac57cb6b2 lote=VirusShare_00499 key=Key-VS-1 (GDQl...SlST) mode=file
2026-04-17 07:48:03 [INFO] - OK   hash=9c4dc737c32c834d999cbe0ac57cb6b2 estado=malware_o_detectado saved='clasificacion/VirusShare_00499/reportes/reporte/9c4dc737c32c834d999cbe0ac57cb6b2.json'
2026-04-17 07:48:18 [INFO] - START hash=f24ce10aa5afc040c3a68a312e930f14 lote=VirusShare_00499 key=Key-VS-1 (GDQl...SlST) mode=file
2026-04-17 07:48:18 [INFO] - OK   hash=f24ce10aa5afc040c3a68a312e930f14 estado=malware_o_detectado saved='clasificacion/VirusShare_00499/reportes/reporte/f24ce10aa5afc040c3a68a312e930f14.json'
2026-04-17 07:48:33 [INFO] - START hash=369faf068addacfac59643f98f5fb53e lote=VirusShare_00499 key=Key-VS-1 (GDQl...SlST) mode=file
2026-04-17 07:48:33 [INFO] - OK   hash=369faf068addacfac59643f98f5fb53e estado=malware_o_detectado saved='clasificacion/VirusShare_00499/reportes/reporte/369faf068addacfac59643f98f5fb53e.json'
2026-04-17 07:48:48 [INFO] - START hash=755a6641079b6e1de68f2b05eaf62cf3 lote=VirusShare_00499 key=Key-VS-1 (GDQl...SlST) mode=file
2026-04-17 07:48:48 [INFO] - OK   hash=755a6641079b6e1de68f2b05eaf62cf3 estado=malware_o_detectado saved='clasificacion/VirusShare_00499/reportes/reporte/755a6641079b6e1de68f2b05eaf62cf3.json'
2026-04-17 07:49:03 [INFO] - START hash=d01cdf915bb66057b97242de18c05f1c lote=VirusShare_00499 key=Key-VS-1 (GDQl...SlST) mode=file
2026-04-17 07:49:04 [INFO] - OK   hash=d01cdf915bb66057b97242de18c05f1c estado=malware_o_detectado saved='clasificacion/VirusShare_00499/reportes/reporte/d01cdf915bb66057b97242de18c05f1c.json'
2026-04-17 07:49:19 [INFO] - START hash=6a5d4be8db1c00d7dc32828190013581 lote=VirusShare_00499 key=Key-VS-1 (GDQl...SlST) mode=file
2026-04-17 07:49:19 [INFO] - OK   hash=6a5d4be8db1c00d7dc32828190013581 estado=malware_o_detectado saved='clasificacion/VirusShare_00499/reportes/reporte/6a5d4be8db1c00d7dc32828190013581.json'
2026-04-17 07:49:34 [INFO] - START hash=60835e3df880e60221651bf2db433152 lote=VirusShare_00499 key=Key-VS-1 (GDQl...SlST) mode=file
2026-04-17 07:49:34 [INFO] - OK   hash=60835e3df880e60221651bf2db433152 estado=malware_o_detectado saved='clasificacion/VirusShare_00499/reportes/reporte/60835e3df880e60221651bf2db433152.json'
2026-04-17 07:49:49 [INFO] - START hash=74b32ce765b3276592cd44e2a693fdad lote=VirusShare_00499 key=Key-VS-1 (GDQl...SlST) mode=file
2026-04-17 07:49:49 [INFO] - OK   hash=74b32ce765b3276592cd44e2a693fdad estado=malware_o_detectado saved='clasificacion/VirusShare_00499/reportes/reporte/74b32ce765b3276592cd44e2a693fdad.json'
2026-04-17 07:50:04 [INFO] - START hash=d2e65601f7b0d1549ec4537882b982d7 lote=VirusShare_00499 key=Key-VS-1 (GDQl...SlST) mode=file
2026-04-17 07:50:05 [INFO] - OK   hash=d2e65601f7b0d1549ec4537882b982d7 estado=malware_o_detectado saved='clasificacion/VirusShare_00499/reportes/reporte/d2e65601f7b0d1549ec4537882b982d7.json'
2026-04-17 07:50:20 [INFO] - START hash=e0ba316abf4dfc602ab538bd5811a957 lote=VirusShare_00499 key=Key-VS-1 (GDQl...SlST) mode=file
2026-04-17 07:50:20 [INFO] - OK   hash=e0ba316abf4dfc602ab538bd5811a957 estado=malware_o_detectado saved='clasificacion/VirusShare_00499/reportes/reporte/e0ba316abf4dfc602ab538bd5811a957.json'
2026-04-17 07:50:35 [INFO] - START hash=24f30bafce48f78b675c126302353bea lote=VirusShare_00499 key=Key-VS-1 (GDQl...SlST) mode=file
2026-04-17 07:50:35 [INFO] - OK   hash=24f30bafce48f78b675c126302353bea estado=malware_o_detectado saved='clasificacion/VirusShare_00499/reportes/reporte/24f30bafce48f78b675c126302353bea.json'
2026-04-17 07:50:50 [INFO] - START hash=8e608f2f7e5cae06abf4664a6ae7a607 lote=VirusShare_00499 key=Key-VS-1 (GDQl...SlST) mode=file
2026-04-17 07:50:50 [INFO] - OK   hash=8e608f2f7e5cae06abf4664a6ae7a607 estado=malware_o_detectado saved='clasificacion/VirusShare_00499/reportes/reporte/8e608f2f7e5cae06abf4664a6ae7a607.json'
2026-04-17 07:51:05 [INFO] - START hash=6af04c5e5cfbba2458bf4fab89515c4d lote=VirusShare_00499 key=Key-VS-1 (GDQl...SlST) mode=file
2026-04-17 07:51:06 [INFO] - OK   hash=6af04c5e5cfbba2458bf4fab89515c4d estado=malware_o_detectado saved='clasificacion/VirusShare_00499/reportes/reporte/6af04c5e5cfbba2458bf4fab89515c4d.json'
2026-04-17 07:51:21 [INFO] - START hash=257810d1d9dd850e3b044442eb18a691 lote=VirusShare_00499 key=Key-VS-1 (GDQl...SlST) mode=file
2026-04-17 07:51:21 [INFO] - OK   hash=257810d1d9dd850e3b044442eb18a691 estado=malware_o_detectado saved='clasificacion/VirusShare_00499/reportes/reporte/257810d1d9dd850e3b044442eb18a691.json'
2026-04-17 07:51:36 [INFO] - START hash=eaa648f307acba45bdcf759d1f2dfd2a lote=VirusShare_00499 key=Key-VS-1 (GDQl...SlST) mode=file
2026-04-17 07:51:36 [INFO] - OK   hash=eaa648f307acba45bdcf759d1f2dfd2a estado=malware_o_detectado saved='clasificacion/VirusShare_00499/reportes/reporte/eaa648f307acba45bdcf759d1f2dfd2a.json'
2026-04-17 07:51:51 [INFO] - START hash=82e4de45a00692c2b5ff5844607e1615 lote=VirusShare_00499 key=Key-VS-1 (GDQl...SlST) mode=file
2026-04-17 07:51:51 [INFO] - OK   hash=82e4de45a00692c2b5ff5844607e1615 estado=malware_o_detectado saved='clasificacion/VirusShare_00499/reportes/reporte/82e4de45a00692c2b5ff5844607e1615.json'
2026-04-17 07:52:06 [INFO] - START hash=b0093f2cdd1f550fc23af23632f4caaf lote=VirusShare_00499 key=Key-VS-1 (GDQl...SlST) mode=file
2026-04-17 07:52:07 [INFO] - OK   hash=b0093f2cdd1f550fc23af23632f4caaf estado=malware_o_detectado saved='clasificacion/VirusShare_00499/reportes/reporte/b0093f2cdd1f550fc23af23632f4caaf.json'
2026-04-17 07:52:22 [INFO] - START hash=847cf0e4c073b7db56d89658ce44f659 lote=VirusShare_00499 key=Key-VS-1 (GDQl...SlST) mode=file
2026-04-17 07:52:22 [INFO] - OK   hash=847cf0e4c073b7db56d89658ce44f659 estado=malware_o_detectado saved='clasificacion/VirusShare_00499/reportes/reporte/847cf0e4c073b7db56d89658ce44f659.json'
2026-04-17 07:52:37 [INFO] - START hash=65df3a7b72ec62dbb772d7eb5bcc9dac lote=VirusShare_00499 key=Key-VS-1 (GDQl...SlST) mode=file
2026-04-17 07:52:37 [INFO] - OK   hash=65df3a7b72ec62dbb772d7eb5bcc9dac estado=malware_o_detectado saved='clasificacion/VirusShare_00499/reportes/reporte/65df3a7b72ec62dbb772d7eb5bcc9dac.json'
2026-04-17 07:52:52 [INFO] - START hash=1384a66b0398282afc2329d5dc6ac644 lote=VirusShare_00499 key=Key-VS-1 (GDQl...SlST) mode=file
2026-04-17 07:52:52 [INFO] - OK   hash=1384a66b0398282afc2329d5dc6ac644 estado=malware_o_detectado saved='clasificacion/VirusShare_00499/reportes/reporte/1384a66b0398282afc2329d5dc6ac644.json'
2026-04-17 07:53:07 [INFO] - START hash=a819e00a7f19694fd746901963c5f52a lote=VirusShare_00499 key=Key-VS-1 (GDQl...SlST) mode=file
2026-04-17 07:53:08 [INFO] - OK   hash=a819e00a7f19694fd746901963c5f52a estado=malware_o_detectado saved='clasificacion/VirusShare_00499/reportes/reporte/a819e00a7f19694fd746901963c5f52a.json'
2026-04-17 07:53:23 [INFO] - START hash=4eea0552dd4ad37817a7d35e1e9839e8 lote=VirusShare_00499 key=Key-VS-1 (GDQl...SlST) mode=file
2026-04-17 07:53:23 [INFO] - OK   hash=4eea0552dd4ad37817a7d35e1e9839e8 estado=malware_o_detectado saved='clasificacion/VirusShare_00499/reportes/reporte/4eea0552dd4ad37817a7d35e1e9839e8.json'
2026-04-17 07:53:38 [INFO] - START hash=0bee289376fedd38f6510edfaa900772 lote=VirusShare_00499 key=Key-VS-1 (GDQl...SlST) mode=file
2026-04-17 07:53:38 [INFO] - OK   hash=0bee289376fedd38f6510edfaa900772 estado=malware_o_detectado saved='clasificacion/VirusShare_00499/reportes/reporte/0bee289376fedd38f6510edfaa900772.json'
2026-04-17 07:53:53 [INFO] - START hash=b0324ee0a664312680f17c3ddf771067 lote=VirusShare_00499 key=Key-VS-1 (GDQl...SlST) mode=file
2026-04-17 07:53:53 [INFO] - OK   hash=b0324ee0a664312680f17c3ddf771067 estado=malware_o_detectado saved='clasificacion/VirusShare_00499/reportes/reporte/b0324ee0a664312680f17c3ddf771067.json'
2026-04-17 07:54:08 [INFO] - START hash=a5cd56c6e86ec97698c4e9e359d682cf lote=VirusShare_00499 key=Key-VS-1 (GDQl...SlST) mode=file
2026-04-17 07:54:09 [INFO] - OK   hash=a5cd56c6e86ec97698c4e9e359d682cf estado=malware_o_detectado saved='clasificacion/VirusShare_00499/reportes/reporte/a5cd56c6e86ec97698c4e9e359d682cf.json'
2026-04-17 07:54:24 [INFO] - START hash=5204438ac80a2f956c434e77a4f7ffb2 lote=VirusShare_00499 key=Key-VS-1 (GDQl...SlST) mode=file
2026-04-17 07:54:24 [INFO] - OK   hash=5204438ac80a2f956c434e77a4f7ffb2 estado=malware_o_detectado saved='clasificacion/VirusShare_00499/reportes/reporte/5204438ac80a2f956c434e77a4f7ffb2.json'
2026-04-17 07:54:39 [INFO] - START hash=e22aaace177f164a653eee09b2235d8c lote=VirusShare_00499 key=Key-VS-1 (GDQl...SlST) mode=file
2026-04-17 07:54:39 [INFO] - OK   hash=e22aaace177f164a653eee09b2235d8c estado=malware_o_detectado saved='clasificacion/VirusShare_00499/reportes/reporte/e22aaace177f164a653eee09b2235d8c.json'
2026-04-17 07:54:54 [INFO] - START hash=bee64a1f7e4b08d259f922cf5160414c lote=VirusShare_00499 key=Key-VS-1 (GDQl...SlST) mode=file
2026-04-17 07:54:55 [INFO] - OK   hash=bee64a1f7e4b08d259f922cf5160414c estado=malware_o_detectado saved='clasificacion/VirusShare_00499/reportes/reporte/bee64a1f7e4b08d259f922cf5160414c.json'
2026-04-17 07:55:10 [INFO] - START hash=908ad394ccfddbad1856f5db606af7db lote=VirusShare_00499 key=Key-VS-1 (GDQl...SlST) mode=file
2026-04-17 07:55:10 [INFO] - OK   hash=908ad394ccfddbad1856f5db606af7db estado=malware_o_detectado saved='clasificacion/VirusShare_00499/reportes/reporte/908ad394ccfddbad1856f5db606af7db.json'
2026-04-17 07:55:25 [INFO] - START hash=626c258dedd0f28ab6a3f12748b20620 lote=VirusShare_00499 key=Key-VS-1 (GDQl...SlST) mode=file
2026-04-17 07:55:25 [INFO] - OK   hash=626c258dedd0f28ab6a3f12748b20620 estado=malware_o_detectado saved='clasificacion/VirusShare_00499/reportes/reporte/626c258dedd0f28ab6a3f12748b20620.json'
2026-04-17 07:55:40 [INFO] - START hash=5e30f192ce4aaa1aabd0ae4e65fccf93 lote=VirusShare_00499 key=Key-VS-1 (GDQl...SlST) mode=file
2026-04-17 07:55:40 [INFO] - OK   hash=5e30f192ce4aaa1aabd0ae4e65fccf93 estado=malware_o_detectado saved='clasificacion/VirusShare_00499/reportes/reporte/5e30f192ce4aaa1aabd0ae4e65fccf93.json'
2026-04-17 07:55:55 [INFO] - START hash=b78199b06928563db80f23cee000caf9 lote=VirusShare_00499 key=Key-VS-1 (GDQl...SlST) mode=file
2026-04-17 07:55:56 [INFO] - OK   hash=b78199b06928563db80f23cee000caf9 estado=malware_o_detectado saved='clasificacion/VirusShare_00499/reportes/reporte/b78199b06928563db80f23cee000caf9.json'
2026-04-17 07:56:11 [INFO] - START hash=b33fecb7d33e65be87859e32bd359166 lote=VirusShare_00499 key=Key-VS-1 (GDQl...SlST) mode=file
2026-04-17 07:56:11 [INFO] - OK   hash=b33fecb7d33e65be87859e32bd359166 estado=malware_o_detectado saved='clasificacion/VirusShare_00499/reportes/reporte/b33fecb7d33e65be87859e32bd359166.json'
2026-04-17 07:56:26 [INFO] - START hash=9023921903f95a542a8e31c12b9f7bc7 lote=VirusShare_00499 key=Key-VS-1 (GDQl...SlST) mode=file
2026-04-17 07:56:26 [INFO] - OK   hash=9023921903f95a542a8e31c12b9f7bc7 estado=malware_o_detectado saved='clasificacion/VirusShare_00499/reportes/reporte/9023921903f95a542a8e31c12b9f7bc7.json'
2026-04-17 07:56:41 [INFO] - START hash=28bfa3f7a1b5ac26dd0e6aa2ff54be1a lote=VirusShare_00499 key=Key-VS-1 (GDQl...SlST) mode=file
2026-04-17 07:56:41 [INFO] - OK   hash=28bfa3f7a1b5ac26dd0e6aa2ff54be1a estado=malware_o_detectado saved='clasificacion/VirusShare_00499/reportes/reporte/28bfa3f7a1b5ac26dd0e6aa2ff54be1a.json'
2026-04-17 07:56:56 [INFO] - START hash=ee8317d8533de541a3342d71879f0429 lote=VirusShare_00499 key=Key-VS-1 (GDQl...SlST) mode=file
2026-04-17 07:56:57 [INFO] - OK   hash=ee8317d8533de541a3342d71879f0429 estado=malware_o_detectado saved='clasificacion/VirusShare_00499/reportes/reporte/ee8317d8533de541a3342d71879f0429.json'
2026-04-17 07:57:12 [INFO] - START hash=bc04d481eb536c5c1689ee0bc27de843 lote=VirusShare_00499 key=Key-VS-1 (GDQl...SlST) mode=file
2026-04-17 07:57:12 [INFO] - OK   hash=bc04d481eb536c5c1689ee0bc27de843 estado=malware_o_detectado saved='clasificacion/VirusShare_00499/reportes/reporte/bc04d481eb536c5c1689ee0bc27de843.json'
2026-04-17 07:57:27 [INFO] - START hash=d840cc7ca5a241a2bb787a32e5f796f0 lote=VirusShare_00499 key=Key-VS-1 (GDQl...SlST) mode=file
2026-04-17 07:57:27 [INFO] - OK   hash=d840cc7ca5a241a2bb787a32e5f796f0 estado=malware_o_detectado saved='clasificacion/VirusShare_00499/reportes/reporte/d840cc7ca5a241a2bb787a32e5f796f0.json'
2026-04-17 07:57:42 [INFO] - START hash=bc905d67a5448d6b9f6f4d28b3882a72 lote=VirusShare_00499 key=Key-VS-1 (GDQl...SlST) mode=file
2026-04-17 07:57:42 [INFO] - OK   hash=bc905d67a5448d6b9f6f4d28b3882a72 estado=malware_o_detectado saved='clasificacion/VirusShare_00499/reportes/reporte/bc905d67a5448d6b9f6f4d28b3882a72.json'
2026-04-17 07:57:57 [INFO] - START hash=aac299543df74fc03c375775275fd27b lote=VirusShare_00499 key=Key-VS-1 (GDQl...SlST) mode=file
2026-04-17 07:57:58 [INFO] - OK   hash=aac299543df74fc03c375775275fd27b estado=malware_o_detectado saved='clasificacion/VirusShare_00499/reportes/reporte/aac299543df74fc03c375775275fd27b.json'
2026-04-17 07:58:13 [INFO] - START hash=4e64f1d7cc11d93588fd9c56a2b19bb9 lote=VirusShare_00499 key=Key-VS-1 (GDQl...SlST) mode=file
2026-04-17 07:58:13 [INFO] - OK   hash=4e64f1d7cc11d93588fd9c56a2b19bb9 estado=malware_o_detectado saved='clasificacion/VirusShare_00499/reportes/reporte/4e64f1d7cc11d93588fd9c56a2b19bb9.json'
2026-04-17 07:58:28 [INFO] - START hash=022d89a7dbe21ae75ab9210939d4ec53 lote=VirusShare_00499 key=Key-VS-1 (GDQl...SlST) mode=file
2026-04-17 07:58:28 [INFO] - OK   hash=022d89a7dbe21ae75ab9210939d4ec53 estado=malware_o_detectado saved='clasificacion/VirusShare_00499/reportes/reporte/022d89a7dbe21ae75ab9210939d4ec53.json'
2026-04-17 07:58:43 [INFO] - START hash=49e4a70a8555ca2574070ad7d8fd1977 lote=VirusShare_00499 key=Key-VS-1 (GDQl...SlST) mode=file
2026-04-17 07:58:44 [INFO] - OK   hash=49e4a70a8555ca2574070ad7d8fd1977 estado=malware_o_detectado saved='clasificacion/VirusShare_00499/reportes/reporte/49e4a70a8555ca2574070ad7d8fd1977.json'
2026-04-17 07:58:59 [INFO] - START hash=74c133297d13169d6b9857bebe37453c lote=VirusShare_00499 key=Key-VS-1 (GDQl...SlST) mode=file
2026-04-17 07:58:59 [INFO] - OK   hash=74c133297d13169d6b9857bebe37453c estado=malware_o_detectado saved='clasificacion/VirusShare_00499/reportes/reporte/74c133297d13169d6b9857bebe37453c.json'
2026-04-17 07:59:14 [INFO] - START hash=e59a5996cf50cc535b0cfc445c76ff06 lote=VirusShare_00499 key=Key-VS-1 (GDQl...SlST) mode=file
2026-04-17 07:59:14 [INFO] - OK   hash=e59a5996cf50cc535b0cfc445c76ff06 estado=malware_o_detectado saved='clasificacion/VirusShare_00499/reportes/reporte/e59a5996cf50cc535b0cfc445c76ff06.json'
2026-04-17 07:59:29 [INFO] - START hash=2b6295c41f8168f61384d4c0acf10b9c lote=VirusShare_00499 key=Key-VS-1 (GDQl...SlST) mode=file
2026-04-17 07:59:29 [INFO] - OK   hash=2b6295c41f8168f61384d4c0acf10b9c estado=malware_o_detectado saved='clasificacion/VirusShare_00499/reportes/reporte/2b6295c41f8168f61384d4c0acf10b9c.json'
2026-04-17 07:59:44 [INFO] - START hash=004b62e838a3ca116869367d5b066185 lote=VirusShare_00499 key=Key-VS-1 (GDQl...SlST) mode=file
2026-04-17 07:59:45 [INFO] - OK   hash=004b62e838a3ca116869367d5b066185 estado=malware_o_detectado saved='clasificacion/VirusShare_00499/reportes/reporte/004b62e838a3ca116869367d5b066185.json'
2026-04-17 08:00:00 [INFO] - START hash=6b614025180d4f7904d7f0baca7f8a74 lote=VirusShare_00499 key=Key-VS-1 (GDQl...SlST) mode=file
2026-04-17 08:00:00 [INFO] - OK   hash=6b614025180d4f7904d7f0baca7f8a74 estado=malware_o_detectado saved='clasificacion/VirusShare_00499/reportes/reporte/6b614025180d4f7904d7f0baca7f8a74.json'
2026-04-17 08:00:15 [INFO] - START hash=ac64573bfdcadc2c2094ce52aed63929 lote=VirusShare_00499 key=Key-VS-1 (GDQl...SlST) mode=file
2026-04-17 08:00:15 [INFO] - OK   hash=ac64573bfdcadc2c2094ce52aed63929 estado=malware_o_detectado saved='clasificacion/VirusShare_00499/reportes/reporte/ac64573bfdcadc2c2094ce52aed63929.json'
2026-04-17 08:00:30 [INFO] - START hash=64fb20d9524db646a7a7cac92e519d0f lote=VirusShare_00499 key=Key-VS-1 (GDQl...SlST) mode=file
2026-04-17 08:00:30 [INFO] - OK   hash=64fb20d9524db646a7a7cac92e519d0f estado=malware_o_detectado saved='clasificacion/VirusShare_00499/reportes/reporte/64fb20d9524db646a7a7cac92e519d0f.json'
2026-04-17 08:00:45 [INFO] - START hash=e57462b3c4a8f39903b28a14890e6568 lote=VirusShare_00499 key=Key-VS-1 (GDQl...SlST) mode=file
2026-04-17 08:00:46 [INFO] - OK   hash=e57462b3c4a8f39903b28a14890e6568 estado=malware_o_detectado saved='clasificacion/VirusShare_00499/reportes/reporte/e57462b3c4a8f39903b28a14890e6568.json'
2026-04-17 08:01:01 [INFO] - START hash=edfa09aef58d946be8ddcf532a6308de lote=VirusShare_00499 key=Key-VS-1 (GDQl...SlST) mode=file
2026-04-17 08:01:01 [INFO] - OK   hash=edfa09aef58d946be8ddcf532a6308de estado=malware_o_detectado saved='clasificacion/VirusShare_00499/reportes/reporte/edfa09aef58d946be8ddcf532a6308de.json'
2026-04-17 08:01:16 [INFO] - START hash=cfcfcbbc63e6aef98507a0aa2f7d748e lote=VirusShare_00499 key=Key-VS-1 (GDQl...SlST) mode=file
2026-04-17 08:01:16 [INFO] - OK   hash=cfcfcbbc63e6aef98507a0aa2f7d748e estado=malware_o_detectado saved='clasificacion/VirusShare_00499/reportes/reporte/cfcfcbbc63e6aef98507a0aa2f7d748e.json'
2026-04-17 08:01:31 [INFO] - START hash=79ffdea3b7fde71194ed7812f61539d5 lote=VirusShare_00499 key=Key-VS-1 (GDQl...SlST) mode=file
2026-04-17 08:01:31 [INFO] - OK   hash=79ffdea3b7fde71194ed7812f61539d5 estado=malware_o_detectado saved='clasificacion/VirusShare_00499/reportes/reporte/79ffdea3b7fde71194ed7812f61539d5.json'
2026-04-17 08:01:46 [INFO] - START hash=6004abbdc1545788d139b155fcd4caef lote=VirusShare_00499 key=Key-VS-1 (GDQl...SlST) mode=file
2026-04-17 08:01:46 [INFO] - OK   hash=6004abbdc1545788d139b155fcd4caef estado=malware_o_detectado saved='clasificacion/VirusShare_00499/reportes/reporte/6004abbdc1545788d139b155fcd4caef.json'
2026-04-17 08:02:01 [INFO] - START hash=89f0fe34e73b31caed348547684a96a3 lote=VirusShare_00499 key=Key-VS-1 (GDQl...SlST) mode=file
2026-04-17 08:02:02 [INFO] - OK   hash=89f0fe34e73b31caed348547684a96a3 estado=malware_o_detectado saved='clasificacion/VirusShare_00499/reportes/reporte/89f0fe34e73b31caed348547684a96a3.json'
2026-04-17 08:02:17 [INFO] - START hash=c4e33a7f130a7200ea21cc1d1594889a lote=VirusShare_00499 key=Key-VS-1 (GDQl...SlST) mode=file
2026-04-17 08:02:17 [INFO] - OK   hash=c4e33a7f130a7200ea21cc1d1594889a estado=malware_o_detectado saved='clasificacion/VirusShare_00499/reportes/reporte/c4e33a7f130a7200ea21cc1d1594889a.json'
2026-04-17 08:02:32 [INFO] - START hash=16049ee72e666ee7809737282bbb3574 lote=VirusShare_00499 key=Key-VS-1 (GDQl...SlST) mode=file
2026-04-17 08:02:32 [INFO] - OK   hash=16049ee72e666ee7809737282bbb3574 estado=malware_o_detectado saved='clasificacion/VirusShare_00499/reportes/reporte/16049ee72e666ee7809737282bbb3574.json'
2026-04-17 08:02:47 [INFO] - START hash=8b3508145c4303a4178af7d2cd7a8fa3 lote=VirusShare_00499 key=Key-VS-1 (GDQl...SlST) mode=file
2026-04-17 08:02:47 [INFO] - OK   hash=8b3508145c4303a4178af7d2cd7a8fa3 estado=malware_o_detectado saved='clasificacion/VirusShare_00499/reportes/reporte/8b3508145c4303a4178af7d2cd7a8fa3.json'
2026-04-17 08:03:02 [INFO] - START hash=5476e68ff1ca8670cd51e20e50eeb8b7 lote=VirusShare_00499 key=Key-VS-1 (GDQl...SlST) mode=file
2026-04-17 08:03:03 [INFO] - OK   hash=5476e68ff1ca8670cd51e20e50eeb8b7 estado=malware_o_detectado saved='clasificacion/VirusShare_00499/reportes/reporte/5476e68ff1ca8670cd51e20e50eeb8b7.json'
2026-04-17 08:03:18 [INFO] - START hash=033cdf987d8ac0af067f98f734d25372 lote=VirusShare_00499 key=Key-VS-1 (GDQl...SlST) mode=file
2026-04-17 08:03:18 [INFO] - OK   hash=033cdf987d8ac0af067f98f734d25372 estado=malware_o_detectado saved='clasificacion/VirusShare_00499/reportes/reporte/033cdf987d8ac0af067f98f734d25372.json'
2026-04-17 08:03:33 [INFO] - START hash=acd6f63f8b1ab5112eca5739cb93a5ce lote=VirusShare_00499 key=Key-VS-1 (GDQl...SlST) mode=file
2026-04-17 08:03:33 [INFO] - OK   hash=acd6f63f8b1ab5112eca5739cb93a5ce estado=malware_o_detectado saved='clasificacion/VirusShare_00499/reportes/reporte/acd6f63f8b1ab5112eca5739cb93a5ce.json'
2026-04-17 08:03:48 [INFO] - START hash=5dc915a3f75e3a4d81f6bfe0cb915287 lote=VirusShare_00499 key=Key-VS-1 (GDQl...SlST) mode=file
2026-04-17 08:03:48 [INFO] - OK   hash=5dc915a3f75e3a4d81f6bfe0cb915287 estado=malware_o_detectado saved='clasificacion/VirusShare_00499/reportes/reporte/5dc915a3f75e3a4d81f6bfe0cb915287.json'
2026-04-17 08:04:03 [INFO] - START hash=af3502fbcda9017cec08c643d425573d lote=VirusShare_00499 key=Key-VS-1 (GDQl...SlST) mode=file
2026-04-17 08:04:04 [INFO] - OK   hash=af3502fbcda9017cec08c643d425573d estado=malware_o_detectado saved='clasificacion/VirusShare_00499/reportes/reporte/af3502fbcda9017cec08c643d425573d.json'
2026-04-17 08:04:19 [INFO] - START hash=805311dd93bbeb1c8dbf11c5002f7af2 lote=VirusShare_00499 key=Key-VS-1 (GDQl...SlST) mode=file
2026-04-17 08:04:19 [INFO] - OK   hash=805311dd93bbeb1c8dbf11c5002f7af2 estado=malware_o_detectado saved='clasificacion/VirusShare_00499/reportes/reporte/805311dd93bbeb1c8dbf11c5002f7af2.json'
2026-04-17 08:04:34 [INFO] - START hash=01099a92936c275e742660dc7677fffa lote=VirusShare_00499 key=Key-VS-1 (GDQl...SlST) mode=file
2026-04-17 08:04:34 [INFO] - OK   hash=01099a92936c275e742660dc7677fffa estado=malware_o_detectado saved='clasificacion/VirusShare_00499/reportes/reporte/01099a92936c275e742660dc7677fffa.json'
2026-04-17 08:04:49 [INFO] - START hash=6391d5264594341878e3d20a095e9d34 lote=VirusShare_00499 key=Key-VS-1 (GDQl...SlST) mode=file
2026-04-17 08:04:49 [INFO] - OK   hash=6391d5264594341878e3d20a095e9d34 estado=malware_o_detectado saved='clasificacion/VirusShare_00499/reportes/reporte/6391d5264594341878e3d20a095e9d34.json'
2026-04-17 08:05:04 [INFO] - START hash=23c0e2e14718acad92a0d41020ebf7ac lote=VirusShare_00499 key=Key-VS-1 (GDQl...SlST) mode=file
2026-04-17 08:05:05 [INFO] - OK   hash=23c0e2e14718acad92a0d41020ebf7ac estado=malware_o_detectado saved='clasificacion/VirusShare_00499/reportes/reporte/23c0e2e14718acad92a0d41020ebf7ac.json'
2026-04-17 08:05:20 [INFO] - START hash=a0c5b9934f7b24bec52b3a77949478bf lote=VirusShare_00499 key=Key-VS-1 (GDQl...SlST) mode=file
2026-04-17 08:05:20 [INFO] - OK   hash=a0c5b9934f7b24bec52b3a77949478bf estado=malware_o_detectado saved='clasificacion/VirusShare_00499/reportes/reporte/a0c5b9934f7b24bec52b3a77949478bf.json'
2026-04-17 08:05:35 [INFO] - START hash=fb802bb3b9ee8590265fe9fe62901536 lote=VirusShare_00499 key=Key-VS-1 (GDQl...SlST) mode=file
2026-04-17 08:05:35 [INFO] - OK   hash=fb802bb3b9ee8590265fe9fe62901536 estado=malware_o_detectado saved='clasificacion/VirusShare_00499/reportes/reporte/fb802bb3b9ee8590265fe9fe62901536.json'
2026-04-17 08:05:50 [INFO] - START hash=fcdae516c1cb92129691f86fc81d7042 lote=VirusShare_00499 key=Key-VS-1 (GDQl...SlST) mode=file
2026-04-17 08:05:50 [INFO] - OK   hash=fcdae516c1cb92129691f86fc81d7042 estado=malware_o_detectado saved='clasificacion/VirusShare_00499/reportes/reporte/fcdae516c1cb92129691f86fc81d7042.json'
2026-04-17 08:06:05 [INFO] - START hash=074d7a07e035ecaae19bb0e2581ccabe lote=VirusShare_00499 key=Key-VS-1 (GDQl...SlST) mode=file
2026-04-17 08:06:05 [INFO] - OK   hash=074d7a07e035ecaae19bb0e2581ccabe estado=malware_o_detectado saved='clasificacion/VirusShare_00499/reportes/reporte/074d7a07e035ecaae19bb0e2581ccabe.json'
2026-04-17 08:06:20 [INFO] - START hash=363f707595bd082e7a5954cae1d7aea8 lote=VirusShare_00499 key=Key-VS-1 (GDQl...SlST) mode=file
2026-04-17 08:06:21 [INFO] - OK   hash=363f707595bd082e7a5954cae1d7aea8 estado=malware_o_detectado saved='clasificacion/VirusShare_00499/reportes/reporte/363f707595bd082e7a5954cae1d7aea8.json'
2026-04-17 08:06:36 [INFO] - START hash=eb57b7a669e81bfb3c3419e20f773553 lote=VirusShare_00499 key=Key-VS-1 (GDQl...SlST) mode=file
2026-04-17 08:06:36 [INFO] - OK   hash=eb57b7a669e81bfb3c3419e20f773553 estado=malware_o_detectado saved='clasificacion/VirusShare_00499/reportes/reporte/eb57b7a669e81bfb3c3419e20f773553.json'
2026-04-17 08:06:51 [INFO] - START hash=fe05fb9320c40c2a55c8b4315e9a0c7f lote=VirusShare_00499 key=Key-VS-1 (GDQl...SlST) mode=file
2026-04-17 08:06:51 [INFO] - OK   hash=fe05fb9320c40c2a55c8b4315e9a0c7f estado=malware_o_detectado saved='clasificacion/VirusShare_00499/reportes/reporte/fe05fb9320c40c2a55c8b4315e9a0c7f.json'
2026-04-17 08:07:06 [INFO] - START hash=13d3abd755e1fe32967e90585984eb66 lote=VirusShare_00499 key=Key-VS-1 (GDQl...SlST) mode=file
2026-04-17 08:07:06 [INFO] - OK   hash=13d3abd755e1fe32967e90585984eb66 estado=malware_o_detectado saved='clasificacion/VirusShare_00499/reportes/reporte/13d3abd755e1fe32967e90585984eb66.json'
2026-04-17 08:07:21 [INFO] - START hash=4490c067608ff245112486877c7192b1 lote=VirusShare_00499 key=Key-VS-1 (GDQl...SlST) mode=file
2026-04-17 08:07:22 [INFO] - OK   hash=4490c067608ff245112486877c7192b1 estado=malware_o_detectado saved='clasificacion/VirusShare_00499/reportes/reporte/4490c067608ff245112486877c7192b1.json'
2026-04-17 08:07:37 [INFO] - START hash=a3e8fa37048fbe3173def9d6d990f84b lote=VirusShare_00499 key=Key-VS-1 (GDQl...SlST) mode=file
2026-04-17 08:07:37 [INFO] - OK   hash=a3e8fa37048fbe3173def9d6d990f84b estado=malware_o_detectado saved='clasificacion/VirusShare_00499/reportes/reporte/a3e8fa37048fbe3173def9d6d990f84b.json'
2026-04-17 08:07:52 [INFO] - START hash=057001be5aeb649580ec520e6e843971 lote=VirusShare_00499 key=Key-VS-1 (GDQl...SlST) mode=file
2026-04-17 08:07:52 [INFO] - OK   hash=057001be5aeb649580ec520e6e843971 estado=malware_o_detectado saved='clasificacion/VirusShare_00499/reportes/reporte/057001be5aeb649580ec520e6e843971.json'
2026-04-17 08:08:07 [INFO] - START hash=058e750feb6075fba6d098738c347e8c lote=VirusShare_00499 key=Key-VS-1 (GDQl...SlST) mode=file
2026-04-17 08:08:07 [INFO] - OK   hash=058e750feb6075fba6d098738c347e8c estado=malware_o_detectado saved='clasificacion/VirusShare_00499/reportes/reporte/058e750feb6075fba6d098738c347e8c.json'
2026-04-17 08:08:22 [INFO] - START hash=aa4bf30a9a27109b51f8b11548e953ee lote=VirusShare_00499 key=Key-VS-1 (GDQl...SlST) mode=file
2026-04-17 08:08:23 [INFO] - OK   hash=aa4bf30a9a27109b51f8b11548e953ee estado=malware_o_detectado saved='clasificacion/VirusShare_00499/reportes/reporte/aa4bf30a9a27109b51f8b11548e953ee.json'
2026-04-17 08:08:38 [INFO] - START hash=c7090cfb85d0726ed096d3c1de49af1f lote=VirusShare_00499 key=Key-VS-1 (GDQl...SlST) mode=file
2026-04-17 08:08:38 [INFO] - OK   hash=c7090cfb85d0726ed096d3c1de49af1f estado=malware_o_detectado saved='clasificacion/VirusShare_00499/reportes/reporte/c7090cfb85d0726ed096d3c1de49af1f.json'
2026-04-17 08:08:53 [INFO] - START hash=c559c155ca5210480b4793784f252946 lote=VirusShare_00499 key=Key-VS-1 (GDQl...SlST) mode=file
2026-04-17 08:08:53 [INFO] - OK   hash=c559c155ca5210480b4793784f252946 estado=malware_o_detectado saved='clasificacion/VirusShare_00499/reportes/reporte/c559c155ca5210480b4793784f252946.json'
2026-04-17 08:09:08 [INFO] - START hash=78a1c36acf6724ef609459240880e655 lote=VirusShare_00499 key=Key-VS-1 (GDQl...SlST) mode=file
2026-04-17 08:09:08 [INFO] - OK   hash=78a1c36acf6724ef609459240880e655 estado=malware_o_detectado saved='clasificacion/VirusShare_00499/reportes/reporte/78a1c36acf6724ef609459240880e655.json'
2026-04-17 08:09:23 [INFO] - START hash=231162593d65ff4d0060364ca235a837 lote=VirusShare_00499 key=Key-VS-1 (GDQl...SlST) mode=file
2026-04-17 08:09:23 [INFO] - OK   hash=231162593d65ff4d0060364ca235a837 estado=malware_o_detectado saved='clasificacion/VirusShare_00499/reportes/reporte/231162593d65ff4d0060364ca235a837.json'
2026-04-17 08:09:38 [INFO] - START hash=895f115252a8cba764f1c735766866a8 lote=VirusShare_00499 key=Key-VS-1 (GDQl...SlST) mode=file
2026-04-17 08:09:39 [INFO] - OK   hash=895f115252a8cba764f1c735766866a8 estado=malware_o_detectado saved='clasificacion/VirusShare_00499/reportes/reporte/895f115252a8cba764f1c735766866a8.json'
2026-04-17 08:09:54 [INFO] - START hash=2f59f47e6f0c38a23161fa1e72aa1adf lote=VirusShare_00499 key=Key-VS-1 (GDQl...SlST) mode=file
2026-04-17 08:09:54 [INFO] - OK   hash=2f59f47e6f0c38a23161fa1e72aa1adf estado=malware_o_detectado saved='clasificacion/VirusShare_00499/reportes/reporte/2f59f47e6f0c38a23161fa1e72aa1adf.json'
2026-04-17 08:10:09 [INFO] - START hash=3cd8bda1321007904abd0e58b51bdcee lote=VirusShare_00499 key=Key-VS-1 (GDQl...SlST) mode=file
2026-04-17 08:10:09 [INFO] - OK   hash=3cd8bda1321007904abd0e58b51bdcee estado=malware_o_detectado saved='clasificacion/VirusShare_00499/reportes/reporte/3cd8bda1321007904abd0e58b51bdcee.json'
2026-04-17 08:10:24 [INFO] - START hash=a2a5e34033be6ce3a8bd953c2b1d96c1 lote=VirusShare_00499 key=Key-VS-1 (GDQl...SlST) mode=file
2026-04-17 08:10:24 [INFO] - OK   hash=a2a5e34033be6ce3a8bd953c2b1d96c1 estado=malware_o_detectado saved='clasificacion/VirusShare_00499/reportes/reporte/a2a5e34033be6ce3a8bd953c2b1d96c1.json'
2026-04-17 08:10:39 [INFO] - START hash=42dba0e33b1fa692b948c101fbde5e20 lote=VirusShare_00499 key=Key-VS-1 (GDQl...SlST) mode=file
2026-04-17 08:10:40 [INFO] - OK   hash=42dba0e33b1fa692b948c101fbde5e20 estado=malware_o_detectado saved='clasificacion/VirusShare_00499/reportes/reporte/42dba0e33b1fa692b948c101fbde5e20.json'
2026-04-17 08:10:55 [INFO] - START hash=1b135b0277144d9d7838104950f3a98c lote=VirusShare_00499 key=Key-VS-1 (GDQl...SlST) mode=file
2026-04-17 08:10:55 [INFO] - OK   hash=1b135b0277144d9d7838104950f3a98c estado=malware_o_detectado saved='clasificacion/VirusShare_00499/reportes/reporte/1b135b0277144d9d7838104950f3a98c.json'
2026-04-17 08:11:10 [INFO] - START hash=88b7cc7ad2cabe15f9e5c661a7aa1c1e lote=VirusShare_00499 key=Key-VS-1 (GDQl...SlST) mode=file
2026-04-17 08:11:10 [INFO] - OK   hash=88b7cc7ad2cabe15f9e5c661a7aa1c1e estado=malware_o_detectado saved='clasificacion/VirusShare_00499/reportes/reporte/88b7cc7ad2cabe15f9e5c661a7aa1c1e.json'
2026-04-17 08:11:25 [INFO] - START hash=d0dd4ce42887676997bcd6fb72d6ca4e lote=VirusShare_00499 key=Key-VS-1 (GDQl...SlST) mode=file
2026-04-17 08:11:25 [INFO] - OK   hash=d0dd4ce42887676997bcd6fb72d6ca4e estado=malware_o_detectado saved='clasificacion/VirusShare_00499/reportes/reporte/d0dd4ce42887676997bcd6fb72d6ca4e.json'
2026-04-17 08:11:40 [INFO] - START hash=9d240fe6efece14abdf973c3d9077494 lote=VirusShare_00499 key=Key-VS-1 (GDQl...SlST) mode=file
2026-04-17 08:11:41 [INFO] - OK   hash=9d240fe6efece14abdf973c3d9077494 estado=malware_o_detectado saved='clasificacion/VirusShare_00499/reportes/reporte/9d240fe6efece14abdf973c3d9077494.json'
2026-04-17 08:11:56 [INFO] - START hash=696e48d348b863ea1185bab81910911a lote=VirusShare_00499 key=Key-VS-1 (GDQl...SlST) mode=file
2026-04-17 08:11:56 [INFO] - OK   hash=696e48d348b863ea1185bab81910911a estado=malware_o_detectado saved='clasificacion/VirusShare_00499/reportes/reporte/696e48d348b863ea1185bab81910911a.json'
2026-04-17 08:12:11 [INFO] - START hash=fa4dfe1e8704c62b5c8c4dc4de39f3bf lote=VirusShare_00499 key=Key-VS-1 (GDQl...SlST) mode=file
2026-04-17 08:12:11 [INFO] - OK   hash=fa4dfe1e8704c62b5c8c4dc4de39f3bf estado=malware_o_detectado saved='clasificacion/VirusShare_00499/reportes/reporte/fa4dfe1e8704c62b5c8c4dc4de39f3bf.json'
2026-04-17 08:12:26 [INFO] - START hash=fbc94697c5d746fde37e6be404fcd71a lote=VirusShare_00499 key=Key-VS-1 (GDQl...SlST) mode=file
2026-04-17 08:12:26 [INFO] - OK   hash=fbc94697c5d746fde37e6be404fcd71a estado=malware_o_detectado saved='clasificacion/VirusShare_00499/reportes/reporte/fbc94697c5d746fde37e6be404fcd71a.json'
2026-04-17 08:12:41 [INFO] - START hash=35245c2d57e2856e034981572895a5f1 lote=VirusShare_00499 key=Key-VS-1 (GDQl...SlST) mode=file
2026-04-17 08:12:42 [INFO] - OK   hash=35245c2d57e2856e034981572895a5f1 estado=malware_o_detectado saved='clasificacion/VirusShare_00499/reportes/reporte/35245c2d57e2856e034981572895a5f1.json'
2026-04-17 08:12:57 [INFO] - START hash=fcbd4fa2cf72bb7d3f022e0f35d30c5c lote=VirusShare_00499 key=Key-VS-1 (GDQl...SlST) mode=file
2026-04-17 08:12:57 [INFO] - OK   hash=fcbd4fa2cf72bb7d3f022e0f35d30c5c estado=malware_o_detectado saved='clasificacion/VirusShare_00499/reportes/reporte/fcbd4fa2cf72bb7d3f022e0f35d30c5c.json'
2026-04-17 08:13:12 [INFO] - START hash=0eecda07b2a6ccddb951e2b888e6d092 lote=VirusShare_00499 key=Key-VS-1 (GDQl...SlST) mode=file
2026-04-17 08:13:12 [INFO] - OK   hash=0eecda07b2a6ccddb951e2b888e6d092 estado=malware_o_detectado saved='clasificacion/VirusShare_00499/reportes/reporte/0eecda07b2a6ccddb951e2b888e6d092.json'
2026-04-17 08:13:27 [INFO] - START hash=952b917f97d34797f7aa880ce32f500a lote=VirusShare_00499 key=Key-VS-1 (GDQl...SlST) mode=file
2026-04-17 08:13:27 [INFO] - OK   hash=952b917f97d34797f7aa880ce32f500a estado=malware_o_detectado saved='clasificacion/VirusShare_00499/reportes/reporte/952b917f97d34797f7aa880ce32f500a.json'
2026-04-17 08:13:42 [INFO] - START hash=357c36f0ff49c482cc54c6adec13d32b lote=VirusShare_00499 key=Key-VS-1 (GDQl...SlST) mode=file
2026-04-17 08:13:43 [INFO] - OK   hash=357c36f0ff49c482cc54c6adec13d32b estado=malware_o_detectado saved='clasificacion/VirusShare_00499/reportes/reporte/357c36f0ff49c482cc54c6adec13d32b.json'
2026-04-17 08:13:58 [INFO] - START hash=e04e211e24e9b8da75d556c8ed87f0d2 lote=VirusShare_00499 key=Key-VS-1 (GDQl...SlST) mode=file
2026-04-17 08:13:58 [INFO] - OK   hash=e04e211e24e9b8da75d556c8ed87f0d2 estado=malware_o_detectado saved='clasificacion/VirusShare_00499/reportes/reporte/e04e211e24e9b8da75d556c8ed87f0d2.json'
2026-04-17 08:14:13 [INFO] - START hash=1efe2b8ed37be3a5d90aee360e7d12c4 lote=VirusShare_00499 key=Key-VS-1 (GDQl...SlST) mode=file
2026-04-17 08:14:13 [INFO] - OK   hash=1efe2b8ed37be3a5d90aee360e7d12c4 estado=malware_o_detectado saved='clasificacion/VirusShare_00499/reportes/reporte/1efe2b8ed37be3a5d90aee360e7d12c4.json'
2026-04-17 08:14:28 [INFO] - START hash=1dc2f370c2e46c22eb485f73da13e84b lote=VirusShare_00499 key=Key-VS-1 (GDQl...SlST) mode=file
2026-04-17 08:14:28 [INFO] - OK   hash=1dc2f370c2e46c22eb485f73da13e84b estado=malware_o_detectado saved='clasificacion/VirusShare_00499/reportes/reporte/1dc2f370c2e46c22eb485f73da13e84b.json'
2026-04-17 08:14:43 [INFO] - START hash=e8c0e0d60f35c60d2c02c0d0f4e84d5c lote=VirusShare_00499 key=Key-VS-1 (GDQl...SlST) mode=file
2026-04-17 08:14:44 [INFO] - OK   hash=e8c0e0d60f35c60d2c02c0d0f4e84d5c estado=malware_o_detectado saved='clasificacion/VirusShare_00499/reportes/reporte/e8c0e0d60f35c60d2c02c0d0f4e84d5c.json'
2026-04-17 08:14:59 [INFO] - START hash=b3abc75496b9b9644b947b05f1d44fd3 lote=VirusShare_00499 key=Key-VS-1 (GDQl...SlST) mode=file
2026-04-17 08:14:59 [INFO] - OK   hash=b3abc75496b9b9644b947b05f1d44fd3 estado=malware_o_detectado saved='clasificacion/VirusShare_00499/reportes/reporte/b3abc75496b9b9644b947b05f1d44fd3.json'
2026-04-17 08:15:14 [INFO] - START hash=3e3e0255fb40ef8bab1a262020acc29d lote=VirusShare_00499 key=Key-VS-1 (GDQl...SlST) mode=file
2026-04-17 08:15:14 [INFO] - OK   hash=3e3e0255fb40ef8bab1a262020acc29d estado=malware_o_detectado saved='clasificacion/VirusShare_00499/reportes/reporte/3e3e0255fb40ef8bab1a262020acc29d.json'
2026-04-17 08:15:29 [INFO] - START hash=c84e84faea5020516cf4aef11ed69a08 lote=VirusShare_00499 key=Key-VS-1 (GDQl...SlST) mode=file
2026-04-17 08:15:29 [INFO] - OK   hash=c84e84faea5020516cf4aef11ed69a08 estado=malware_o_detectado saved='clasificacion/VirusShare_00499/reportes/reporte/c84e84faea5020516cf4aef11ed69a08.json'
2026-04-17 08:15:44 [INFO] - START hash=2c0ca9ba91e3922b53cb4941af622bac lote=VirusShare_00499 key=Key-VS-1 (GDQl...SlST) mode=file
2026-04-17 08:15:45 [INFO] - OK   hash=2c0ca9ba91e3922b53cb4941af622bac estado=malware_o_detectado saved='clasificacion/VirusShare_00499/reportes/reporte/2c0ca9ba91e3922b53cb4941af622bac.json'
2026-04-17 08:16:00 [INFO] - START hash=3c18d3c5857cbc32b2aaaf51687157f3 lote=VirusShare_00499 key=Key-VS-1 (GDQl...SlST) mode=file
2026-04-17 08:16:00 [INFO] - OK   hash=3c18d3c5857cbc32b2aaaf51687157f3 estado=malware_o_detectado saved='clasificacion/VirusShare_00499/reportes/reporte/3c18d3c5857cbc32b2aaaf51687157f3.json'
2026-04-17 08:16:15 [INFO] - START hash=edc7c51b3bbd8beb9746f5f09a4ac35a lote=VirusShare_00499 key=Key-VS-1 (GDQl...SlST) mode=file
2026-04-17 08:16:15 [INFO] - OK   hash=edc7c51b3bbd8beb9746f5f09a4ac35a estado=malware_o_detectado saved='clasificacion/VirusShare_00499/reportes/reporte/edc7c51b3bbd8beb9746f5f09a4ac35a.json'
2026-04-17 08:16:30 [INFO] - START hash=dab62ee551bd42af2db16167d8111b6f lote=VirusShare_00499 key=Key-VS-1 (GDQl...SlST) mode=file
2026-04-17 08:16:30 [INFO] - OK   hash=dab62ee551bd42af2db16167d8111b6f estado=malware_o_detectado saved='clasificacion/VirusShare_00499/reportes/reporte/dab62ee551bd42af2db16167d8111b6f.json'
2026-04-17 08:16:45 [INFO] - START hash=2517f1d896e44c2dcb70f1ab21678ac7 lote=VirusShare_00499 key=Key-VS-1 (GDQl...SlST) mode=file
2026-04-17 08:16:46 [INFO] - OK   hash=2517f1d896e44c2dcb70f1ab21678ac7 estado=malware_o_detectado saved='clasificacion/VirusShare_00499/reportes/reporte/2517f1d896e44c2dcb70f1ab21678ac7.json'
2026-04-17 08:17:01 [INFO] - START hash=f7ba0992c7ceb37f4c67daf4aeea3706 lote=VirusShare_00499 key=Key-VS-1 (GDQl...SlST) mode=file
2026-04-17 08:17:01 [INFO] - OK   hash=f7ba0992c7ceb37f4c67daf4aeea3706 estado=malware_o_detectado saved='clasificacion/VirusShare_00499/reportes/reporte/f7ba0992c7ceb37f4c67daf4aeea3706.json'
2026-04-17 08:17:16 [INFO] - START hash=8df691759060a6b26bd6f052a5ffb512 lote=VirusShare_00499 key=Key-VS-1 (GDQl...SlST) mode=file
2026-04-17 08:17:16 [INFO] - OK   hash=8df691759060a6b26bd6f052a5ffb512 estado=malware_o_detectado saved='clasificacion/VirusShare_00499/reportes/reporte/8df691759060a6b26bd6f052a5ffb512.json'
2026-04-17 08:17:31 [INFO] - START hash=dd18fc5f75a17554f5ca8c230d3da324 lote=VirusShare_00499 key=Key-VS-1 (GDQl...SlST) mode=file
2026-04-17 08:17:31 [INFO] - OK   hash=dd18fc5f75a17554f5ca8c230d3da324 estado=malware_o_detectado saved='clasificacion/VirusShare_00499/reportes/reporte/dd18fc5f75a17554f5ca8c230d3da324.json'
2026-04-17 08:17:46 [INFO] - START hash=78369165ff71dc2da70dc27591f1329c lote=VirusShare_00499 key=Key-VS-1 (GDQl...SlST) mode=file
2026-04-17 08:17:46 [INFO] - OK   hash=78369165ff71dc2da70dc27591f1329c estado=malware_o_detectado saved='clasificacion/VirusShare_00499/reportes/reporte/78369165ff71dc2da70dc27591f1329c.json'
2026-04-17 08:18:01 [INFO] - START hash=89ca63b3013bf9368ce49fa3372f750b lote=VirusShare_00499 key=Key-VS-1 (GDQl...SlST) mode=file
2026-04-17 08:18:02 [INFO] - OK   hash=89ca63b3013bf9368ce49fa3372f750b estado=malware_o_detectado saved='clasificacion/VirusShare_00499/reportes/reporte/89ca63b3013bf9368ce49fa3372f750b.json'
2026-04-17 08:18:17 [INFO] - START hash=d5ecad2c2db7ecac0d75360336239f6e lote=VirusShare_00499 key=Key-VS-1 (GDQl...SlST) mode=file
2026-04-17 08:18:17 [INFO] - OK   hash=d5ecad2c2db7ecac0d75360336239f6e estado=malware_o_detectado saved='clasificacion/VirusShare_00499/reportes/reporte/d5ecad2c2db7ecac0d75360336239f6e.json'
2026-04-17 08:18:32 [INFO] - START hash=e17d42c2a6b4356652ee7424a36e7333 lote=VirusShare_00499 key=Key-VS-1 (GDQl...SlST) mode=file
2026-04-17 08:18:32 [INFO] - OK   hash=e17d42c2a6b4356652ee7424a36e7333 estado=malware_o_detectado saved='clasificacion/VirusShare_00499/reportes/reporte/e17d42c2a6b4356652ee7424a36e7333.json'
2026-04-17 08:18:47 [INFO] - START hash=c47cb21053117bae86ac350692efddc5 lote=VirusShare_00499 key=Key-VS-1 (GDQl...SlST) mode=file
2026-04-17 08:18:47 [INFO] - OK   hash=c47cb21053117bae86ac350692efddc5 estado=malware_o_detectado saved='clasificacion/VirusShare_00499/reportes/reporte/c47cb21053117bae86ac350692efddc5.json'
2026-04-17 08:19:02 [INFO] - START hash=48bb4fd5ab7c25dfaaea3fd6e2b26d63 lote=VirusShare_00499 key=Key-VS-1 (GDQl...SlST) mode=file
2026-04-17 08:19:03 [INFO] - OK   hash=48bb4fd5ab7c25dfaaea3fd6e2b26d63 estado=malware_o_detectado saved='clasificacion/VirusShare_00499/reportes/reporte/48bb4fd5ab7c25dfaaea3fd6e2b26d63.json'
2026-04-17 08:19:18 [INFO] - START hash=9309a3aa33f737547b09a9fe5c78e8fd lote=VirusShare_00499 key=Key-VS-1 (GDQl...SlST) mode=file
2026-04-17 08:19:18 [INFO] - OK   hash=9309a3aa33f737547b09a9fe5c78e8fd estado=malware_o_detectado saved='clasificacion/VirusShare_00499/reportes/reporte/9309a3aa33f737547b09a9fe5c78e8fd.json'
2026-04-17 08:19:33 [INFO] - START hash=44bd1e322c564f753ca93882bcdf815a lote=VirusShare_00499 key=Key-VS-1 (GDQl...SlST) mode=file
2026-04-17 08:19:33 [INFO] - OK   hash=44bd1e322c564f753ca93882bcdf815a estado=malware_o_detectado saved='clasificacion/VirusShare_00499/reportes/reporte/44bd1e322c564f753ca93882bcdf815a.json'
2026-04-17 08:19:48 [INFO] - START hash=1b6849bc764f44ebd0ee8ba6939a5560 lote=VirusShare_00499 key=Key-VS-1 (GDQl...SlST) mode=file
2026-04-17 08:19:48 [INFO] - OK   hash=1b6849bc764f44ebd0ee8ba6939a5560 estado=malware_o_detectado saved='clasificacion/VirusShare_00499/reportes/reporte/1b6849bc764f44ebd0ee8ba6939a5560.json'
2026-04-17 08:20:03 [INFO] - START hash=0cfb49cc64420c7f69719ab403c98822 lote=VirusShare_00499 key=Key-VS-1 (GDQl...SlST) mode=file
2026-04-17 08:20:04 [INFO] - OK   hash=0cfb49cc64420c7f69719ab403c98822 estado=malware_o_detectado saved='clasificacion/VirusShare_00499/reportes/reporte/0cfb49cc64420c7f69719ab403c98822.json'
2026-04-17 08:20:19 [INFO] - START hash=0c0d4bb5fd96344bd08f341081435ed8 lote=VirusShare_00499 key=Key-VS-1 (GDQl...SlST) mode=file
2026-04-17 08:20:19 [INFO] - OK   hash=0c0d4bb5fd96344bd08f341081435ed8 estado=malware_o_detectado saved='clasificacion/VirusShare_00499/reportes/reporte/0c0d4bb5fd96344bd08f341081435ed8.json'
2026-04-17 08:20:34 [INFO] - START hash=b81a3d230a6be4c30521150b9e86c08d lote=VirusShare_00499 key=Key-VS-1 (GDQl...SlST) mode=file
2026-04-17 08:20:34 [INFO] - OK   hash=b81a3d230a6be4c30521150b9e86c08d estado=malware_o_detectado saved='clasificacion/VirusShare_00499/reportes/reporte/b81a3d230a6be4c30521150b9e86c08d.json'
2026-04-17 08:20:49 [INFO] - START hash=fb352d3bed4a1703acea22df8980b331 lote=VirusShare_00499 key=Key-VS-1 (GDQl...SlST) mode=file
2026-04-17 08:20:49 [INFO] - OK   hash=fb352d3bed4a1703acea22df8980b331 estado=malware_o_detectado saved='clasificacion/VirusShare_00499/reportes/reporte/fb352d3bed4a1703acea22df8980b331.json'
2026-04-17 08:21:04 [INFO] - START hash=eec9b58269afeb070207a8af6dfe1fdb lote=VirusShare_00499 key=Key-VS-1 (GDQl...SlST) mode=file
2026-04-17 08:21:05 [INFO] - OK   hash=eec9b58269afeb070207a8af6dfe1fdb estado=malware_o_detectado saved='clasificacion/VirusShare_00499/reportes/reporte/eec9b58269afeb070207a8af6dfe1fdb.json'
2026-04-17 08:21:20 [INFO] - START hash=b9da4b31af1aa2da692381af3f1ce589 lote=VirusShare_00499 key=Key-VS-1 (GDQl...SlST) mode=file
2026-04-17 08:21:20 [INFO] - OK   hash=b9da4b31af1aa2da692381af3f1ce589 estado=malware_o_detectado saved='clasificacion/VirusShare_00499/reportes/reporte/b9da4b31af1aa2da692381af3f1ce589.json'
2026-04-17 08:21:35 [INFO] - START hash=3deec4482bfcf9bd2869ef122f130831 lote=VirusShare_00499 key=Key-VS-1 (GDQl...SlST) mode=file
2026-04-17 08:21:35 [INFO] - OK   hash=3deec4482bfcf9bd2869ef122f130831 estado=malware_o_detectado saved='clasificacion/VirusShare_00499/reportes/reporte/3deec4482bfcf9bd2869ef122f130831.json'
2026-04-17 08:21:50 [INFO] - START hash=f3c5cd4e2d1e6423580cceb82ad746e9 lote=VirusShare_00499 key=Key-VS-1 (GDQl...SlST) mode=file
2026-04-17 08:21:50 [INFO] - OK   hash=f3c5cd4e2d1e6423580cceb82ad746e9 estado=malware_o_detectado saved='clasificacion/VirusShare_00499/reportes/reporte/f3c5cd4e2d1e6423580cceb82ad746e9.json'
2026-04-17 08:22:05 [INFO] - START hash=70330f0da24be373b56ebdce34965308 lote=VirusShare_00499 key=Key-VS-1 (GDQl...SlST) mode=file
2026-04-17 08:22:06 [INFO] - OK   hash=70330f0da24be373b56ebdce34965308 estado=malware_o_detectado saved='clasificacion/VirusShare_00499/reportes/reporte/70330f0da24be373b56ebdce34965308.json'
2026-04-17 08:22:21 [INFO] - START hash=9b97edcbd8099796015c78bbf1723b35 lote=VirusShare_00499 key=Key-VS-1 (GDQl...SlST) mode=file
2026-04-17 08:22:21 [INFO] - OK   hash=9b97edcbd8099796015c78bbf1723b35 estado=malware_o_detectado saved='clasificacion/VirusShare_00499/reportes/reporte/9b97edcbd8099796015c78bbf1723b35.json'
2026-04-17 08:22:36 [INFO] - START hash=2cc851acef4bb0598b1a0d15a1f232fb lote=VirusShare_00499 key=Key-VS-1 (GDQl...SlST) mode=file
2026-04-17 08:22:36 [INFO] - OK   hash=2cc851acef4bb0598b1a0d15a1f232fb estado=malware_o_detectado saved='clasificacion/VirusShare_00499/reportes/reporte/2cc851acef4bb0598b1a0d15a1f232fb.json'
2026-04-17 08:22:51 [INFO] - START hash=745abaa0581e6592a9e0d86a09ba0523 lote=VirusShare_00499 key=Key-VS-1 (GDQl...SlST) mode=file
2026-04-17 08:22:51 [INFO] - OK   hash=745abaa0581e6592a9e0d86a09ba0523 estado=malware_o_detectado saved='clasificacion/VirusShare_00499/reportes/reporte/745abaa0581e6592a9e0d86a09ba0523.json'
2026-04-17 08:23:06 [INFO] - START hash=eca6811f189e952a2c6f016d7df20aa9 lote=VirusShare_00499 key=Key-VS-1 (GDQl...SlST) mode=file
2026-04-17 08:23:07 [INFO] - OK   hash=eca6811f189e952a2c6f016d7df20aa9 estado=malware_o_detectado saved='clasificacion/VirusShare_00499/reportes/reporte/eca6811f189e952a2c6f016d7df20aa9.json'
2026-04-17 08:23:22 [INFO] - START hash=7cafa59e4030731cd2a489ff51cfa3a6 lote=VirusShare_00499 key=Key-VS-1 (GDQl...SlST) mode=file
2026-04-17 08:23:22 [INFO] - OK   hash=7cafa59e4030731cd2a489ff51cfa3a6 estado=malware_o_detectado saved='clasificacion/VirusShare_00499/reportes/reporte/7cafa59e4030731cd2a489ff51cfa3a6.json'
2026-04-17 08:23:37 [INFO] - START hash=8551e918fbf3d8a6719de6531cf59ddc lote=VirusShare_00499 key=Key-VS-1 (GDQl...SlST) mode=file
2026-04-17 08:23:37 [INFO] - OK   hash=8551e918fbf3d8a6719de6531cf59ddc estado=malware_o_detectado saved='clasificacion/VirusShare_00499/reportes/reporte/8551e918fbf3d8a6719de6531cf59ddc.json'
2026-04-17 08:23:52 [INFO] - START hash=7f386afc36f4f1ac5268b28a6c3c7934 lote=VirusShare_00499 key=Key-VS-1 (GDQl...SlST) mode=file
2026-04-17 08:23:52 [INFO] - OK   hash=7f386afc36f4f1ac5268b28a6c3c7934 estado=malware_o_detectado saved='clasificacion/VirusShare_00499/reportes/reporte/7f386afc36f4f1ac5268b28a6c3c7934.json'
2026-04-17 08:24:07 [INFO] - START hash=036bead651e8ea9e168992f46a56e8a9 lote=VirusShare_00499 key=Key-VS-1 (GDQl...SlST) mode=file
2026-04-17 08:24:07 [INFO] - OK   hash=036bead651e8ea9e168992f46a56e8a9 estado=malware_o_detectado saved='clasificacion/VirusShare_00499/reportes/reporte/036bead651e8ea9e168992f46a56e8a9.json'
2026-04-17 08:24:22 [INFO] - START hash=2075e3f2ced710672c89eb1ecc62847c lote=VirusShare_00499 key=Key-VS-1 (GDQl...SlST) mode=file
2026-04-17 08:24:23 [INFO] - OK   hash=2075e3f2ced710672c89eb1ecc62847c estado=malware_o_detectado saved='clasificacion/VirusShare_00499/reportes/reporte/2075e3f2ced710672c89eb1ecc62847c.json'
2026-04-17 08:24:38 [INFO] - START hash=cd0e91084f9f2d416c1c2b275ac68d7e lote=VirusShare_00499 key=Key-VS-1 (GDQl...SlST) mode=file
2026-04-17 08:24:38 [INFO] - OK   hash=cd0e91084f9f2d416c1c2b275ac68d7e estado=malware_o_detectado saved='clasificacion/VirusShare_00499/reportes/reporte/cd0e91084f9f2d416c1c2b275ac68d7e.json'
2026-04-17 08:24:53 [INFO] - START hash=25cebb971977f4f0ef5ef42a957a0f07 lote=VirusShare_00499 key=Key-VS-1 (GDQl...SlST) mode=file
2026-04-17 08:24:53 [INFO] - OK   hash=25cebb971977f4f0ef5ef42a957a0f07 estado=malware_o_detectado saved='clasificacion/VirusShare_00499/reportes/reporte/25cebb971977f4f0ef5ef42a957a0f07.json'
2026-04-17 08:25:08 [INFO] - START hash=4e8201cff60cfce8c06c09003299ca31 lote=VirusShare_00499 key=Key-VS-1 (GDQl...SlST) mode=file
2026-04-17 08:25:09 [INFO] - OK   hash=4e8201cff60cfce8c06c09003299ca31 estado=malware_o_detectado saved='clasificacion/VirusShare_00499/reportes/reporte/4e8201cff60cfce8c06c09003299ca31.json'
2026-04-17 08:25:24 [INFO] - START hash=6cbf62e2ae3a131371ac87c2a0c077b6 lote=VirusShare_00499 key=Key-VS-1 (GDQl...SlST) mode=file
2026-04-17 08:25:24 [INFO] - OK   hash=6cbf62e2ae3a131371ac87c2a0c077b6 estado=malware_o_detectado saved='clasificacion/VirusShare_00499/reportes/reporte/6cbf62e2ae3a131371ac87c2a0c077b6.json'
2026-04-17 08:25:39 [INFO] - START hash=8194254a1962cc49fc1656ca3fa5b84d lote=VirusShare_00499 key=Key-VS-1 (GDQl...SlST) mode=file
2026-04-17 08:25:39 [INFO] - OK   hash=8194254a1962cc49fc1656ca3fa5b84d estado=malware_o_detectado saved='clasificacion/VirusShare_00499/reportes/reporte/8194254a1962cc49fc1656ca3fa5b84d.json'
2026-04-17 08:25:54 [INFO] - START hash=15574ab8d3c64a96f6a4476b9c15475f lote=VirusShare_00499 key=Key-VS-1 (GDQl...SlST) mode=file
2026-04-17 08:25:55 [INFO] - OK   hash=15574ab8d3c64a96f6a4476b9c15475f estado=malware_o_detectado saved='clasificacion/VirusShare_00499/reportes/reporte/15574ab8d3c64a96f6a4476b9c15475f.json'
2026-04-17 08:26:10 [INFO] - START hash=187836011e88949e5668316263e0d2e8 lote=VirusShare_00499 key=Key-VS-1 (GDQl...SlST) mode=file
2026-04-17 08:26:10 [INFO] - OK   hash=187836011e88949e5668316263e0d2e8 estado=malware_o_detectado saved='clasificacion/VirusShare_00499/reportes/reporte/187836011e88949e5668316263e0d2e8.json'
2026-04-17 08:26:25 [INFO] - START hash=df0f5ff318cef46a596f3ab8e693fc02 lote=VirusShare_00499 key=Key-VS-1 (GDQl...SlST) mode=file
2026-04-17 08:26:25 [INFO] - OK   hash=df0f5ff318cef46a596f3ab8e693fc02 estado=malware_o_detectado saved='clasificacion/VirusShare_00499/reportes/reporte/df0f5ff318cef46a596f3ab8e693fc02.json'
2026-04-17 08:26:40 [INFO] - START hash=1ba1abdb899a32f5aca11ecbf9fa6661 lote=VirusShare_00499 key=Key-VS-1 (GDQl...SlST) mode=file
2026-04-17 08:26:41 [INFO] - OK   hash=1ba1abdb899a32f5aca11ecbf9fa6661 estado=malware_o_detectado saved='clasificacion/VirusShare_00499/reportes/reporte/1ba1abdb899a32f5aca11ecbf9fa6661.json'
2026-04-17 08:26:56 [INFO] - START hash=91e236841aab8d1c732c3b52408ba539 lote=VirusShare_00499 key=Key-VS-1 (GDQl...SlST) mode=file
2026-04-17 08:26:56 [INFO] - OK   hash=91e236841aab8d1c732c3b52408ba539 estado=malware_o_detectado saved='clasificacion/VirusShare_00499/reportes/reporte/91e236841aab8d1c732c3b52408ba539.json'
2026-04-17 08:27:11 [INFO] - START hash=fb2a69cd17b14ac278c40ea5379a241b lote=VirusShare_00499 key=Key-VS-1 (GDQl...SlST) mode=file
2026-04-17 08:27:11 [INFO] - OK   hash=fb2a69cd17b14ac278c40ea5379a241b estado=malware_o_detectado saved='clasificacion/VirusShare_00499/reportes/reporte/fb2a69cd17b14ac278c40ea5379a241b.json'
2026-04-17 08:27:26 [INFO] - START hash=d1c0da78324a87075ede8cf42d84aef9 lote=VirusShare_00499 key=Key-VS-1 (GDQl...SlST) mode=file
2026-04-17 08:27:27 [INFO] - OK   hash=d1c0da78324a87075ede8cf42d84aef9 estado=malware_o_detectado saved='clasificacion/VirusShare_00499/reportes/reporte/d1c0da78324a87075ede8cf42d84aef9.json'
2026-04-17 08:27:42 [INFO] - START hash=5f6fdb4d7bf1ad7df90ff8fd7e22deb7 lote=VirusShare_00499 key=Key-VS-1 (GDQl...SlST) mode=file
2026-04-17 08:27:42 [INFO] - OK   hash=5f6fdb4d7bf1ad7df90ff8fd7e22deb7 estado=malware_o_detectado saved='clasificacion/VirusShare_00499/reportes/reporte/5f6fdb4d7bf1ad7df90ff8fd7e22deb7.json'
2026-04-17 08:27:57 [INFO] - START hash=68070cc69116075e748ec914355cdeac lote=VirusShare_00499 key=Key-VS-1 (GDQl...SlST) mode=file
2026-04-17 08:27:57 [INFO] - OK   hash=68070cc69116075e748ec914355cdeac estado=malware_o_detectado saved='clasificacion/VirusShare_00499/reportes/reporte/68070cc69116075e748ec914355cdeac.json'
2026-04-17 08:28:12 [INFO] - START hash=1290e10bce80e1635e8093b60099f8a5 lote=VirusShare_00499 key=Key-VS-1 (GDQl...SlST) mode=file
2026-04-17 08:28:12 [INFO] - OK   hash=1290e10bce80e1635e8093b60099f8a5 estado=malware_o_detectado saved='clasificacion/VirusShare_00499/reportes/reporte/1290e10bce80e1635e8093b60099f8a5.json'
2026-04-17 08:28:27 [INFO] - START hash=f3ddff6212fe64a299846b203b668c89 lote=VirusShare_00499 key=Key-VS-1 (GDQl...SlST) mode=file
2026-04-17 08:28:28 [INFO] - OK   hash=f3ddff6212fe64a299846b203b668c89 estado=malware_o_detectado saved='clasificacion/VirusShare_00499/reportes/reporte/f3ddff6212fe64a299846b203b668c89.json'
2026-04-17 08:28:43 [INFO] - START hash=3f488ffc9c0309629a395ddf91b1f58c lote=VirusShare_00499 key=Key-VS-1 (GDQl...SlST) mode=file
2026-04-17 08:28:43 [INFO] - OK   hash=3f488ffc9c0309629a395ddf91b1f58c estado=malware_o_detectado saved='clasificacion/VirusShare_00499/reportes/reporte/3f488ffc9c0309629a395ddf91b1f58c.json'
2026-04-17 08:28:58 [INFO] - START hash=7921e664fff100a58372b4d4e526d685 lote=VirusShare_00499 key=Key-VS-1 (GDQl...SlST) mode=file
2026-04-17 08:28:58 [INFO] - OK   hash=7921e664fff100a58372b4d4e526d685 estado=malware_o_detectado saved='clasificacion/VirusShare_00499/reportes/reporte/7921e664fff100a58372b4d4e526d685.json'
2026-04-17 08:29:13 [INFO] - START hash=ec3d77ad09a06688bb4f5ac20488002b lote=VirusShare_00499 key=Key-VS-1 (GDQl...SlST) mode=file
2026-04-17 08:29:13 [INFO] - OK   hash=ec3d77ad09a06688bb4f5ac20488002b estado=malware_o_detectado saved='clasificacion/VirusShare_00499/reportes/reporte/ec3d77ad09a06688bb4f5ac20488002b.json'
2026-04-17 08:29:28 [INFO] - START hash=014e3388a3642cd5825e33aee90d2388 lote=VirusShare_00499 key=Key-VS-1 (GDQl...SlST) mode=file
2026-04-17 08:29:29 [INFO] - OK   hash=014e3388a3642cd5825e33aee90d2388 estado=malware_o_detectado saved='clasificacion/VirusShare_00499/reportes/reporte/014e3388a3642cd5825e33aee90d2388.json'
2026-04-17 08:29:44 [INFO] - START hash=2f79b5cef98ae6a3cbfb6a2b6d9fd25c lote=VirusShare_00499 key=Key-VS-1 (GDQl...SlST) mode=file
2026-04-17 08:29:44 [INFO] - OK   hash=2f79b5cef98ae6a3cbfb6a2b6d9fd25c estado=malware_o_detectado saved='clasificacion/VirusShare_00499/reportes/reporte/2f79b5cef98ae6a3cbfb6a2b6d9fd25c.json'
2026-04-17 08:29:59 [INFO] - START hash=0d22cf31645862583e66531d0d999c41 lote=VirusShare_00499 key=Key-VS-1 (GDQl...SlST) mode=file
2026-04-17 08:29:59 [INFO] - OK   hash=0d22cf31645862583e66531d0d999c41 estado=malware_o_detectado saved='clasificacion/VirusShare_00499/reportes/reporte/0d22cf31645862583e66531d0d999c41.json'
2026-04-17 08:30:14 [INFO] - START hash=a554150052ab90c1489ca724f6d25684 lote=VirusShare_00499 key=Key-VS-1 (GDQl...SlST) mode=file
2026-04-17 08:30:14 [INFO] - OK   hash=a554150052ab90c1489ca724f6d25684 estado=malware_o_detectado saved='clasificacion/VirusShare_00499/reportes/reporte/a554150052ab90c1489ca724f6d25684.json'
2026-04-17 08:30:29 [INFO] - START hash=9a2c7cd825831aa0e0d226192a148277 lote=VirusShare_00499 key=Key-VS-1 (GDQl...SlST) mode=file
2026-04-17 08:30:30 [INFO] - OK   hash=9a2c7cd825831aa0e0d226192a148277 estado=malware_o_detectado saved='clasificacion/VirusShare_00499/reportes/reporte/9a2c7cd825831aa0e0d226192a148277.json'
2026-04-17 08:30:45 [INFO] - START hash=735163ccbda525389d2cd4e5dfd6fd77 lote=VirusShare_00499 key=Key-VS-1 (GDQl...SlST) mode=file
2026-04-17 08:30:45 [INFO] - OK   hash=735163ccbda525389d2cd4e5dfd6fd77 estado=malware_o_detectado saved='clasificacion/VirusShare_00499/reportes/reporte/735163ccbda525389d2cd4e5dfd6fd77.json'
2026-04-17 08:31:00 [INFO] - START hash=86cd2d0d7cd2e4563c7d9a57efaca868 lote=VirusShare_00499 key=Key-VS-1 (GDQl...SlST) mode=file
2026-04-17 08:31:00 [INFO] - OK   hash=86cd2d0d7cd2e4563c7d9a57efaca868 estado=malware_o_detectado saved='clasificacion/VirusShare_00499/reportes/reporte/86cd2d0d7cd2e4563c7d9a57efaca868.json'
2026-04-17 08:31:15 [INFO] - START hash=5bc3d4c418309ff3a35266c0a07dde81 lote=VirusShare_00499 key=Key-VS-1 (GDQl...SlST) mode=file
2026-04-17 08:31:15 [INFO] - OK   hash=5bc3d4c418309ff3a35266c0a07dde81 estado=malware_o_detectado saved='clasificacion/VirusShare_00499/reportes/reporte/5bc3d4c418309ff3a35266c0a07dde81.json'
2026-04-17 08:31:30 [INFO] - START hash=fcc1f017a5347aad900cb37f2d5cd8ad lote=VirusShare_00499 key=Key-VS-1 (GDQl...SlST) mode=file
2026-04-17 08:31:31 [INFO] - OK   hash=fcc1f017a5347aad900cb37f2d5cd8ad estado=malware_o_detectado saved='clasificacion/VirusShare_00499/reportes/reporte/fcc1f017a5347aad900cb37f2d5cd8ad.json'
2026-04-17 08:31:46 [INFO] - START hash=a350e4842ba23a85c75dc79753918e90 lote=VirusShare_00499 key=Key-VS-1 (GDQl...SlST) mode=file
2026-04-17 08:31:46 [INFO] - OK   hash=a350e4842ba23a85c75dc79753918e90 estado=malware_o_detectado saved='clasificacion/VirusShare_00499/reportes/reporte/a350e4842ba23a85c75dc79753918e90.json'
2026-04-17 08:32:01 [INFO] - START hash=9fb8638729ce136de4a04de459b4ba35 lote=VirusShare_00499 key=Key-VS-1 (GDQl...SlST) mode=file
2026-04-17 08:32:01 [INFO] - OK   hash=9fb8638729ce136de4a04de459b4ba35 estado=malware_o_detectado saved='clasificacion/VirusShare_00499/reportes/reporte/9fb8638729ce136de4a04de459b4ba35.json'
2026-04-17 08:32:16 [INFO] - START hash=4e378d8b014c54a84582e9caa04ffc1a lote=VirusShare_00499 key=Key-VS-1 (GDQl...SlST) mode=file
2026-04-17 08:32:16 [INFO] - OK   hash=4e378d8b014c54a84582e9caa04ffc1a estado=malware_o_detectado saved='clasificacion/VirusShare_00499/reportes/reporte/4e378d8b014c54a84582e9caa04ffc1a.json'
2026-04-17 08:32:31 [INFO] - START hash=ddd714d5ee81be83fa5553c8a9b0e70b lote=VirusShare_00499 key=Key-VS-1 (GDQl...SlST) mode=file
2026-04-17 08:32:32 [INFO] - OK   hash=ddd714d5ee81be83fa5553c8a9b0e70b estado=malware_o_detectado saved='clasificacion/VirusShare_00499/reportes/reporte/ddd714d5ee81be83fa5553c8a9b0e70b.json'
2026-04-17 08:32:47 [INFO] - START hash=af8a1e7a0bfc889366b67d305aff9f22 lote=VirusShare_00499 key=Key-VS-1 (GDQl...SlST) mode=file
2026-04-17 08:32:47 [INFO] - OK   hash=af8a1e7a0bfc889366b67d305aff9f22 estado=malware_o_detectado saved='clasificacion/VirusShare_00499/reportes/reporte/af8a1e7a0bfc889366b67d305aff9f22.json'
2026-04-17 08:33:02 [INFO] - START hash=4dc784207c23dc4cccbdb4dc2b630c26 lote=VirusShare_00499 key=Key-VS-1 (GDQl...SlST) mode=file
2026-04-17 08:33:02 [INFO] - OK   hash=4dc784207c23dc4cccbdb4dc2b630c26 estado=malware_o_detectado saved='clasificacion/VirusShare_00499/reportes/reporte/4dc784207c23dc4cccbdb4dc2b630c26.json'
2026-04-17 08:33:17 [INFO] - START hash=694b49f87c8b2ab25fa7762242e39476 lote=VirusShare_00499 key=Key-VS-1 (GDQl...SlST) mode=file
2026-04-17 08:33:17 [INFO] - OK   hash=694b49f87c8b2ab25fa7762242e39476 estado=malware_o_detectado saved='clasificacion/VirusShare_00499/reportes/reporte/694b49f87c8b2ab25fa7762242e39476.json'
2026-04-17 08:33:32 [INFO] - START hash=bf3c224f4f077b85df561015000acad4 lote=VirusShare_00499 key=Key-VS-1 (GDQl...SlST) mode=file
2026-04-17 08:33:33 [INFO] - OK   hash=bf3c224f4f077b85df561015000acad4 estado=malware_o_detectado saved='clasificacion/VirusShare_00499/reportes/reporte/bf3c224f4f077b85df561015000acad4.json'
2026-04-17 08:33:48 [INFO] - START hash=ad4226cb90ac781d5537c5a2ab61ae2c lote=VirusShare_00499 key=Key-VS-1 (GDQl...SlST) mode=file
2026-04-17 08:33:48 [INFO] - OK   hash=ad4226cb90ac781d5537c5a2ab61ae2c estado=malware_o_detectado saved='clasificacion/VirusShare_00499/reportes/reporte/ad4226cb90ac781d5537c5a2ab61ae2c.json'
2026-04-17 08:34:03 [INFO] - START hash=b2df7e59dec3a98290ba455933f9a404 lote=VirusShare_00499 key=Key-VS-1 (GDQl...SlST) mode=file
2026-04-17 08:34:03 [INFO] - OK   hash=b2df7e59dec3a98290ba455933f9a404 estado=malware_o_detectado saved='clasificacion/VirusShare_00499/reportes/reporte/b2df7e59dec3a98290ba455933f9a404.json'
2026-04-17 08:34:18 [INFO] - START hash=5f2e2178737960aa2a36cf6964dae1e7 lote=VirusShare_00499 key=Key-VS-1 (GDQl...SlST) mode=file
2026-04-17 08:34:18 [INFO] - OK   hash=5f2e2178737960aa2a36cf6964dae1e7 estado=malware_o_detectado saved='clasificacion/VirusShare_00499/reportes/reporte/5f2e2178737960aa2a36cf6964dae1e7.json'
2026-04-17 08:34:33 [INFO] - START hash=30ecff13914b16289433369cbca71bc1 lote=VirusShare_00499 key=Key-VS-1 (GDQl...SlST) mode=file
2026-04-17 08:34:34 [INFO] - OK   hash=30ecff13914b16289433369cbca71bc1 estado=malware_o_detectado saved='clasificacion/VirusShare_00499/reportes/reporte/30ecff13914b16289433369cbca71bc1.json'
2026-04-17 08:34:49 [INFO] - START hash=bd87c46afff8acaa15258ae55b387cd8 lote=VirusShare_00499 key=Key-VS-1 (GDQl...SlST) mode=file
2026-04-17 08:34:50 [INFO] - OK   hash=bd87c46afff8acaa15258ae55b387cd8 estado=malware_o_detectado saved='clasificacion/VirusShare_00499/reportes/reporte/bd87c46afff8acaa15258ae55b387cd8.json'
2026-04-17 08:35:05 [INFO] - START hash=a9c77a99e5222ff4e229bdcdcd4ad988 lote=VirusShare_00499 key=Key-VS-1 (GDQl...SlST) mode=file
2026-04-17 08:35:05 [INFO] - OK   hash=a9c77a99e5222ff4e229bdcdcd4ad988 estado=malware_o_detectado saved='clasificacion/VirusShare_00499/reportes/reporte/a9c77a99e5222ff4e229bdcdcd4ad988.json'
2026-04-17 08:35:20 [INFO] - START hash=90e3661cb0bddee6f7f53fad947928ed lote=VirusShare_00499 key=Key-VS-1 (GDQl...SlST) mode=file
2026-04-17 08:35:20 [INFO] - OK   hash=90e3661cb0bddee6f7f53fad947928ed estado=malware_o_detectado saved='clasificacion/VirusShare_00499/reportes/reporte/90e3661cb0bddee6f7f53fad947928ed.json'
2026-04-17 08:35:35 [INFO] - START hash=56eb7896f33d715099a1d326913449de lote=VirusShare_00499 key=Key-VS-1 (GDQl...SlST) mode=file
2026-04-17 08:35:36 [INFO] - OK   hash=56eb7896f33d715099a1d326913449de estado=malware_o_detectado saved='clasificacion/VirusShare_00499/reportes/reporte/56eb7896f33d715099a1d326913449de.json'
2026-04-17 08:35:51 [INFO] - START hash=ffa6ac3e1787dd2ff407621ce0e4f8f1 lote=VirusShare_00499 key=Key-VS-1 (GDQl...SlST) mode=file
2026-04-17 08:35:51 [INFO] - OK   hash=ffa6ac3e1787dd2ff407621ce0e4f8f1 estado=malware_o_detectado saved='clasificacion/VirusShare_00499/reportes/reporte/ffa6ac3e1787dd2ff407621ce0e4f8f1.json'
2026-04-17 08:36:06 [INFO] - START hash=ef30b644cf8de5202298464bb2b0959b lote=VirusShare_00499 key=Key-VS-1 (GDQl...SlST) mode=file
2026-04-17 08:36:06 [INFO] - OK   hash=ef30b644cf8de5202298464bb2b0959b estado=malware_o_detectado saved='clasificacion/VirusShare_00499/reportes/reporte/ef30b644cf8de5202298464bb2b0959b.json'
2026-04-17 08:36:21 [INFO] - START hash=e4d089c1e1f434c516d6eb700fad21d2 lote=VirusShare_00499 key=Key-VS-1 (GDQl...SlST) mode=file
2026-04-17 08:36:22 [INFO] - OK   hash=e4d089c1e1f434c516d6eb700fad21d2 estado=malware_o_detectado saved='clasificacion/VirusShare_00499/reportes/reporte/e4d089c1e1f434c516d6eb700fad21d2.json'
2026-04-17 08:36:37 [INFO] - START hash=c92e79ea0290fbf0ae05719f0fb011c3 lote=VirusShare_00499 key=Key-VS-1 (GDQl...SlST) mode=file
2026-04-17 08:36:37 [INFO] - OK   hash=c92e79ea0290fbf0ae05719f0fb011c3 estado=malware_o_detectado saved='clasificacion/VirusShare_00499/reportes/reporte/c92e79ea0290fbf0ae05719f0fb011c3.json'
2026-04-17 08:36:52 [INFO] - START hash=f6508dc61fb612d693cf96730fc39229 lote=VirusShare_00499 key=Key-VS-1 (GDQl...SlST) mode=file
2026-04-17 08:36:52 [INFO] - OK   hash=f6508dc61fb612d693cf96730fc39229 estado=malware_o_detectado saved='clasificacion/VirusShare_00499/reportes/reporte/f6508dc61fb612d693cf96730fc39229.json'
2026-04-17 08:37:07 [INFO] - START hash=eb88df9a46616ee620396ee26fa2525d lote=VirusShare_00499 key=Key-VS-1 (GDQl...SlST) mode=file
2026-04-17 08:37:07 [INFO] - OK   hash=eb88df9a46616ee620396ee26fa2525d estado=malware_o_detectado saved='clasificacion/VirusShare_00499/reportes/reporte/eb88df9a46616ee620396ee26fa2525d.json'
2026-04-17 08:37:22 [INFO] - START hash=75ba223e047155819c9d3c62f818899a lote=VirusShare_00499 key=Key-VS-1 (GDQl...SlST) mode=file
2026-04-17 08:37:22 [INFO] - OK   hash=75ba223e047155819c9d3c62f818899a estado=malware_o_detectado saved='clasificacion/VirusShare_00499/reportes/reporte/75ba223e047155819c9d3c62f818899a.json'
2026-04-17 08:37:37 [INFO] - START hash=51ea3eab7a7f0a987673e0c4b4de8814 lote=VirusShare_00499 key=Key-VS-1 (GDQl...SlST) mode=file
2026-04-17 08:37:38 [INFO] - OK   hash=51ea3eab7a7f0a987673e0c4b4de8814 estado=malware_o_detectado saved='clasificacion/VirusShare_00499/reportes/reporte/51ea3eab7a7f0a987673e0c4b4de8814.json'
2026-04-17 08:37:53 [INFO] - START hash=ad64339bda3ce92233bad33f24d978bf lote=VirusShare_00499 key=Key-VS-1 (GDQl...SlST) mode=file
2026-04-17 08:37:53 [INFO] - OK   hash=ad64339bda3ce92233bad33f24d978bf estado=malware_o_detectado saved='clasificacion/VirusShare_00499/reportes/reporte/ad64339bda3ce92233bad33f24d978bf.json'
2026-04-17 08:38:08 [INFO] - START hash=c4577d14af744fc4ba4dcf69ede4a44c lote=VirusShare_00499 key=Key-VS-1 (GDQl...SlST) mode=file
2026-04-17 08:38:08 [INFO] - OK   hash=c4577d14af744fc4ba4dcf69ede4a44c estado=malware_o_detectado saved='clasificacion/VirusShare_00499/reportes/reporte/c4577d14af744fc4ba4dcf69ede4a44c.json'
2026-04-17 08:38:23 [INFO] - START hash=b9d02c736729a17ae5f21589ac40cf89 lote=VirusShare_00499 key=Key-VS-1 (GDQl...SlST) mode=file
2026-04-17 08:38:24 [INFO] - OK   hash=b9d02c736729a17ae5f21589ac40cf89 estado=malware_o_detectado saved='clasificacion/VirusShare_00499/reportes/reporte/b9d02c736729a17ae5f21589ac40cf89.json'
2026-04-17 08:38:39 [INFO] - START hash=43dbcab978b9f7efcf5836433c33fb08 lote=VirusShare_00499 key=Key-VS-1 (GDQl...SlST) mode=file
2026-04-17 08:38:39 [INFO] - OK   hash=43dbcab978b9f7efcf5836433c33fb08 estado=malware_o_detectado saved='clasificacion/VirusShare_00499/reportes/reporte/43dbcab978b9f7efcf5836433c33fb08.json'
2026-04-17 08:38:54 [INFO] - START hash=7b0362ed1bab6968a8e12ca7596b3d06 lote=VirusShare_00499 key=Key-VS-1 (GDQl...SlST) mode=file
2026-04-17 08:38:54 [INFO] - OK   hash=7b0362ed1bab6968a8e12ca7596b3d06 estado=malware_o_detectado saved='clasificacion/VirusShare_00499/reportes/reporte/7b0362ed1bab6968a8e12ca7596b3d06.json'
2026-04-17 08:39:09 [INFO] - START hash=e9d96449a62303c63328bfc1f7e1b0be lote=VirusShare_00499 key=Key-VS-1 (GDQl...SlST) mode=file
2026-04-17 08:39:09 [INFO] - OK   hash=e9d96449a62303c63328bfc1f7e1b0be estado=malware_o_detectado saved='clasificacion/VirusShare_00499/reportes/reporte/e9d96449a62303c63328bfc1f7e1b0be.json'
2026-04-17 08:39:24 [INFO] - START hash=aa8e30f8a32b8f841f6e10b2e81e57d3 lote=VirusShare_00499 key=Key-VS-1 (GDQl...SlST) mode=file
2026-04-17 08:39:25 [INFO] - OK   hash=aa8e30f8a32b8f841f6e10b2e81e57d3 estado=malware_o_detectado saved='clasificacion/VirusShare_00499/reportes/reporte/aa8e30f8a32b8f841f6e10b2e81e57d3.json'
2026-04-17 08:39:40 [INFO] - START hash=a8249b262eb8f71ae4b40bdbd0c9b95f lote=VirusShare_00499 key=Key-VS-1 (GDQl...SlST) mode=file
2026-04-17 08:39:40 [INFO] - OK   hash=a8249b262eb8f71ae4b40bdbd0c9b95f estado=malware_o_detectado saved='clasificacion/VirusShare_00499/reportes/reporte/a8249b262eb8f71ae4b40bdbd0c9b95f.json'
2026-04-17 08:39:55 [INFO] - START hash=979fdd9a6dd5239a5b4227d99ae59c46 lote=VirusShare_00499 key=Key-VS-1 (GDQl...SlST) mode=file
2026-04-17 08:39:55 [INFO] - OK   hash=979fdd9a6dd5239a5b4227d99ae59c46 estado=malware_o_detectado saved='clasificacion/VirusShare_00499/reportes/reporte/979fdd9a6dd5239a5b4227d99ae59c46.json'
2026-04-17 08:40:10 [INFO] - START hash=cea2db3fe3aa018b1d976cb871123052 lote=VirusShare_00499 key=Key-VS-1 (GDQl...SlST) mode=file
2026-04-17 08:40:10 [INFO] - OK   hash=cea2db3fe3aa018b1d976cb871123052 estado=malware_o_detectado saved='clasificacion/VirusShare_00499/reportes/reporte/cea2db3fe3aa018b1d976cb871123052.json'
2026-04-17 08:40:25 [INFO] - START hash=783d0eb64a30970c2f14a7d0885cc308 lote=VirusShare_00499 key=Key-VS-1 (GDQl...SlST) mode=file
2026-04-17 08:40:26 [INFO] - OK   hash=783d0eb64a30970c2f14a7d0885cc308 estado=malware_o_detectado saved='clasificacion/VirusShare_00499/reportes/reporte/783d0eb64a30970c2f14a7d0885cc308.json'
2026-04-17 08:40:41 [INFO] - START hash=a0ff506e039e8766e6425077490ca2d1 lote=VirusShare_00499 key=Key-VS-1 (GDQl...SlST) mode=file
2026-04-17 08:40:41 [INFO] - OK   hash=a0ff506e039e8766e6425077490ca2d1 estado=malware_o_detectado saved='clasificacion/VirusShare_00499/reportes/reporte/a0ff506e039e8766e6425077490ca2d1.json'
2026-04-17 08:40:56 [INFO] - START hash=eef18afeee0ee6a8b9a1dace9debd224 lote=VirusShare_00499 key=Key-VS-1 (GDQl...SlST) mode=file
2026-04-17 08:40:56 [INFO] - OK   hash=eef18afeee0ee6a8b9a1dace9debd224 estado=malware_o_detectado saved='clasificacion/VirusShare_00499/reportes/reporte/eef18afeee0ee6a8b9a1dace9debd224.json'
2026-04-17 08:41:11 [INFO] - START hash=657ac98854571f8c83aaf7a6ef345e06 lote=VirusShare_00499 key=Key-VS-1 (GDQl...SlST) mode=file
2026-04-17 08:41:11 [INFO] - OK   hash=657ac98854571f8c83aaf7a6ef345e06 estado=malware_o_detectado saved='clasificacion/VirusShare_00499/reportes/reporte/657ac98854571f8c83aaf7a6ef345e06.json'
2026-04-17 08:41:26 [INFO] - START hash=13d1eba934502d44477b45ae3bf91c39 lote=VirusShare_00499 key=Key-VS-1 (GDQl...SlST) mode=file
2026-04-17 08:41:27 [INFO] - OK   hash=13d1eba934502d44477b45ae3bf91c39 estado=malware_o_detectado saved='clasificacion/VirusShare_00499/reportes/reporte/13d1eba934502d44477b45ae3bf91c39.json'
2026-04-17 08:41:42 [INFO] - START hash=7f5b11bcabd10d37e1537e7c57de0433 lote=VirusShare_00499 key=Key-VS-1 (GDQl...SlST) mode=file
2026-04-17 08:41:42 [INFO] - OK   hash=7f5b11bcabd10d37e1537e7c57de0433 estado=malware_o_detectado saved='clasificacion/VirusShare_00499/reportes/reporte/7f5b11bcabd10d37e1537e7c57de0433.json'
2026-04-17 08:41:57 [INFO] - START hash=d89899ec1d0a8ff1ee50a8634832f841 lote=VirusShare_00499 key=Key-VS-1 (GDQl...SlST) mode=file
2026-04-17 08:41:57 [INFO] - OK   hash=d89899ec1d0a8ff1ee50a8634832f841 estado=malware_o_detectado saved='clasificacion/VirusShare_00499/reportes/reporte/d89899ec1d0a8ff1ee50a8634832f841.json'
2026-04-17 08:42:12 [INFO] - START hash=015b1de88b622fad0b790545ed7ecfa9 lote=VirusShare_00499 key=Key-VS-1 (GDQl...SlST) mode=file
2026-04-17 08:42:13 [INFO] - OK   hash=015b1de88b622fad0b790545ed7ecfa9 estado=malware_o_detectado saved='clasificacion/VirusShare_00499/reportes/reporte/015b1de88b622fad0b790545ed7ecfa9.json'
2026-04-17 08:42:28 [INFO] - START hash=ce7fb58c389ef57751b280218b2129e5 lote=VirusShare_00499 key=Key-VS-1 (GDQl...SlST) mode=file
2026-04-17 08:42:28 [INFO] - OK   hash=ce7fb58c389ef57751b280218b2129e5 estado=malware_o_detectado saved='clasificacion/VirusShare_00499/reportes/reporte/ce7fb58c389ef57751b280218b2129e5.json'
2026-04-17 08:42:43 [INFO] - START hash=8e08ebcc0ca25a0c97c01312a112f19d lote=VirusShare_00499 key=Key-VS-1 (GDQl...SlST) mode=file
2026-04-17 08:42:43 [INFO] - OK   hash=8e08ebcc0ca25a0c97c01312a112f19d estado=malware_o_detectado saved='clasificacion/VirusShare_00499/reportes/reporte/8e08ebcc0ca25a0c97c01312a112f19d.json'
2026-04-17 08:42:58 [INFO] - START hash=bad0af4af870c03b88e96671d47ea0ac lote=VirusShare_00499 key=Key-VS-1 (GDQl...SlST) mode=file
2026-04-17 08:42:58 [INFO] - OK   hash=bad0af4af870c03b88e96671d47ea0ac estado=malware_o_detectado saved='clasificacion/VirusShare_00499/reportes/reporte/bad0af4af870c03b88e96671d47ea0ac.json'
2026-04-17 08:43:13 [INFO] - START hash=4a01725a028cd9ea9ffd56bb53d6bd4a lote=VirusShare_00499 key=Key-VS-1 (GDQl...SlST) mode=file
2026-04-17 08:43:14 [INFO] - OK   hash=4a01725a028cd9ea9ffd56bb53d6bd4a estado=malware_o_detectado saved='clasificacion/VirusShare_00499/reportes/reporte/4a01725a028cd9ea9ffd56bb53d6bd4a.json'
2026-04-17 08:43:29 [INFO] - START hash=4c16ac80ecb9862ed54ffb42aa17b5ee lote=VirusShare_00499 key=Key-VS-1 (GDQl...SlST) mode=file
2026-04-17 08:43:29 [INFO] - OK   hash=4c16ac80ecb9862ed54ffb42aa17b5ee estado=malware_o_detectado saved='clasificacion/VirusShare_00499/reportes/reporte/4c16ac80ecb9862ed54ffb42aa17b5ee.json'
2026-04-17 08:43:44 [INFO] - START hash=6d35d7f231f6ba06c7da33c02cc3ece3 lote=VirusShare_00499 key=Key-VS-1 (GDQl...SlST) mode=file
2026-04-17 08:43:44 [INFO] - OK   hash=6d35d7f231f6ba06c7da33c02cc3ece3 estado=malware_o_detectado saved='clasificacion/VirusShare_00499/reportes/reporte/6d35d7f231f6ba06c7da33c02cc3ece3.json'
2026-04-17 08:43:59 [INFO] - START hash=7f3a20c586b7aac7e578905bbe087b0c lote=VirusShare_00499 key=Key-VS-1 (GDQl...SlST) mode=file
2026-04-17 08:43:59 [INFO] - OK   hash=7f3a20c586b7aac7e578905bbe087b0c estado=malware_o_detectado saved='clasificacion/VirusShare_00499/reportes/reporte/7f3a20c586b7aac7e578905bbe087b0c.json'
2026-04-17 08:44:14 [INFO] - START hash=2dc396c2e1233c486a126926a191101c lote=VirusShare_00499 key=Key-VS-1 (GDQl...SlST) mode=file
2026-04-17 08:44:15 [INFO] - OK   hash=2dc396c2e1233c486a126926a191101c estado=malware_o_detectado saved='clasificacion/VirusShare_00499/reportes/reporte/2dc396c2e1233c486a126926a191101c.json'
2026-04-17 08:44:30 [INFO] - START hash=6033816fcab3316d5e0e600777a62421 lote=VirusShare_00499 key=Key-VS-1 (GDQl...SlST) mode=file
2026-04-17 08:44:30 [INFO] - OK   hash=6033816fcab3316d5e0e600777a62421 estado=malware_o_detectado saved='clasificacion/VirusShare_00499/reportes/reporte/6033816fcab3316d5e0e600777a62421.json'
2026-04-17 08:44:45 [INFO] - START hash=b6e873a295b11ca502afa6e0ff940b06 lote=VirusShare_00499 key=Key-VS-1 (GDQl...SlST) mode=file
2026-04-17 08:44:45 [INFO] - OK   hash=b6e873a295b11ca502afa6e0ff940b06 estado=malware_o_detectado saved='clasificacion/VirusShare_00499/reportes/reporte/b6e873a295b11ca502afa6e0ff940b06.json'
2026-04-17 08:45:00 [INFO] - START hash=34ceaab9de065ca48b127c4fdd2cb265 lote=VirusShare_00499 key=Key-VS-1 (GDQl...SlST) mode=file
2026-04-17 08:45:00 [INFO] - OK   hash=34ceaab9de065ca48b127c4fdd2cb265 estado=malware_o_detectado saved='clasificacion/VirusShare_00499/reportes/reporte/34ceaab9de065ca48b127c4fdd2cb265.json'
2026-04-17 08:45:15 [INFO] - START hash=7b3f07b261f0546dcf8e421df3b6335b lote=VirusShare_00499 key=Key-VS-1 (GDQl...SlST) mode=file
2026-04-17 08:45:16 [INFO] - OK   hash=7b3f07b261f0546dcf8e421df3b6335b estado=malware_o_detectado saved='clasificacion/VirusShare_00499/reportes/reporte/7b3f07b261f0546dcf8e421df3b6335b.json'
2026-04-17 08:45:31 [INFO] - START hash=08ea5296eba511b7afd173b20f39ee2a lote=VirusShare_00499 key=Key-VS-1 (GDQl...SlST) mode=file
2026-04-17 08:45:31 [INFO] - OK   hash=08ea5296eba511b7afd173b20f39ee2a estado=malware_o_detectado saved='clasificacion/VirusShare_00499/reportes/reporte/08ea5296eba511b7afd173b20f39ee2a.json'
2026-04-17 08:45:46 [INFO] - START hash=ca6c17f34e37518e3ceb510f2b0c2a0e lote=VirusShare_00499 key=Key-VS-1 (GDQl...SlST) mode=file
2026-04-17 08:45:46 [INFO] - OK   hash=ca6c17f34e37518e3ceb510f2b0c2a0e estado=malware_o_detectado saved='clasificacion/VirusShare_00499/reportes/reporte/ca6c17f34e37518e3ceb510f2b0c2a0e.json'
2026-04-17 08:46:01 [INFO] - START hash=1477a03cff5037f74e563e2485a10b95 lote=VirusShare_00499 key=Key-VS-1 (GDQl...SlST) mode=file
2026-04-17 08:46:01 [INFO] - OK   hash=1477a03cff5037f74e563e2485a10b95 estado=malware_o_detectado saved='clasificacion/VirusShare_00499/reportes/reporte/1477a03cff5037f74e563e2485a10b95.json'
2026-04-17 08:46:16 [INFO] - START hash=c0762331aaa8742a9229d501c291477f lote=VirusShare_00499 key=Key-VS-1 (GDQl...SlST) mode=file
2026-04-17 08:46:17 [INFO] - OK   hash=c0762331aaa8742a9229d501c291477f estado=malware_o_detectado saved='clasificacion/VirusShare_00499/reportes/reporte/c0762331aaa8742a9229d501c291477f.json'
2026-04-17 08:46:32 [INFO] - START hash=20d82c6fee41f61b1eecb7a9879c02fb lote=VirusShare_00499 key=Key-VS-1 (GDQl...SlST) mode=file
2026-04-17 08:46:32 [INFO] - OK   hash=20d82c6fee41f61b1eecb7a9879c02fb estado=malware_o_detectado saved='clasificacion/VirusShare_00499/reportes/reporte/20d82c6fee41f61b1eecb7a9879c02fb.json'
2026-04-17 08:46:47 [INFO] - START hash=5ac53cf3c4ee0565a26f350343dc9de2 lote=VirusShare_00499 key=Key-VS-1 (GDQl...SlST) mode=file
2026-04-17 08:46:47 [INFO] - OK   hash=5ac53cf3c4ee0565a26f350343dc9de2 estado=malware_o_detectado saved='clasificacion/VirusShare_00499/reportes/reporte/5ac53cf3c4ee0565a26f350343dc9de2.json'
2026-04-17 08:47:02 [INFO] - START hash=049b713a5352cac048c3d274e44eb649 lote=VirusShare_00499 key=Key-VS-1 (GDQl...SlST) mode=file
2026-04-17 08:47:02 [INFO] - OK   hash=049b713a5352cac048c3d274e44eb649 estado=malware_o_detectado saved='clasificacion/VirusShare_00499/reportes/reporte/049b713a5352cac048c3d274e44eb649.json'
2026-04-17 08:47:17 [INFO] - START hash=b118f584a29557ccec81cb98f3a523de lote=VirusShare_00499 key=Key-VS-1 (GDQl...SlST) mode=file
2026-04-17 08:47:18 [INFO] - OK   hash=b118f584a29557ccec81cb98f3a523de estado=malware_o_detectado saved='clasificacion/VirusShare_00499/reportes/reporte/b118f584a29557ccec81cb98f3a523de.json'
2026-04-17 08:47:33 [INFO] - START hash=3ef36b94bfbd3ac1d8f7e82b59a2c3d1 lote=VirusShare_00499 key=Key-VS-1 (GDQl...SlST) mode=file
2026-04-17 08:47:33 [INFO] - OK   hash=3ef36b94bfbd3ac1d8f7e82b59a2c3d1 estado=malware_o_detectado saved='clasificacion/VirusShare_00499/reportes/reporte/3ef36b94bfbd3ac1d8f7e82b59a2c3d1.json'
2026-04-17 08:47:48 [INFO] - START hash=a7cf2f7675c4ac9611b55611e8d6d9a0 lote=VirusShare_00499 key=Key-VS-1 (GDQl...SlST) mode=file
2026-04-17 08:47:48 [INFO] - OK   hash=a7cf2f7675c4ac9611b55611e8d6d9a0 estado=malware_o_detectado saved='clasificacion/VirusShare_00499/reportes/reporte/a7cf2f7675c4ac9611b55611e8d6d9a0.json'
2026-04-17 08:48:03 [INFO] - START hash=5bd3f7e8125ebe2a1e35e2414211db5b lote=VirusShare_00499 key=Key-VS-1 (GDQl...SlST) mode=file
2026-04-17 08:48:03 [INFO] - OK   hash=5bd3f7e8125ebe2a1e35e2414211db5b estado=malware_o_detectado saved='clasificacion/VirusShare_00499/reportes/reporte/5bd3f7e8125ebe2a1e35e2414211db5b.json'
2026-04-17 08:48:18 [INFO] - START hash=c07dc45874bd0f7a93adb07fe0fb2c06 lote=VirusShare_00499 key=Key-VS-1 (GDQl...SlST) mode=file
2026-04-17 08:48:18 [INFO] - OK   hash=c07dc45874bd0f7a93adb07fe0fb2c06 estado=malware_o_detectado saved='clasificacion/VirusShare_00499/reportes/reporte/c07dc45874bd0f7a93adb07fe0fb2c06.json'
2026-04-17 08:48:33 [INFO] - START hash=053fc4a7700ba4657525601fe4d667d9 lote=VirusShare_00499 key=Key-VS-1 (GDQl...SlST) mode=file
2026-04-17 08:48:34 [INFO] - OK   hash=053fc4a7700ba4657525601fe4d667d9 estado=malware_o_detectado saved='clasificacion/VirusShare_00499/reportes/reporte/053fc4a7700ba4657525601fe4d667d9.json'
2026-04-17 08:48:49 [INFO] - START hash=3ed3f46cea62c49e025d2da7c87c0850 lote=VirusShare_00499 key=Key-VS-1 (GDQl...SlST) mode=file
2026-04-17 08:48:49 [INFO] - OK   hash=3ed3f46cea62c49e025d2da7c87c0850 estado=malware_o_detectado saved='clasificacion/VirusShare_00499/reportes/reporte/3ed3f46cea62c49e025d2da7c87c0850.json'
2026-04-17 08:49:04 [INFO] - START hash=99eb5e1c98de2db72b1929fbc10bce73 lote=VirusShare_00499 key=Key-VS-1 (GDQl...SlST) mode=file
2026-04-17 08:49:04 [INFO] - OK   hash=99eb5e1c98de2db72b1929fbc10bce73 estado=malware_o_detectado saved='clasificacion/VirusShare_00499/reportes/reporte/99eb5e1c98de2db72b1929fbc10bce73.json'
2026-04-17 08:49:19 [INFO] - START hash=8e9bac0d80247c4b266072e17b8d07e4 lote=VirusShare_00499 key=Key-VS-1 (GDQl...SlST) mode=file
2026-04-17 08:49:19 [INFO] - OK   hash=8e9bac0d80247c4b266072e17b8d07e4 estado=malware_o_detectado saved='clasificacion/VirusShare_00499/reportes/reporte/8e9bac0d80247c4b266072e17b8d07e4.json'
2026-04-17 08:49:34 [INFO] - START hash=ab47911906b94b097d35725c2fbf91e0 lote=VirusShare_00499 key=Key-VS-1 (GDQl...SlST) mode=file
2026-04-17 08:49:35 [INFO] - OK   hash=ab47911906b94b097d35725c2fbf91e0 estado=malware_o_detectado saved='clasificacion/VirusShare_00499/reportes/reporte/ab47911906b94b097d35725c2fbf91e0.json'
2026-04-17 08:49:50 [INFO] - START hash=21bb7755876baabc161dfd8929e26ff3 lote=VirusShare_00499 key=Key-VS-1 (GDQl...SlST) mode=file
2026-04-17 08:49:50 [INFO] - OK   hash=21bb7755876baabc161dfd8929e26ff3 estado=malware_o_detectado saved='clasificacion/VirusShare_00499/reportes/reporte/21bb7755876baabc161dfd8929e26ff3.json'
2026-04-17 08:50:05 [INFO] - START hash=6305efa23a08cd092ed10433cb054e70 lote=VirusShare_00499 key=Key-VS-1 (GDQl...SlST) mode=file
2026-04-17 08:50:05 [INFO] - OK   hash=6305efa23a08cd092ed10433cb054e70 estado=malware_o_detectado saved='clasificacion/VirusShare_00499/reportes/reporte/6305efa23a08cd092ed10433cb054e70.json'
2026-04-17 08:50:20 [INFO] - START hash=571edb38c3d105d8e27ce096efc28a5c lote=VirusShare_00499 key=Key-VS-1 (GDQl...SlST) mode=file
2026-04-17 08:50:20 [INFO] - OK   hash=571edb38c3d105d8e27ce096efc28a5c estado=malware_o_detectado saved='clasificacion/VirusShare_00499/reportes/reporte/571edb38c3d105d8e27ce096efc28a5c.json'
2026-04-17 08:50:35 [INFO] - START hash=737bb977816c16e378958488b914efd5 lote=VirusShare_00499 key=Key-VS-1 (GDQl...SlST) mode=file
2026-04-17 08:50:36 [INFO] - OK   hash=737bb977816c16e378958488b914efd5 estado=malware_o_detectado saved='clasificacion/VirusShare_00499/reportes/reporte/737bb977816c16e378958488b914efd5.json'
2026-04-17 08:50:51 [INFO] - START hash=d87ca06c3689de7684e0b4059a5843ed lote=VirusShare_00499 key=Key-VS-1 (GDQl...SlST) mode=file
2026-04-17 08:50:51 [INFO] - OK   hash=d87ca06c3689de7684e0b4059a5843ed estado=malware_o_detectado saved='clasificacion/VirusShare_00499/reportes/reporte/d87ca06c3689de7684e0b4059a5843ed.json'
2026-04-17 08:51:06 [INFO] - START hash=109f9e8563fdb23cad50bc3b9d600856 lote=VirusShare_00499 key=Key-VS-1 (GDQl...SlST) mode=file
2026-04-17 08:51:06 [INFO] - OK   hash=109f9e8563fdb23cad50bc3b9d600856 estado=malware_o_detectado saved='clasificacion/VirusShare_00499/reportes/reporte/109f9e8563fdb23cad50bc3b9d600856.json'
2026-04-17 08:51:21 [INFO] - START hash=d68ddf98887faf2f22129ca921812ebc lote=VirusShare_00499 key=Key-VS-1 (GDQl...SlST) mode=file
2026-04-17 08:51:21 [INFO] - OK   hash=d68ddf98887faf2f22129ca921812ebc estado=malware_o_detectado saved='clasificacion/VirusShare_00499/reportes/reporte/d68ddf98887faf2f22129ca921812ebc.json'
2026-04-17 08:51:36 [INFO] - START hash=8a9fdd6df5b091caa5e4769d64b1bf10 lote=VirusShare_00499 key=Key-VS-1 (GDQl...SlST) mode=file
2026-04-17 08:51:37 [INFO] - OK   hash=8a9fdd6df5b091caa5e4769d64b1bf10 estado=malware_o_detectado saved='clasificacion/VirusShare_00499/reportes/reporte/8a9fdd6df5b091caa5e4769d64b1bf10.json'
2026-04-17 08:51:52 [INFO] - START hash=26969faeb596f3b49aa7f9ba3f0544c8 lote=VirusShare_00499 key=Key-VS-1 (GDQl...SlST) mode=file
2026-04-17 08:51:52 [INFO] - OK   hash=26969faeb596f3b49aa7f9ba3f0544c8 estado=malware_o_detectado saved='clasificacion/VirusShare_00499/reportes/reporte/26969faeb596f3b49aa7f9ba3f0544c8.json'
2026-04-17 08:52:07 [INFO] - START hash=1b0343ed1b83b8558797a337896b7160 lote=VirusShare_00499 key=Key-VS-1 (GDQl...SlST) mode=file
2026-04-17 08:52:07 [INFO] - OK   hash=1b0343ed1b83b8558797a337896b7160 estado=malware_o_detectado saved='clasificacion/VirusShare_00499/reportes/reporte/1b0343ed1b83b8558797a337896b7160.json'
2026-04-17 08:52:22 [INFO] - START hash=dd06d69985573df21f8f6ae21c31a1a7 lote=VirusShare_00499 key=Key-VS-1 (GDQl...SlST) mode=file
2026-04-17 08:52:22 [INFO] - OK   hash=dd06d69985573df21f8f6ae21c31a1a7 estado=malware_o_detectado saved='clasificacion/VirusShare_00499/reportes/reporte/dd06d69985573df21f8f6ae21c31a1a7.json'
2026-04-17 08:52:37 [INFO] - START hash=89580f92c71264abb59d9e0619e0fce2 lote=VirusShare_00499 key=Key-VS-1 (GDQl...SlST) mode=file
2026-04-17 08:52:38 [INFO] - OK   hash=89580f92c71264abb59d9e0619e0fce2 estado=malware_o_detectado saved='clasificacion/VirusShare_00499/reportes/reporte/89580f92c71264abb59d9e0619e0fce2.json'
2026-04-17 08:52:53 [INFO] - START hash=7abe0965ea6052d2cce4402e712ac55e lote=VirusShare_00499 key=Key-VS-1 (GDQl...SlST) mode=file
2026-04-17 08:52:53 [INFO] - OK   hash=7abe0965ea6052d2cce4402e712ac55e estado=malware_o_detectado saved='clasificacion/VirusShare_00499/reportes/reporte/7abe0965ea6052d2cce4402e712ac55e.json'
2026-04-17 08:53:08 [INFO] - START hash=617bd4d3d31ced02aa909205bc6c2c3f lote=VirusShare_00499 key=Key-VS-1 (GDQl...SlST) mode=file
2026-04-17 08:53:08 [INFO] - OK   hash=617bd4d3d31ced02aa909205bc6c2c3f estado=malware_o_detectado saved='clasificacion/VirusShare_00499/reportes/reporte/617bd4d3d31ced02aa909205bc6c2c3f.json'
2026-04-17 08:53:23 [INFO] - START hash=9094ee64d452d3bd52b52fcc4e03f7a2 lote=VirusShare_00499 key=Key-VS-1 (GDQl...SlST) mode=file
2026-04-17 08:53:23 [INFO] - OK   hash=9094ee64d452d3bd52b52fcc4e03f7a2 estado=malware_o_detectado saved='clasificacion/VirusShare_00499/reportes/reporte/9094ee64d452d3bd52b52fcc4e03f7a2.json'
2026-04-17 08:53:38 [INFO] - START hash=10bb155cef29605c15a81b35f671cdbc lote=VirusShare_00499 key=Key-VS-1 (GDQl...SlST) mode=file
2026-04-17 08:53:39 [INFO] - OK   hash=10bb155cef29605c15a81b35f671cdbc estado=malware_o_detectado saved='clasificacion/VirusShare_00499/reportes/reporte/10bb155cef29605c15a81b35f671cdbc.json'
2026-04-17 08:53:54 [INFO] - START hash=266873729086207293a1faf5dc249547 lote=VirusShare_00499 key=Key-VS-1 (GDQl...SlST) mode=file
2026-04-17 08:53:54 [INFO] - OK   hash=266873729086207293a1faf5dc249547 estado=malware_o_detectado saved='clasificacion/VirusShare_00499/reportes/reporte/266873729086207293a1faf5dc249547.json'
2026-04-17 08:54:09 [INFO] - START hash=e2195568c624aef4562f5bdef7494e48 lote=VirusShare_00499 key=Key-VS-1 (GDQl...SlST) mode=file
2026-04-17 08:54:09 [INFO] - OK   hash=e2195568c624aef4562f5bdef7494e48 estado=malware_o_detectado saved='clasificacion/VirusShare_00499/reportes/reporte/e2195568c624aef4562f5bdef7494e48.json'
2026-04-17 08:54:24 [INFO] - START hash=56b4688bae7c5d9d47591bfa2dbcea95 lote=VirusShare_00499 key=Key-VS-1 (GDQl...SlST) mode=file
2026-04-17 08:54:24 [INFO] - OK   hash=56b4688bae7c5d9d47591bfa2dbcea95 estado=malware_o_detectado saved='clasificacion/VirusShare_00499/reportes/reporte/56b4688bae7c5d9d47591bfa2dbcea95.json'
2026-04-17 08:54:39 [INFO] - START hash=252e989edd0cdaa08e360c7901d5ebc4 lote=VirusShare_00499 key=Key-VS-1 (GDQl...SlST) mode=file
2026-04-17 08:54:39 [INFO] - OK   hash=252e989edd0cdaa08e360c7901d5ebc4 estado=malware_o_detectado saved='clasificacion/VirusShare_00499/reportes/reporte/252e989edd0cdaa08e360c7901d5ebc4.json'
2026-04-17 08:54:54 [INFO] - START hash=c0637ab14de45b10173a0169d2575315 lote=VirusShare_00499 key=Key-VS-1 (GDQl...SlST) mode=file
2026-04-17 08:54:55 [INFO] - OK   hash=c0637ab14de45b10173a0169d2575315 estado=malware_o_detectado saved='clasificacion/VirusShare_00499/reportes/reporte/c0637ab14de45b10173a0169d2575315.json'
2026-04-17 08:55:10 [INFO] - START hash=c5dcf431f96fc9323f4dd06217eee032 lote=VirusShare_00499 key=Key-VS-1 (GDQl...SlST) mode=file
2026-04-17 08:55:10 [INFO] - OK   hash=c5dcf431f96fc9323f4dd06217eee032 estado=malware_o_detectado saved='clasificacion/VirusShare_00499/reportes/reporte/c5dcf431f96fc9323f4dd06217eee032.json'
2026-04-17 08:55:25 [INFO] - START hash=d5c5876916c86465b5466eea45b462ae lote=VirusShare_00499 key=Key-VS-1 (GDQl...SlST) mode=file
2026-04-17 08:55:25 [INFO] - OK   hash=d5c5876916c86465b5466eea45b462ae estado=malware_o_detectado saved='clasificacion/VirusShare_00499/reportes/reporte/d5c5876916c86465b5466eea45b462ae.json'
2026-04-17 08:55:40 [INFO] - START hash=6573217f02f0d11e55d3c99dd2cad4ed lote=VirusShare_00499 key=Key-VS-1 (GDQl...SlST) mode=file
2026-04-17 08:55:41 [INFO] - OK   hash=6573217f02f0d11e55d3c99dd2cad4ed estado=malware_o_detectado saved='clasificacion/VirusShare_00499/reportes/reporte/6573217f02f0d11e55d3c99dd2cad4ed.json'
2026-04-17 08:55:56 [INFO] - START hash=814a2690f912d6566a5cbeaf7f7901fd lote=VirusShare_00499 key=Key-VS-1 (GDQl...SlST) mode=file
2026-04-17 08:55:56 [INFO] - OK   hash=814a2690f912d6566a5cbeaf7f7901fd estado=malware_o_detectado saved='clasificacion/VirusShare_00499/reportes/reporte/814a2690f912d6566a5cbeaf7f7901fd.json'
2026-04-17 08:56:11 [INFO] - START hash=f6c8db5e4e3bef36a2ead336d236e7c7 lote=VirusShare_00499 key=Key-VS-1 (GDQl...SlST) mode=file
2026-04-17 08:56:11 [INFO] - OK   hash=f6c8db5e4e3bef36a2ead336d236e7c7 estado=malware_o_detectado saved='clasificacion/VirusShare_00499/reportes/reporte/f6c8db5e4e3bef36a2ead336d236e7c7.json'
2026-04-17 08:56:26 [INFO] - START hash=04d6a1d919c903ab0308ecc8528fee2f lote=VirusShare_00499 key=Key-VS-1 (GDQl...SlST) mode=file
2026-04-17 08:56:26 [INFO] - OK   hash=04d6a1d919c903ab0308ecc8528fee2f estado=malware_o_detectado saved='clasificacion/VirusShare_00499/reportes/reporte/04d6a1d919c903ab0308ecc8528fee2f.json'
2026-04-17 08:56:41 [INFO] - START hash=8e19f554d555d6fcc6cec38beddbb650 lote=VirusShare_00499 key=Key-VS-1 (GDQl...SlST) mode=file
2026-04-17 08:56:42 [INFO] - OK   hash=8e19f554d555d6fcc6cec38beddbb650 estado=malware_o_detectado saved='clasificacion/VirusShare_00499/reportes/reporte/8e19f554d555d6fcc6cec38beddbb650.json'
2026-04-17 08:56:57 [INFO] - START hash=a94698bf2aa60cfa23d89fc46bb57f8d lote=VirusShare_00499 key=Key-VS-1 (GDQl...SlST) mode=file
2026-04-17 08:56:57 [INFO] - OK   hash=a94698bf2aa60cfa23d89fc46bb57f8d estado=malware_o_detectado saved='clasificacion/VirusShare_00499/reportes/reporte/a94698bf2aa60cfa23d89fc46bb57f8d.json'
2026-04-17 08:57:12 [INFO] - START hash=cde42b36ae5c2a697277fc18fd676dea lote=VirusShare_00499 key=Key-VS-1 (GDQl...SlST) mode=file
2026-04-17 08:57:12 [INFO] - OK   hash=cde42b36ae5c2a697277fc18fd676dea estado=malware_o_detectado saved='clasificacion/VirusShare_00499/reportes/reporte/cde42b36ae5c2a697277fc18fd676dea.json'
2026-04-17 08:57:27 [INFO] - START hash=20d8ea96f54a9d4c0c05735c420db6c3 lote=VirusShare_00499 key=Key-VS-1 (GDQl...SlST) mode=file
2026-04-17 08:57:27 [INFO] - OK   hash=20d8ea96f54a9d4c0c05735c420db6c3 estado=malware_o_detectado saved='clasificacion/VirusShare_00499/reportes/reporte/20d8ea96f54a9d4c0c05735c420db6c3.json'
2026-04-17 08:57:42 [INFO] - START hash=4e412fd5c9db3b862519a8a4c89a7c2d lote=VirusShare_00499 key=Key-VS-1 (GDQl...SlST) mode=file
2026-04-17 08:57:43 [INFO] - OK   hash=4e412fd5c9db3b862519a8a4c89a7c2d estado=malware_o_detectado saved='clasificacion/VirusShare_00499/reportes/reporte/4e412fd5c9db3b862519a8a4c89a7c2d.json'
2026-04-17 08:57:58 [INFO] - START hash=83f79332a07dde1d909ebb6cd3ac9902 lote=VirusShare_00499 key=Key-VS-1 (GDQl...SlST) mode=file
2026-04-17 08:57:58 [INFO] - OK   hash=83f79332a07dde1d909ebb6cd3ac9902 estado=malware_o_detectado saved='clasificacion/VirusShare_00499/reportes/reporte/83f79332a07dde1d909ebb6cd3ac9902.json'
2026-04-17 08:58:13 [INFO] - START hash=d74f8997011c4835d720fc18b6b1baba lote=VirusShare_00499 key=Key-VS-1 (GDQl...SlST) mode=file
2026-04-17 08:58:13 [INFO] - OK   hash=d74f8997011c4835d720fc18b6b1baba estado=malware_o_detectado saved='clasificacion/VirusShare_00499/reportes/reporte/d74f8997011c4835d720fc18b6b1baba.json'
2026-04-17 08:58:28 [INFO] - START hash=4e2a6a7471957cdea55abd5f896cce36 lote=VirusShare_00499 key=Key-VS-1 (GDQl...SlST) mode=file
2026-04-17 08:58:29 [INFO] - OK   hash=4e2a6a7471957cdea55abd5f896cce36 estado=malware_o_detectado saved='clasificacion/VirusShare_00499/reportes/reporte/4e2a6a7471957cdea55abd5f896cce36.json'
2026-04-17 08:58:44 [INFO] - START hash=6ccd0250bfee0b6cde54d7fac90390f0 lote=VirusShare_00499 key=Key-VS-1 (GDQl...SlST) mode=file
2026-04-17 08:58:44 [INFO] - OK   hash=6ccd0250bfee0b6cde54d7fac90390f0 estado=malware_o_detectado saved='clasificacion/VirusShare_00499/reportes/reporte/6ccd0250bfee0b6cde54d7fac90390f0.json'
2026-04-17 08:58:59 [INFO] - START hash=38a83882168c29d4cdd55632f44b81c4 lote=VirusShare_00499 key=Key-VS-1 (GDQl...SlST) mode=file
2026-04-17 08:58:59 [INFO] - OK   hash=38a83882168c29d4cdd55632f44b81c4 estado=malware_o_detectado saved='clasificacion/VirusShare_00499/reportes/reporte/38a83882168c29d4cdd55632f44b81c4.json'
2026-04-17 08:59:14 [INFO] - START hash=8ac1c748e8cbacc5aa44c853d1ca587d lote=VirusShare_00499 key=Key-VS-1 (GDQl...SlST) mode=file
2026-04-17 08:59:14 [INFO] - OK   hash=8ac1c748e8cbacc5aa44c853d1ca587d estado=malware_o_detectado saved='clasificacion/VirusShare_00499/reportes/reporte/8ac1c748e8cbacc5aa44c853d1ca587d.json'
2026-04-17 08:59:29 [INFO] - START hash=8f80c0461c9b06ee4073402de245f356 lote=VirusShare_00499 key=Key-VS-1 (GDQl...SlST) mode=file
2026-04-17 08:59:30 [INFO] - OK   hash=8f80c0461c9b06ee4073402de245f356 estado=malware_o_detectado saved='clasificacion/VirusShare_00499/reportes/reporte/8f80c0461c9b06ee4073402de245f356.json'
2026-04-17 08:59:45 [INFO] - START hash=3a59f991066e827574a9ea0a4e85ba29 lote=VirusShare_00499 key=Key-VS-1 (GDQl...SlST) mode=file
2026-04-17 08:59:45 [INFO] - OK   hash=3a59f991066e827574a9ea0a4e85ba29 estado=malware_o_detectado saved='clasificacion/VirusShare_00499/reportes/reporte/3a59f991066e827574a9ea0a4e85ba29.json'
2026-04-17 09:00:00 [INFO] - START hash=68a1c63821b6525b12b1a0fcbcf28133 lote=VirusShare_00499 key=Key-VS-1 (GDQl...SlST) mode=file
2026-04-17 09:00:00 [INFO] - OK   hash=68a1c63821b6525b12b1a0fcbcf28133 estado=malware_o_detectado saved='clasificacion/VirusShare_00499/reportes/reporte/68a1c63821b6525b12b1a0fcbcf28133.json'
2026-04-17 09:00:15 [INFO] - START hash=8f2317ac46b2e93f4a1fec72bfcc8b97 lote=VirusShare_00499 key=Key-VS-1 (GDQl...SlST) mode=file
2026-04-17 09:00:15 [INFO] - OK   hash=8f2317ac46b2e93f4a1fec72bfcc8b97 estado=malware_o_detectado saved='clasificacion/VirusShare_00499/reportes/reporte/8f2317ac46b2e93f4a1fec72bfcc8b97.json'
2026-04-17 09:00:30 [INFO] - START hash=9c32fe2f022510742f41b70dc65cd55a lote=VirusShare_00499 key=Key-VS-1 (GDQl...SlST) mode=file
2026-04-17 09:00:31 [INFO] - OK   hash=9c32fe2f022510742f41b70dc65cd55a estado=malware_o_detectado saved='clasificacion/VirusShare_00499/reportes/reporte/9c32fe2f022510742f41b70dc65cd55a.json'
2026-04-17 09:00:46 [INFO] - START hash=9292c80bde1d05e39c4d25a35500c93f lote=VirusShare_00499 key=Key-VS-1 (GDQl...SlST) mode=file
2026-04-17 09:00:46 [INFO] - OK   hash=9292c80bde1d05e39c4d25a35500c93f estado=malware_o_detectado saved='clasificacion/VirusShare_00499/reportes/reporte/9292c80bde1d05e39c4d25a35500c93f.json'
2026-04-17 09:01:01 [INFO] - START hash=f3d1eee7f0894ad69ebf91f26d77e864 lote=VirusShare_00499 key=Key-VS-1 (GDQl...SlST) mode=file
2026-04-17 09:01:01 [INFO] - OK   hash=f3d1eee7f0894ad69ebf91f26d77e864 estado=malware_o_detectado saved='clasificacion/VirusShare_00499/reportes/reporte/f3d1eee7f0894ad69ebf91f26d77e864.json'
2026-04-17 09:01:16 [INFO] - START hash=75f40e5de23fdaa2d4e5c9b367089505 lote=VirusShare_00499 key=Key-VS-1 (GDQl...SlST) mode=file
2026-04-17 09:01:16 [INFO] - OK   hash=75f40e5de23fdaa2d4e5c9b367089505 estado=malware_o_detectado saved='clasificacion/VirusShare_00499/reportes/reporte/75f40e5de23fdaa2d4e5c9b367089505.json'
2026-04-17 09:01:31 [INFO] - START hash=337b76ca52d2e601a3c859f5db0def15 lote=VirusShare_00499 key=Key-VS-1 (GDQl...SlST) mode=file
2026-04-17 09:01:32 [INFO] - OK   hash=337b76ca52d2e601a3c859f5db0def15 estado=malware_o_detectado saved='clasificacion/VirusShare_00499/reportes/reporte/337b76ca52d2e601a3c859f5db0def15.json'
2026-04-17 09:01:47 [INFO] - START hash=fc9fbe68685454498e7e6c5dd523b81e lote=VirusShare_00499 key=Key-VS-1 (GDQl...SlST) mode=file
2026-04-17 09:01:47 [INFO] - OK   hash=fc9fbe68685454498e7e6c5dd523b81e estado=malware_o_detectado saved='clasificacion/VirusShare_00499/reportes/reporte/fc9fbe68685454498e7e6c5dd523b81e.json'
2026-04-17 09:02:02 [INFO] - START hash=ba3f167670a2129f66c358213c9b2dbd lote=VirusShare_00499 key=Key-VS-1 (GDQl...SlST) mode=file
2026-04-17 09:02:02 [INFO] - OK   hash=ba3f167670a2129f66c358213c9b2dbd estado=malware_o_detectado saved='clasificacion/VirusShare_00499/reportes/reporte/ba3f167670a2129f66c358213c9b2dbd.json'
2026-04-17 09:02:17 [INFO] - START hash=67faddc14eaee31563b10535ff463c47 lote=VirusShare_00499 key=Key-VS-1 (GDQl...SlST) mode=file
2026-04-17 09:02:17 [INFO] - OK   hash=67faddc14eaee31563b10535ff463c47 estado=malware_o_detectado saved='clasificacion/VirusShare_00499/reportes/reporte/67faddc14eaee31563b10535ff463c47.json'
2026-04-17 09:02:32 [INFO] - START hash=013758ddae33616954ce8b85edc65ed2 lote=VirusShare_00499 key=Key-VS-1 (GDQl...SlST) mode=file
2026-04-17 09:02:33 [INFO] - OK   hash=013758ddae33616954ce8b85edc65ed2 estado=malware_o_detectado saved='clasificacion/VirusShare_00499/reportes/reporte/013758ddae33616954ce8b85edc65ed2.json'
2026-04-17 09:02:48 [INFO] - START hash=e055bd2e3fbfacc1e0e296546124f37d lote=VirusShare_00499 key=Key-VS-1 (GDQl...SlST) mode=file
2026-04-17 09:02:48 [INFO] - OK   hash=e055bd2e3fbfacc1e0e296546124f37d estado=malware_o_detectado saved='clasificacion/VirusShare_00499/reportes/reporte/e055bd2e3fbfacc1e0e296546124f37d.json'
2026-04-17 09:03:03 [INFO] - START hash=4cd4438ecd9f60270cbca6be30861d7d lote=VirusShare_00499 key=Key-VS-1 (GDQl...SlST) mode=file
2026-04-17 09:03:03 [INFO] - OK   hash=4cd4438ecd9f60270cbca6be30861d7d estado=malware_o_detectado saved='clasificacion/VirusShare_00499/reportes/reporte/4cd4438ecd9f60270cbca6be30861d7d.json'
2026-04-17 09:03:18 [INFO] - START hash=2233c10a9902cf17092d5fcc5115bd13 lote=VirusShare_00499 key=Key-VS-1 (GDQl...SlST) mode=file
2026-04-17 09:03:18 [INFO] - OK   hash=2233c10a9902cf17092d5fcc5115bd13 estado=malware_o_detectado saved='clasificacion/VirusShare_00499/reportes/reporte/2233c10a9902cf17092d5fcc5115bd13.json'
2026-04-17 09:03:33 [INFO] - START hash=acfa0672fef44a735ed20c97eb63f8f2 lote=VirusShare_00499 key=Key-VS-1 (GDQl...SlST) mode=file
2026-04-17 09:03:34 [INFO] - OK   hash=acfa0672fef44a735ed20c97eb63f8f2 estado=malware_o_detectado saved='clasificacion/VirusShare_00499/reportes/reporte/acfa0672fef44a735ed20c97eb63f8f2.json'
2026-04-17 09:03:49 [INFO] - START hash=36310c4b621e2e45e53e9ae398e3d961 lote=VirusShare_00499 key=Key-VS-1 (GDQl...SlST) mode=file
2026-04-17 09:03:49 [INFO] - OK   hash=36310c4b621e2e45e53e9ae398e3d961 estado=malware_o_detectado saved='clasificacion/VirusShare_00499/reportes/reporte/36310c4b621e2e45e53e9ae398e3d961.json'
2026-04-17 09:04:04 [INFO] - START hash=acb00f6bf11e79a1f6ae108aac71c415 lote=VirusShare_00499 key=Key-VS-1 (GDQl...SlST) mode=file
2026-04-17 09:04:04 [INFO] - OK   hash=acb00f6bf11e79a1f6ae108aac71c415 estado=malware_o_detectado saved='clasificacion/VirusShare_00499/reportes/reporte/acb00f6bf11e79a1f6ae108aac71c415.json'
2026-04-17 09:04:19 [INFO] - START hash=728d3e4beb4ceed7398956b834110c22 lote=VirusShare_00499 key=Key-VS-1 (GDQl...SlST) mode=file
2026-04-17 09:04:19 [INFO] - OK   hash=728d3e4beb4ceed7398956b834110c22 estado=malware_o_detectado saved='clasificacion/VirusShare_00499/reportes/reporte/728d3e4beb4ceed7398956b834110c22.json'
2026-04-17 09:04:34 [INFO] - START hash=32d0ca612484fa809b7a7315e5d322da lote=VirusShare_00499 key=Key-VS-1 (GDQl...SlST) mode=file
2026-04-17 09:04:35 [INFO] - OK   hash=32d0ca612484fa809b7a7315e5d322da estado=malware_o_detectado saved='clasificacion/VirusShare_00499/reportes/reporte/32d0ca612484fa809b7a7315e5d322da.json'
2026-04-17 09:04:50 [INFO] - START hash=31e5b80b95a743222301865bc4624dd7 lote=VirusShare_00499 key=Key-VS-1 (GDQl...SlST) mode=file
2026-04-17 09:04:50 [INFO] - OK   hash=31e5b80b95a743222301865bc4624dd7 estado=malware_o_detectado saved='clasificacion/VirusShare_00499/reportes/reporte/31e5b80b95a743222301865bc4624dd7.json'
2026-04-17 09:05:05 [INFO] - START hash=7f8ebcafcdda30356cf5f442c144659b lote=VirusShare_00499 key=Key-VS-1 (GDQl...SlST) mode=file
2026-04-17 09:05:05 [INFO] - OK   hash=7f8ebcafcdda30356cf5f442c144659b estado=malware_o_detectado saved='clasificacion/VirusShare_00499/reportes/reporte/7f8ebcafcdda30356cf5f442c144659b.json'
2026-04-17 09:05:20 [INFO] - START hash=442910ee06418f5589898a86b85402b7 lote=VirusShare_00499 key=Key-VS-1 (GDQl...SlST) mode=file
2026-04-17 09:05:20 [INFO] - OK   hash=442910ee06418f5589898a86b85402b7 estado=malware_o_detectado saved='clasificacion/VirusShare_00499/reportes/reporte/442910ee06418f5589898a86b85402b7.json'
2026-04-17 09:05:35 [INFO] - START hash=f001df3ca2f616fd6fb9e1be935d93b0 lote=VirusShare_00499 key=Key-VS-1 (GDQl...SlST) mode=file
2026-04-17 09:05:36 [INFO] - OK   hash=f001df3ca2f616fd6fb9e1be935d93b0 estado=malware_o_detectado saved='clasificacion/VirusShare_00499/reportes/reporte/f001df3ca2f616fd6fb9e1be935d93b0.json'
2026-04-17 09:05:51 [INFO] - START hash=fc76933685de8720f26d8b0a1359e857 lote=VirusShare_00499 key=Key-VS-1 (GDQl...SlST) mode=file
2026-04-17 09:05:51 [INFO] - OK   hash=fc76933685de8720f26d8b0a1359e857 estado=malware_o_detectado saved='clasificacion/VirusShare_00499/reportes/reporte/fc76933685de8720f26d8b0a1359e857.json'
2026-04-17 09:06:06 [INFO] - START hash=cca64c6393459e32e0c7e872da917760 lote=VirusShare_00499 key=Key-VS-1 (GDQl...SlST) mode=file
2026-04-17 09:06:06 [INFO] - OK   hash=cca64c6393459e32e0c7e872da917760 estado=malware_o_detectado saved='clasificacion/VirusShare_00499/reportes/reporte/cca64c6393459e32e0c7e872da917760.json'
2026-04-17 09:06:21 [INFO] - START hash=3bb59a7a88ca2332a7918ce444541a0b lote=VirusShare_00499 key=Key-VS-1 (GDQl...SlST) mode=file
2026-04-17 09:06:21 [INFO] - OK   hash=3bb59a7a88ca2332a7918ce444541a0b estado=malware_o_detectado saved='clasificacion/VirusShare_00499/reportes/reporte/3bb59a7a88ca2332a7918ce444541a0b.json'
2026-04-17 09:06:36 [INFO] - START hash=f502d434366a05e2d689526a3c6d742d lote=VirusShare_00499 key=Key-VS-1 (GDQl...SlST) mode=file
2026-04-17 09:06:37 [INFO] - OK   hash=f502d434366a05e2d689526a3c6d742d estado=malware_o_detectado saved='clasificacion/VirusShare_00499/reportes/reporte/f502d434366a05e2d689526a3c6d742d.json'
2026-04-17 09:06:52 [INFO] - START hash=baa0567f137a920843dbbd02ec47a6d2 lote=VirusShare_00499 key=Key-VS-1 (GDQl...SlST) mode=file
2026-04-17 09:06:52 [INFO] - OK   hash=baa0567f137a920843dbbd02ec47a6d2 estado=malware_o_detectado saved='clasificacion/VirusShare_00499/reportes/reporte/baa0567f137a920843dbbd02ec47a6d2.json'
2026-04-17 09:07:07 [INFO] - START hash=a6f32eadf837f8b9d3ac9b2293ad1c7f lote=VirusShare_00499 key=Key-VS-1 (GDQl...SlST) mode=file
2026-04-17 09:07:07 [INFO] - OK   hash=a6f32eadf837f8b9d3ac9b2293ad1c7f estado=malware_o_detectado saved='clasificacion/VirusShare_00499/reportes/reporte/a6f32eadf837f8b9d3ac9b2293ad1c7f.json'
2026-04-17 09:07:22 [INFO] - START hash=8271cc233a10d7e677948ebe2e0fc144 lote=VirusShare_00499 key=Key-VS-1 (GDQl...SlST) mode=file
2026-04-17 09:07:22 [INFO] - OK   hash=8271cc233a10d7e677948ebe2e0fc144 estado=malware_o_detectado saved='clasificacion/VirusShare_00499/reportes/reporte/8271cc233a10d7e677948ebe2e0fc144.json'
2026-04-17 09:07:37 [INFO] - START hash=1dbfc53606f508f5f5cbbfca62ca01fd lote=VirusShare_00499 key=Key-VS-1 (GDQl...SlST) mode=file
2026-04-17 09:07:38 [INFO] - OK   hash=1dbfc53606f508f5f5cbbfca62ca01fd estado=malware_o_detectado saved='clasificacion/VirusShare_00499/reportes/reporte/1dbfc53606f508f5f5cbbfca62ca01fd.json'
2026-04-17 09:07:53 [INFO] - START hash=b619972ae9db0593077e0e0a1387c58a lote=VirusShare_00499 key=Key-VS-1 (GDQl...SlST) mode=file
2026-04-17 09:07:53 [INFO] - OK   hash=b619972ae9db0593077e0e0a1387c58a estado=malware_o_detectado saved='clasificacion/VirusShare_00499/reportes/reporte/b619972ae9db0593077e0e0a1387c58a.json'
2026-04-17 09:08:08 [INFO] - START hash=1344e0a4634a5ae6a179d9a33b522da9 lote=VirusShare_00499 key=Key-VS-1 (GDQl...SlST) mode=file
2026-04-17 09:08:09 [INFO] - OK   hash=1344e0a4634a5ae6a179d9a33b522da9 estado=malware_o_detectado saved='clasificacion/VirusShare_00499/reportes/reporte/1344e0a4634a5ae6a179d9a33b522da9.json'
2026-04-17 09:08:24 [INFO] - START hash=07f48b8943467aa976b9ac53c7108aa1 lote=VirusShare_00499 key=Key-VS-1 (GDQl...SlST) mode=file
2026-04-17 09:08:24 [INFO] - OK   hash=07f48b8943467aa976b9ac53c7108aa1 estado=malware_o_detectado saved='clasificacion/VirusShare_00499/reportes/reporte/07f48b8943467aa976b9ac53c7108aa1.json'
2026-04-17 09:08:39 [INFO] - START hash=c8300f09499497d5f917a324ef18c450 lote=VirusShare_00499 key=Key-VS-1 (GDQl...SlST) mode=file
2026-04-17 09:08:39 [INFO] - OK   hash=c8300f09499497d5f917a324ef18c450 estado=malware_o_detectado saved='clasificacion/VirusShare_00499/reportes/reporte/c8300f09499497d5f917a324ef18c450.json'
2026-04-17 09:08:54 [INFO] - START hash=e8cf1fb7229c0c05fed3afc5d7332ad5 lote=VirusShare_00499 key=Key-VS-1 (GDQl...SlST) mode=file
2026-04-17 09:08:55 [INFO] - OK   hash=e8cf1fb7229c0c05fed3afc5d7332ad5 estado=malware_o_detectado saved='clasificacion/VirusShare_00499/reportes/reporte/e8cf1fb7229c0c05fed3afc5d7332ad5.json'
2026-04-17 09:09:10 [INFO] - START hash=c9d5b207de2d167145a20c0ce85be4de lote=VirusShare_00499 key=Key-VS-1 (GDQl...SlST) mode=file
2026-04-17 09:09:10 [INFO] - OK   hash=c9d5b207de2d167145a20c0ce85be4de estado=malware_o_detectado saved='clasificacion/VirusShare_00499/reportes/reporte/c9d5b207de2d167145a20c0ce85be4de.json'
2026-04-17 09:09:25 [INFO] - START hash=703b09a5d69e3d8b690ba3f8ac76a669 lote=VirusShare_00499 key=Key-VS-1 (GDQl...SlST) mode=file
2026-04-17 09:09:25 [INFO] - OK   hash=703b09a5d69e3d8b690ba3f8ac76a669 estado=malware_o_detectado saved='clasificacion/VirusShare_00499/reportes/reporte/703b09a5d69e3d8b690ba3f8ac76a669.json'
2026-04-17 09:09:40 [INFO] - START hash=02e947705ebd067fd9b1fbdef378f8d9 lote=VirusShare_00499 key=Key-VS-1 (GDQl...SlST) mode=file
2026-04-17 09:09:40 [INFO] - OK   hash=02e947705ebd067fd9b1fbdef378f8d9 estado=malware_o_detectado saved='clasificacion/VirusShare_00499/reportes/reporte/02e947705ebd067fd9b1fbdef378f8d9.json'
2026-04-17 09:09:55 [INFO] - START hash=13a4d2cfff4ed6427815cbfd089f3317 lote=VirusShare_00499 key=Key-VS-1 (GDQl...SlST) mode=file
2026-04-17 09:09:56 [INFO] - OK   hash=13a4d2cfff4ed6427815cbfd089f3317 estado=malware_o_detectado saved='clasificacion/VirusShare_00499/reportes/reporte/13a4d2cfff4ed6427815cbfd089f3317.json'
2026-04-17 09:10:11 [INFO] - START hash=13389be58ee2fbc8f5d3f882ad630769 lote=VirusShare_00499 key=Key-VS-1 (GDQl...SlST) mode=file
2026-04-17 09:10:11 [INFO] - OK   hash=13389be58ee2fbc8f5d3f882ad630769 estado=malware_o_detectado saved='clasificacion/VirusShare_00499/reportes/reporte/13389be58ee2fbc8f5d3f882ad630769.json'
2026-04-17 09:10:26 [INFO] - START hash=5122f59c5fa45fc7a6ebeaf001946173 lote=VirusShare_00499 key=Key-VS-1 (GDQl...SlST) mode=file
2026-04-17 09:10:26 [INFO] - OK   hash=5122f59c5fa45fc7a6ebeaf001946173 estado=malware_o_detectado saved='clasificacion/VirusShare_00499/reportes/reporte/5122f59c5fa45fc7a6ebeaf001946173.json'
2026-04-17 09:10:41 [INFO] - START hash=3c80d9e2f40846530e27bfaf56e22bc9 lote=VirusShare_00499 key=Key-VS-1 (GDQl...SlST) mode=file
2026-04-17 09:10:42 [INFO] - OK   hash=3c80d9e2f40846530e27bfaf56e22bc9 estado=malware_o_detectado saved='clasificacion/VirusShare_00499/reportes/reporte/3c80d9e2f40846530e27bfaf56e22bc9.json'
2026-04-17 09:10:57 [INFO] - START hash=bf73ebb415e117256df56edabfdbdc22 lote=VirusShare_00499 key=Key-VS-1 (GDQl...SlST) mode=file
2026-04-17 09:10:57 [INFO] - OK   hash=bf73ebb415e117256df56edabfdbdc22 estado=malware_o_detectado saved='clasificacion/VirusShare_00499/reportes/reporte/bf73ebb415e117256df56edabfdbdc22.json'
2026-04-17 09:11:12 [INFO] - START hash=c5a230698bb11d5f30c2afb17b27bb6e lote=VirusShare_00499 key=Key-VS-1 (GDQl...SlST) mode=file
2026-04-17 09:11:12 [INFO] - OK   hash=c5a230698bb11d5f30c2afb17b27bb6e estado=malware_o_detectado saved='clasificacion/VirusShare_00499/reportes/reporte/c5a230698bb11d5f30c2afb17b27bb6e.json'
2026-04-17 09:11:27 [INFO] - START hash=ada82e5d2ead2e5ec7028d199f26f356 lote=VirusShare_00499 key=Key-VS-1 (GDQl...SlST) mode=file
2026-04-17 09:11:27 [INFO] - OK   hash=ada82e5d2ead2e5ec7028d199f26f356 estado=malware_o_detectado saved='clasificacion/VirusShare_00499/reportes/reporte/ada82e5d2ead2e5ec7028d199f26f356.json'
2026-04-17 09:11:42 [INFO] - START hash=de145e0a08ae70527c8fbffa0033d1ab lote=VirusShare_00499 key=Key-VS-1 (GDQl...SlST) mode=file
2026-04-17 09:11:42 [INFO] - OK   hash=de145e0a08ae70527c8fbffa0033d1ab estado=malware_o_detectado saved='clasificacion/VirusShare_00499/reportes/reporte/de145e0a08ae70527c8fbffa0033d1ab.json'
2026-04-17 09:11:57 [INFO] - START hash=37b11018120bfe0a4f12af223f07db73 lote=VirusShare_00499 key=Key-VS-1 (GDQl...SlST) mode=file
2026-04-17 09:11:58 [INFO] - OK   hash=37b11018120bfe0a4f12af223f07db73 estado=malware_o_detectado saved='clasificacion/VirusShare_00499/reportes/reporte/37b11018120bfe0a4f12af223f07db73.json'
2026-04-17 09:12:13 [INFO] - START hash=5e087dfd1709c3217c3422ccc0915a0e lote=VirusShare_00499 key=Key-VS-1 (GDQl...SlST) mode=file
2026-04-17 09:12:13 [INFO] - OK   hash=5e087dfd1709c3217c3422ccc0915a0e estado=malware_o_detectado saved='clasificacion/VirusShare_00499/reportes/reporte/5e087dfd1709c3217c3422ccc0915a0e.json'
2026-04-17 09:12:28 [INFO] - START hash=275054f625b5ffffee869dea6ba1fc11 lote=VirusShare_00499 key=Key-VS-1 (GDQl...SlST) mode=file
2026-04-17 09:12:28 [INFO] - OK   hash=275054f625b5ffffee869dea6ba1fc11 estado=malware_o_detectado saved='clasificacion/VirusShare_00499/reportes/reporte/275054f625b5ffffee869dea6ba1fc11.json'
2026-04-17 09:12:43 [INFO] - START hash=7c1bc2b8b2f8ca48a11229e94301a5ad lote=VirusShare_00499 key=Key-VS-1 (GDQl...SlST) mode=file
2026-04-17 09:12:43 [INFO] - OK   hash=7c1bc2b8b2f8ca48a11229e94301a5ad estado=malware_o_detectado saved='clasificacion/VirusShare_00499/reportes/reporte/7c1bc2b8b2f8ca48a11229e94301a5ad.json'
2026-04-17 09:12:58 [INFO] - START hash=4d736bf96eda9ca72c7ffbbe399fadb0 lote=VirusShare_00499 key=Key-VS-1 (GDQl...SlST) mode=file
2026-04-17 09:12:59 [INFO] - OK   hash=4d736bf96eda9ca72c7ffbbe399fadb0 estado=malware_o_detectado saved='clasificacion/VirusShare_00499/reportes/reporte/4d736bf96eda9ca72c7ffbbe399fadb0.json'
2026-04-17 09:13:14 [INFO] - START hash=0e66bc6848b8e7f0912736d8e098a0d3 lote=VirusShare_00499 key=Key-VS-1 (GDQl...SlST) mode=file
2026-04-17 09:13:14 [INFO] - OK   hash=0e66bc6848b8e7f0912736d8e098a0d3 estado=malware_o_detectado saved='clasificacion/VirusShare_00499/reportes/reporte/0e66bc6848b8e7f0912736d8e098a0d3.json'
2026-04-17 09:13:29 [INFO] - START hash=c10a8aeb5b1b151ad9dd00fb40b4a5e2 lote=VirusShare_00499 key=Key-VS-1 (GDQl...SlST) mode=file
2026-04-17 09:13:29 [INFO] - OK   hash=c10a8aeb5b1b151ad9dd00fb40b4a5e2 estado=malware_o_detectado saved='clasificacion/VirusShare_00499/reportes/reporte/c10a8aeb5b1b151ad9dd00fb40b4a5e2.json'
2026-04-17 09:13:44 [INFO] - START hash=ec0d2f76d3f3e2cf6ce24b1b8b84ba48 lote=VirusShare_00499 key=Key-VS-1 (GDQl...SlST) mode=file
2026-04-17 09:13:44 [INFO] - OK   hash=ec0d2f76d3f3e2cf6ce24b1b8b84ba48 estado=malware_o_detectado saved='clasificacion/VirusShare_00499/reportes/reporte/ec0d2f76d3f3e2cf6ce24b1b8b84ba48.json'
2026-04-17 09:13:59 [INFO] - START hash=fcc804645aecc8d22d57827a91cb0aae lote=VirusShare_00499 key=Key-VS-1 (GDQl...SlST) mode=file
2026-04-17 09:14:00 [INFO] - OK   hash=fcc804645aecc8d22d57827a91cb0aae estado=malware_o_detectado saved='clasificacion/VirusShare_00499/reportes/reporte/fcc804645aecc8d22d57827a91cb0aae.json'
2026-04-17 09:14:15 [INFO] - START hash=5292ffac8789f7bdb89c79452ae139c3 lote=VirusShare_00499 key=Key-VS-1 (GDQl...SlST) mode=file
2026-04-17 09:14:15 [INFO] - OK   hash=5292ffac8789f7bdb89c79452ae139c3 estado=malware_o_detectado saved='clasificacion/VirusShare_00499/reportes/reporte/5292ffac8789f7bdb89c79452ae139c3.json'
2026-04-17 09:14:30 [INFO] - START hash=8052386305cf74f81f7d0ac0a8e3e652 lote=VirusShare_00499 key=Key-VS-1 (GDQl...SlST) mode=file
2026-04-17 09:14:30 [INFO] - OK   hash=8052386305cf74f81f7d0ac0a8e3e652 estado=malware_o_detectado saved='clasificacion/VirusShare_00499/reportes/reporte/8052386305cf74f81f7d0ac0a8e3e652.json'
2026-04-17 09:14:45 [INFO] - START hash=64beb9e6a4a6bb8a863e6bc964fc3322 lote=VirusShare_00499 key=Key-VS-1 (GDQl...SlST) mode=file
2026-04-17 09:14:45 [INFO] - OK   hash=64beb9e6a4a6bb8a863e6bc964fc3322 estado=malware_o_detectado saved='clasificacion/VirusShare_00499/reportes/reporte/64beb9e6a4a6bb8a863e6bc964fc3322.json'
2026-04-17 09:15:00 [INFO] - START hash=be53a9269067a306b7ad4b57f62261c8 lote=VirusShare_00499 key=Key-VS-1 (GDQl...SlST) mode=file
2026-04-17 09:15:01 [INFO] - OK   hash=be53a9269067a306b7ad4b57f62261c8 estado=malware_o_detectado saved='clasificacion/VirusShare_00499/reportes/reporte/be53a9269067a306b7ad4b57f62261c8.json'
2026-04-17 09:15:16 [INFO] - START hash=0b512ceb211e83d98044569a96f5989e lote=VirusShare_00499 key=Key-VS-1 (GDQl...SlST) mode=file
2026-04-17 09:15:16 [INFO] - OK   hash=0b512ceb211e83d98044569a96f5989e estado=malware_o_detectado saved='clasificacion/VirusShare_00499/reportes/reporte/0b512ceb211e83d98044569a96f5989e.json'
2026-04-17 09:15:31 [INFO] - START hash=a42409cbb0bc336f694ee9416537ed64 lote=VirusShare_00499 key=Key-VS-1 (GDQl...SlST) mode=file
2026-04-17 09:15:31 [INFO] - OK   hash=a42409cbb0bc336f694ee9416537ed64 estado=malware_o_detectado saved='clasificacion/VirusShare_00499/reportes/reporte/a42409cbb0bc336f694ee9416537ed64.json'
2026-04-17 09:15:46 [INFO] - START hash=38e32dc1f970992b9d3466a9d7399a8f lote=VirusShare_00499 key=Key-VS-1 (GDQl...SlST) mode=file
2026-04-17 09:15:46 [INFO] - OK   hash=38e32dc1f970992b9d3466a9d7399a8f estado=malware_o_detectado saved='clasificacion/VirusShare_00499/reportes/reporte/38e32dc1f970992b9d3466a9d7399a8f.json'
2026-04-17 09:16:01 [INFO] - START hash=610658776b4ba3cf6e2c8026ebb34bac lote=VirusShare_00499 key=Key-VS-1 (GDQl...SlST) mode=file
2026-04-17 09:16:02 [INFO] - OK   hash=610658776b4ba3cf6e2c8026ebb34bac estado=malware_o_detectado saved='clasificacion/VirusShare_00499/reportes/reporte/610658776b4ba3cf6e2c8026ebb34bac.json'
2026-04-17 09:16:17 [INFO] - START hash=5755064bb046d50f0f22fedf71112044 lote=VirusShare_00499 key=Key-VS-1 (GDQl...SlST) mode=file
2026-04-17 09:16:17 [INFO] - OK   hash=5755064bb046d50f0f22fedf71112044 estado=malware_o_detectado saved='clasificacion/VirusShare_00499/reportes/reporte/5755064bb046d50f0f22fedf71112044.json'
2026-04-17 09:16:32 [INFO] - START hash=5ac145fbc116caa1d63380e7a983735f lote=VirusShare_00499 key=Key-VS-1 (GDQl...SlST) mode=file
2026-04-17 09:16:32 [INFO] - OK   hash=5ac145fbc116caa1d63380e7a983735f estado=malware_o_detectado saved='clasificacion/VirusShare_00499/reportes/reporte/5ac145fbc116caa1d63380e7a983735f.json'
2026-04-17 09:16:47 [INFO] - START hash=0c301563618378d858f4865615df045b lote=VirusShare_00499 key=Key-VS-1 (GDQl...SlST) mode=file
2026-04-17 09:16:47 [INFO] - OK   hash=0c301563618378d858f4865615df045b estado=malware_o_detectado saved='clasificacion/VirusShare_00499/reportes/reporte/0c301563618378d858f4865615df045b.json'
2026-04-17 09:17:02 [INFO] - START hash=74e52fa6daf18259d9846ea02b3cc4c9 lote=VirusShare_00499 key=Key-VS-1 (GDQl...SlST) mode=file
2026-04-17 09:17:03 [INFO] - OK   hash=74e52fa6daf18259d9846ea02b3cc4c9 estado=malware_o_detectado saved='clasificacion/VirusShare_00499/reportes/reporte/74e52fa6daf18259d9846ea02b3cc4c9.json'
2026-04-17 09:17:18 [INFO] - START hash=8ad727eaf66bea1bb1888e0a3eb46ab3 lote=VirusShare_00499 key=Key-VS-1 (GDQl...SlST) mode=file
2026-04-17 09:17:18 [INFO] - OK   hash=8ad727eaf66bea1bb1888e0a3eb46ab3 estado=malware_o_detectado saved='clasificacion/VirusShare_00499/reportes/reporte/8ad727eaf66bea1bb1888e0a3eb46ab3.json'
2026-04-17 09:17:33 [INFO] - START hash=199b845c72a76d70eaaca5846d4a678b lote=VirusShare_00499 key=Key-VS-1 (GDQl...SlST) mode=file
2026-04-17 09:17:33 [INFO] - OK   hash=199b845c72a76d70eaaca5846d4a678b estado=malware_o_detectado saved='clasificacion/VirusShare_00499/reportes/reporte/199b845c72a76d70eaaca5846d4a678b.json'
2026-04-17 09:17:48 [INFO] - START hash=1b388c88d65e098505c67f2d0e67f0ae lote=VirusShare_00499 key=Key-VS-1 (GDQl...SlST) mode=file
2026-04-17 09:17:48 [INFO] - OK   hash=1b388c88d65e098505c67f2d0e67f0ae estado=malware_o_detectado saved='clasificacion/VirusShare_00499/reportes/reporte/1b388c88d65e098505c67f2d0e67f0ae.json'
2026-04-17 09:18:03 [INFO] - START hash=f99b59c8fe62d1a802ce114a4f52278b lote=VirusShare_00499 key=Key-VS-1 (GDQl...SlST) mode=file
2026-04-17 09:18:04 [INFO] - OK   hash=f99b59c8fe62d1a802ce114a4f52278b estado=malware_o_detectado saved='clasificacion/VirusShare_00499/reportes/reporte/f99b59c8fe62d1a802ce114a4f52278b.json'
2026-04-17 09:18:19 [INFO] - START hash=324ca0b0a20f1322a27b476478e422c2 lote=VirusShare_00499 key=Key-VS-1 (GDQl...SlST) mode=file
2026-04-17 09:18:19 [INFO] - OK   hash=324ca0b0a20f1322a27b476478e422c2 estado=malware_o_detectado saved='clasificacion/VirusShare_00499/reportes/reporte/324ca0b0a20f1322a27b476478e422c2.json'
2026-04-17 09:18:34 [INFO] - START hash=165840d5ef4e21981380b537e9c24dc2 lote=VirusShare_00499 key=Key-VS-1 (GDQl...SlST) mode=file
2026-04-17 09:18:34 [INFO] - OK   hash=165840d5ef4e21981380b537e9c24dc2 estado=malware_o_detectado saved='clasificacion/VirusShare_00499/reportes/reporte/165840d5ef4e21981380b537e9c24dc2.json'
2026-04-17 09:18:49 [INFO] - START hash=b16ded72455f983ed30e08364f6ac793 lote=VirusShare_00499 key=Key-VS-1 (GDQl...SlST) mode=file
2026-04-17 09:18:49 [INFO] - OK   hash=b16ded72455f983ed30e08364f6ac793 estado=malware_o_detectado saved='clasificacion/VirusShare_00499/reportes/reporte/b16ded72455f983ed30e08364f6ac793.json'
2026-04-17 09:19:04 [INFO] - START hash=fda74f55cc0c203ef3a8b2f6804f62db lote=VirusShare_00499 key=Key-VS-1 (GDQl...SlST) mode=file
2026-04-17 09:19:05 [INFO] - OK   hash=fda74f55cc0c203ef3a8b2f6804f62db estado=malware_o_detectado saved='clasificacion/VirusShare_00499/reportes/reporte/fda74f55cc0c203ef3a8b2f6804f62db.json'
2026-04-17 09:19:20 [INFO] - START hash=372191d0b1956130333a2e0bbcf6b6e9 lote=VirusShare_00499 key=Key-VS-1 (GDQl...SlST) mode=file
2026-04-17 09:19:20 [INFO] - OK   hash=372191d0b1956130333a2e0bbcf6b6e9 estado=malware_o_detectado saved='clasificacion/VirusShare_00499/reportes/reporte/372191d0b1956130333a2e0bbcf6b6e9.json'
2026-04-17 09:19:35 [INFO] - START hash=18e525892b975f2e593449f6909b7f29 lote=VirusShare_00499 key=Key-VS-1 (GDQl...SlST) mode=file
2026-04-17 09:19:35 [INFO] - OK   hash=18e525892b975f2e593449f6909b7f29 estado=malware_o_detectado saved='clasificacion/VirusShare_00499/reportes/reporte/18e525892b975f2e593449f6909b7f29.json'
2026-04-17 09:19:50 [INFO] - START hash=cf95dec0b116d16abaca4f14053f9a88 lote=VirusShare_00499 key=Key-VS-1 (GDQl...SlST) mode=file
2026-04-17 09:19:50 [INFO] - OK   hash=cf95dec0b116d16abaca4f14053f9a88 estado=malware_o_detectado saved='clasificacion/VirusShare_00499/reportes/reporte/cf95dec0b116d16abaca4f14053f9a88.json'
2026-04-17 09:20:05 [INFO] - START hash=8b22b04032366ece310cd0147b005e3d lote=VirusShare_00499 key=Key-VS-1 (GDQl...SlST) mode=file
2026-04-17 09:20:06 [INFO] - OK   hash=8b22b04032366ece310cd0147b005e3d estado=malware_o_detectado saved='clasificacion/VirusShare_00499/reportes/reporte/8b22b04032366ece310cd0147b005e3d.json'
2026-04-17 09:20:21 [INFO] - START hash=d5d7086c4e8577203a78b875aa7656a5 lote=VirusShare_00499 key=Key-VS-1 (GDQl...SlST) mode=file
2026-04-17 09:20:21 [INFO] - OK   hash=d5d7086c4e8577203a78b875aa7656a5 estado=malware_o_detectado saved='clasificacion/VirusShare_00499/reportes/reporte/d5d7086c4e8577203a78b875aa7656a5.json'
2026-04-17 09:20:36 [INFO] - START hash=eeef2f77841863a3c08b8fa94eed6302 lote=VirusShare_00499 key=Key-VS-1 (GDQl...SlST) mode=file
2026-04-17 09:20:36 [INFO] - OK   hash=eeef2f77841863a3c08b8fa94eed6302 estado=malware_o_detectado saved='clasificacion/VirusShare_00499/reportes/reporte/eeef2f77841863a3c08b8fa94eed6302.json'
2026-04-17 09:20:51 [INFO] - START hash=f66816e54ba0633cda487a77bb266013 lote=VirusShare_00499 key=Key-VS-1 (GDQl...SlST) mode=file
2026-04-17 09:20:51 [INFO] - OK   hash=f66816e54ba0633cda487a77bb266013 estado=malware_o_detectado saved='clasificacion/VirusShare_00499/reportes/reporte/f66816e54ba0633cda487a77bb266013.json'
2026-04-17 09:21:06 [INFO] - START hash=fa3df41020f1d19895e49e92e0d189a1 lote=VirusShare_00499 key=Key-VS-1 (GDQl...SlST) mode=file
2026-04-17 09:21:07 [INFO] - OK   hash=fa3df41020f1d19895e49e92e0d189a1 estado=malware_o_detectado saved='clasificacion/VirusShare_00499/reportes/reporte/fa3df41020f1d19895e49e92e0d189a1.json'
2026-04-17 09:21:22 [INFO] - START hash=71f78ee40ba3770163d3e61c7206d5d7 lote=VirusShare_00499 key=Key-VS-1 (GDQl...SlST) mode=file
2026-04-17 09:21:22 [INFO] - OK   hash=71f78ee40ba3770163d3e61c7206d5d7 estado=malware_o_detectado saved='clasificacion/VirusShare_00499/reportes/reporte/71f78ee40ba3770163d3e61c7206d5d7.json'
2026-04-17 09:21:37 [INFO] - START hash=b4b524e010564af7540572db43dd23e0 lote=VirusShare_00499 key=Key-VS-1 (GDQl...SlST) mode=file
2026-04-17 09:21:37 [INFO] - OK   hash=b4b524e010564af7540572db43dd23e0 estado=malware_o_detectado saved='clasificacion/VirusShare_00499/reportes/reporte/b4b524e010564af7540572db43dd23e0.json'
2026-04-17 09:21:52 [INFO] - START hash=4c040c98ff27a5fb0a79461ada89feb8 lote=VirusShare_00499 key=Key-VS-1 (GDQl...SlST) mode=file
2026-04-17 09:21:52 [INFO] - OK   hash=4c040c98ff27a5fb0a79461ada89feb8 estado=malware_o_detectado saved='clasificacion/VirusShare_00499/reportes/reporte/4c040c98ff27a5fb0a79461ada89feb8.json'
2026-04-17 09:22:07 [INFO] - START hash=73f1d46abda926bcc450f72bb7231a75 lote=VirusShare_00499 key=Key-VS-1 (GDQl...SlST) mode=file
2026-04-17 09:22:08 [INFO] - OK   hash=73f1d46abda926bcc450f72bb7231a75 estado=malware_o_detectado saved='clasificacion/VirusShare_00499/reportes/reporte/73f1d46abda926bcc450f72bb7231a75.json'
2026-04-17 09:22:23 [INFO] - START hash=c41d928d62943e33ed85b86bdf43c88d lote=VirusShare_00499 key=Key-VS-1 (GDQl...SlST) mode=file
2026-04-17 09:22:23 [INFO] - OK   hash=c41d928d62943e33ed85b86bdf43c88d estado=malware_o_detectado saved='clasificacion/VirusShare_00499/reportes/reporte/c41d928d62943e33ed85b86bdf43c88d.json'
2026-04-17 09:22:38 [INFO] - START hash=76df3c6dbcbb8fda0246db05b4e15898 lote=VirusShare_00499 key=Key-VS-1 (GDQl...SlST) mode=file
2026-04-17 09:22:38 [INFO] - OK   hash=76df3c6dbcbb8fda0246db05b4e15898 estado=malware_o_detectado saved='clasificacion/VirusShare_00499/reportes/reporte/76df3c6dbcbb8fda0246db05b4e15898.json'
2026-04-17 09:22:53 [INFO] - START hash=f6dafdc143d6c2133953beb4dc33b316 lote=VirusShare_00499 key=Key-VS-1 (GDQl...SlST) mode=file
2026-04-17 09:22:53 [INFO] - OK   hash=f6dafdc143d6c2133953beb4dc33b316 estado=malware_o_detectado saved='clasificacion/VirusShare_00499/reportes/reporte/f6dafdc143d6c2133953beb4dc33b316.json'
2026-04-17 09:23:08 [INFO] - START hash=5df405644c4a0d989b6c68313ec7fd92 lote=VirusShare_00499 key=Key-VS-1 (GDQl...SlST) mode=file
2026-04-17 09:23:09 [INFO] - OK   hash=5df405644c4a0d989b6c68313ec7fd92 estado=malware_o_detectado saved='clasificacion/VirusShare_00499/reportes/reporte/5df405644c4a0d989b6c68313ec7fd92.json'
2026-04-17 09:23:24 [INFO] - START hash=6e8ba68af47adb349cade9d109805570 lote=VirusShare_00499 key=Key-VS-1 (GDQl...SlST) mode=file
2026-04-17 09:23:24 [INFO] - OK   hash=6e8ba68af47adb349cade9d109805570 estado=malware_o_detectado saved='clasificacion/VirusShare_00499/reportes/reporte/6e8ba68af47adb349cade9d109805570.json'
2026-04-17 09:23:39 [INFO] - START hash=7916c690ecc817a49e6ddcf355d244f5 lote=VirusShare_00499 key=Key-VS-1 (GDQl...SlST) mode=file
2026-04-17 09:23:39 [INFO] - OK   hash=7916c690ecc817a49e6ddcf355d244f5 estado=malware_o_detectado saved='clasificacion/VirusShare_00499/reportes/reporte/7916c690ecc817a49e6ddcf355d244f5.json'
2026-04-17 09:23:54 [INFO] - START hash=b02ab6087454b0b91cd1f99169f02440 lote=VirusShare_00499 key=Key-VS-1 (GDQl...SlST) mode=file
2026-04-17 09:23:54 [INFO] - OK   hash=b02ab6087454b0b91cd1f99169f02440 estado=malware_o_detectado saved='clasificacion/VirusShare_00499/reportes/reporte/b02ab6087454b0b91cd1f99169f02440.json'
2026-04-17 09:24:09 [INFO] - START hash=1e26e013cbd454dcc5b1423411d26800 lote=VirusShare_00499 key=Key-VS-1 (GDQl...SlST) mode=file
2026-04-17 09:24:10 [INFO] - OK   hash=1e26e013cbd454dcc5b1423411d26800 estado=malware_o_detectado saved='clasificacion/VirusShare_00499/reportes/reporte/1e26e013cbd454dcc5b1423411d26800.json'
2026-04-17 09:24:25 [INFO] - START hash=f8dc3922a39f30b0c52239aee9b23e81 lote=VirusShare_00499 key=Key-VS-1 (GDQl...SlST) mode=file
2026-04-17 09:24:25 [INFO] - OK   hash=f8dc3922a39f30b0c52239aee9b23e81 estado=malware_o_detectado saved='clasificacion/VirusShare_00499/reportes/reporte/f8dc3922a39f30b0c52239aee9b23e81.json'
2026-04-17 09:24:40 [INFO] - START hash=0e728d996c6829c2d48135ede257aab1 lote=VirusShare_00499 key=Key-VS-1 (GDQl...SlST) mode=file
2026-04-17 09:24:40 [INFO] - OK   hash=0e728d996c6829c2d48135ede257aab1 estado=malware_o_detectado saved='clasificacion/VirusShare_00499/reportes/reporte/0e728d996c6829c2d48135ede257aab1.json'
2026-04-17 09:24:55 [INFO] - START hash=746b954966ed76184885cad3fa3a022e lote=VirusShare_00499 key=Key-VS-1 (GDQl...SlST) mode=file
2026-04-17 09:24:55 [INFO] - OK   hash=746b954966ed76184885cad3fa3a022e estado=malware_o_detectado saved='clasificacion/VirusShare_00499/reportes/reporte/746b954966ed76184885cad3fa3a022e.json'
2026-04-17 09:25:10 [INFO] - START hash=5d08c180d1d595a4e6a63d86f2f71a53 lote=VirusShare_00499 key=Key-VS-1 (GDQl...SlST) mode=file
2026-04-17 09:25:11 [INFO] - OK   hash=5d08c180d1d595a4e6a63d86f2f71a53 estado=malware_o_detectado saved='clasificacion/VirusShare_00499/reportes/reporte/5d08c180d1d595a4e6a63d86f2f71a53.json'
2026-04-17 09:25:26 [INFO] - START hash=651833d87a0a10b712c9f62817ade714 lote=VirusShare_00499 key=Key-VS-1 (GDQl...SlST) mode=file
2026-04-17 09:25:26 [INFO] - OK   hash=651833d87a0a10b712c9f62817ade714 estado=malware_o_detectado saved='clasificacion/VirusShare_00499/reportes/reporte/651833d87a0a10b712c9f62817ade714.json'
2026-04-17 09:25:41 [INFO] - START hash=9f1a5eaff171177fcbd735b3ed38e363 lote=VirusShare_00499 key=Key-VS-1 (GDQl...SlST) mode=file
2026-04-17 09:25:41 [INFO] - OK   hash=9f1a5eaff171177fcbd735b3ed38e363 estado=malware_o_detectado saved='clasificacion/VirusShare_00499/reportes/reporte/9f1a5eaff171177fcbd735b3ed38e363.json'
2026-04-17 09:25:56 [INFO] - START hash=ee313e06dfa11700a0685942fbe9e740 lote=VirusShare_00499 key=Key-VS-1 (GDQl...SlST) mode=file
2026-04-17 09:25:56 [INFO] - OK   hash=ee313e06dfa11700a0685942fbe9e740 estado=malware_o_detectado saved='clasificacion/VirusShare_00499/reportes/reporte/ee313e06dfa11700a0685942fbe9e740.json'
2026-04-17 09:26:11 [INFO] - START hash=558d8d73c378472d8381667cce8a12f4 lote=VirusShare_00499 key=Key-VS-1 (GDQl...SlST) mode=file
2026-04-17 09:26:12 [INFO] - OK   hash=558d8d73c378472d8381667cce8a12f4 estado=malware_o_detectado saved='clasificacion/VirusShare_00499/reportes/reporte/558d8d73c378472d8381667cce8a12f4.json'
2026-04-17 09:26:27 [INFO] - START hash=4a5c404ae14c46c0250bc3d612098b78 lote=VirusShare_00499 key=Key-VS-1 (GDQl...SlST) mode=file
2026-04-17 09:26:27 [INFO] - OK   hash=4a5c404ae14c46c0250bc3d612098b78 estado=malware_o_detectado saved='clasificacion/VirusShare_00499/reportes/reporte/4a5c404ae14c46c0250bc3d612098b78.json'
2026-04-17 09:26:42 [INFO] - START hash=07b447e9e44378cf860dd7c28c77be81 lote=VirusShare_00499 key=Key-VS-1 (GDQl...SlST) mode=file
2026-04-17 09:26:42 [INFO] - OK   hash=07b447e9e44378cf860dd7c28c77be81 estado=malware_o_detectado saved='clasificacion/VirusShare_00499/reportes/reporte/07b447e9e44378cf860dd7c28c77be81.json'
2026-04-17 09:26:57 [INFO] - START hash=8e8803d7015e192b21a241d881c30620 lote=VirusShare_00499 key=Key-VS-1 (GDQl...SlST) mode=file
2026-04-17 09:26:58 [INFO] - OK   hash=8e8803d7015e192b21a241d881c30620 estado=malware_o_detectado saved='clasificacion/VirusShare_00499/reportes/reporte/8e8803d7015e192b21a241d881c30620.json'
2026-04-17 09:27:13 [INFO] - START hash=1cddfd399c4a198ef3ba3906890c62e4 lote=VirusShare_00499 key=Key-VS-1 (GDQl...SlST) mode=file
2026-04-17 09:27:13 [INFO] - OK   hash=1cddfd399c4a198ef3ba3906890c62e4 estado=malware_o_detectado saved='clasificacion/VirusShare_00499/reportes/reporte/1cddfd399c4a198ef3ba3906890c62e4.json'
2026-04-17 09:27:28 [INFO] - START hash=253357f28d1af3892f85339901562824 lote=VirusShare_00499 key=Key-VS-1 (GDQl...SlST) mode=file
2026-04-17 09:27:28 [INFO] - OK   hash=253357f28d1af3892f85339901562824 estado=malware_o_detectado saved='clasificacion/VirusShare_00499/reportes/reporte/253357f28d1af3892f85339901562824.json'
2026-04-17 09:27:43 [INFO] - START hash=97394e2f93fcb1483dad90548cb2c6f5 lote=VirusShare_00499 key=Key-VS-1 (GDQl...SlST) mode=file
2026-04-17 09:27:43 [INFO] - OK   hash=97394e2f93fcb1483dad90548cb2c6f5 estado=malware_o_detectado saved='clasificacion/VirusShare_00499/reportes/reporte/97394e2f93fcb1483dad90548cb2c6f5.json'
2026-04-17 09:27:58 [INFO] - START hash=889d9691d04a1356196388cd15e85208 lote=VirusShare_00499 key=Key-VS-1 (GDQl...SlST) mode=file
2026-04-17 09:27:59 [INFO] - OK   hash=889d9691d04a1356196388cd15e85208 estado=malware_o_detectado saved='clasificacion/VirusShare_00499/reportes/reporte/889d9691d04a1356196388cd15e85208.json'
2026-04-17 09:28:14 [INFO] - START hash=e54ee3efcb3e90564082dcd755179eab lote=VirusShare_00499 key=Key-VS-1 (GDQl...SlST) mode=file
2026-04-17 09:28:14 [INFO] - OK   hash=e54ee3efcb3e90564082dcd755179eab estado=malware_o_detectado saved='clasificacion/VirusShare_00499/reportes/reporte/e54ee3efcb3e90564082dcd755179eab.json'
2026-04-17 09:28:29 [INFO] - START hash=27248573824e070b3a62bd3c8733aeab lote=VirusShare_00499 key=Key-VS-1 (GDQl...SlST) mode=file
2026-04-17 09:28:29 [INFO] - OK   hash=27248573824e070b3a62bd3c8733aeab estado=malware_o_detectado saved='clasificacion/VirusShare_00499/reportes/reporte/27248573824e070b3a62bd3c8733aeab.json'
2026-04-17 09:28:44 [INFO] - START hash=8bb648df943c5c530d51f3f3674399d7 lote=VirusShare_00499 key=Key-VS-1 (GDQl...SlST) mode=file
2026-04-17 09:28:44 [INFO] - OK   hash=8bb648df943c5c530d51f3f3674399d7 estado=malware_o_detectado saved='clasificacion/VirusShare_00499/reportes/reporte/8bb648df943c5c530d51f3f3674399d7.json'
2026-04-17 09:28:59 [INFO] - START hash=79d1dd7909fc9db0f92d6730062c8b2f lote=VirusShare_00499 key=Key-VS-1 (GDQl...SlST) mode=file
2026-04-17 09:29:00 [INFO] - OK   hash=79d1dd7909fc9db0f92d6730062c8b2f estado=malware_o_detectado saved='clasificacion/VirusShare_00499/reportes/reporte/79d1dd7909fc9db0f92d6730062c8b2f.json'
2026-04-17 09:29:15 [INFO] - START hash=638c9d8758c4f5c0da4ddf0c48f41f3f lote=VirusShare_00499 key=Key-VS-1 (GDQl...SlST) mode=file
2026-04-17 09:29:15 [INFO] - OK   hash=638c9d8758c4f5c0da4ddf0c48f41f3f estado=malware_o_detectado saved='clasificacion/VirusShare_00499/reportes/reporte/638c9d8758c4f5c0da4ddf0c48f41f3f.json'
2026-04-17 09:29:30 [INFO] - START hash=c662ef1184bf0117d9123cfd17c52249 lote=VirusShare_00499 key=Key-VS-1 (GDQl...SlST) mode=file
2026-04-17 09:29:30 [INFO] - OK   hash=c662ef1184bf0117d9123cfd17c52249 estado=malware_o_detectado saved='clasificacion/VirusShare_00499/reportes/reporte/c662ef1184bf0117d9123cfd17c52249.json'
2026-04-17 09:29:45 [INFO] - START hash=70b7251533e6de8023708995f352a084 lote=VirusShare_00499 key=Key-VS-1 (GDQl...SlST) mode=file
2026-04-17 09:29:45 [INFO] - OK   hash=70b7251533e6de8023708995f352a084 estado=malware_o_detectado saved='clasificacion/VirusShare_00499/reportes/reporte/70b7251533e6de8023708995f352a084.json'
2026-04-17 09:30:00 [INFO] - START hash=3d7fec30f5fb3b008c250d6d3520a091 lote=VirusShare_00499 key=Key-VS-1 (GDQl...SlST) mode=file
2026-04-17 09:30:01 [INFO] - OK   hash=3d7fec30f5fb3b008c250d6d3520a091 estado=malware_o_detectado saved='clasificacion/VirusShare_00499/reportes/reporte/3d7fec30f5fb3b008c250d6d3520a091.json'
2026-04-17 09:30:16 [INFO] - START hash=580d53ebc57749fa848ffde65243c673 lote=VirusShare_00499 key=Key-VS-1 (GDQl...SlST) mode=file
2026-04-17 09:30:16 [INFO] - OK   hash=580d53ebc57749fa848ffde65243c673 estado=malware_o_detectado saved='clasificacion/VirusShare_00499/reportes/reporte/580d53ebc57749fa848ffde65243c673.json'
2026-04-17 09:30:31 [INFO] - START hash=4543a2f9a8798feb0c42c2f695aae53a lote=VirusShare_00499 key=Key-VS-1 (GDQl...SlST) mode=file
2026-04-17 09:30:31 [INFO] - OK   hash=4543a2f9a8798feb0c42c2f695aae53a estado=malware_o_detectado saved='clasificacion/VirusShare_00499/reportes/reporte/4543a2f9a8798feb0c42c2f695aae53a.json'
2026-04-17 09:30:46 [INFO] - START hash=248f9769aef7478643105c79eb62f848 lote=VirusShare_00499 key=Key-VS-1 (GDQl...SlST) mode=file
2026-04-17 09:30:46 [INFO] - OK   hash=248f9769aef7478643105c79eb62f848 estado=malware_o_detectado saved='clasificacion/VirusShare_00499/reportes/reporte/248f9769aef7478643105c79eb62f848.json'
2026-04-17 09:31:01 [INFO] - START hash=66c1023296fca6897508f24e6ffd0aad lote=VirusShare_00499 key=Key-VS-1 (GDQl...SlST) mode=file
2026-04-17 09:31:02 [INFO] - OK   hash=66c1023296fca6897508f24e6ffd0aad estado=malware_o_detectado saved='clasificacion/VirusShare_00499/reportes/reporte/66c1023296fca6897508f24e6ffd0aad.json'
2026-04-17 09:31:17 [INFO] - START hash=43d0d2cf9fa579df148214ed1778b738 lote=VirusShare_00499 key=Key-VS-1 (GDQl...SlST) mode=file
2026-04-17 09:31:17 [INFO] - OK   hash=43d0d2cf9fa579df148214ed1778b738 estado=malware_o_detectado saved='clasificacion/VirusShare_00499/reportes/reporte/43d0d2cf9fa579df148214ed1778b738.json'
2026-04-17 09:31:32 [INFO] - START hash=45cbbdcd78bba2f2243a1643908f5cb6 lote=VirusShare_00499 key=Key-VS-1 (GDQl...SlST) mode=file
2026-04-17 09:31:32 [INFO] - OK   hash=45cbbdcd78bba2f2243a1643908f5cb6 estado=malware_o_detectado saved='clasificacion/VirusShare_00499/reportes/reporte/45cbbdcd78bba2f2243a1643908f5cb6.json'
2026-04-17 09:31:47 [INFO] - START hash=cc988d24146360895f25549ccead1129 lote=VirusShare_00499 key=Key-VS-1 (GDQl...SlST) mode=file
2026-04-17 09:31:47 [INFO] - OK   hash=cc988d24146360895f25549ccead1129 estado=malware_o_detectado saved='clasificacion/VirusShare_00499/reportes/reporte/cc988d24146360895f25549ccead1129.json'
2026-04-17 09:32:02 [INFO] - START hash=ae747f0650a15e155f3c2ced8df2b4e8 lote=VirusShare_00499 key=Key-VS-1 (GDQl...SlST) mode=file
2026-04-17 09:32:03 [INFO] - OK   hash=ae747f0650a15e155f3c2ced8df2b4e8 estado=malware_o_detectado saved='clasificacion/VirusShare_00499/reportes/reporte/ae747f0650a15e155f3c2ced8df2b4e8.json'
2026-04-17 09:32:18 [INFO] - START hash=1df3405a9ddaedd18f2a6cf596353af9 lote=VirusShare_00499 key=Key-VS-1 (GDQl...SlST) mode=file
2026-04-17 09:32:18 [INFO] - OK   hash=1df3405a9ddaedd18f2a6cf596353af9 estado=malware_o_detectado saved='clasificacion/VirusShare_00499/reportes/reporte/1df3405a9ddaedd18f2a6cf596353af9.json'
2026-04-17 09:32:33 [INFO] - START hash=0832f6c1495019a0e395440e1b31a327 lote=VirusShare_00499 key=Key-VS-1 (GDQl...SlST) mode=file
2026-04-17 09:32:33 [INFO] - OK   hash=0832f6c1495019a0e395440e1b31a327 estado=malware_o_detectado saved='clasificacion/VirusShare_00499/reportes/reporte/0832f6c1495019a0e395440e1b31a327.json'
2026-04-17 09:32:48 [INFO] - START hash=6849674f0215ee38713206c97e463ff8 lote=VirusShare_00499 key=Key-VS-1 (GDQl...SlST) mode=file
2026-04-17 09:32:48 [INFO] - OK   hash=6849674f0215ee38713206c97e463ff8 estado=malware_o_detectado saved='clasificacion/VirusShare_00499/reportes/reporte/6849674f0215ee38713206c97e463ff8.json'
2026-04-17 09:33:03 [INFO] - START hash=30830fdff0bc807b6cdb3a8369d0c22d lote=VirusShare_00499 key=Key-VS-1 (GDQl...SlST) mode=file
2026-04-17 09:33:04 [INFO] - OK   hash=30830fdff0bc807b6cdb3a8369d0c22d estado=malware_o_detectado saved='clasificacion/VirusShare_00499/reportes/reporte/30830fdff0bc807b6cdb3a8369d0c22d.json'
2026-04-17 09:33:19 [INFO] - START hash=9dda218a8f59c86cca02338266ba83a5 lote=VirusShare_00499 key=Key-VS-1 (GDQl...SlST) mode=file
2026-04-17 09:33:19 [INFO] - OK   hash=9dda218a8f59c86cca02338266ba83a5 estado=malware_o_detectado saved='clasificacion/VirusShare_00499/reportes/reporte/9dda218a8f59c86cca02338266ba83a5.json'
2026-04-17 09:33:34 [INFO] - START hash=7e5ccb9ee901162615417fea58189dfa lote=VirusShare_00499 key=Key-VS-1 (GDQl...SlST) mode=file
2026-04-17 09:33:34 [INFO] - OK   hash=7e5ccb9ee901162615417fea58189dfa estado=malware_o_detectado saved='clasificacion/VirusShare_00499/reportes/reporte/7e5ccb9ee901162615417fea58189dfa.json'
2026-04-17 09:33:49 [INFO] - START hash=d213383b5b44f189fa8d02870964133c lote=VirusShare_00499 key=Key-VS-1 (GDQl...SlST) mode=file
2026-04-17 09:33:49 [INFO] - OK   hash=d213383b5b44f189fa8d02870964133c estado=malware_o_detectado saved='clasificacion/VirusShare_00499/reportes/reporte/d213383b5b44f189fa8d02870964133c.json'
2026-04-17 09:34:04 [INFO] - START hash=bc1d825dc424ea0da5da18acb5e3066e lote=VirusShare_00499 key=Key-VS-1 (GDQl...SlST) mode=file
2026-04-17 09:34:05 [INFO] - OK   hash=bc1d825dc424ea0da5da18acb5e3066e estado=malware_o_detectado saved='clasificacion/VirusShare_00499/reportes/reporte/bc1d825dc424ea0da5da18acb5e3066e.json'
2026-04-17 09:34:20 [INFO] - START hash=7ba12e3e013bd67178f4af7b4b1d5772 lote=VirusShare_00499 key=Key-VS-1 (GDQl...SlST) mode=file
2026-04-17 09:34:20 [INFO] - OK   hash=7ba12e3e013bd67178f4af7b4b1d5772 estado=malware_o_detectado saved='clasificacion/VirusShare_00499/reportes/reporte/7ba12e3e013bd67178f4af7b4b1d5772.json'
2026-04-17 09:34:35 [INFO] - START hash=2d0008d50a98cbc9851180377c40c2f5 lote=VirusShare_00499 key=Key-VS-1 (GDQl...SlST) mode=file
2026-04-17 09:34:35 [INFO] - OK   hash=2d0008d50a98cbc9851180377c40c2f5 estado=malware_o_detectado saved='clasificacion/VirusShare_00499/reportes/reporte/2d0008d50a98cbc9851180377c40c2f5.json'
2026-04-17 09:34:50 [INFO] - START hash=27c7c8b331cef2694acc106275f83c5f lote=VirusShare_00499 key=Key-VS-1 (GDQl...SlST) mode=file
2026-04-17 09:34:50 [INFO] - OK   hash=27c7c8b331cef2694acc106275f83c5f estado=malware_o_detectado saved='clasificacion/VirusShare_00499/reportes/reporte/27c7c8b331cef2694acc106275f83c5f.json'
2026-04-17 09:35:05 [INFO] - START hash=0cd0ed120aa5e2d94959ee8d4b699764 lote=VirusShare_00499 key=Key-VS-1 (GDQl...SlST) mode=file
2026-04-17 09:35:06 [INFO] - OK   hash=0cd0ed120aa5e2d94959ee8d4b699764 estado=malware_o_detectado saved='clasificacion/VirusShare_00499/reportes/reporte/0cd0ed120aa5e2d94959ee8d4b699764.json'
2026-04-17 09:35:21 [INFO] - START hash=139968849cb5a842e336a5c443ee7db4 lote=VirusShare_00499 key=Key-VS-1 (GDQl...SlST) mode=file
2026-04-17 09:35:21 [INFO] - OK   hash=139968849cb5a842e336a5c443ee7db4 estado=malware_o_detectado saved='clasificacion/VirusShare_00499/reportes/reporte/139968849cb5a842e336a5c443ee7db4.json'
2026-04-17 09:35:36 [INFO] - START hash=8c80bb944686190b0bf7d6098f871cfd lote=VirusShare_00499 key=Key-VS-1 (GDQl...SlST) mode=file
2026-04-17 09:35:36 [INFO] - OK   hash=8c80bb944686190b0bf7d6098f871cfd estado=malware_o_detectado saved='clasificacion/VirusShare_00499/reportes/reporte/8c80bb944686190b0bf7d6098f871cfd.json'
2026-04-17 09:35:51 [INFO] - START hash=78efceca8bafcc95e97445ded4b8ddbd lote=VirusShare_00499 key=Key-VS-1 (GDQl...SlST) mode=file
2026-04-17 09:35:51 [INFO] - OK   hash=78efceca8bafcc95e97445ded4b8ddbd estado=malware_o_detectado saved='clasificacion/VirusShare_00499/reportes/reporte/78efceca8bafcc95e97445ded4b8ddbd.json'
2026-04-17 09:36:06 [INFO] - START hash=e60da6d0e1103d88f5672833e1fa104f lote=VirusShare_00499 key=Key-VS-1 (GDQl...SlST) mode=file
2026-04-17 09:36:06 [INFO] - OK   hash=e60da6d0e1103d88f5672833e1fa104f estado=malware_o_detectado saved='clasificacion/VirusShare_00499/reportes/reporte/e60da6d0e1103d88f5672833e1fa104f.json'
2026-04-17 09:36:21 [INFO] - START hash=bcf115c96e4154db8758aa66f3cce488 lote=VirusShare_00499 key=Key-VS-1 (GDQl...SlST) mode=file
2026-04-17 09:36:22 [INFO] - OK   hash=bcf115c96e4154db8758aa66f3cce488 estado=malware_o_detectado saved='clasificacion/VirusShare_00499/reportes/reporte/bcf115c96e4154db8758aa66f3cce488.json'
2026-04-17 09:36:37 [INFO] - START hash=28ad1406a2d619972a325128d3d65ef1 lote=VirusShare_00499 key=Key-VS-1 (GDQl...SlST) mode=file
2026-04-17 09:36:37 [INFO] - OK   hash=28ad1406a2d619972a325128d3d65ef1 estado=malware_o_detectado saved='clasificacion/VirusShare_00499/reportes/reporte/28ad1406a2d619972a325128d3d65ef1.json'
2026-04-17 09:36:52 [INFO] - START hash=aab50cd2f9571aaf1834b4599595d677 lote=VirusShare_00499 key=Key-VS-1 (GDQl...SlST) mode=file
2026-04-17 09:36:52 [INFO] - OK   hash=aab50cd2f9571aaf1834b4599595d677 estado=malware_o_detectado saved='clasificacion/VirusShare_00499/reportes/reporte/aab50cd2f9571aaf1834b4599595d677.json'
2026-04-17 09:37:07 [INFO] - START hash=0bd4270c86f067dc82a62f499c7c8118 lote=VirusShare_00499 key=Key-VS-1 (GDQl...SlST) mode=file
2026-04-17 09:37:07 [INFO] - OK   hash=0bd4270c86f067dc82a62f499c7c8118 estado=malware_o_detectado saved='clasificacion/VirusShare_00499/reportes/reporte/0bd4270c86f067dc82a62f499c7c8118.json'
2026-04-17 09:37:22 [INFO] - START hash=ec4e2b1cb708537debdbdafdf3f0fbd6 lote=VirusShare_00499 key=Key-VS-1 (GDQl...SlST) mode=file
2026-04-17 09:37:23 [INFO] - OK   hash=ec4e2b1cb708537debdbdafdf3f0fbd6 estado=malware_o_detectado saved='clasificacion/VirusShare_00499/reportes/reporte/ec4e2b1cb708537debdbdafdf3f0fbd6.json'
2026-04-17 09:37:38 [INFO] - START hash=5df9f32709284cf3c86b9c26ce2e4acc lote=VirusShare_00499 key=Key-VS-1 (GDQl...SlST) mode=file
2026-04-17 09:37:38 [INFO] - OK   hash=5df9f32709284cf3c86b9c26ce2e4acc estado=malware_o_detectado saved='clasificacion/VirusShare_00499/reportes/reporte/5df9f32709284cf3c86b9c26ce2e4acc.json'
2026-04-17 09:37:53 [INFO] - START hash=3342cc0b5b684250bd6b1a70fb88f2d1 lote=VirusShare_00499 key=Key-VS-1 (GDQl...SlST) mode=file
2026-04-17 09:37:53 [INFO] - OK   hash=3342cc0b5b684250bd6b1a70fb88f2d1 estado=malware_o_detectado saved='clasificacion/VirusShare_00499/reportes/reporte/3342cc0b5b684250bd6b1a70fb88f2d1.json'
2026-04-17 09:38:08 [INFO] - START hash=ddf06f2257a30b4aadd3eb004bde26b2 lote=VirusShare_00499 key=Key-VS-1 (GDQl...SlST) mode=file
2026-04-17 09:38:08 [INFO] - OK   hash=ddf06f2257a30b4aadd3eb004bde26b2 estado=malware_o_detectado saved='clasificacion/VirusShare_00499/reportes/reporte/ddf06f2257a30b4aadd3eb004bde26b2.json'
2026-04-17 09:38:23 [INFO] - START hash=6b52cfdfdb7e1e0366ee19ae423a02d5 lote=VirusShare_00499 key=Key-VS-1 (GDQl...SlST) mode=file
2026-04-17 09:38:24 [INFO] - OK   hash=6b52cfdfdb7e1e0366ee19ae423a02d5 estado=malware_o_detectado saved='clasificacion/VirusShare_00499/reportes/reporte/6b52cfdfdb7e1e0366ee19ae423a02d5.json'
2026-04-17 09:38:39 [INFO] - START hash=b3d5ed93e60e1b55a55e9bbe07690f90 lote=VirusShare_00499 key=Key-VS-1 (GDQl...SlST) mode=file
2026-04-17 09:38:39 [INFO] - OK   hash=b3d5ed93e60e1b55a55e9bbe07690f90 estado=malware_o_detectado saved='clasificacion/VirusShare_00499/reportes/reporte/b3d5ed93e60e1b55a55e9bbe07690f90.json'
2026-04-17 09:38:54 [INFO] - START hash=52e25557950299fba700115bdb430b46 lote=VirusShare_00499 key=Key-VS-1 (GDQl...SlST) mode=file
2026-04-17 09:38:54 [INFO] - OK   hash=52e25557950299fba700115bdb430b46 estado=malware_o_detectado saved='clasificacion/VirusShare_00499/reportes/reporte/52e25557950299fba700115bdb430b46.json'
2026-04-17 09:39:09 [INFO] - START hash=a5dfff4052f05d48ae5ac9fbec44d451 lote=VirusShare_00499 key=Key-VS-1 (GDQl...SlST) mode=file
2026-04-17 09:39:09 [INFO] - OK   hash=a5dfff4052f05d48ae5ac9fbec44d451 estado=malware_o_detectado saved='clasificacion/VirusShare_00499/reportes/reporte/a5dfff4052f05d48ae5ac9fbec44d451.json'
2026-04-17 09:39:24 [INFO] - START hash=ab9c923824eec7807f0a707c69c06596 lote=VirusShare_00499 key=Key-VS-1 (GDQl...SlST) mode=file
2026-04-17 09:39:25 [INFO] - OK   hash=ab9c923824eec7807f0a707c69c06596 estado=malware_o_detectado saved='clasificacion/VirusShare_00499/reportes/reporte/ab9c923824eec7807f0a707c69c06596.json'
2026-04-17 09:39:40 [INFO] - START hash=ca168e6cde0bff5c58366738189a77f5 lote=VirusShare_00499 key=Key-VS-1 (GDQl...SlST) mode=file
2026-04-17 09:39:40 [INFO] - OK   hash=ca168e6cde0bff5c58366738189a77f5 estado=malware_o_detectado saved='clasificacion/VirusShare_00499/reportes/reporte/ca168e6cde0bff5c58366738189a77f5.json'
2026-04-17 09:39:55 [INFO] - START hash=180e8ae824223d1c3dbabdbc32a59b81 lote=VirusShare_00499 key=Key-VS-1 (GDQl...SlST) mode=file
2026-04-17 09:39:55 [INFO] - OK   hash=180e8ae824223d1c3dbabdbc32a59b81 estado=malware_o_detectado saved='clasificacion/VirusShare_00499/reportes/reporte/180e8ae824223d1c3dbabdbc32a59b81.json'
2026-04-17 09:40:10 [INFO] - START hash=35f05fbda094ec1f9cca05469a52a5e7 lote=VirusShare_00499 key=Key-VS-1 (GDQl...SlST) mode=file
2026-04-17 09:40:10 [INFO] - OK   hash=35f05fbda094ec1f9cca05469a52a5e7 estado=malware_o_detectado saved='clasificacion/VirusShare_00499/reportes/reporte/35f05fbda094ec1f9cca05469a52a5e7.json'
2026-04-17 09:40:25 [INFO] - START hash=1d47b6d58aec44fc616a023ba2af2d8b lote=VirusShare_00499 key=Key-VS-1 (GDQl...SlST) mode=file
2026-04-17 09:40:26 [INFO] - OK   hash=1d47b6d58aec44fc616a023ba2af2d8b estado=malware_o_detectado saved='clasificacion/VirusShare_00499/reportes/reporte/1d47b6d58aec44fc616a023ba2af2d8b.json'
2026-04-17 09:40:41 [INFO] - START hash=21cd5aeec5808c48b07ece74eead87b8 lote=VirusShare_00499 key=Key-VS-1 (GDQl...SlST) mode=file
2026-04-17 09:40:41 [INFO] - OK   hash=21cd5aeec5808c48b07ece74eead87b8 estado=malware_o_detectado saved='clasificacion/VirusShare_00499/reportes/reporte/21cd5aeec5808c48b07ece74eead87b8.json'
2026-04-17 09:40:56 [INFO] - START hash=90c465d315f855e8f5120d1af6f882af lote=VirusShare_00499 key=Key-VS-1 (GDQl...SlST) mode=file
2026-04-17 09:40:56 [INFO] - OK   hash=90c465d315f855e8f5120d1af6f882af estado=malware_o_detectado saved='clasificacion/VirusShare_00499/reportes/reporte/90c465d315f855e8f5120d1af6f882af.json'
2026-04-17 09:41:11 [INFO] - START hash=2859b2da8c50b6bef0744296dd61b711 lote=VirusShare_00499 key=Key-VS-1 (GDQl...SlST) mode=file
2026-04-17 09:41:11 [INFO] - OK   hash=2859b2da8c50b6bef0744296dd61b711 estado=malware_o_detectado saved='clasificacion/VirusShare_00499/reportes/reporte/2859b2da8c50b6bef0744296dd61b711.json'
2026-04-17 09:41:26 [INFO] - START hash=da447fd488785308d45c8e2a04c2ad36 lote=VirusShare_00499 key=Key-VS-1 (GDQl...SlST) mode=file
2026-04-17 09:41:27 [INFO] - OK   hash=da447fd488785308d45c8e2a04c2ad36 estado=malware_o_detectado saved='clasificacion/VirusShare_00499/reportes/reporte/da447fd488785308d45c8e2a04c2ad36.json'
2026-04-17 09:41:42 [INFO] - START hash=95dda79d7a5936ab091f105f2480b53e lote=VirusShare_00499 key=Key-VS-1 (GDQl...SlST) mode=file
2026-04-17 09:41:42 [INFO] - OK   hash=95dda79d7a5936ab091f105f2480b53e estado=malware_o_detectado saved='clasificacion/VirusShare_00499/reportes/reporte/95dda79d7a5936ab091f105f2480b53e.json'
2026-04-17 09:41:57 [INFO] - START hash=78713d07b312197f7aa6d152d9765f5d lote=VirusShare_00499 key=Key-VS-1 (GDQl...SlST) mode=file
2026-04-17 09:41:57 [INFO] - OK   hash=78713d07b312197f7aa6d152d9765f5d estado=malware_o_detectado saved='clasificacion/VirusShare_00499/reportes/reporte/78713d07b312197f7aa6d152d9765f5d.json'
2026-04-17 09:42:12 [INFO] - START hash=7df8a8d39c7074afea960fc0fe2b25eb lote=VirusShare_00499 key=Key-VS-1 (GDQl...SlST) mode=file
2026-04-17 09:42:12 [INFO] - OK   hash=7df8a8d39c7074afea960fc0fe2b25eb estado=malware_o_detectado saved='clasificacion/VirusShare_00499/reportes/reporte/7df8a8d39c7074afea960fc0fe2b25eb.json'
2026-04-17 09:42:27 [INFO] - START hash=8db2a964dfdae17a13498124b18db342 lote=VirusShare_00499 key=Key-VS-1 (GDQl...SlST) mode=file
2026-04-17 09:42:28 [INFO] - OK   hash=8db2a964dfdae17a13498124b18db342 estado=malware_o_detectado saved='clasificacion/VirusShare_00499/reportes/reporte/8db2a964dfdae17a13498124b18db342.json'
2026-04-17 09:42:43 [INFO] - START hash=a67d964cc25498e2a6a8414f8ecf7f77 lote=VirusShare_00499 key=Key-VS-1 (GDQl...SlST) mode=file
2026-04-17 09:42:43 [INFO] - OK   hash=a67d964cc25498e2a6a8414f8ecf7f77 estado=malware_o_detectado saved='clasificacion/VirusShare_00499/reportes/reporte/a67d964cc25498e2a6a8414f8ecf7f77.json'
2026-04-17 09:42:58 [INFO] - START hash=72e25cb52ed851868b2fda41dc599b21 lote=VirusShare_00499 key=Key-VS-1 (GDQl...SlST) mode=file
2026-04-17 09:42:58 [INFO] - OK   hash=72e25cb52ed851868b2fda41dc599b21 estado=malware_o_detectado saved='clasificacion/VirusShare_00499/reportes/reporte/72e25cb52ed851868b2fda41dc599b21.json'
2026-04-17 09:43:13 [INFO] - START hash=6f65a1b5ef967133302dcf90f231bb2a lote=VirusShare_00499 key=Key-VS-1 (GDQl...SlST) mode=file
2026-04-17 09:43:13 [INFO] - OK   hash=6f65a1b5ef967133302dcf90f231bb2a estado=malware_o_detectado saved='clasificacion/VirusShare_00499/reportes/reporte/6f65a1b5ef967133302dcf90f231bb2a.json'
2026-04-17 09:43:28 [INFO] - START hash=371269aeb106a40373f535c37c6e1a6c lote=VirusShare_00499 key=Key-VS-1 (GDQl...SlST) mode=file
2026-04-17 09:43:28 [INFO] - OK   hash=371269aeb106a40373f535c37c6e1a6c estado=malware_o_detectado saved='clasificacion/VirusShare_00499/reportes/reporte/371269aeb106a40373f535c37c6e1a6c.json'
2026-04-17 09:43:43 [INFO] - START hash=e75b45105f80c282acd76264591d5dd6 lote=VirusShare_00499 key=Key-VS-1 (GDQl...SlST) mode=file
2026-04-17 09:43:44 [INFO] - OK   hash=e75b45105f80c282acd76264591d5dd6 estado=malware_o_detectado saved='clasificacion/VirusShare_00499/reportes/reporte/e75b45105f80c282acd76264591d5dd6.json'
2026-04-17 09:43:59 [INFO] - START hash=812f9fbb730054e8cc22429b82eba404 lote=VirusShare_00499 key=Key-VS-1 (GDQl...SlST) mode=file
2026-04-17 09:43:59 [INFO] - OK   hash=812f9fbb730054e8cc22429b82eba404 estado=malware_o_detectado saved='clasificacion/VirusShare_00499/reportes/reporte/812f9fbb730054e8cc22429b82eba404.json'
2026-04-17 09:44:14 [INFO] - START hash=a0edfa6953781a2e091b208553698da7 lote=VirusShare_00499 key=Key-VS-1 (GDQl...SlST) mode=file
2026-04-17 09:44:14 [INFO] - OK   hash=a0edfa6953781a2e091b208553698da7 estado=malware_o_detectado saved='clasificacion/VirusShare_00499/reportes/reporte/a0edfa6953781a2e091b208553698da7.json'
2026-04-17 09:44:29 [INFO] - START hash=16a7aa0caaa72575e8371a1ac980f259 lote=VirusShare_00499 key=Key-VS-1 (GDQl...SlST) mode=file
2026-04-17 09:44:29 [INFO] - OK   hash=16a7aa0caaa72575e8371a1ac980f259 estado=malware_o_detectado saved='clasificacion/VirusShare_00499/reportes/reporte/16a7aa0caaa72575e8371a1ac980f259.json'
2026-04-17 09:44:44 [INFO] - START hash=1756b85e1b2307c8e666a1b168c0523a lote=VirusShare_00499 key=Key-VS-1 (GDQl...SlST) mode=file
2026-04-17 09:44:44 [INFO] - OK   hash=1756b85e1b2307c8e666a1b168c0523a estado=malware_o_detectado saved='clasificacion/VirusShare_00499/reportes/reporte/1756b85e1b2307c8e666a1b168c0523a.json'
2026-04-17 09:44:59 [INFO] - START hash=525d1f83c9559ef2f7ff8672d06c8b18 lote=VirusShare_00499 key=Key-VS-1 (GDQl...SlST) mode=file
2026-04-17 09:45:00 [INFO] - OK   hash=525d1f83c9559ef2f7ff8672d06c8b18 estado=malware_o_detectado saved='clasificacion/VirusShare_00499/reportes/reporte/525d1f83c9559ef2f7ff8672d06c8b18.json'
2026-04-17 09:45:15 [INFO] - START hash=ce26162efd81b39659770a1031e190f8 lote=VirusShare_00499 key=Key-VS-1 (GDQl...SlST) mode=file
2026-04-17 09:45:15 [INFO] - OK   hash=ce26162efd81b39659770a1031e190f8 estado=malware_o_detectado saved='clasificacion/VirusShare_00499/reportes/reporte/ce26162efd81b39659770a1031e190f8.json'
2026-04-17 09:45:30 [INFO] - START hash=529f83302943285762815f58f56d7b4b lote=VirusShare_00499 key=Key-VS-1 (GDQl...SlST) mode=file
2026-04-17 09:45:30 [INFO] - OK   hash=529f83302943285762815f58f56d7b4b estado=malware_o_detectado saved='clasificacion/VirusShare_00499/reportes/reporte/529f83302943285762815f58f56d7b4b.json'
2026-04-17 09:45:45 [INFO] - START hash=da2c6fe7a6f5e37b77460eda8ecbbb40 lote=VirusShare_00499 key=Key-VS-1 (GDQl...SlST) mode=file
2026-04-17 09:45:45 [INFO] - OK   hash=da2c6fe7a6f5e37b77460eda8ecbbb40 estado=malware_o_detectado saved='clasificacion/VirusShare_00499/reportes/reporte/da2c6fe7a6f5e37b77460eda8ecbbb40.json'
2026-04-17 09:46:00 [INFO] - START hash=031a47c237689264da6cf197d11b6d62 lote=VirusShare_00499 key=Key-VS-1 (GDQl...SlST) mode=file
2026-04-17 09:46:01 [INFO] - OK   hash=031a47c237689264da6cf197d11b6d62 estado=malware_o_detectado saved='clasificacion/VirusShare_00499/reportes/reporte/031a47c237689264da6cf197d11b6d62.json'
2026-04-17 09:46:16 [INFO] - START hash=7524e01313bbc7569f944bff65c5e735 lote=VirusShare_00499 key=Key-VS-1 (GDQl...SlST) mode=file
2026-04-17 09:46:16 [INFO] - OK   hash=7524e01313bbc7569f944bff65c5e735 estado=malware_o_detectado saved='clasificacion/VirusShare_00499/reportes/reporte/7524e01313bbc7569f944bff65c5e735.json'
2026-04-17 09:46:31 [INFO] - START hash=237d5554c9ddea3f1d12ec82ee85ac05 lote=VirusShare_00499 key=Key-VS-1 (GDQl...SlST) mode=file
2026-04-17 09:46:31 [INFO] - OK   hash=237d5554c9ddea3f1d12ec82ee85ac05 estado=malware_o_detectado saved='clasificacion/VirusShare_00499/reportes/reporte/237d5554c9ddea3f1d12ec82ee85ac05.json'
2026-04-17 09:46:46 [INFO] - START hash=e9494722c8b797f474a009cf43fe28e8 lote=VirusShare_00499 key=Key-VS-1 (GDQl...SlST) mode=file
2026-04-17 09:46:46 [INFO] - OK   hash=e9494722c8b797f474a009cf43fe28e8 estado=malware_o_detectado saved='clasificacion/VirusShare_00499/reportes/reporte/e9494722c8b797f474a009cf43fe28e8.json'
2026-04-17 09:47:01 [INFO] - START hash=e3b05bf700b3f201cb15a8c89d57b25e lote=VirusShare_00499 key=Key-VS-1 (GDQl...SlST) mode=file
2026-04-17 09:47:02 [INFO] - OK   hash=e3b05bf700b3f201cb15a8c89d57b25e estado=malware_o_detectado saved='clasificacion/VirusShare_00499/reportes/reporte/e3b05bf700b3f201cb15a8c89d57b25e.json'
2026-04-17 09:47:17 [INFO] - START hash=b58125dbc93f2b6452aa47c85ca4993c lote=VirusShare_00499 key=Key-VS-1 (GDQl...SlST) mode=file
2026-04-17 09:47:17 [INFO] - OK   hash=b58125dbc93f2b6452aa47c85ca4993c estado=malware_o_detectado saved='clasificacion/VirusShare_00499/reportes/reporte/b58125dbc93f2b6452aa47c85ca4993c.json'
2026-04-17 09:47:32 [INFO] - START hash=a2221021b2972ee4212245f29804b109 lote=VirusShare_00499 key=Key-VS-1 (GDQl...SlST) mode=file
2026-04-17 09:47:32 [INFO] - OK   hash=a2221021b2972ee4212245f29804b109 estado=malware_o_detectado saved='clasificacion/VirusShare_00499/reportes/reporte/a2221021b2972ee4212245f29804b109.json'
2026-04-17 09:47:47 [INFO] - START hash=3b07b5e51b0739a81c41ca1e228d7dd5 lote=VirusShare_00499 key=Key-VS-1 (GDQl...SlST) mode=file
2026-04-17 09:47:47 [INFO] - OK   hash=3b07b5e51b0739a81c41ca1e228d7dd5 estado=malware_o_detectado saved='clasificacion/VirusShare_00499/reportes/reporte/3b07b5e51b0739a81c41ca1e228d7dd5.json'
2026-04-17 09:48:02 [INFO] - START hash=0ad2151b2a04d230ec4b553428ce1655 lote=VirusShare_00499 key=Key-VS-1 (GDQl...SlST) mode=file
2026-04-17 09:48:03 [INFO] - OK   hash=0ad2151b2a04d230ec4b553428ce1655 estado=malware_o_detectado saved='clasificacion/VirusShare_00499/reportes/reporte/0ad2151b2a04d230ec4b553428ce1655.json'
2026-04-17 09:48:18 [INFO] - START hash=d62d116fee27f283058bc19c953414d6 lote=VirusShare_00499 key=Key-VS-1 (GDQl...SlST) mode=file
2026-04-17 09:48:18 [INFO] - OK   hash=d62d116fee27f283058bc19c953414d6 estado=malware_o_detectado saved='clasificacion/VirusShare_00499/reportes/reporte/d62d116fee27f283058bc19c953414d6.json'
2026-04-17 09:48:33 [INFO] - START hash=7e781ffa6a92a7966744a59271282855 lote=VirusShare_00499 key=Key-VS-1 (GDQl...SlST) mode=file
2026-04-17 09:48:33 [INFO] - OK   hash=7e781ffa6a92a7966744a59271282855 estado=malware_o_detectado saved='clasificacion/VirusShare_00499/reportes/reporte/7e781ffa6a92a7966744a59271282855.json'
2026-04-17 09:48:48 [INFO] - START hash=97a97b7bc50645dc13f316abe0e6d634 lote=VirusShare_00499 key=Key-VS-1 (GDQl...SlST) mode=file
2026-04-17 09:48:48 [INFO] - OK   hash=97a97b7bc50645dc13f316abe0e6d634 estado=malware_o_detectado saved='clasificacion/VirusShare_00499/reportes/reporte/97a97b7bc50645dc13f316abe0e6d634.json'
2026-04-17 09:49:03 [INFO] - START hash=db7734976a71263823c742f83ad8bb42 lote=VirusShare_00499 key=Key-VS-1 (GDQl...SlST) mode=file
2026-04-17 09:49:03 [INFO] - OK   hash=db7734976a71263823c742f83ad8bb42 estado=malware_o_detectado saved='clasificacion/VirusShare_00499/reportes/reporte/db7734976a71263823c742f83ad8bb42.json'
2026-04-17 09:49:18 [INFO] - START hash=e928e18f5f038c53e815687850bd955a lote=VirusShare_00499 key=Key-VS-1 (GDQl...SlST) mode=file
2026-04-17 09:49:19 [INFO] - OK   hash=e928e18f5f038c53e815687850bd955a estado=malware_o_detectado saved='clasificacion/VirusShare_00499/reportes/reporte/e928e18f5f038c53e815687850bd955a.json'
2026-04-17 09:49:34 [INFO] - START hash=84646260f68393cab25a355b1ddb77ec lote=VirusShare_00499 key=Key-VS-1 (GDQl...SlST) mode=file
2026-04-17 09:49:34 [INFO] - OK   hash=84646260f68393cab25a355b1ddb77ec estado=malware_o_detectado saved='clasificacion/VirusShare_00499/reportes/reporte/84646260f68393cab25a355b1ddb77ec.json'
2026-04-17 09:49:49 [INFO] - START hash=2023228ae3a00b2bd86e5f158580c9fa lote=VirusShare_00499 key=Key-VS-1 (GDQl...SlST) mode=file
2026-04-17 09:49:49 [INFO] - OK   hash=2023228ae3a00b2bd86e5f158580c9fa estado=malware_o_detectado saved='clasificacion/VirusShare_00499/reportes/reporte/2023228ae3a00b2bd86e5f158580c9fa.json'
2026-04-17 09:50:04 [INFO] - START hash=ac366f5b559f73fb7a09a21b397483c0 lote=VirusShare_00499 key=Key-VS-1 (GDQl...SlST) mode=file
2026-04-17 09:50:04 [INFO] - OK   hash=ac366f5b559f73fb7a09a21b397483c0 estado=malware_o_detectado saved='clasificacion/VirusShare_00499/reportes/reporte/ac366f5b559f73fb7a09a21b397483c0.json'
2026-04-17 09:50:19 [INFO] - START hash=24bc7bce4750a1b77cab88431cd2632f lote=VirusShare_00499 key=Key-VS-1 (GDQl...SlST) mode=file
2026-04-17 09:50:20 [INFO] - OK   hash=24bc7bce4750a1b77cab88431cd2632f estado=malware_o_detectado saved='clasificacion/VirusShare_00499/reportes/reporte/24bc7bce4750a1b77cab88431cd2632f.json'
2026-04-17 09:50:35 [INFO] - START hash=9ce030ac5afcd0230ac2164505edc99d lote=VirusShare_00499 key=Key-VS-1 (GDQl...SlST) mode=file
2026-04-17 09:50:35 [INFO] - OK   hash=9ce030ac5afcd0230ac2164505edc99d estado=malware_o_detectado saved='clasificacion/VirusShare_00499/reportes/reporte/9ce030ac5afcd0230ac2164505edc99d.json'
2026-04-17 09:50:50 [INFO] - START hash=305bff89791deec145d6be8773eb891d lote=VirusShare_00499 key=Key-VS-1 (GDQl...SlST) mode=file
2026-04-17 09:50:50 [INFO] - OK   hash=305bff89791deec145d6be8773eb891d estado=malware_o_detectado saved='clasificacion/VirusShare_00499/reportes/reporte/305bff89791deec145d6be8773eb891d.json'
2026-04-17 09:51:05 [INFO] - START hash=cbfd80156d7c5ecfa31c07632909d705 lote=VirusShare_00499 key=Key-VS-1 (GDQl...SlST) mode=file
2026-04-17 09:51:05 [INFO] - OK   hash=cbfd80156d7c5ecfa31c07632909d705 estado=malware_o_detectado saved='clasificacion/VirusShare_00499/reportes/reporte/cbfd80156d7c5ecfa31c07632909d705.json'
2026-04-17 09:51:20 [INFO] - START hash=3df960e7189eb51ede5c006cd932306d lote=VirusShare_00499 key=Key-VS-1 (GDQl...SlST) mode=file
2026-04-17 09:51:20 [INFO] - OK   hash=3df960e7189eb51ede5c006cd932306d estado=malware_o_detectado saved='clasificacion/VirusShare_00499/reportes/reporte/3df960e7189eb51ede5c006cd932306d.json'
2026-04-17 09:51:35 [INFO] - START hash=3a90f3d6a10ac468121b9395acfa26cc lote=VirusShare_00499 key=Key-VS-1 (GDQl...SlST) mode=file
2026-04-17 09:51:36 [INFO] - OK   hash=3a90f3d6a10ac468121b9395acfa26cc estado=malware_o_detectado saved='clasificacion/VirusShare_00499/reportes/reporte/3a90f3d6a10ac468121b9395acfa26cc.json'
2026-04-17 09:51:51 [INFO] - START hash=c4d9f07648f6a5caf1d58af9dc64585a lote=VirusShare_00499 key=Key-VS-1 (GDQl...SlST) mode=file
2026-04-17 09:51:51 [INFO] - OK   hash=c4d9f07648f6a5caf1d58af9dc64585a estado=malware_o_detectado saved='clasificacion/VirusShare_00499/reportes/reporte/c4d9f07648f6a5caf1d58af9dc64585a.json'
2026-04-17 09:52:06 [INFO] - START hash=89627910b81f207140af94fedea9d947 lote=VirusShare_00499 key=Key-VS-1 (GDQl...SlST) mode=file
2026-04-17 09:52:07 [INFO] - OK   hash=89627910b81f207140af94fedea9d947 estado=malware_o_detectado saved='clasificacion/VirusShare_00499/reportes/reporte/89627910b81f207140af94fedea9d947.json'
2026-04-17 09:52:22 [INFO] - START hash=046d9c3ebff90897c3fa2afcebdaf82c lote=VirusShare_00499 key=Key-VS-1 (GDQl...SlST) mode=file
2026-04-17 09:52:22 [INFO] - OK   hash=046d9c3ebff90897c3fa2afcebdaf82c estado=malware_o_detectado saved='clasificacion/VirusShare_00499/reportes/reporte/046d9c3ebff90897c3fa2afcebdaf82c.json'
2026-04-17 09:52:37 [INFO] - START hash=a55d03d25f77e44ba02b610d806e448d lote=VirusShare_00499 key=Key-VS-1 (GDQl...SlST) mode=file
2026-04-17 09:52:37 [INFO] - OK   hash=a55d03d25f77e44ba02b610d806e448d estado=malware_o_detectado saved='clasificacion/VirusShare_00499/reportes/reporte/a55d03d25f77e44ba02b610d806e448d.json'
2026-04-17 09:52:52 [INFO] - START hash=5cbd5601ec9e1cbd76d3614b89cfd6b4 lote=VirusShare_00499 key=Key-VS-1 (GDQl...SlST) mode=file
2026-04-17 09:52:52 [INFO] - OK   hash=5cbd5601ec9e1cbd76d3614b89cfd6b4 estado=malware_o_detectado saved='clasificacion/VirusShare_00499/reportes/reporte/5cbd5601ec9e1cbd76d3614b89cfd6b4.json'
2026-04-17 09:53:07 [INFO] - START hash=73d4cd798600aabecb6283b61362f75d lote=VirusShare_00499 key=Key-VS-1 (GDQl...SlST) mode=file
2026-04-17 09:53:07 [INFO] - OK   hash=73d4cd798600aabecb6283b61362f75d estado=malware_o_detectado saved='clasificacion/VirusShare_00499/reportes/reporte/73d4cd798600aabecb6283b61362f75d.json'
2026-04-17 09:53:22 [INFO] - START hash=5b432c0faeff9906b500a7ed657fd8bd lote=VirusShare_00499 key=Key-VS-1 (GDQl...SlST) mode=file
2026-04-17 09:53:23 [INFO] - OK   hash=5b432c0faeff9906b500a7ed657fd8bd estado=malware_o_detectado saved='clasificacion/VirusShare_00499/reportes/reporte/5b432c0faeff9906b500a7ed657fd8bd.json'
2026-04-17 09:53:38 [INFO] - START hash=792957a18e482497f3b7e659845b988e lote=VirusShare_00499 key=Key-VS-1 (GDQl...SlST) mode=file
2026-04-17 09:53:38 [INFO] - OK   hash=792957a18e482497f3b7e659845b988e estado=malware_o_detectado saved='clasificacion/VirusShare_00499/reportes/reporte/792957a18e482497f3b7e659845b988e.json'
2026-04-17 09:53:53 [INFO] - START hash=affda577036a66f74b370f2fdc0f0b6f lote=VirusShare_00499 key=Key-VS-1 (GDQl...SlST) mode=file
2026-04-17 09:53:53 [INFO] - OK   hash=affda577036a66f74b370f2fdc0f0b6f estado=malware_o_detectado saved='clasificacion/VirusShare_00499/reportes/reporte/affda577036a66f74b370f2fdc0f0b6f.json'
2026-04-17 09:54:08 [INFO] - START hash=44423acbe0db96c251cb4f8332675b0d lote=VirusShare_00499 key=Key-VS-1 (GDQl...SlST) mode=file
2026-04-17 09:54:08 [INFO] - OK   hash=44423acbe0db96c251cb4f8332675b0d estado=malware_o_detectado saved='clasificacion/VirusShare_00499/reportes/reporte/44423acbe0db96c251cb4f8332675b0d.json'
2026-04-17 09:54:23 [INFO] - START hash=659eceb4ebe73349de0e36c7794cc652 lote=VirusShare_00499 key=Key-VS-1 (GDQl...SlST) mode=file
2026-04-17 09:54:24 [INFO] - OK   hash=659eceb4ebe73349de0e36c7794cc652 estado=malware_o_detectado saved='clasificacion/VirusShare_00499/reportes/reporte/659eceb4ebe73349de0e36c7794cc652.json'
2026-04-17 09:54:39 [INFO] - START hash=1d34e998e6ab1e0044de660d61775dd9 lote=VirusShare_00499 key=Key-VS-1 (GDQl...SlST) mode=file
2026-04-17 09:54:39 [INFO] - OK   hash=1d34e998e6ab1e0044de660d61775dd9 estado=malware_o_detectado saved='clasificacion/VirusShare_00499/reportes/reporte/1d34e998e6ab1e0044de660d61775dd9.json'
2026-04-17 09:54:54 [INFO] - START hash=4bf996bdf009883d1d7da5c818ef03b3 lote=VirusShare_00499 key=Key-VS-1 (GDQl...SlST) mode=file
2026-04-17 09:54:54 [INFO] - OK   hash=4bf996bdf009883d1d7da5c818ef03b3 estado=malware_o_detectado saved='clasificacion/VirusShare_00499/reportes/reporte/4bf996bdf009883d1d7da5c818ef03b3.json'
2026-04-17 09:55:09 [INFO] - START hash=8cbaadc689b8551a30e11afe78098d31 lote=VirusShare_00499 key=Key-VS-1 (GDQl...SlST) mode=file
2026-04-17 09:55:09 [INFO] - OK   hash=8cbaadc689b8551a30e11afe78098d31 estado=malware_o_detectado saved='clasificacion/VirusShare_00499/reportes/reporte/8cbaadc689b8551a30e11afe78098d31.json'
2026-04-17 09:55:24 [INFO] - START hash=404de7ca02cd143e60985226b19f0d9f lote=VirusShare_00499 key=Key-VS-1 (GDQl...SlST) mode=file
2026-04-17 09:55:25 [INFO] - OK   hash=404de7ca02cd143e60985226b19f0d9f estado=malware_o_detectado saved='clasificacion/VirusShare_00499/reportes/reporte/404de7ca02cd143e60985226b19f0d9f.json'
2026-04-17 09:55:40 [INFO] - START hash=40bca155be964fb5d8f5216bfa0268fc lote=VirusShare_00499 key=Key-VS-1 (GDQl...SlST) mode=file
2026-04-17 09:55:40 [INFO] - OK   hash=40bca155be964fb5d8f5216bfa0268fc estado=malware_o_detectado saved='clasificacion/VirusShare_00499/reportes/reporte/40bca155be964fb5d8f5216bfa0268fc.json'
2026-04-17 09:55:55 [INFO] - START hash=b6e164498a0082a0e9423a0a13576955 lote=VirusShare_00499 key=Key-VS-1 (GDQl...SlST) mode=file
2026-04-17 09:55:55 [INFO] - OK   hash=b6e164498a0082a0e9423a0a13576955 estado=malware_o_detectado saved='clasificacion/VirusShare_00499/reportes/reporte/b6e164498a0082a0e9423a0a13576955.json'
2026-04-17 09:56:10 [INFO] - START hash=ed2db5a4fc714b97e6d304bdb6f85874 lote=VirusShare_00499 key=Key-VS-1 (GDQl...SlST) mode=file
2026-04-17 09:56:10 [INFO] - OK   hash=ed2db5a4fc714b97e6d304bdb6f85874 estado=malware_o_detectado saved='clasificacion/VirusShare_00499/reportes/reporte/ed2db5a4fc714b97e6d304bdb6f85874.json'
2026-04-17 09:56:25 [INFO] - START hash=6d94ac46850d2e1e903c3d16bc0e3885 lote=VirusShare_00499 key=Key-VS-1 (GDQl...SlST) mode=file
2026-04-17 09:56:26 [INFO] - OK   hash=6d94ac46850d2e1e903c3d16bc0e3885 estado=malware_o_detectado saved='clasificacion/VirusShare_00499/reportes/reporte/6d94ac46850d2e1e903c3d16bc0e3885.json'
2026-04-17 09:56:41 [INFO] - START hash=129b825177a4cf035486173142199287 lote=VirusShare_00499 key=Key-VS-1 (GDQl...SlST) mode=file
2026-04-17 09:56:41 [INFO] - OK   hash=129b825177a4cf035486173142199287 estado=malware_o_detectado saved='clasificacion/VirusShare_00499/reportes/reporte/129b825177a4cf035486173142199287.json'
2026-04-17 09:56:56 [INFO] - START hash=631548f626a67a42e29fcb64fca09562 lote=VirusShare_00499 key=Key-VS-1 (GDQl...SlST) mode=file
2026-04-17 09:56:56 [INFO] - OK   hash=631548f626a67a42e29fcb64fca09562 estado=malware_o_detectado saved='clasificacion/VirusShare_00499/reportes/reporte/631548f626a67a42e29fcb64fca09562.json'
2026-04-17 09:57:11 [INFO] - START hash=edc07ffdc2245d44fd9aabca10bce54a lote=VirusShare_00499 key=Key-VS-1 (GDQl...SlST) mode=file
2026-04-17 09:57:11 [INFO] - OK   hash=edc07ffdc2245d44fd9aabca10bce54a estado=malware_o_detectado saved='clasificacion/VirusShare_00499/reportes/reporte/edc07ffdc2245d44fd9aabca10bce54a.json'
2026-04-17 09:57:26 [INFO] - START hash=4f704e34accdb2f325d3f250f2d7e6c3 lote=VirusShare_00499 key=Key-VS-1 (GDQl...SlST) mode=file
2026-04-17 09:57:26 [INFO] - OK   hash=4f704e34accdb2f325d3f250f2d7e6c3 estado=malware_o_detectado saved='clasificacion/VirusShare_00499/reportes/reporte/4f704e34accdb2f325d3f250f2d7e6c3.json'
2026-04-17 09:57:41 [INFO] - START hash=ebe630064a510a57dc564b18dd0d54a3 lote=VirusShare_00499 key=Key-VS-1 (GDQl...SlST) mode=file
2026-04-17 09:57:42 [INFO] - OK   hash=ebe630064a510a57dc564b18dd0d54a3 estado=malware_o_detectado saved='clasificacion/VirusShare_00499/reportes/reporte/ebe630064a510a57dc564b18dd0d54a3.json'
2026-04-17 09:57:57 [INFO] - START hash=9c8762208d42f300813aff7cdd33915f lote=VirusShare_00499 key=Key-VS-1 (GDQl...SlST) mode=file
2026-04-17 09:57:57 [INFO] - OK   hash=9c8762208d42f300813aff7cdd33915f estado=malware_o_detectado saved='clasificacion/VirusShare_00499/reportes/reporte/9c8762208d42f300813aff7cdd33915f.json'
2026-04-17 09:58:12 [INFO] - START hash=372929b76a47e54a08e8232b3c6a6b0c lote=VirusShare_00499 key=Key-VS-1 (GDQl...SlST) mode=file
2026-04-17 09:58:12 [INFO] - OK   hash=372929b76a47e54a08e8232b3c6a6b0c estado=malware_o_detectado saved='clasificacion/VirusShare_00499/reportes/reporte/372929b76a47e54a08e8232b3c6a6b0c.json'
2026-04-17 09:58:27 [INFO] - START hash=673d26e087e772babd4150c3878cc87f lote=VirusShare_00499 key=Key-VS-1 (GDQl...SlST) mode=file
2026-04-17 09:58:27 [INFO] - OK   hash=673d26e087e772babd4150c3878cc87f estado=malware_o_detectado saved='clasificacion/VirusShare_00499/reportes/reporte/673d26e087e772babd4150c3878cc87f.json'
2026-04-17 09:58:42 [INFO] - START hash=ee67a401de65ae891a5195404f4219dc lote=VirusShare_00499 key=Key-VS-1 (GDQl...SlST) mode=file
2026-04-17 09:58:43 [INFO] - OK   hash=ee67a401de65ae891a5195404f4219dc estado=malware_o_detectado saved='clasificacion/VirusShare_00499/reportes/reporte/ee67a401de65ae891a5195404f4219dc.json'
2026-04-17 09:58:58 [INFO] - START hash=a1c3acb411fc5670850c7774a5b69952 lote=VirusShare_00499 key=Key-VS-1 (GDQl...SlST) mode=file
2026-04-17 09:58:58 [INFO] - OK   hash=a1c3acb411fc5670850c7774a5b69952 estado=malware_o_detectado saved='clasificacion/VirusShare_00499/reportes/reporte/a1c3acb411fc5670850c7774a5b69952.json'
2026-04-17 09:59:13 [INFO] - START hash=0b68b795fac5f21b0345a3587866e6dd lote=VirusShare_00499 key=Key-VS-1 (GDQl...SlST) mode=file
2026-04-17 09:59:13 [INFO] - OK   hash=0b68b795fac5f21b0345a3587866e6dd estado=malware_o_detectado saved='clasificacion/VirusShare_00499/reportes/reporte/0b68b795fac5f21b0345a3587866e6dd.json'
2026-04-17 09:59:28 [INFO] - START hash=013458c5119a644f78521295312278d2 lote=VirusShare_00499 key=Key-VS-1 (GDQl...SlST) mode=file
2026-04-17 09:59:28 [INFO] - OK   hash=013458c5119a644f78521295312278d2 estado=malware_o_detectado saved='clasificacion/VirusShare_00499/reportes/reporte/013458c5119a644f78521295312278d2.json'
2026-04-17 09:59:43 [INFO] - START hash=59661f14eb94042657d684c19b5e2943 lote=VirusShare_00499 key=Key-VS-1 (GDQl...SlST) mode=file
2026-04-17 09:59:44 [INFO] - OK   hash=59661f14eb94042657d684c19b5e2943 estado=malware_o_detectado saved='clasificacion/VirusShare_00499/reportes/reporte/59661f14eb94042657d684c19b5e2943.json'
2026-04-17 09:59:59 [INFO] - START hash=f7c996fb7715c30a357940ac2fc1d479 lote=VirusShare_00499 key=Key-VS-1 (GDQl...SlST) mode=file
2026-04-17 09:59:59 [INFO] - OK   hash=f7c996fb7715c30a357940ac2fc1d479 estado=malware_o_detectado saved='clasificacion/VirusShare_00499/reportes/reporte/f7c996fb7715c30a357940ac2fc1d479.json'
2026-04-17 10:00:14 [INFO] - START hash=7d0c4e298f5def162cf1bb808893b9a7 lote=VirusShare_00499 key=Key-VS-1 (GDQl...SlST) mode=file
2026-04-17 10:00:14 [INFO] - OK   hash=7d0c4e298f5def162cf1bb808893b9a7 estado=malware_o_detectado saved='clasificacion/VirusShare_00499/reportes/reporte/7d0c4e298f5def162cf1bb808893b9a7.json'
2026-04-17 10:00:29 [INFO] - START hash=53b9ca0a20e7c6cff4508b26f988d529 lote=VirusShare_00499 key=Key-VS-1 (GDQl...SlST) mode=file
2026-04-17 10:00:29 [INFO] - OK   hash=53b9ca0a20e7c6cff4508b26f988d529 estado=malware_o_detectado saved='clasificacion/VirusShare_00499/reportes/reporte/53b9ca0a20e7c6cff4508b26f988d529.json'
2026-04-17 10:00:44 [INFO] - START hash=6090c5174af28f39ac134b440fc2bb93 lote=VirusShare_00499 key=Key-VS-1 (GDQl...SlST) mode=file
2026-04-17 10:00:45 [INFO] - OK   hash=6090c5174af28f39ac134b440fc2bb93 estado=malware_o_detectado saved='clasificacion/VirusShare_00499/reportes/reporte/6090c5174af28f39ac134b440fc2bb93.json'
2026-04-17 10:01:00 [INFO] - START hash=74763cf74168a3901745e47d09d4d3f5 lote=VirusShare_00499 key=Key-VS-1 (GDQl...SlST) mode=file
2026-04-17 10:01:00 [INFO] - OK   hash=74763cf74168a3901745e47d09d4d3f5 estado=malware_o_detectado saved='clasificacion/VirusShare_00499/reportes/reporte/74763cf74168a3901745e47d09d4d3f5.json'
2026-04-17 10:01:15 [INFO] - START hash=4bad3d30059ea72c34f32c97d8741d09 lote=VirusShare_00499 key=Key-VS-1 (GDQl...SlST) mode=file
2026-04-17 10:01:15 [INFO] - OK   hash=4bad3d30059ea72c34f32c97d8741d09 estado=malware_o_detectado saved='clasificacion/VirusShare_00499/reportes/reporte/4bad3d30059ea72c34f32c97d8741d09.json'
2026-04-17 10:01:30 [INFO] - START hash=f446d5bac2c3224b58e0f0d6f4353f05 lote=VirusShare_00499 key=Key-VS-1 (GDQl...SlST) mode=file
2026-04-17 10:01:30 [INFO] - OK   hash=f446d5bac2c3224b58e0f0d6f4353f05 estado=malware_o_detectado saved='clasificacion/VirusShare_00499/reportes/reporte/f446d5bac2c3224b58e0f0d6f4353f05.json'
2026-04-17 10:01:45 [INFO] - START hash=383eeb9665bbae06e6bb66e5ba3e5c6d lote=VirusShare_00499 key=Key-VS-1 (GDQl...SlST) mode=file
2026-04-17 10:01:45 [INFO] - OK   hash=383eeb9665bbae06e6bb66e5ba3e5c6d estado=malware_o_detectado saved='clasificacion/VirusShare_00499/reportes/reporte/383eeb9665bbae06e6bb66e5ba3e5c6d.json'
2026-04-17 10:02:00 [INFO] - START hash=6e7ad457f18a546d222b63fd47d29448 lote=VirusShare_00499 key=Key-VS-1 (GDQl...SlST) mode=file
2026-04-17 10:02:01 [INFO] - OK   hash=6e7ad457f18a546d222b63fd47d29448 estado=malware_o_detectado saved='clasificacion/VirusShare_00499/reportes/reporte/6e7ad457f18a546d222b63fd47d29448.json'
2026-04-17 10:02:16 [INFO] - START hash=d964ece5bd382cc80fe5cb7b3ede71fa lote=VirusShare_00499 key=Key-VS-1 (GDQl...SlST) mode=file
2026-04-17 10:02:16 [INFO] - OK   hash=d964ece5bd382cc80fe5cb7b3ede71fa estado=malware_o_detectado saved='clasificacion/VirusShare_00499/reportes/reporte/d964ece5bd382cc80fe5cb7b3ede71fa.json'
2026-04-17 10:02:31 [INFO] - START hash=0b2c37e0a8e3d218773874bd140e3153 lote=VirusShare_00499 key=Key-VS-1 (GDQl...SlST) mode=file
2026-04-17 10:02:31 [INFO] - OK   hash=0b2c37e0a8e3d218773874bd140e3153 estado=malware_o_detectado saved='clasificacion/VirusShare_00499/reportes/reporte/0b2c37e0a8e3d218773874bd140e3153.json'
2026-04-17 10:02:46 [INFO] - START hash=00c5fd56dc9ab39078017e025ad57d80 lote=VirusShare_00499 key=Key-VS-1 (GDQl...SlST) mode=file
2026-04-17 10:02:46 [INFO] - OK   hash=00c5fd56dc9ab39078017e025ad57d80 estado=malware_o_detectado saved='clasificacion/VirusShare_00499/reportes/reporte/00c5fd56dc9ab39078017e025ad57d80.json'
2026-04-17 10:03:01 [INFO] - START hash=5709968f5713a18add0510c84ca582f0 lote=VirusShare_00499 key=Key-VS-1 (GDQl...SlST) mode=file
2026-04-17 10:03:02 [INFO] - OK   hash=5709968f5713a18add0510c84ca582f0 estado=malware_o_detectado saved='clasificacion/VirusShare_00499/reportes/reporte/5709968f5713a18add0510c84ca582f0.json'
2026-04-17 10:03:17 [INFO] - START hash=e95841dbd3333f297f06dca833835bd3 lote=VirusShare_00499 key=Key-VS-1 (GDQl...SlST) mode=file
2026-04-17 10:03:17 [INFO] - OK   hash=e95841dbd3333f297f06dca833835bd3 estado=malware_o_detectado saved='clasificacion/VirusShare_00499/reportes/reporte/e95841dbd3333f297f06dca833835bd3.json'
2026-04-17 10:03:32 [INFO] - START hash=16c5e81da8b8822c2fc6be2db1f5e1ae lote=VirusShare_00499 key=Key-VS-1 (GDQl...SlST) mode=file
2026-04-17 10:03:32 [INFO] - OK   hash=16c5e81da8b8822c2fc6be2db1f5e1ae estado=malware_o_detectado saved='clasificacion/VirusShare_00499/reportes/reporte/16c5e81da8b8822c2fc6be2db1f5e1ae.json'
2026-04-17 10:03:47 [INFO] - START hash=4fb707919c312c3fcbd005b5ce9f49dc lote=VirusShare_00499 key=Key-VS-1 (GDQl...SlST) mode=file
2026-04-17 10:03:47 [INFO] - OK   hash=4fb707919c312c3fcbd005b5ce9f49dc estado=malware_o_detectado saved='clasificacion/VirusShare_00499/reportes/reporte/4fb707919c312c3fcbd005b5ce9f49dc.json'
2026-04-17 10:04:02 [INFO] - START hash=c5620995a46f735dc51f79f942b3a48b lote=VirusShare_00499 key=Key-VS-1 (GDQl...SlST) mode=file
2026-04-17 10:04:03 [INFO] - OK   hash=c5620995a46f735dc51f79f942b3a48b estado=malware_o_detectado saved='clasificacion/VirusShare_00499/reportes/reporte/c5620995a46f735dc51f79f942b3a48b.json'
2026-04-17 10:04:18 [INFO] - START hash=6c96c37919b783bd2447f7d8145818a8 lote=VirusShare_00499 key=Key-VS-1 (GDQl...SlST) mode=file
2026-04-17 10:04:18 [INFO] - OK   hash=6c96c37919b783bd2447f7d8145818a8 estado=malware_o_detectado saved='clasificacion/VirusShare_00499/reportes/reporte/6c96c37919b783bd2447f7d8145818a8.json'
2026-04-17 10:04:33 [INFO] - START hash=08a74432b6788b30487603602dbc959b lote=VirusShare_00499 key=Key-VS-1 (GDQl...SlST) mode=file
2026-04-17 10:04:33 [INFO] - OK   hash=08a74432b6788b30487603602dbc959b estado=malware_o_detectado saved='clasificacion/VirusShare_00499/reportes/reporte/08a74432b6788b30487603602dbc959b.json'
2026-04-17 10:04:48 [INFO] - START hash=e7f9e615265f016e35c4ad0a91c897bc lote=VirusShare_00499 key=Key-VS-1 (GDQl...SlST) mode=file
2026-04-17 10:04:48 [INFO] - OK   hash=e7f9e615265f016e35c4ad0a91c897bc estado=malware_o_detectado saved='clasificacion/VirusShare_00499/reportes/reporte/e7f9e615265f016e35c4ad0a91c897bc.json'
2026-04-17 10:05:03 [INFO] - START hash=9964e8e87fedb681aba39faa067814b9 lote=VirusShare_00499 key=Key-VS-1 (GDQl...SlST) mode=file
2026-04-17 10:05:04 [INFO] - OK   hash=9964e8e87fedb681aba39faa067814b9 estado=malware_o_detectado saved='clasificacion/VirusShare_00499/reportes/reporte/9964e8e87fedb681aba39faa067814b9.json'
2026-04-17 10:05:19 [INFO] - START hash=e4cf2daab8be33fc648e2a87c1dda3ae lote=VirusShare_00499 key=Key-VS-1 (GDQl...SlST) mode=file
2026-04-17 10:05:19 [INFO] - OK   hash=e4cf2daab8be33fc648e2a87c1dda3ae estado=malware_o_detectado saved='clasificacion/VirusShare_00499/reportes/reporte/e4cf2daab8be33fc648e2a87c1dda3ae.json'
2026-04-17 10:05:34 [INFO] - START hash=922d7f2ac6697c6c975377cd64fe99a6 lote=VirusShare_00499 key=Key-VS-1 (GDQl...SlST) mode=file
2026-04-17 10:05:34 [INFO] - OK   hash=922d7f2ac6697c6c975377cd64fe99a6 estado=malware_o_detectado saved='clasificacion/VirusShare_00499/reportes/reporte/922d7f2ac6697c6c975377cd64fe99a6.json'
2026-04-17 10:05:49 [INFO] - START hash=273ebbf900d92b2dd08c6d083641df41 lote=VirusShare_00499 key=Key-VS-1 (GDQl...SlST) mode=file
2026-04-17 10:05:50 [INFO] - OK   hash=273ebbf900d92b2dd08c6d083641df41 estado=malware_o_detectado saved='clasificacion/VirusShare_00499/reportes/reporte/273ebbf900d92b2dd08c6d083641df41.json'
2026-04-17 10:06:05 [INFO] - START hash=60a19de87353f8ff942c72c3e0a9572d lote=VirusShare_00499 key=Key-VS-1 (GDQl...SlST) mode=file
2026-04-17 10:06:05 [INFO] - OK   hash=60a19de87353f8ff942c72c3e0a9572d estado=malware_o_detectado saved='clasificacion/VirusShare_00499/reportes/reporte/60a19de87353f8ff942c72c3e0a9572d.json'
2026-04-17 10:06:20 [INFO] - START hash=f66451456ba4c0bec6027cf562372812 lote=VirusShare_00499 key=Key-VS-1 (GDQl...SlST) mode=file
2026-04-17 10:06:20 [INFO] - OK   hash=f66451456ba4c0bec6027cf562372812 estado=malware_o_detectado saved='clasificacion/VirusShare_00499/reportes/reporte/f66451456ba4c0bec6027cf562372812.json'
2026-04-17 10:06:35 [INFO] - START hash=256b886a8907143cee089b5a6044d0df lote=VirusShare_00499 key=Key-VS-1 (GDQl...SlST) mode=file
2026-04-17 10:06:35 [INFO] - OK   hash=256b886a8907143cee089b5a6044d0df estado=malware_o_detectado saved='clasificacion/VirusShare_00499/reportes/reporte/256b886a8907143cee089b5a6044d0df.json'
2026-04-17 10:06:50 [INFO] - START hash=08d2736092255c9902833c4d62c4b17d lote=VirusShare_00499 key=Key-VS-1 (GDQl...SlST) mode=file
2026-04-17 10:06:51 [INFO] - OK   hash=08d2736092255c9902833c4d62c4b17d estado=malware_o_detectado saved='clasificacion/VirusShare_00499/reportes/reporte/08d2736092255c9902833c4d62c4b17d.json'
2026-04-17 10:07:06 [INFO] - START hash=c9a170db97e6faafa3dba8418676c7be lote=VirusShare_00499 key=Key-VS-1 (GDQl...SlST) mode=file
2026-04-17 10:07:06 [INFO] - OK   hash=c9a170db97e6faafa3dba8418676c7be estado=malware_o_detectado saved='clasificacion/VirusShare_00499/reportes/reporte/c9a170db97e6faafa3dba8418676c7be.json'
2026-04-17 10:07:21 [INFO] - START hash=84d9e061cc2e4020764953f36eaa778f lote=VirusShare_00499 key=Key-VS-1 (GDQl...SlST) mode=file
2026-04-17 10:07:21 [INFO] - OK   hash=84d9e061cc2e4020764953f36eaa778f estado=malware_o_detectado saved='clasificacion/VirusShare_00499/reportes/reporte/84d9e061cc2e4020764953f36eaa778f.json'
2026-04-17 10:07:36 [INFO] - START hash=fab74c99b40a65202c0bd7a641c9a267 lote=VirusShare_00499 key=Key-VS-1 (GDQl...SlST) mode=file
2026-04-17 10:07:36 [INFO] - OK   hash=fab74c99b40a65202c0bd7a641c9a267 estado=malware_o_detectado saved='clasificacion/VirusShare_00499/reportes/reporte/fab74c99b40a65202c0bd7a641c9a267.json'
2026-04-17 10:07:51 [INFO] - START hash=9b61e2b3fa1b4675a8a2c76e5f620d4b lote=VirusShare_00499 key=Key-VS-1 (GDQl...SlST) mode=file
2026-04-17 10:07:52 [INFO] - OK   hash=9b61e2b3fa1b4675a8a2c76e5f620d4b estado=malware_o_detectado saved='clasificacion/VirusShare_00499/reportes/reporte/9b61e2b3fa1b4675a8a2c76e5f620d4b.json'
2026-04-17 10:08:07 [INFO] - START hash=601d7c66574e4019137e19aa6eed64e6 lote=VirusShare_00499 key=Key-VS-1 (GDQl...SlST) mode=file
2026-04-17 10:08:07 [INFO] - OK   hash=601d7c66574e4019137e19aa6eed64e6 estado=malware_o_detectado saved='clasificacion/VirusShare_00499/reportes/reporte/601d7c66574e4019137e19aa6eed64e6.json'
2026-04-17 10:08:22 [INFO] - START hash=e56bd84122be2c80b3d6322e838b0621 lote=VirusShare_00499 key=Key-VS-1 (GDQl...SlST) mode=file
2026-04-17 10:08:22 [INFO] - OK   hash=e56bd84122be2c80b3d6322e838b0621 estado=malware_o_detectado saved='clasificacion/VirusShare_00499/reportes/reporte/e56bd84122be2c80b3d6322e838b0621.json'
2026-04-17 10:08:37 [INFO] - START hash=aa5419ce6852e00fbfe957534d5d5e4a lote=VirusShare_00499 key=Key-VS-1 (GDQl...SlST) mode=file
2026-04-17 10:08:37 [INFO] - OK   hash=aa5419ce6852e00fbfe957534d5d5e4a estado=malware_o_detectado saved='clasificacion/VirusShare_00499/reportes/reporte/aa5419ce6852e00fbfe957534d5d5e4a.json'
2026-04-17 10:08:52 [INFO] - START hash=4b7fd5cb2fb68440dd7f61007d45e319 lote=VirusShare_00499 key=Key-VS-1 (GDQl...SlST) mode=file
2026-04-17 10:08:53 [INFO] - OK   hash=4b7fd5cb2fb68440dd7f61007d45e319 estado=malware_o_detectado saved='clasificacion/VirusShare_00499/reportes/reporte/4b7fd5cb2fb68440dd7f61007d45e319.json'
2026-04-17 10:09:08 [INFO] - START hash=06291f9082f5b3c03251da8182a37c8a lote=VirusShare_00499 key=Key-VS-1 (GDQl...SlST) mode=file
2026-04-17 10:09:08 [INFO] - OK   hash=06291f9082f5b3c03251da8182a37c8a estado=malware_o_detectado saved='clasificacion/VirusShare_00499/reportes/reporte/06291f9082f5b3c03251da8182a37c8a.json'
2026-04-17 10:09:23 [INFO] - START hash=903263e52ea00e7a32840dd0bc601bde lote=VirusShare_00499 key=Key-VS-1 (GDQl...SlST) mode=file
2026-04-17 10:09:23 [INFO] - OK   hash=903263e52ea00e7a32840dd0bc601bde estado=malware_o_detectado saved='clasificacion/VirusShare_00499/reportes/reporte/903263e52ea00e7a32840dd0bc601bde.json'
2026-04-17 10:09:38 [INFO] - START hash=a93666586d29f2577c6d39150b2a8306 lote=VirusShare_00499 key=Key-VS-1 (GDQl...SlST) mode=file
2026-04-17 10:09:39 [INFO] - OK   hash=a93666586d29f2577c6d39150b2a8306 estado=malware_o_detectado saved='clasificacion/VirusShare_00499/reportes/reporte/a93666586d29f2577c6d39150b2a8306.json'
2026-04-17 10:09:54 [INFO] - START hash=950deb658e0cc2670ab8bf30eab791f9 lote=VirusShare_00499 key=Key-VS-1 (GDQl...SlST) mode=file
2026-04-17 10:09:54 [INFO] - OK   hash=950deb658e0cc2670ab8bf30eab791f9 estado=malware_o_detectado saved='clasificacion/VirusShare_00499/reportes/reporte/950deb658e0cc2670ab8bf30eab791f9.json'
2026-04-17 10:10:09 [INFO] - START hash=73bcf8c29e79a5a05575375c6addda47 lote=VirusShare_00499 key=Key-VS-1 (GDQl...SlST) mode=file
2026-04-17 10:10:09 [INFO] - OK   hash=73bcf8c29e79a5a05575375c6addda47 estado=malware_o_detectado saved='clasificacion/VirusShare_00499/reportes/reporte/73bcf8c29e79a5a05575375c6addda47.json'
2026-04-17 10:10:24 [INFO] - START hash=4225cf82748e3040946eeb330915d2f4 lote=VirusShare_00499 key=Key-VS-1 (GDQl...SlST) mode=file
2026-04-17 10:10:24 [INFO] - OK   hash=4225cf82748e3040946eeb330915d2f4 estado=malware_o_detectado saved='clasificacion/VirusShare_00499/reportes/reporte/4225cf82748e3040946eeb330915d2f4.json'
2026-04-17 10:10:39 [INFO] - START hash=2f38d4764849b9a40ce5e7d1dc3b294b lote=VirusShare_00499 key=Key-VS-1 (GDQl...SlST) mode=file
2026-04-17 10:10:39 [INFO] - OK   hash=2f38d4764849b9a40ce5e7d1dc3b294b estado=malware_o_detectado saved='clasificacion/VirusShare_00499/reportes/reporte/2f38d4764849b9a40ce5e7d1dc3b294b.json'
2026-04-17 10:10:54 [INFO] - START hash=42fa06373bd46c0f9aca7053c309e997 lote=VirusShare_00499 key=Key-VS-1 (GDQl...SlST) mode=file
2026-04-17 10:10:55 [INFO] - OK   hash=42fa06373bd46c0f9aca7053c309e997 estado=malware_o_detectado saved='clasificacion/VirusShare_00499/reportes/reporte/42fa06373bd46c0f9aca7053c309e997.json'
2026-04-17 10:11:10 [INFO] - START hash=c6882224194c0242e66468e063eefe26 lote=VirusShare_00499 key=Key-VS-1 (GDQl...SlST) mode=file
2026-04-17 10:11:10 [INFO] - OK   hash=c6882224194c0242e66468e063eefe26 estado=malware_o_detectado saved='clasificacion/VirusShare_00499/reportes/reporte/c6882224194c0242e66468e063eefe26.json'
2026-04-17 10:11:25 [INFO] - START hash=5385f085220d94149ee17a9093814ab7 lote=VirusShare_00499 key=Key-VS-1 (GDQl...SlST) mode=file
2026-04-17 10:11:25 [INFO] - OK   hash=5385f085220d94149ee17a9093814ab7 estado=malware_o_detectado saved='clasificacion/VirusShare_00499/reportes/reporte/5385f085220d94149ee17a9093814ab7.json'
2026-04-17 10:11:40 [INFO] - START hash=f041b1544df8b7c5427c9885072c553b lote=VirusShare_00499 key=Key-VS-1 (GDQl...SlST) mode=file
2026-04-17 10:11:41 [INFO] - OK   hash=f041b1544df8b7c5427c9885072c553b estado=malware_o_detectado saved='clasificacion/VirusShare_00499/reportes/reporte/f041b1544df8b7c5427c9885072c553b.json'
2026-04-17 10:11:56 [INFO] - START hash=284a98c2f8516183054c3844bb8f007b lote=VirusShare_00499 key=Key-VS-1 (GDQl...SlST) mode=file
2026-04-17 10:11:56 [INFO] - OK   hash=284a98c2f8516183054c3844bb8f007b estado=malware_o_detectado saved='clasificacion/VirusShare_00499/reportes/reporte/284a98c2f8516183054c3844bb8f007b.json'
2026-04-17 10:12:11 [INFO] - START hash=8e6d8f5d44c0a12792363591d3f565e7 lote=VirusShare_00499 key=Key-VS-1 (GDQl...SlST) mode=file
2026-04-17 10:12:11 [INFO] - OK   hash=8e6d8f5d44c0a12792363591d3f565e7 estado=malware_o_detectado saved='clasificacion/VirusShare_00499/reportes/reporte/8e6d8f5d44c0a12792363591d3f565e7.json'
2026-04-17 10:12:26 [INFO] - START hash=01ffdded37a85af3ae4d23f8536c77fe lote=VirusShare_00499 key=Key-VS-1 (GDQl...SlST) mode=file
2026-04-17 10:12:27 [INFO] - OK   hash=01ffdded37a85af3ae4d23f8536c77fe estado=malware_o_detectado saved='clasificacion/VirusShare_00499/reportes/reporte/01ffdded37a85af3ae4d23f8536c77fe.json'
2026-04-17 10:12:42 [INFO] - START hash=e8b5ac5c774e74e549c15face7f06dae lote=VirusShare_00499 key=Key-VS-1 (GDQl...SlST) mode=file
2026-04-17 10:12:42 [INFO] - OK   hash=e8b5ac5c774e74e549c15face7f06dae estado=malware_o_detectado saved='clasificacion/VirusShare_00499/reportes/reporte/e8b5ac5c774e74e549c15face7f06dae.json'
2026-04-17 10:12:57 [INFO] - START hash=214e84c4c706fd002c119c93e35ab44c lote=VirusShare_00499 key=Key-VS-1 (GDQl...SlST) mode=file
2026-04-17 10:12:57 [INFO] - OK   hash=214e84c4c706fd002c119c93e35ab44c estado=malware_o_detectado saved='clasificacion/VirusShare_00499/reportes/reporte/214e84c4c706fd002c119c93e35ab44c.json'
2026-04-17 10:13:12 [INFO] - START hash=0169eaa68a6f93f6095ae84de4f11e2a lote=VirusShare_00499 key=Key-VS-1 (GDQl...SlST) mode=file
2026-04-17 10:13:12 [INFO] - OK   hash=0169eaa68a6f93f6095ae84de4f11e2a estado=malware_o_detectado saved='clasificacion/VirusShare_00499/reportes/reporte/0169eaa68a6f93f6095ae84de4f11e2a.json'
2026-04-17 10:13:27 [INFO] - START hash=5464ce174bd65af69e7129ef0884ec22 lote=VirusShare_00499 key=Key-VS-1 (GDQl...SlST) mode=file
2026-04-17 10:13:28 [INFO] - OK   hash=5464ce174bd65af69e7129ef0884ec22 estado=malware_o_detectado saved='clasificacion/VirusShare_00499/reportes/reporte/5464ce174bd65af69e7129ef0884ec22.json'
2026-04-17 10:13:43 [INFO] - START hash=534e5b476d84dadcf0eacda81dd98972 lote=VirusShare_00499 key=Key-VS-1 (GDQl...SlST) mode=file
2026-04-17 10:13:43 [INFO] - OK   hash=534e5b476d84dadcf0eacda81dd98972 estado=malware_o_detectado saved='clasificacion/VirusShare_00499/reportes/reporte/534e5b476d84dadcf0eacda81dd98972.json'
2026-04-17 10:13:58 [INFO] - START hash=643f60cfad0d3aaa43ca2991b38720c6 lote=VirusShare_00499 key=Key-VS-1 (GDQl...SlST) mode=file
2026-04-17 10:13:58 [INFO] - OK   hash=643f60cfad0d3aaa43ca2991b38720c6 estado=malware_o_detectado saved='clasificacion/VirusShare_00499/reportes/reporte/643f60cfad0d3aaa43ca2991b38720c6.json'
2026-04-17 10:14:13 [INFO] - START hash=41cc84bc86c59f0779c08d7e5f428d27 lote=VirusShare_00499 key=Key-VS-1 (GDQl...SlST) mode=file
2026-04-17 10:14:13 [INFO] - OK   hash=41cc84bc86c59f0779c08d7e5f428d27 estado=malware_o_detectado saved='clasificacion/VirusShare_00499/reportes/reporte/41cc84bc86c59f0779c08d7e5f428d27.json'
2026-04-17 10:14:28 [INFO] - START hash=f41190b354c6a87e04d9ce84414464fb lote=VirusShare_00499 key=Key-VS-1 (GDQl...SlST) mode=file
2026-04-17 10:14:29 [INFO] - OK   hash=f41190b354c6a87e04d9ce84414464fb estado=malware_o_detectado saved='clasificacion/VirusShare_00499/reportes/reporte/f41190b354c6a87e04d9ce84414464fb.json'
2026-04-17 10:14:44 [INFO] - START hash=55de53f62c8357980c7f1666a064e1e0 lote=VirusShare_00499 key=Key-VS-1 (GDQl...SlST) mode=file
2026-04-17 10:14:44 [INFO] - OK   hash=55de53f62c8357980c7f1666a064e1e0 estado=malware_o_detectado saved='clasificacion/VirusShare_00499/reportes/reporte/55de53f62c8357980c7f1666a064e1e0.json'
2026-04-17 10:14:59 [INFO] - START hash=8f643a192b1b546f245415869c6e1993 lote=VirusShare_00499 key=Key-VS-1 (GDQl...SlST) mode=file
2026-04-17 10:14:59 [INFO] - OK   hash=8f643a192b1b546f245415869c6e1993 estado=malware_o_detectado saved='clasificacion/VirusShare_00499/reportes/reporte/8f643a192b1b546f245415869c6e1993.json'
2026-04-17 10:15:14 [INFO] - START hash=657ca934763e38234ca7311397e2cbf5 lote=VirusShare_00499 key=Key-VS-1 (GDQl...SlST) mode=file
2026-04-17 10:15:14 [INFO] - OK   hash=657ca934763e38234ca7311397e2cbf5 estado=malware_o_detectado saved='clasificacion/VirusShare_00499/reportes/reporte/657ca934763e38234ca7311397e2cbf5.json'
2026-04-17 10:15:29 [INFO] - START hash=8b5515b8321d13cd9fa835f5c266a939 lote=VirusShare_00499 key=Key-VS-1 (GDQl...SlST) mode=file
2026-04-17 10:15:30 [INFO] - OK   hash=8b5515b8321d13cd9fa835f5c266a939 estado=malware_o_detectado saved='clasificacion/VirusShare_00499/reportes/reporte/8b5515b8321d13cd9fa835f5c266a939.json'
2026-04-17 10:15:45 [INFO] - START hash=90b5240608ad66f03ccbe99563b5ad45 lote=VirusShare_00499 key=Key-VS-1 (GDQl...SlST) mode=file
2026-04-17 10:15:45 [INFO] - OK   hash=90b5240608ad66f03ccbe99563b5ad45 estado=malware_o_detectado saved='clasificacion/VirusShare_00499/reportes/reporte/90b5240608ad66f03ccbe99563b5ad45.json'
2026-04-17 10:16:00 [INFO] - START hash=d18730911afed8e93217c392902bbe19 lote=VirusShare_00499 key=Key-VS-1 (GDQl...SlST) mode=file
2026-04-17 10:16:00 [INFO] - OK   hash=d18730911afed8e93217c392902bbe19 estado=malware_o_detectado saved='clasificacion/VirusShare_00499/reportes/reporte/d18730911afed8e93217c392902bbe19.json'
2026-04-17 10:16:15 [INFO] - START hash=b80ca2dadbb74d7260f7c86091aee91d lote=VirusShare_00499 key=Key-VS-1 (GDQl...SlST) mode=file
2026-04-17 10:16:15 [INFO] - OK   hash=b80ca2dadbb74d7260f7c86091aee91d estado=malware_o_detectado saved='clasificacion/VirusShare_00499/reportes/reporte/b80ca2dadbb74d7260f7c86091aee91d.json'
2026-04-17 10:16:30 [INFO] - START hash=ab4b29de3b4006457de910667bfadea5 lote=VirusShare_00499 key=Key-VS-1 (GDQl...SlST) mode=file
2026-04-17 10:16:30 [INFO] - OK   hash=ab4b29de3b4006457de910667bfadea5 estado=malware_o_detectado saved='clasificacion/VirusShare_00499/reportes/reporte/ab4b29de3b4006457de910667bfadea5.json'
2026-04-17 10:16:45 [INFO] - START hash=a28f4c46b76bf26bd262c7e37e2c4194 lote=VirusShare_00499 key=Key-VS-1 (GDQl...SlST) mode=file
2026-04-17 10:16:46 [INFO] - OK   hash=a28f4c46b76bf26bd262c7e37e2c4194 estado=malware_o_detectado saved='clasificacion/VirusShare_00499/reportes/reporte/a28f4c46b76bf26bd262c7e37e2c4194.json'
2026-04-17 10:17:01 [INFO] - START hash=94fb4c0b7431d17f21997a3a5bdaedb9 lote=VirusShare_00499 key=Key-VS-1 (GDQl...SlST) mode=file
2026-04-17 10:17:01 [INFO] - OK   hash=94fb4c0b7431d17f21997a3a5bdaedb9 estado=malware_o_detectado saved='clasificacion/VirusShare_00499/reportes/reporte/94fb4c0b7431d17f21997a3a5bdaedb9.json'
2026-04-17 10:17:16 [INFO] - START hash=80c7af46d20378b77e2a2042be6e25e2 lote=VirusShare_00499 key=Key-VS-1 (GDQl...SlST) mode=file
2026-04-17 10:17:16 [INFO] - OK   hash=80c7af46d20378b77e2a2042be6e25e2 estado=malware_o_detectado saved='clasificacion/VirusShare_00499/reportes/reporte/80c7af46d20378b77e2a2042be6e25e2.json'
2026-04-17 10:17:31 [INFO] - START hash=b91a2d270bfdc7f426fa3e1b0f9c38a1 lote=VirusShare_00499 key=Key-VS-1 (GDQl...SlST) mode=file
2026-04-17 10:17:32 [INFO] - OK   hash=b91a2d270bfdc7f426fa3e1b0f9c38a1 estado=malware_o_detectado saved='clasificacion/VirusShare_00499/reportes/reporte/b91a2d270bfdc7f426fa3e1b0f9c38a1.json'
2026-04-17 10:17:47 [INFO] - START hash=d75d80b56d36920bad9bece4390bca1b lote=VirusShare_00499 key=Key-VS-1 (GDQl...SlST) mode=file
2026-04-17 10:17:47 [INFO] - OK   hash=d75d80b56d36920bad9bece4390bca1b estado=malware_o_detectado saved='clasificacion/VirusShare_00499/reportes/reporte/d75d80b56d36920bad9bece4390bca1b.json'
2026-04-17 10:18:02 [INFO] - START hash=37d5182d6fef86dab479c8e618669766 lote=VirusShare_00499 key=Key-VS-1 (GDQl...SlST) mode=file
2026-04-17 10:18:02 [INFO] - OK   hash=37d5182d6fef86dab479c8e618669766 estado=malware_o_detectado saved='clasificacion/VirusShare_00499/reportes/reporte/37d5182d6fef86dab479c8e618669766.json'
2026-04-17 10:18:17 [INFO] - START hash=15788fdc5c0e9f24f165570634665181 lote=VirusShare_00499 key=Key-VS-1 (GDQl...SlST) mode=file
2026-04-17 10:18:17 [INFO] - OK   hash=15788fdc5c0e9f24f165570634665181 estado=malware_o_detectado saved='clasificacion/VirusShare_00499/reportes/reporte/15788fdc5c0e9f24f165570634665181.json'
2026-04-17 10:18:32 [INFO] - START hash=6f037a4c03fb845f9b8096cc34042940 lote=VirusShare_00499 key=Key-VS-1 (GDQl...SlST) mode=file
2026-04-17 10:18:32 [INFO] - OK   hash=6f037a4c03fb845f9b8096cc34042940 estado=malware_o_detectado saved='clasificacion/VirusShare_00499/reportes/reporte/6f037a4c03fb845f9b8096cc34042940.json'
2026-04-17 10:18:47 [INFO] - START hash=033b7f8a570426d058398848753fe66f lote=VirusShare_00499 key=Key-VS-1 (GDQl...SlST) mode=file
2026-04-17 10:18:48 [INFO] - OK   hash=033b7f8a570426d058398848753fe66f estado=malware_o_detectado saved='clasificacion/VirusShare_00499/reportes/reporte/033b7f8a570426d058398848753fe66f.json'
2026-04-17 10:19:03 [INFO] - START hash=39f5fddbead53d3207b32ce5b9afb34b lote=VirusShare_00499 key=Key-VS-1 (GDQl...SlST) mode=file
2026-04-17 10:19:03 [INFO] - OK   hash=39f5fddbead53d3207b32ce5b9afb34b estado=malware_o_detectado saved='clasificacion/VirusShare_00499/reportes/reporte/39f5fddbead53d3207b32ce5b9afb34b.json'
2026-04-17 10:19:18 [INFO] - START hash=4cbb26f7342a79c6efdc3546cce490ec lote=VirusShare_00499 key=Key-VS-1 (GDQl...SlST) mode=file
2026-04-17 10:19:18 [INFO] - OK   hash=4cbb26f7342a79c6efdc3546cce490ec estado=malware_o_detectado saved='clasificacion/VirusShare_00499/reportes/reporte/4cbb26f7342a79c6efdc3546cce490ec.json'
2026-04-17 10:19:33 [INFO] - START hash=0509c727e2f33764f0b3347e3c007891 lote=VirusShare_00499 key=Key-VS-1 (GDQl...SlST) mode=file
2026-04-17 10:19:33 [INFO] - OK   hash=0509c727e2f33764f0b3347e3c007891 estado=malware_o_detectado saved='clasificacion/VirusShare_00499/reportes/reporte/0509c727e2f33764f0b3347e3c007891.json'
2026-04-17 10:19:48 [INFO] - START hash=dfaae73179a6e78ca9ee5fcf12b208f1 lote=VirusShare_00499 key=Key-VS-1 (GDQl...SlST) mode=file
2026-04-17 10:19:49 [INFO] - OK   hash=dfaae73179a6e78ca9ee5fcf12b208f1 estado=malware_o_detectado saved='clasificacion/VirusShare_00499/reportes/reporte/dfaae73179a6e78ca9ee5fcf12b208f1.json'
2026-04-17 10:20:04 [INFO] - START hash=0512342151d1b032d5ed6a19936e51fd lote=VirusShare_00499 key=Key-VS-1 (GDQl...SlST) mode=file
2026-04-17 10:20:04 [INFO] - OK   hash=0512342151d1b032d5ed6a19936e51fd estado=malware_o_detectado saved='clasificacion/VirusShare_00499/reportes/reporte/0512342151d1b032d5ed6a19936e51fd.json'
2026-04-17 10:20:19 [INFO] - START hash=b303ebb0dd89885ede9c84edd15c5959 lote=VirusShare_00499 key=Key-VS-1 (GDQl...SlST) mode=file
2026-04-17 10:20:19 [INFO] - OK   hash=b303ebb0dd89885ede9c84edd15c5959 estado=malware_o_detectado saved='clasificacion/VirusShare_00499/reportes/reporte/b303ebb0dd89885ede9c84edd15c5959.json'
2026-04-17 10:20:34 [INFO] - START hash=3986ed0ad8e0de4abd608fb896e507c9 lote=VirusShare_00499 key=Key-VS-1 (GDQl...SlST) mode=file
2026-04-17 10:20:34 [INFO] - OK   hash=3986ed0ad8e0de4abd608fb896e507c9 estado=malware_o_detectado saved='clasificacion/VirusShare_00499/reportes/reporte/3986ed0ad8e0de4abd608fb896e507c9.json'
2026-04-17 10:20:49 [INFO] - START hash=96e84171a72efc64f3fe142d65983dc4 lote=VirusShare_00499 key=Key-VS-1 (GDQl...SlST) mode=file
2026-04-17 10:20:50 [INFO] - OK   hash=96e84171a72efc64f3fe142d65983dc4 estado=malware_o_detectado saved='clasificacion/VirusShare_00499/reportes/reporte/96e84171a72efc64f3fe142d65983dc4.json'
2026-04-17 10:21:05 [INFO] - START hash=72bc1d953479fdd8d805f9512bd8ae9b lote=VirusShare_00499 key=Key-VS-1 (GDQl...SlST) mode=file
2026-04-17 10:21:05 [INFO] - OK   hash=72bc1d953479fdd8d805f9512bd8ae9b estado=malware_o_detectado saved='clasificacion/VirusShare_00499/reportes/reporte/72bc1d953479fdd8d805f9512bd8ae9b.json'
2026-04-17 10:21:20 [INFO] - START hash=804ddbd4f23b717c4dfc7e992f11851e lote=VirusShare_00499 key=Key-VS-1 (GDQl...SlST) mode=file
2026-04-17 10:21:20 [INFO] - OK   hash=804ddbd4f23b717c4dfc7e992f11851e estado=malware_o_detectado saved='clasificacion/VirusShare_00499/reportes/reporte/804ddbd4f23b717c4dfc7e992f11851e.json'
2026-04-17 10:21:35 [INFO] - START hash=d9015e5161bf3f88ac2a4d83bec3019d lote=VirusShare_00499 key=Key-VS-1 (GDQl...SlST) mode=file
2026-04-17 10:21:35 [INFO] - OK   hash=d9015e5161bf3f88ac2a4d83bec3019d estado=malware_o_detectado saved='clasificacion/VirusShare_00499/reportes/reporte/d9015e5161bf3f88ac2a4d83bec3019d.json'
2026-04-17 10:21:50 [INFO] - START hash=e76ca05af1a6809974bdda49f167a00d lote=VirusShare_00499 key=Key-VS-1 (GDQl...SlST) mode=file
2026-04-17 10:21:51 [INFO] - OK   hash=e76ca05af1a6809974bdda49f167a00d estado=malware_o_detectado saved='clasificacion/VirusShare_00499/reportes/reporte/e76ca05af1a6809974bdda49f167a00d.json'
2026-04-17 10:22:06 [INFO] - START hash=1f8e2bd3b83cc386bac60bd045d625eb lote=VirusShare_00499 key=Key-VS-1 (GDQl...SlST) mode=file
2026-04-17 10:22:06 [INFO] - OK   hash=1f8e2bd3b83cc386bac60bd045d625eb estado=malware_o_detectado saved='clasificacion/VirusShare_00499/reportes/reporte/1f8e2bd3b83cc386bac60bd045d625eb.json'
2026-04-17 10:22:21 [INFO] - START hash=66abe46c57f8415190f6e3d7bd8dbb79 lote=VirusShare_00499 key=Key-VS-1 (GDQl...SlST) mode=file
2026-04-17 10:22:21 [INFO] - OK   hash=66abe46c57f8415190f6e3d7bd8dbb79 estado=malware_o_detectado saved='clasificacion/VirusShare_00499/reportes/reporte/66abe46c57f8415190f6e3d7bd8dbb79.json'
2026-04-17 10:22:36 [INFO] - START hash=937c2dc7c31f55c647dd13cef545aac2 lote=VirusShare_00499 key=Key-VS-1 (GDQl...SlST) mode=file
2026-04-17 10:22:36 [INFO] - OK   hash=937c2dc7c31f55c647dd13cef545aac2 estado=malware_o_detectado saved='clasificacion/VirusShare_00499/reportes/reporte/937c2dc7c31f55c647dd13cef545aac2.json'
2026-04-17 10:22:51 [INFO] - START hash=9d02f6523614d61747c37dbd9c5e575a lote=VirusShare_00499 key=Key-VS-1 (GDQl...SlST) mode=file
2026-04-17 10:22:52 [INFO] - OK   hash=9d02f6523614d61747c37dbd9c5e575a estado=malware_o_detectado saved='clasificacion/VirusShare_00499/reportes/reporte/9d02f6523614d61747c37dbd9c5e575a.json'
2026-04-17 10:23:07 [INFO] - START hash=020bbe880c501980e4807fd4a42b35a4 lote=VirusShare_00499 key=Key-VS-1 (GDQl...SlST) mode=file
2026-04-17 10:23:07 [INFO] - OK   hash=020bbe880c501980e4807fd4a42b35a4 estado=malware_o_detectado saved='clasificacion/VirusShare_00499/reportes/reporte/020bbe880c501980e4807fd4a42b35a4.json'
2026-04-17 10:23:22 [INFO] - START hash=85b1c4fb668e2ccf57d1a2ebfaf8c305 lote=VirusShare_00499 key=Key-VS-1 (GDQl...SlST) mode=file
2026-04-17 10:23:22 [INFO] - OK   hash=85b1c4fb668e2ccf57d1a2ebfaf8c305 estado=malware_o_detectado saved='clasificacion/VirusShare_00499/reportes/reporte/85b1c4fb668e2ccf57d1a2ebfaf8c305.json'
2026-04-17 10:23:37 [INFO] - START hash=a0a2596790088d1d5131b04e109c10cc lote=VirusShare_00499 key=Key-VS-1 (GDQl...SlST) mode=file
2026-04-17 10:23:37 [INFO] - OK   hash=a0a2596790088d1d5131b04e109c10cc estado=malware_o_detectado saved='clasificacion/VirusShare_00499/reportes/reporte/a0a2596790088d1d5131b04e109c10cc.json'
2026-04-17 10:23:52 [INFO] - START hash=c1cae2cd384be8b6cf5cf63742ede8d1 lote=VirusShare_00499 key=Key-VS-1 (GDQl...SlST) mode=file
2026-04-17 10:23:53 [INFO] - OK   hash=c1cae2cd384be8b6cf5cf63742ede8d1 estado=malware_o_detectado saved='clasificacion/VirusShare_00499/reportes/reporte/c1cae2cd384be8b6cf5cf63742ede8d1.json'
2026-04-17 10:24:08 [INFO] - START hash=a12d2534959ed71d5ac89566bbd68e42 lote=VirusShare_00499 key=Key-VS-1 (GDQl...SlST) mode=file
2026-04-17 10:24:08 [INFO] - OK   hash=a12d2534959ed71d5ac89566bbd68e42 estado=malware_o_detectado saved='clasificacion/VirusShare_00499/reportes/reporte/a12d2534959ed71d5ac89566bbd68e42.json'
2026-04-17 10:24:23 [INFO] - START hash=67c6e960c7274c4a25d2697ea216e3e2 lote=VirusShare_00499 key=Key-VS-1 (GDQl...SlST) mode=file
2026-04-17 10:24:23 [INFO] - OK   hash=67c6e960c7274c4a25d2697ea216e3e2 estado=malware_o_detectado saved='clasificacion/VirusShare_00499/reportes/reporte/67c6e960c7274c4a25d2697ea216e3e2.json'
2026-04-17 10:24:38 [INFO] - START hash=e4d36de4fa0c93e7bbf0fad7b0614d85 lote=VirusShare_00499 key=Key-VS-1 (GDQl...SlST) mode=file
2026-04-17 10:24:38 [INFO] - OK   hash=e4d36de4fa0c93e7bbf0fad7b0614d85 estado=malware_o_detectado saved='clasificacion/VirusShare_00499/reportes/reporte/e4d36de4fa0c93e7bbf0fad7b0614d85.json'
2026-04-17 10:24:53 [INFO] - START hash=fc1ffa65d324369bb867d302090186f4 lote=VirusShare_00499 key=Key-VS-1 (GDQl...SlST) mode=file
2026-04-17 10:24:53 [INFO] - OK   hash=fc1ffa65d324369bb867d302090186f4 estado=malware_o_detectado saved='clasificacion/VirusShare_00499/reportes/reporte/fc1ffa65d324369bb867d302090186f4.json'
2026-04-17 10:25:08 [INFO] - START hash=5c656e55abf705b7867e53d73c886dee lote=VirusShare_00499 key=Key-VS-1 (GDQl...SlST) mode=file
2026-04-17 10:25:09 [INFO] - OK   hash=5c656e55abf705b7867e53d73c886dee estado=malware_o_detectado saved='clasificacion/VirusShare_00499/reportes/reporte/5c656e55abf705b7867e53d73c886dee.json'
2026-04-17 10:25:24 [INFO] - START hash=922f571c2f9df986332f5715fd8cdcf0 lote=VirusShare_00499 key=Key-VS-1 (GDQl...SlST) mode=file
2026-04-17 10:25:24 [INFO] - OK   hash=922f571c2f9df986332f5715fd8cdcf0 estado=malware_o_detectado saved='clasificacion/VirusShare_00499/reportes/reporte/922f571c2f9df986332f5715fd8cdcf0.json'
2026-04-17 10:25:39 [INFO] - START hash=63e7af6f90360aa237f1486f99bd9d33 lote=VirusShare_00499 key=Key-VS-1 (GDQl...SlST) mode=file
2026-04-17 10:25:39 [INFO] - OK   hash=63e7af6f90360aa237f1486f99bd9d33 estado=malware_o_detectado saved='clasificacion/VirusShare_00499/reportes/reporte/63e7af6f90360aa237f1486f99bd9d33.json'
2026-04-17 10:25:54 [INFO] - START hash=40a74a13cf46f38a53511a7040ab0892 lote=VirusShare_00499 key=Key-VS-1 (GDQl...SlST) mode=file
2026-04-17 10:25:54 [INFO] - OK   hash=40a74a13cf46f38a53511a7040ab0892 estado=malware_o_detectado saved='clasificacion/VirusShare_00499/reportes/reporte/40a74a13cf46f38a53511a7040ab0892.json'
2026-04-17 10:26:09 [INFO] - START hash=56d4c387d85f0ee4888adc98eddd5a75 lote=VirusShare_00499 key=Key-VS-1 (GDQl...SlST) mode=file
2026-04-17 10:26:10 [INFO] - OK   hash=56d4c387d85f0ee4888adc98eddd5a75 estado=malware_o_detectado saved='clasificacion/VirusShare_00499/reportes/reporte/56d4c387d85f0ee4888adc98eddd5a75.json'
2026-04-17 10:26:25 [INFO] - START hash=0bf695791eef35fa6ca733276b19fd8f lote=VirusShare_00499 key=Key-VS-1 (GDQl...SlST) mode=file
2026-04-17 10:26:25 [INFO] - OK   hash=0bf695791eef35fa6ca733276b19fd8f estado=malware_o_detectado saved='clasificacion/VirusShare_00499/reportes/reporte/0bf695791eef35fa6ca733276b19fd8f.json'
2026-04-17 10:26:40 [INFO] - START hash=69d62e71d35fad0f15074fc177434f1d lote=VirusShare_00499 key=Key-VS-1 (GDQl...SlST) mode=file
2026-04-17 10:26:40 [INFO] - OK   hash=69d62e71d35fad0f15074fc177434f1d estado=malware_o_detectado saved='clasificacion/VirusShare_00499/reportes/reporte/69d62e71d35fad0f15074fc177434f1d.json'
2026-04-17 10:26:55 [INFO] - START hash=485baeb56cde578cdfe8f88a04e29212 lote=VirusShare_00499 key=Key-VS-1 (GDQl...SlST) mode=file
2026-04-17 10:26:55 [INFO] - OK   hash=485baeb56cde578cdfe8f88a04e29212 estado=malware_o_detectado saved='clasificacion/VirusShare_00499/reportes/reporte/485baeb56cde578cdfe8f88a04e29212.json'
2026-04-17 10:27:10 [INFO] - START hash=fd9876b77b5e614cb6c6f75a1b5b0e09 lote=VirusShare_00499 key=Key-VS-1 (GDQl...SlST) mode=file
2026-04-17 10:27:11 [INFO] - OK   hash=fd9876b77b5e614cb6c6f75a1b5b0e09 estado=malware_o_detectado saved='clasificacion/VirusShare_00499/reportes/reporte/fd9876b77b5e614cb6c6f75a1b5b0e09.json'
2026-04-17 10:27:26 [INFO] - START hash=f65e38ae28580fc3679c6f6a0a8e4372 lote=VirusShare_00499 key=Key-VS-1 (GDQl...SlST) mode=file
2026-04-17 10:27:26 [INFO] - OK   hash=f65e38ae28580fc3679c6f6a0a8e4372 estado=malware_o_detectado saved='clasificacion/VirusShare_00499/reportes/reporte/f65e38ae28580fc3679c6f6a0a8e4372.json'
2026-04-17 10:27:41 [INFO] - START hash=944a6c421061b7ccc4366715bb8bf8be lote=VirusShare_00499 key=Key-VS-1 (GDQl...SlST) mode=file
2026-04-17 10:27:41 [INFO] - OK   hash=944a6c421061b7ccc4366715bb8bf8be estado=malware_o_detectado saved='clasificacion/VirusShare_00499/reportes/reporte/944a6c421061b7ccc4366715bb8bf8be.json'
2026-04-17 10:27:56 [INFO] - START hash=adaf3604f0e575466c09821b5f19d936 lote=VirusShare_00499 key=Key-VS-1 (GDQl...SlST) mode=file
2026-04-17 10:27:56 [INFO] - OK   hash=adaf3604f0e575466c09821b5f19d936 estado=malware_o_detectado saved='clasificacion/VirusShare_00499/reportes/reporte/adaf3604f0e575466c09821b5f19d936.json'
2026-04-17 10:28:11 [INFO] - START hash=0de343075d922c9b7c21792363b92e43 lote=VirusShare_00499 key=Key-VS-1 (GDQl...SlST) mode=file
2026-04-17 10:28:12 [INFO] - OK   hash=0de343075d922c9b7c21792363b92e43 estado=malware_o_detectado saved='clasificacion/VirusShare_00499/reportes/reporte/0de343075d922c9b7c21792363b92e43.json'
2026-04-17 10:28:27 [INFO] - START hash=e66b04a3db2f3f2ff52638837dce3520 lote=VirusShare_00499 key=Key-VS-1 (GDQl...SlST) mode=file
2026-04-17 10:28:27 [INFO] - OK   hash=e66b04a3db2f3f2ff52638837dce3520 estado=malware_o_detectado saved='clasificacion/VirusShare_00499/reportes/reporte/e66b04a3db2f3f2ff52638837dce3520.json'
2026-04-17 10:28:42 [INFO] - START hash=c1d8eac2c7d2283765d3d733174c987a lote=VirusShare_00499 key=Key-VS-1 (GDQl...SlST) mode=file
2026-04-17 10:28:42 [INFO] - OK   hash=c1d8eac2c7d2283765d3d733174c987a estado=malware_o_detectado saved='clasificacion/VirusShare_00499/reportes/reporte/c1d8eac2c7d2283765d3d733174c987a.json'
2026-04-17 10:28:57 [INFO] - START hash=f287c883c3bd0bbf1477ba59ef9c9a47 lote=VirusShare_00499 key=Key-VS-1 (GDQl...SlST) mode=file
2026-04-17 10:28:57 [INFO] - OK   hash=f287c883c3bd0bbf1477ba59ef9c9a47 estado=malware_o_detectado saved='clasificacion/VirusShare_00499/reportes/reporte/f287c883c3bd0bbf1477ba59ef9c9a47.json'
2026-04-17 10:29:12 [INFO] - START hash=5d78e58d372e3456364e392b308fe94b lote=VirusShare_00499 key=Key-VS-1 (GDQl...SlST) mode=file
2026-04-17 10:29:13 [INFO] - OK   hash=5d78e58d372e3456364e392b308fe94b estado=malware_o_detectado saved='clasificacion/VirusShare_00499/reportes/reporte/5d78e58d372e3456364e392b308fe94b.json'
2026-04-17 10:29:28 [INFO] - START hash=5705ae3c38c5627e4a6151f7a764d178 lote=VirusShare_00499 key=Key-VS-1 (GDQl...SlST) mode=file
2026-04-17 10:29:28 [INFO] - OK   hash=5705ae3c38c5627e4a6151f7a764d178 estado=malware_o_detectado saved='clasificacion/VirusShare_00499/reportes/reporte/5705ae3c38c5627e4a6151f7a764d178.json'
2026-04-17 10:29:43 [INFO] - START hash=ef4fd6dfb8c5166dd5f770c6af746d99 lote=VirusShare_00499 key=Key-VS-1 (GDQl...SlST) mode=file
2026-04-17 10:29:43 [INFO] - OK   hash=ef4fd6dfb8c5166dd5f770c6af746d99 estado=malware_o_detectado saved='clasificacion/VirusShare_00499/reportes/reporte/ef4fd6dfb8c5166dd5f770c6af746d99.json'
2026-04-17 10:29:58 [INFO] - START hash=3fdd6f6c18876cff683d7204d99dc7ea lote=VirusShare_00499 key=Key-VS-1 (GDQl...SlST) mode=file
2026-04-17 10:29:58 [INFO] - OK   hash=3fdd6f6c18876cff683d7204d99dc7ea estado=malware_o_detectado saved='clasificacion/VirusShare_00499/reportes/reporte/3fdd6f6c18876cff683d7204d99dc7ea.json'
2026-04-17 10:30:13 [INFO] - START hash=322335f6976a223f34e473afbe9d4d24 lote=VirusShare_00499 key=Key-VS-1 (GDQl...SlST) mode=file
2026-04-17 10:30:14 [INFO] - OK   hash=322335f6976a223f34e473afbe9d4d24 estado=malware_o_detectado saved='clasificacion/VirusShare_00499/reportes/reporte/322335f6976a223f34e473afbe9d4d24.json'
2026-04-17 10:30:29 [INFO] - START hash=a1f4d9c9bbdd13c1d3043705f2dde4f1 lote=VirusShare_00499 key=Key-VS-1 (GDQl...SlST) mode=file
2026-04-17 10:30:29 [INFO] - OK   hash=a1f4d9c9bbdd13c1d3043705f2dde4f1 estado=malware_o_detectado saved='clasificacion/VirusShare_00499/reportes/reporte/a1f4d9c9bbdd13c1d3043705f2dde4f1.json'
2026-04-17 10:30:44 [INFO] - START hash=ba04b4b2f1364242210727d122717a2a lote=VirusShare_00499 key=Key-VS-1 (GDQl...SlST) mode=file
2026-04-17 10:30:44 [INFO] - OK   hash=ba04b4b2f1364242210727d122717a2a estado=malware_o_detectado saved='clasificacion/VirusShare_00499/reportes/reporte/ba04b4b2f1364242210727d122717a2a.json'
2026-04-17 10:30:59 [INFO] - START hash=211655e1aaf795c86448b1b1eb7501d0 lote=VirusShare_00499 key=Key-VS-1 (GDQl...SlST) mode=file
2026-04-17 10:30:59 [INFO] - OK   hash=211655e1aaf795c86448b1b1eb7501d0 estado=malware_o_detectado saved='clasificacion/VirusShare_00499/reportes/reporte/211655e1aaf795c86448b1b1eb7501d0.json'
2026-04-17 10:31:14 [INFO] - START hash=f0466b95d35ac1fc1919ea5dca106d18 lote=VirusShare_00499 key=Key-VS-1 (GDQl...SlST) mode=file
2026-04-17 10:31:15 [INFO] - OK   hash=f0466b95d35ac1fc1919ea5dca106d18 estado=malware_o_detectado saved='clasificacion/VirusShare_00499/reportes/reporte/f0466b95d35ac1fc1919ea5dca106d18.json'
2026-04-17 10:31:30 [INFO] - START hash=ae9ce0f04e993911596a06b52b725674 lote=VirusShare_00499 key=Key-VS-1 (GDQl...SlST) mode=file
2026-04-17 10:31:30 [INFO] - OK   hash=ae9ce0f04e993911596a06b52b725674 estado=malware_o_detectado saved='clasificacion/VirusShare_00499/reportes/reporte/ae9ce0f04e993911596a06b52b725674.json'
2026-04-17 10:31:45 [INFO] - START hash=d8e34781588da2cfb83796c0d6fdc58d lote=VirusShare_00499 key=Key-VS-1 (GDQl...SlST) mode=file
2026-04-17 10:31:45 [INFO] - OK   hash=d8e34781588da2cfb83796c0d6fdc58d estado=malware_o_detectado saved='clasificacion/VirusShare_00499/reportes/reporte/d8e34781588da2cfb83796c0d6fdc58d.json'
2026-04-17 10:32:00 [INFO] - START hash=57a59a0b74474da909c3634d1ef09ceb lote=VirusShare_00499 key=Key-VS-1 (GDQl...SlST) mode=file
2026-04-17 10:32:02 [INFO] - OK   hash=57a59a0b74474da909c3634d1ef09ceb estado=malware_o_detectado saved='clasificacion/VirusShare_00499/reportes/reporte/57a59a0b74474da909c3634d1ef09ceb.json'
2026-04-17 10:32:17 [INFO] - START hash=4d506c9ff38670893446c68260ac4781 lote=VirusShare_00499 key=Key-VS-1 (GDQl...SlST) mode=file
2026-04-17 10:32:17 [INFO] - OK   hash=4d506c9ff38670893446c68260ac4781 estado=malware_o_detectado saved='clasificacion/VirusShare_00499/reportes/reporte/4d506c9ff38670893446c68260ac4781.json'
2026-04-17 10:32:32 [INFO] - START hash=210120fd15b7b809ea5e9d541d15e1af lote=VirusShare_00499 key=Key-VS-1 (GDQl...SlST) mode=file
2026-04-17 10:32:32 [INFO] - OK   hash=210120fd15b7b809ea5e9d541d15e1af estado=malware_o_detectado saved='clasificacion/VirusShare_00499/reportes/reporte/210120fd15b7b809ea5e9d541d15e1af.json'
2026-04-17 10:32:47 [INFO] - START hash=65fc9c36b0944e1be7fcae7d19d93dcf lote=VirusShare_00499 key=Key-VS-1 (GDQl...SlST) mode=file
2026-04-17 10:32:47 [INFO] - OK   hash=65fc9c36b0944e1be7fcae7d19d93dcf estado=malware_o_detectado saved='clasificacion/VirusShare_00499/reportes/reporte/65fc9c36b0944e1be7fcae7d19d93dcf.json'
2026-04-17 10:33:02 [INFO] - START hash=b5965161604e778fef713813d8a69762 lote=VirusShare_00499 key=Key-VS-1 (GDQl...SlST) mode=file
2026-04-17 10:33:03 [INFO] - OK   hash=b5965161604e778fef713813d8a69762 estado=malware_o_detectado saved='clasificacion/VirusShare_00499/reportes/reporte/b5965161604e778fef713813d8a69762.json'
2026-04-17 10:33:18 [INFO] - START hash=92f23ca5754a3b4934d69fe88fabdd88 lote=VirusShare_00499 key=Key-VS-1 (GDQl...SlST) mode=file
2026-04-17 10:33:18 [INFO] - OK   hash=92f23ca5754a3b4934d69fe88fabdd88 estado=malware_o_detectado saved='clasificacion/VirusShare_00499/reportes/reporte/92f23ca5754a3b4934d69fe88fabdd88.json'
2026-04-17 10:33:33 [INFO] - START hash=d37470e58aae468989bb532d806093f9 lote=VirusShare_00499 key=Key-VS-1 (GDQl...SlST) mode=file
2026-04-17 10:33:33 [INFO] - OK   hash=d37470e58aae468989bb532d806093f9 estado=malware_o_detectado saved='clasificacion/VirusShare_00499/reportes/reporte/d37470e58aae468989bb532d806093f9.json'
2026-04-17 10:33:48 [INFO] - START hash=2f625103e331cff028f4afcc7b85a42d lote=VirusShare_00499 key=Key-VS-1 (GDQl...SlST) mode=file
2026-04-17 10:33:49 [INFO] - OK   hash=2f625103e331cff028f4afcc7b85a42d estado=malware_o_detectado saved='clasificacion/VirusShare_00499/reportes/reporte/2f625103e331cff028f4afcc7b85a42d.json'
2026-04-17 10:34:04 [INFO] - START hash=23a7f2112b089915019dd9ca90d39215 lote=VirusShare_00499 key=Key-VS-1 (GDQl...SlST) mode=file
2026-04-17 10:34:04 [INFO] - OK   hash=23a7f2112b089915019dd9ca90d39215 estado=malware_o_detectado saved='clasificacion/VirusShare_00499/reportes/reporte/23a7f2112b089915019dd9ca90d39215.json'
2026-04-17 10:34:19 [INFO] - START hash=23ea27ddc8087b35939814eafe80b81e lote=VirusShare_00499 key=Key-VS-1 (GDQl...SlST) mode=file
2026-04-17 10:34:19 [INFO] - OK   hash=23ea27ddc8087b35939814eafe80b81e estado=malware_o_detectado saved='clasificacion/VirusShare_00499/reportes/reporte/23ea27ddc8087b35939814eafe80b81e.json'
2026-04-17 10:34:34 [INFO] - START hash=a5ccb123b9a2a52d44293f933a68c19e lote=VirusShare_00499 key=Key-VS-1 (GDQl...SlST) mode=file
2026-04-17 10:34:35 [INFO] - OK   hash=a5ccb123b9a2a52d44293f933a68c19e estado=malware_o_detectado saved='clasificacion/VirusShare_00499/reportes/reporte/a5ccb123b9a2a52d44293f933a68c19e.json'
2026-04-17 10:34:50 [INFO] - START hash=9179122d4609f37840e630bf966ae3d9 lote=VirusShare_00499 key=Key-VS-1 (GDQl...SlST) mode=file
2026-04-17 10:34:50 [INFO] - OK   hash=9179122d4609f37840e630bf966ae3d9 estado=malware_o_detectado saved='clasificacion/VirusShare_00499/reportes/reporte/9179122d4609f37840e630bf966ae3d9.json'
2026-04-17 10:35:05 [INFO] - START hash=fb8ea2f19b4c23a6d79457c14c3d8c56 lote=VirusShare_00499 key=Key-VS-1 (GDQl...SlST) mode=file
2026-04-17 10:35:05 [INFO] - OK   hash=fb8ea2f19b4c23a6d79457c14c3d8c56 estado=malware_o_detectado saved='clasificacion/VirusShare_00499/reportes/reporte/fb8ea2f19b4c23a6d79457c14c3d8c56.json'
2026-04-17 10:35:20 [INFO] - START hash=3561043d8972c6335862dddc188f909a lote=VirusShare_00499 key=Key-VS-1 (GDQl...SlST) mode=file
2026-04-17 10:35:20 [INFO] - OK   hash=3561043d8972c6335862dddc188f909a estado=malware_o_detectado saved='clasificacion/VirusShare_00499/reportes/reporte/3561043d8972c6335862dddc188f909a.json'
2026-04-17 10:35:35 [INFO] - START hash=4e38aeff4c32c41f55a39d6dd78743fa lote=VirusShare_00499 key=Key-VS-1 (GDQl...SlST) mode=file
2026-04-17 10:35:36 [INFO] - OK   hash=4e38aeff4c32c41f55a39d6dd78743fa estado=malware_o_detectado saved='clasificacion/VirusShare_00499/reportes/reporte/4e38aeff4c32c41f55a39d6dd78743fa.json'
2026-04-17 10:35:51 [INFO] - START hash=310c456f87245f64215a3a8ae2f66252 lote=VirusShare_00499 key=Key-VS-1 (GDQl...SlST) mode=file
2026-04-17 10:35:51 [INFO] - OK   hash=310c456f87245f64215a3a8ae2f66252 estado=malware_o_detectado saved='clasificacion/VirusShare_00499/reportes/reporte/310c456f87245f64215a3a8ae2f66252.json'
2026-04-17 10:36:06 [INFO] - START hash=7df6d5ee70604398d4dbe4c54f4d6324 lote=VirusShare_00499 key=Key-VS-1 (GDQl...SlST) mode=file
2026-04-17 10:36:06 [INFO] - OK   hash=7df6d5ee70604398d4dbe4c54f4d6324 estado=malware_o_detectado saved='clasificacion/VirusShare_00499/reportes/reporte/7df6d5ee70604398d4dbe4c54f4d6324.json'
2026-04-17 10:36:21 [INFO] - START hash=51d767150edb4259d843cdbfeecab266 lote=VirusShare_00499 key=Key-VS-1 (GDQl...SlST) mode=file
2026-04-17 10:36:21 [INFO] - OK   hash=51d767150edb4259d843cdbfeecab266 estado=malware_o_detectado saved='clasificacion/VirusShare_00499/reportes/reporte/51d767150edb4259d843cdbfeecab266.json'
2026-04-17 10:36:36 [INFO] - START hash=c2411b7f3d6729376cf43ec40eeb7ab9 lote=VirusShare_00499 key=Key-VS-1 (GDQl...SlST) mode=file
2026-04-17 10:36:37 [INFO] - OK   hash=c2411b7f3d6729376cf43ec40eeb7ab9 estado=malware_o_detectado saved='clasificacion/VirusShare_00499/reportes/reporte/c2411b7f3d6729376cf43ec40eeb7ab9.json'
2026-04-17 10:36:52 [INFO] - START hash=f8d8952e225119062699213fcc2b2371 lote=VirusShare_00499 key=Key-VS-1 (GDQl...SlST) mode=file
2026-04-17 10:36:52 [INFO] - OK   hash=f8d8952e225119062699213fcc2b2371 estado=malware_o_detectado saved='clasificacion/VirusShare_00499/reportes/reporte/f8d8952e225119062699213fcc2b2371.json'
2026-04-17 10:37:07 [INFO] - START hash=a120496c9d6885e5fccd80887d31b867 lote=VirusShare_00499 key=Key-VS-1 (GDQl...SlST) mode=file
2026-04-17 10:37:07 [INFO] - OK   hash=a120496c9d6885e5fccd80887d31b867 estado=malware_o_detectado saved='clasificacion/VirusShare_00499/reportes/reporte/a120496c9d6885e5fccd80887d31b867.json'
2026-04-17 10:37:22 [INFO] - START hash=b60b599d0cf1cfcb07877ba79cded5db lote=VirusShare_00499 key=Key-VS-1 (GDQl...SlST) mode=file
2026-04-17 10:37:22 [INFO] - OK   hash=b60b599d0cf1cfcb07877ba79cded5db estado=malware_o_detectado saved='clasificacion/VirusShare_00499/reportes/reporte/b60b599d0cf1cfcb07877ba79cded5db.json'
2026-04-17 10:37:37 [INFO] - START hash=6afc28e75e31e5ecc91adca85693554a lote=VirusShare_00499 key=Key-VS-1 (GDQl...SlST) mode=file
2026-04-17 10:37:37 [INFO] - OK   hash=6afc28e75e31e5ecc91adca85693554a estado=malware_o_detectado saved='clasificacion/VirusShare_00499/reportes/reporte/6afc28e75e31e5ecc91adca85693554a.json'
2026-04-17 10:37:52 [INFO] - START hash=f4032c0ffb79207fea820847f23840e9 lote=VirusShare_00499 key=Key-VS-1 (GDQl...SlST) mode=file
2026-04-17 10:37:53 [INFO] - OK   hash=f4032c0ffb79207fea820847f23840e9 estado=malware_o_detectado saved='clasificacion/VirusShare_00499/reportes/reporte/f4032c0ffb79207fea820847f23840e9.json'
2026-04-17 10:38:08 [INFO] - START hash=7609e2d130f1795e6ec5b7b8777f51ab lote=VirusShare_00499 key=Key-VS-1 (GDQl...SlST) mode=file
2026-04-17 10:38:08 [INFO] - OK   hash=7609e2d130f1795e6ec5b7b8777f51ab estado=malware_o_detectado saved='clasificacion/VirusShare_00499/reportes/reporte/7609e2d130f1795e6ec5b7b8777f51ab.json'
2026-04-17 10:38:23 [INFO] - START hash=e1fb145097170827a8e417825df2aba5 lote=VirusShare_00499 key=Key-VS-1 (GDQl...SlST) mode=file
2026-04-17 10:38:23 [INFO] - OK   hash=e1fb145097170827a8e417825df2aba5 estado=malware_o_detectado saved='clasificacion/VirusShare_00499/reportes/reporte/e1fb145097170827a8e417825df2aba5.json'
2026-04-17 10:38:38 [INFO] - START hash=40e02b9fbfbc4991894606c8bfa7fc6a lote=VirusShare_00499 key=Key-VS-1 (GDQl...SlST) mode=file
2026-04-17 10:38:38 [INFO] - OK   hash=40e02b9fbfbc4991894606c8bfa7fc6a estado=malware_o_detectado saved='clasificacion/VirusShare_00499/reportes/reporte/40e02b9fbfbc4991894606c8bfa7fc6a.json'
2026-04-17 10:38:53 [INFO] - START hash=106eed6565b4e2cceec2c3b05eebaf86 lote=VirusShare_00499 key=Key-VS-1 (GDQl...SlST) mode=file
2026-04-17 10:38:54 [INFO] - OK   hash=106eed6565b4e2cceec2c3b05eebaf86 estado=malware_o_detectado saved='clasificacion/VirusShare_00499/reportes/reporte/106eed6565b4e2cceec2c3b05eebaf86.json'
2026-04-17 10:39:09 [INFO] - START hash=9cfd027bee9c1d578212988d2cdc1e7d lote=VirusShare_00499 key=Key-VS-1 (GDQl...SlST) mode=file
2026-04-17 10:39:09 [INFO] - OK   hash=9cfd027bee9c1d578212988d2cdc1e7d estado=malware_o_detectado saved='clasificacion/VirusShare_00499/reportes/reporte/9cfd027bee9c1d578212988d2cdc1e7d.json'
2026-04-17 10:39:24 [INFO] - START hash=872df27d6c05e9586f421b1e197d6e92 lote=VirusShare_00499 key=Key-VS-1 (GDQl...SlST) mode=file
2026-04-17 10:39:24 [INFO] - OK   hash=872df27d6c05e9586f421b1e197d6e92 estado=malware_o_detectado saved='clasificacion/VirusShare_00499/reportes/reporte/872df27d6c05e9586f421b1e197d6e92.json'
2026-04-17 10:39:39 [INFO] - START hash=8eca267edc3dce90c8a2018768b97d10 lote=VirusShare_00499 key=Key-VS-1 (GDQl...SlST) mode=file
2026-04-17 10:39:39 [INFO] - OK   hash=8eca267edc3dce90c8a2018768b97d10 estado=malware_o_detectado saved='clasificacion/VirusShare_00499/reportes/reporte/8eca267edc3dce90c8a2018768b97d10.json'
2026-04-17 10:39:54 [INFO] - START hash=88985c53471b588373110d566cbae9b0 lote=VirusShare_00499 key=Key-VS-1 (GDQl...SlST) mode=file
2026-04-17 10:39:55 [INFO] - OK   hash=88985c53471b588373110d566cbae9b0 estado=malware_o_detectado saved='clasificacion/VirusShare_00499/reportes/reporte/88985c53471b588373110d566cbae9b0.json'
2026-04-17 10:40:10 [INFO] - START hash=620a59aebd59444ee9171c17a59a0fae lote=VirusShare_00499 key=Key-VS-1 (GDQl...SlST) mode=file
2026-04-17 10:40:10 [INFO] - OK   hash=620a59aebd59444ee9171c17a59a0fae estado=malware_o_detectado saved='clasificacion/VirusShare_00499/reportes/reporte/620a59aebd59444ee9171c17a59a0fae.json'
2026-04-17 10:40:25 [INFO] - START hash=18ae8090b295434d5d470a007f726f39 lote=VirusShare_00499 key=Key-VS-1 (GDQl...SlST) mode=file
2026-04-17 10:40:25 [INFO] - OK   hash=18ae8090b295434d5d470a007f726f39 estado=malware_o_detectado saved='clasificacion/VirusShare_00499/reportes/reporte/18ae8090b295434d5d470a007f726f39.json'
2026-04-17 10:40:40 [INFO] - START hash=0707008f36df93e4741319c34a9bbc3b lote=VirusShare_00499 key=Key-VS-1 (GDQl...SlST) mode=file
2026-04-17 10:40:40 [INFO] - OK   hash=0707008f36df93e4741319c34a9bbc3b estado=malware_o_detectado saved='clasificacion/VirusShare_00499/reportes/reporte/0707008f36df93e4741319c34a9bbc3b.json'
2026-04-17 10:40:55 [INFO] - START hash=47e6b8d6fbe87ee5c1f5330aef592778 lote=VirusShare_00499 key=Key-VS-1 (GDQl...SlST) mode=file
2026-04-17 10:40:56 [INFO] - OK   hash=47e6b8d6fbe87ee5c1f5330aef592778 estado=malware_o_detectado saved='clasificacion/VirusShare_00499/reportes/reporte/47e6b8d6fbe87ee5c1f5330aef592778.json'
2026-04-17 10:41:11 [INFO] - START hash=bcf3be3faa26cd4e1a54dc7ca8fd7335 lote=VirusShare_00499 key=Key-VS-1 (GDQl...SlST) mode=file
2026-04-17 10:41:11 [INFO] - OK   hash=bcf3be3faa26cd4e1a54dc7ca8fd7335 estado=malware_o_detectado saved='clasificacion/VirusShare_00499/reportes/reporte/bcf3be3faa26cd4e1a54dc7ca8fd7335.json'
2026-04-17 10:41:26 [INFO] - START hash=a60a474fccfe5f6c12b49fc8826539ff lote=VirusShare_00499 key=Key-VS-1 (GDQl...SlST) mode=file
2026-04-17 10:41:26 [INFO] - OK   hash=a60a474fccfe5f6c12b49fc8826539ff estado=malware_o_detectado saved='clasificacion/VirusShare_00499/reportes/reporte/a60a474fccfe5f6c12b49fc8826539ff.json'
2026-04-17 10:41:41 [INFO] - START hash=1d2115b071066f41fdc0caa11e819461 lote=VirusShare_00499 key=Key-VS-1 (GDQl...SlST) mode=file
2026-04-17 10:41:42 [INFO] - OK   hash=1d2115b071066f41fdc0caa11e819461 estado=malware_o_detectado saved='clasificacion/VirusShare_00499/reportes/reporte/1d2115b071066f41fdc0caa11e819461.json'
2026-04-17 10:41:57 [INFO] - START hash=42532e6b93f3f5b87ea8f953f9748b7a lote=VirusShare_00499 key=Key-VS-1 (GDQl...SlST) mode=file
2026-04-17 10:41:57 [INFO] - OK   hash=42532e6b93f3f5b87ea8f953f9748b7a estado=malware_o_detectado saved='clasificacion/VirusShare_00499/reportes/reporte/42532e6b93f3f5b87ea8f953f9748b7a.json'
2026-04-17 10:42:12 [INFO] - START hash=e72f8ea8a2ef2094ba799d09e52b72b7 lote=VirusShare_00499 key=Key-VS-1 (GDQl...SlST) mode=file
2026-04-17 10:42:12 [INFO] - OK   hash=e72f8ea8a2ef2094ba799d09e52b72b7 estado=malware_o_detectado saved='clasificacion/VirusShare_00499/reportes/reporte/e72f8ea8a2ef2094ba799d09e52b72b7.json'
2026-04-17 10:42:27 [INFO] - START hash=4c0d27964a8a9ed9d9f70acb5cd2d507 lote=VirusShare_00499 key=Key-VS-1 (GDQl...SlST) mode=file
2026-04-17 10:42:27 [INFO] - OK   hash=4c0d27964a8a9ed9d9f70acb5cd2d507 estado=malware_o_detectado saved='clasificacion/VirusShare_00499/reportes/reporte/4c0d27964a8a9ed9d9f70acb5cd2d507.json'
2026-04-17 10:42:42 [INFO] - START hash=0380f32df39a6940de00e70e1d81e7cf lote=VirusShare_00499 key=Key-VS-1 (GDQl...SlST) mode=file
2026-04-17 10:42:43 [INFO] - OK   hash=0380f32df39a6940de00e70e1d81e7cf estado=malware_o_detectado saved='clasificacion/VirusShare_00499/reportes/reporte/0380f32df39a6940de00e70e1d81e7cf.json'
2026-04-17 10:42:58 [INFO] - START hash=1f3cc3f6004b73f1adf9cb0200ba71f9 lote=VirusShare_00499 key=Key-VS-1 (GDQl...SlST) mode=file
2026-04-17 10:42:58 [INFO] - OK   hash=1f3cc3f6004b73f1adf9cb0200ba71f9 estado=malware_o_detectado saved='clasificacion/VirusShare_00499/reportes/reporte/1f3cc3f6004b73f1adf9cb0200ba71f9.json'
2026-04-17 10:43:13 [INFO] - START hash=fbbc763915b326c51ea757b377591c2f lote=VirusShare_00499 key=Key-VS-1 (GDQl...SlST) mode=file
2026-04-17 10:43:13 [INFO] - OK   hash=fbbc763915b326c51ea757b377591c2f estado=malware_o_detectado saved='clasificacion/VirusShare_00499/reportes/reporte/fbbc763915b326c51ea757b377591c2f.json'
2026-04-17 10:43:28 [INFO] - START hash=b565c2e9aa5e56bf0ba67663af74287d lote=VirusShare_00499 key=Key-VS-1 (GDQl...SlST) mode=file
2026-04-17 10:43:29 [INFO] - OK   hash=b565c2e9aa5e56bf0ba67663af74287d estado=malware_o_detectado saved='clasificacion/VirusShare_00499/reportes/reporte/b565c2e9aa5e56bf0ba67663af74287d.json'
2026-04-17 10:43:44 [INFO] - START hash=0c940b87d9f00fd6ffc02510cb7f34f0 lote=VirusShare_00499 key=Key-VS-1 (GDQl...SlST) mode=file
2026-04-17 10:43:44 [INFO] - OK   hash=0c940b87d9f00fd6ffc02510cb7f34f0 estado=malware_o_detectado saved='clasificacion/VirusShare_00499/reportes/reporte/0c940b87d9f00fd6ffc02510cb7f34f0.json'
2026-04-17 10:43:59 [INFO] - START hash=7d2c9cdad74b988223bbc3314d7d9820 lote=VirusShare_00499 key=Key-VS-1 (GDQl...SlST) mode=file
2026-04-17 10:43:59 [INFO] - OK   hash=7d2c9cdad74b988223bbc3314d7d9820 estado=malware_o_detectado saved='clasificacion/VirusShare_00499/reportes/reporte/7d2c9cdad74b988223bbc3314d7d9820.json'
2026-04-17 10:44:14 [INFO] - START hash=167c70dc92ac339e18066d695d501d8d lote=VirusShare_00499 key=Key-VS-1 (GDQl...SlST) mode=file
2026-04-17 10:44:14 [INFO] - OK   hash=167c70dc92ac339e18066d695d501d8d estado=malware_o_detectado saved='clasificacion/VirusShare_00499/reportes/reporte/167c70dc92ac339e18066d695d501d8d.json'
2026-04-17 10:44:29 [INFO] - START hash=ff4437a5f7d5f373d8b4efc62ffb21c3 lote=VirusShare_00499 key=Key-VS-1 (GDQl...SlST) mode=file
2026-04-17 10:44:30 [INFO] - OK   hash=ff4437a5f7d5f373d8b4efc62ffb21c3 estado=malware_o_detectado saved='clasificacion/VirusShare_00499/reportes/reporte/ff4437a5f7d5f373d8b4efc62ffb21c3.json'
2026-04-17 10:44:45 [INFO] - START hash=32e9d95b0393b4d6db239a8b20931baf lote=VirusShare_00499 key=Key-VS-1 (GDQl...SlST) mode=file
2026-04-17 10:44:45 [INFO] - OK   hash=32e9d95b0393b4d6db239a8b20931baf estado=malware_o_detectado saved='clasificacion/VirusShare_00499/reportes/reporte/32e9d95b0393b4d6db239a8b20931baf.json'
2026-04-17 10:45:00 [INFO] - START hash=53c5eb92e5a9fc0d589408a6733dca2f lote=VirusShare_00499 key=Key-VS-1 (GDQl...SlST) mode=file
2026-04-17 10:45:00 [INFO] - OK   hash=53c5eb92e5a9fc0d589408a6733dca2f estado=malware_o_detectado saved='clasificacion/VirusShare_00499/reportes/reporte/53c5eb92e5a9fc0d589408a6733dca2f.json'
2026-04-17 10:45:15 [INFO] - START hash=2afafbd14e8ce20d465e278d0c518f50 lote=VirusShare_00499 key=Key-VS-1 (GDQl...SlST) mode=file
2026-04-17 10:45:15 [INFO] - OK   hash=2afafbd14e8ce20d465e278d0c518f50 estado=malware_o_detectado saved='clasificacion/VirusShare_00499/reportes/reporte/2afafbd14e8ce20d465e278d0c518f50.json'
2026-04-17 10:45:30 [INFO] - START hash=5adba6de1f4d0e04903cd8c4949027ac lote=VirusShare_00499 key=Key-VS-1 (GDQl...SlST) mode=file
2026-04-17 10:45:31 [INFO] - OK   hash=5adba6de1f4d0e04903cd8c4949027ac estado=malware_o_detectado saved='clasificacion/VirusShare_00499/reportes/reporte/5adba6de1f4d0e04903cd8c4949027ac.json'
2026-04-17 10:45:46 [INFO] - START hash=efc3d9e0604be65763eeafdd6c162ee9 lote=VirusShare_00499 key=Key-VS-1 (GDQl...SlST) mode=file
2026-04-17 10:45:46 [INFO] - OK   hash=efc3d9e0604be65763eeafdd6c162ee9 estado=malware_o_detectado saved='clasificacion/VirusShare_00499/reportes/reporte/efc3d9e0604be65763eeafdd6c162ee9.json'
2026-04-17 10:46:01 [INFO] - START hash=41dc54e1812ae7fafa730516df0bd42b lote=VirusShare_00499 key=Key-VS-1 (GDQl...SlST) mode=file
2026-04-17 10:46:01 [INFO] - OK   hash=41dc54e1812ae7fafa730516df0bd42b estado=malware_o_detectado saved='clasificacion/VirusShare_00499/reportes/reporte/41dc54e1812ae7fafa730516df0bd42b.json'
2026-04-17 10:46:16 [INFO] - START hash=b86a96d74b006f9f2ddfc7b0da322b62 lote=VirusShare_00499 key=Key-VS-1 (GDQl...SlST) mode=file
2026-04-17 10:46:16 [INFO] - OK   hash=b86a96d74b006f9f2ddfc7b0da322b62 estado=malware_o_detectado saved='clasificacion/VirusShare_00499/reportes/reporte/b86a96d74b006f9f2ddfc7b0da322b62.json'
2026-04-17 10:46:31 [INFO] - START hash=195b6ce9445e0e892e3b6dbf3f1b1e71 lote=VirusShare_00499 key=Key-VS-1 (GDQl...SlST) mode=file
2026-04-17 10:46:31 [INFO] - OK   hash=195b6ce9445e0e892e3b6dbf3f1b1e71 estado=malware_o_detectado saved='clasificacion/VirusShare_00499/reportes/reporte/195b6ce9445e0e892e3b6dbf3f1b1e71.json'
2026-04-17 10:46:46 [INFO] - START hash=55068ee3f027f64195b1e521d7d8256d lote=VirusShare_00499 key=Key-VS-1 (GDQl...SlST) mode=file
2026-04-17 10:46:47 [INFO] - OK   hash=55068ee3f027f64195b1e521d7d8256d estado=malware_o_detectado saved='clasificacion/VirusShare_00499/reportes/reporte/55068ee3f027f64195b1e521d7d8256d.json'
2026-04-17 10:47:02 [INFO] - START hash=b51ec31d0325eed927280bb22d5811b7 lote=VirusShare_00499 key=Key-VS-1 (GDQl...SlST) mode=file
2026-04-17 10:47:02 [INFO] - OK   hash=b51ec31d0325eed927280bb22d5811b7 estado=malware_o_detectado saved='clasificacion/VirusShare_00499/reportes/reporte/b51ec31d0325eed927280bb22d5811b7.json'
2026-04-17 10:47:17 [INFO] - START hash=d5c7cf89167ab31f4a9d5920e60aeeb2 lote=VirusShare_00499 key=Key-VS-1 (GDQl...SlST) mode=file
2026-04-17 10:47:17 [INFO] - OK   hash=d5c7cf89167ab31f4a9d5920e60aeeb2 estado=malware_o_detectado saved='clasificacion/VirusShare_00499/reportes/reporte/d5c7cf89167ab31f4a9d5920e60aeeb2.json'
2026-04-17 10:47:32 [INFO] - START hash=dc331f5460a8ed575a39a6579237d5f1 lote=VirusShare_00499 key=Key-VS-1 (GDQl...SlST) mode=file
2026-04-17 10:47:32 [INFO] - OK   hash=dc331f5460a8ed575a39a6579237d5f1 estado=malware_o_detectado saved='clasificacion/VirusShare_00499/reportes/reporte/dc331f5460a8ed575a39a6579237d5f1.json'
2026-04-17 10:47:47 [INFO] - START hash=7e9712726cdbd12a1b54524dbc69a54b lote=VirusShare_00499 key=Key-VS-1 (GDQl...SlST) mode=file
2026-04-17 10:47:48 [INFO] - OK   hash=7e9712726cdbd12a1b54524dbc69a54b estado=malware_o_detectado saved='clasificacion/VirusShare_00499/reportes/reporte/7e9712726cdbd12a1b54524dbc69a54b.json'
2026-04-17 10:48:03 [INFO] - START hash=9b0f9990748ca2e6e29805b676a10bc9 lote=VirusShare_00499 key=Key-VS-1 (GDQl...SlST) mode=file
2026-04-17 10:48:04 [INFO] - OK   hash=9b0f9990748ca2e6e29805b676a10bc9 estado=malware_o_detectado saved='clasificacion/VirusShare_00499/reportes/reporte/9b0f9990748ca2e6e29805b676a10bc9.json'
2026-04-17 10:48:19 [INFO] - START hash=6b4b405a1f8747689b90df8eace2a6e0 lote=VirusShare_00499 key=Key-VS-1 (GDQl...SlST) mode=file
2026-04-17 10:48:19 [INFO] - OK   hash=6b4b405a1f8747689b90df8eace2a6e0 estado=malware_o_detectado saved='clasificacion/VirusShare_00499/reportes/reporte/6b4b405a1f8747689b90df8eace2a6e0.json'
2026-04-17 10:48:34 [INFO] - START hash=9fa109ca0203538796c6e4d2322ed5cc lote=VirusShare_00499 key=Key-VS-1 (GDQl...SlST) mode=file
2026-04-17 10:48:34 [INFO] - OK   hash=9fa109ca0203538796c6e4d2322ed5cc estado=malware_o_detectado saved='clasificacion/VirusShare_00499/reportes/reporte/9fa109ca0203538796c6e4d2322ed5cc.json'
2026-04-17 10:48:49 [INFO] - START hash=caaa539e38f06d9da1618b8600dcddd0 lote=VirusShare_00499 key=Key-VS-1 (GDQl...SlST) mode=file
2026-04-17 10:48:50 [INFO] - OK   hash=caaa539e38f06d9da1618b8600dcddd0 estado=malware_o_detectado saved='clasificacion/VirusShare_00499/reportes/reporte/caaa539e38f06d9da1618b8600dcddd0.json'
2026-04-17 10:49:05 [INFO] - START hash=0d7e60f6655571fd62d85290f4f8ec91 lote=VirusShare_00499 key=Key-VS-1 (GDQl...SlST) mode=file
2026-04-17 10:49:05 [INFO] - OK   hash=0d7e60f6655571fd62d85290f4f8ec91 estado=malware_o_detectado saved='clasificacion/VirusShare_00499/reportes/reporte/0d7e60f6655571fd62d85290f4f8ec91.json'
2026-04-17 10:49:20 [INFO] - START hash=f3b719ec02e5563f88fbcb619017f5e2 lote=VirusShare_00499 key=Key-VS-1 (GDQl...SlST) mode=file
2026-04-17 10:49:20 [INFO] - OK   hash=f3b719ec02e5563f88fbcb619017f5e2 estado=malware_o_detectado saved='clasificacion/VirusShare_00499/reportes/reporte/f3b719ec02e5563f88fbcb619017f5e2.json'
2026-04-17 10:49:35 [INFO] - START hash=dc6308a9dfff5f659b128fbec0f35698 lote=VirusShare_00499 key=Key-VS-1 (GDQl...SlST) mode=file
2026-04-17 10:49:35 [INFO] - OK   hash=dc6308a9dfff5f659b128fbec0f35698 estado=malware_o_detectado saved='clasificacion/VirusShare_00499/reportes/reporte/dc6308a9dfff5f659b128fbec0f35698.json'
2026-04-17 10:49:50 [INFO] - START hash=2f0daf208bb27bcfbcf67f47f649121e lote=VirusShare_00499 key=Key-VS-1 (GDQl...SlST) mode=file
2026-04-17 10:49:50 [INFO] - OK   hash=2f0daf208bb27bcfbcf67f47f649121e estado=malware_o_detectado saved='clasificacion/VirusShare_00499/reportes/reporte/2f0daf208bb27bcfbcf67f47f649121e.json'
2026-04-17 10:50:05 [INFO] - START hash=5ac8c032a13d9f26a5a8f5e9558fd8bc lote=VirusShare_00499 key=Key-VS-1 (GDQl...SlST) mode=file
2026-04-17 10:50:06 [INFO] - OK   hash=5ac8c032a13d9f26a5a8f5e9558fd8bc estado=malware_o_detectado saved='clasificacion/VirusShare_00499/reportes/reporte/5ac8c032a13d9f26a5a8f5e9558fd8bc.json'
