hash_md5,lote_origen,familia_probable,size,extension,tipo_probable,detection_percent,fecha_escaneo_vt,dia_creacion_archivo
002a1a4c02962b23cb3b036ca3ba4767,VirusShare_00495,eylr,16384,exe,trojan,71.01,2021-11-07T16:56:00+00:00,2016-03-01
00aa21c57f98412c6eb73924728154c2,VirusShare_00495,eylr,32768,exe,trojan,69.57,2021-11-01T20:00:38+00:00,2016-03-01
01036bed9a3c50a5dc3c3fee8d2b7045,VirusShare_00495,eylr,16384,exe,trojan,67.16,2021-11-03T22:06:06+00:00,2016-03-01
0232b7813c252cadebe407f7adcedf4d,VirusShare_00495,eylr,32768,exe,trojan,73.53,2021-11-07T22:55:22+00:00,2016-03-01
0306e7f6081bfe215f72a0eb286731b0,VirusShare_00495,eylr,5406720,exe,trojan,67.16,2021-11-01T08:46:19+00:00,2016-03-01
03b80a5162fb3798954c79148c098ad8,VirusShare_00495,eylr,16384,exe,trojan,68.12,2021-11-05T18:05:03+00:00,2016-03-01
03eb29c8e57e7dcccf7ba8effe862339,VirusShare_00495,eylr,131072,exe,trojan,69.12,2021-11-08T07:46:54+00:00,2016-03-01
0407ab6de001f88b6a893ce884763b37,VirusShare_00495,eylr,16384,exe,trojan,71.01,2021-11-07T17:53:59+00:00,2016-03-01
04a545cb6ec9a1f6bec1d6f755bb7935,VirusShare_00495,eylr,16384,exe,trojan,78.26,2021-11-05T18:04:53+00:00,2016-03-01
06803e1128565b7e76c732be5cebeffe,VirusShare_00495,eylr,458752,exe,trojan,71.01,2021-11-07T17:44:55+00:00,2016-03-01
0752ef00b8fd7231fe0f6a8a831b464c,VirusShare_00495,eylr,262144,exe,trojan,72.06,2021-11-07T17:34:46+00:00,2016-03-01
0846fb84a9803c8a3537f2c7de3c537c,VirusShare_00495,eylr,2768896,exe,trojan,72.06,2021-11-05T18:01:04+00:00,2016-03-01
085532123b679069fde5f7b9bb62eb96,VirusShare_00495,eylr,458752,exe,trojan,70.59,2021-11-08T04:11:09+00:00,2016-03-01
08570f6dc567e4bec72fadf163b04f3f,VirusShare_00495,eylr,65536,exe,trojan,72.46,2021-10-31T16:56:58+00:00,2016-03-01
091cd2e223e17705feb7babe1d0a2569,VirusShare_00495,eylr,32768,exe,trojan,67.65,2021-11-03T17:45:50+00:00,2016-03-01
09d03cc2f467113162940f0dc8b0c506,VirusShare_00495,eylr,7831552,exe,trojan,70.59,2021-11-05T18:44:15+00:00,2016-03-01
0aca296200ddf468f2922edb59b84512,VirusShare_00495,eylr,16384,exe,trojan,73.91,2021-11-09T22:05:00+00:00,2016-03-01
0b1118da2cf7854f3fd73d53f0885201,VirusShare_00495,eylr,32768,exe,trojan,70.15,2021-11-08T13:39:58+00:00,2016-03-01
0b79f303e06a492caca35aebef05c1cf,VirusShare_00495,eylr,262144,exe,trojan,70.59,2021-11-04T17:48:53+00:00,2016-03-01
0b7d5fcb1f3874ff691756699d2e209b,VirusShare_00495,eylr,81920,exe,trojan,69.57,2021-11-06T17:47:18+00:00,2016-03-01
0b8df79cf9ed2fba9b4b12eb6891904f,VirusShare_00495,eylr,16384,exe,trojan,69.12,2021-11-06T17:19:48+00:00,2016-03-01
0b958cdf24a71443df805bfefdec03e5,VirusShare_00495,eylr,98304,exe,trojan,71.01,2021-11-05T02:51:00+00:00,2016-03-01
0bdd8f414fb840a10c1c375bd7f3c6e5,VirusShare_00495,eylr,32768,exe,trojan,69.12,2021-11-05T01:19:03+00:00,2016-03-01
0c7f890f08f9cc05a17c28813de35bca,VirusShare_00495,eylr,3375104,exe,trojan,70.59,2021-11-08T13:32:07+00:00,2016-03-01
0cd1af8111dfdd6097786a92c948beaf,VirusShare_00495,eylr,16384,exe,trojan,69.57,2021-11-08T17:55:28+00:00,2016-03-01
0d04e97ff505d26737a5c53fba4e2219,VirusShare_00495,eylr,16384,exe,trojan,71.01,2021-10-31T11:25:08+00:00,2016-03-01
0d7ab1f6a090499b42069952632a2cb3,VirusShare_00495,eylr,5095424,exe,trojan,70.15,2021-11-05T16:27:39+00:00,2016-03-01
0db374ef19e6280f3625a8cab227f721,VirusShare_00495,eylr,6733824,exe,trojan,71.64,2021-11-07T17:42:08+00:00,2016-03-01
0dff759ef563fba4dc1d7be5e8403bcb,VirusShare_00495,eylr,16384,exe,trojan,71.01,2021-11-04T17:48:19+00:00,2016-03-01
0e7baaaefefd91ee6fb754da070ebf79,VirusShare_00495,eylr,16384,exe,trojan,69.57,2021-11-06T17:13:10+00:00,2016-03-01
0f56caf986315e46e6a99924cba61ff6,VirusShare_00495,eylr,2555904,exe,trojan,79.1,2021-11-05T22:42:49+00:00,2016-03-01
0fd43257eb701e58fb5945fb79ee9f5c,VirusShare_00495,eylr,32768,exe,trojan,68.66,2021-11-08T04:44:37+00:00,2016-03-01
10c8de6bbd3c6a42d717778d0c8986b4,VirusShare_00495,eylr,1146880,exe,trojan,69.57,2021-11-04T18:56:08+00:00,2016-03-01
1365b258433519b73488220c9b0ad76a,VirusShare_00495,eylr,5849088,exe,trojan,73.13,2021-11-07T16:40:45+00:00,2016-03-01
13ef646c728b6652565f43046100457f,VirusShare_00495,eylr,16384,exe,trojan,70.59,2021-11-08T17:33:11+00:00,2016-03-01
13f2017030a1eb97e7e59a7b37ac3b10,VirusShare_00495,eylr,4259840,exe,trojan,69.57,2021-11-08T17:46:20+00:00,2016-03-01
145c068cedb9d022c9d36b7dfa1d6f21,VirusShare_00495,eylr,114688,exe,trojan,69.57,2021-11-08T16:27:02+00:00,2016-03-01
146a811597c604ddc0690a41333620fd,VirusShare_00495,eylr,16384,exe,trojan,68.12,2021-11-08T16:38:53+00:00,2016-03-01
149f40167958823138493f894cdd2bf9,VirusShare_00495,eylr,731232,exe,trojan,69.57,2021-11-06T18:07:08+00:00,2016-03-01
15b36a63e765b6a397d829edf6aae78c,VirusShare_00495,eylr,16384,exe,trojan,74.24,2021-11-03T02:35:50+00:00,2016-03-01
15b7c667403e5bdc5d786867c1379aed,VirusShare_00495,eylr,16384,exe,trojan,69.57,2021-11-08T17:33:21+00:00,2016-03-01
1670b543d4c71abd122afc2f87e254a1,VirusShare_00495,eylr,65536,exe,trojan,75.36,2021-10-31T00:26:02+00:00,2016-03-01
16f52eb4a688ef92735013cc6a9565ee,VirusShare_00495,eylr,8388608,exe,trojan,65.22,2021-11-03T17:48:11+00:00,2016-03-01
17de5aff9512e66bcefafb70a768cab9,VirusShare_00495,eylr,16384,exe,trojan,68.12,2021-11-06T14:15:33+00:00,2016-03-01
181c3c539714b92ff0239051b283b521,VirusShare_00495,eylr,819200,exe,trojan,78.26,2021-11-04T23:05:21+00:00,2016-03-01
191f88c716c7f468edef4722e05fd58a,VirusShare_00495,eylr,16384,exe,trojan,63.77,2021-11-07T14:26:53+00:00,2016-03-01
19d4b7c996ec092e9751bb1494a5fdac,VirusShare_00495,eylr,16384,exe,trojan,68.12,2021-11-07T18:08:11+00:00,2016-03-01
1a658b8fbab58b9d2d495da3a5d18579,VirusShare_00495,eylr,16384,exe,trojan,63.77,2021-11-06T16:29:23+00:00,2016-03-01
1ae9f0280ebf8bf582446c20ac120dea,VirusShare_00495,eylr,32768,exe,trojan,73.91,2021-11-06T00:09:45+00:00,2016-03-01
1b709dd1127bac1e3139d567a4c1d6e3,VirusShare_00495,eylr,114688,exe,trojan,69.57,2021-10-31T16:28:11+00:00,2016-03-01
1bb9790aeadfbccce5efeb55ed6e5752,VirusShare_00495,eylr,114688,exe,trojan,71.64,2021-10-31T16:21:32+00:00,2016-03-01
1c39fd13668a4030ce05417bd5d452d5,VirusShare_00495,eylr,917504,exe,trojan,71.01,2021-11-06T17:29:33+00:00,2016-03-01
1c6aa2c75bc233f4df890a8567124303,VirusShare_00495,eylr,16384,exe,trojan,76.12,2021-11-05T23:43:49+00:00,2016-03-01
1c80dc0fc823c21fe1761f0c82552d49,VirusShare_00495,eylr,3440640,exe,trojan,70.59,2021-11-03T16:51:00+00:00,2016-03-01
1d0c3a07388710b87446bd5dc96e79b8,VirusShare_00495,eylr,262144,exe,trojan,69.57,2021-11-05T17:29:42+00:00,2016-03-01
1d7409b3fe565c8260e44266ebc87e96,VirusShare_00495,eylr,32768,exe,trojan,68.12,2021-11-05T16:50:28+00:00,2016-03-01
1e40c79f01176ce95a2dff8362d99bac,VirusShare_00495,eylr,458752,exe,trojan,72.46,2021-11-04T18:39:51+00:00,2016-03-01
1ecf8abdcb0356f19207618b78dd69e8,VirusShare_00495,eylr,245760,exe,trojan,71.01,2021-11-08T12:43:47+00:00,2016-03-01
1f2c3abc2cb76ede8278bca4468bcf3f,VirusShare_00495,eylr,16384,exe,trojan,79.71,2021-11-05T17:03:13+00:00,2016-03-01
1f3ae6d1b38a4257be915ebae5f227a2,VirusShare_00495,eylr,262144,exe,trojan,70.15,2021-11-08T10:26:45+00:00,2016-03-01
1f5e7100b2d11455887dcad7a1554489,VirusShare_00495,eylr,1015808,exe,trojan,67.65,2021-11-04T18:04:49+00:00,2016-03-01
1f9c1544d04bfb3a69f072085e8dfe05,VirusShare_00495,eylr,1179648,exe,trojan,69.57,2021-10-31T16:45:57+00:00,2016-03-01
201910d3eb4f381988834ec958b28219,VirusShare_00495,eylr,655360,exe,trojan,68.66,2021-11-08T16:45:33+00:00,2016-03-01
201deebc0267f92dfaabc91400e27d0a,VirusShare_00495,eylr,16384,exe,trojan,66.18,2021-11-05T21:46:55+00:00,2016-03-01
202e770c152d4805aefeda9cf47585fb,VirusShare_00495,eylr,49152,exe,trojan,73.53,2021-11-07T17:56:17+00:00,2016-03-01
20d709bb6f1961813c46abeb1982f20f,VirusShare_00495,eylr,655360,exe,trojan,73.91,2021-11-04T08:06:12+00:00,2016-03-01
20f25051c5109c21458765ea511009c7,VirusShare_00495,eylr,16384,exe,trojan,69.12,2021-11-06T16:08:27+00:00,2016-03-01
20ff7d3b76c4ded1a2294efbdbbc6d00,VirusShare_00495,eylr,4423680,exe,trojan,72.06,2021-11-07T18:00:48+00:00,2016-03-01
2123fbd77fe2926eb7c102ccf3cf0fb8,VirusShare_00495,eylr,16384,exe,trojan,79.71,2021-11-05T17:19:42+00:00,2016-03-01
22413b75dba44b23d693c8d59b64187b,VirusShare_00495,eylr,999424,exe,trojan,69.57,2021-11-03T17:51:42+00:00,2016-03-01
2317c70168a7330d9998e5afbcd76834,VirusShare_00495,eylr,65536,exe,trojan,67.65,2021-11-04T18:23:48+00:00,2016-03-01
2355efb6c45e6d7d783e4549d9b94360,VirusShare_00495,eylr,458752,exe,trojan,72.46,2021-11-07T20:40:34+00:00,2016-03-01
236adc495b76db6e95efec985d57a7dc,VirusShare_00495,eylr,32768,exe,trojan,68.12,2021-11-02T17:11:45+00:00,2016-03-01
237dd1821f99362a48d987cbc14e2dd0,VirusShare_00495,eylr,16384,exe,trojan,67.65,2021-11-02T09:21:44+00:00,2016-03-01
23aeab7f8e8f4913ee75362f32fb9a45,VirusShare_00495,eylr,16384,exe,trojan,68.12,2021-11-07T17:41:40+00:00,2016-03-01
24361280deb60498ea6908fe8098c3a6,VirusShare_00495,eylr,16384,exe,trojan,67.16,2021-11-03T17:24:08+00:00,2016-03-01
24dbe5582e566a79353d363a9742ec8b,VirusShare_00495,eylr,163840,exe,trojan,68.12,2021-10-31T11:40:47+00:00,2016-03-01
2599f2957ad1c5909ef4710f1177c67b,VirusShare_00495,eylr,163840,exe,trojan,70.15,2021-11-07T16:28:08+00:00,2016-03-01
2641e5f74f94e5f9dc0b75779036cadc,VirusShare_00495,eylr,98304,exe,trojan,71.01,2021-11-04T17:12:12+00:00,2016-03-01
268a86eb1fc962a00d45dd77dafc7f11,VirusShare_00495,eylr,2097152,exe,trojan,72.46,2021-11-05T17:48:54+00:00,2016-03-01
26a7892405620e1472a6d97c17b84b17,VirusShare_00495,eylr,114688,exe,trojan,68.12,2021-11-08T12:15:24+00:00,2016-03-01
272cbb3025613d6615e5108b4549da54,VirusShare_00495,eylr,32768,exe,trojan,72.46,2021-11-07T21:29:22+00:00,2016-03-01
2779a18e6f5e85c073e35a0301b24312,VirusShare_00495,eylr,1048576,exe,trojan,69.57,2021-11-04T18:30:56+00:00,2016-03-01
277f3c255c1c21208b3d134d21d1763d,VirusShare_00495,eylr,16384,exe,trojan,71.01,2021-11-03T14:38:51+00:00,2016-03-01
27f05ed79837fd44c917572949e2fd23,VirusShare_00495,eylr,32768,exe,trojan,67.65,2021-11-02T20:03:35+00:00,2016-03-01
28c3230f60d944e083c3683bc14e1b4e,VirusShare_00495,eylr,32768,exe,trojan,69.57,2021-10-31T11:38:17+00:00,2016-03-01
2940adf89e4ace09aad6bc96ef18afc1,VirusShare_00495,eylr,16384,exe,trojan,70.59,2021-11-05T19:55:49+00:00,2016-03-01
2959778770a84819e23a1ac3390795df,VirusShare_00495,eylr,131072,exe,trojan,69.12,2021-11-07T04:18:14+00:00,2016-03-01
29c7d74dcb9810efa01f81b4c0e89187,VirusShare_00495,eylr,32768,exe,trojan,71.01,2021-11-02T09:44:54+00:00,2016-03-01
2b09be5fc43b09b721ed1ff9daaa2223,VirusShare_00495,eylr,4030464,exe,trojan,68.12,2021-10-31T15:04:59+00:00,2016-03-01
2b3ba376f75cc52e8e3d425dbe1593d1,VirusShare_00495,eylr,65536,exe,trojan,72.46,2021-11-04T18:55:57+00:00,2016-03-01
2bd19dd48f082a974f54cac2bebb0551,VirusShare_00495,eylr,131072,exe,trojan,71.01,2021-11-07T18:19:22+00:00,2016-03-01
2bdb8bf2cef98b49073e814a3c2358a1,VirusShare_00495,eylr,786432,exe,trojan,72.46,2021-11-07T17:13:53+00:00,2016-03-01
2c29cdd9792ca4771c4e630125aeea43,VirusShare_00495,eylr,262144,exe,trojan,64.71,2021-11-01T11:40:14+00:00,2016-03-01
2c5ad66d1fb3abfb16dfefeddc69f86f,VirusShare_00495,eylr,262144,exe,trojan,71.01,2021-11-07T01:31:43+00:00,2016-03-01
2c7aac3234af3c5f30cc69fabb1c8fd1,VirusShare_00495,eylr,16384,exe,trojan,76.81,2021-11-01T03:35:13+00:00,2016-03-01
2d4746ddc489f7b0da1cdd4db3a3f284,VirusShare_00495,eylr,2195456,exe,trojan,70.59,2021-11-04T17:14:06+00:00,2016-03-01
2d688cfc0825f77978789c72d6a2ef1f,VirusShare_00495,eylr,65536,exe,trojan,67.65,2021-11-03T20:57:41+00:00,2016-03-01
2d713ab8cf48e941b7091205776eeb6f,VirusShare_00495,eylr,65536,exe,trojan,73.53,2021-11-06T21:03:15+00:00,2016-03-01
2d8d00f8e7147e78d403d147c962703e,VirusShare_00495,eylr,8388608,exe,trojan,70.59,2021-11-08T17:19:07+00:00,2016-03-01
2da8e9f96bc2021fb45d23856391f88e,VirusShare_00495,eylr,16384,exe,trojan,68.12,2021-11-07T20:52:10+00:00,2016-03-01
2db2a37b7a514ebd22e5f7e328c1f6f1,VirusShare_00495,eylr,16384,exe,trojan,75.36,2021-11-06T20:06:09+00:00,2016-03-01
2e7e7e5cd0d43b9762b2cdfc67bc0b50,VirusShare_00495,eylr,16384,exe,trojan,66.67,2021-11-05T17:54:29+00:00,2016-03-01
2f16f246b659c105447028943f448a24,VirusShare_00495,eylr,16384,exe,trojan,68.12,2021-11-07T18:03:16+00:00,2016-03-01
2f37a91e49b4b7370456f40eba128a9f,VirusShare_00495,eylr,6979584,exe,trojan,70.59,2021-11-07T17:35:04+00:00,2016-03-01
303535ad9ee6de59c9529e3d3fb8dc18,VirusShare_00495,eylr,16384,exe,trojan,73.91,2021-11-03T20:46:31+00:00,2016-03-01
311fab505014779eca12cee056bbfd2b,VirusShare_00495,eylr,262144,exe,trojan,71.01,2021-11-05T17:41:04+00:00,2016-03-01
31cf3d67dec169721795623a6597d4fa,VirusShare_00495,eylr,16384,exe,trojan,69.57,2021-11-03T22:05:11+00:00,2016-03-01
328e120d09105c1b4bed2d5526ebd91b,VirusShare_00495,eylr,229376,exe,trojan,73.53,2021-11-08T06:40:22+00:00,2016-03-01
33252cde1c876ccad2594bd59af30b45,VirusShare_00495,eylr,49152,exe,trojan,69.12,2021-11-03T16:29:03+00:00,2016-03-01
338592ff7d714e5c916d8c82e20d15c5,VirusShare_00495,eylr,65536,exe,trojan,71.01,2021-11-06T17:25:55+00:00,2016-03-01
3400eee2ac5618176cf1d708975ccd2c,VirusShare_00495,eylr,409600,exe,trojan,70.15,2021-11-05T16:44:52+00:00,2016-03-01
34f2c6001dac6c857b11bec0fcc84d52,VirusShare_00495,eylr,32768,exe,trojan,69.12,2021-11-08T16:37:07+00:00,2016-03-01
355aa2382c0182429a24726add391575,VirusShare_00495,eylr,16384,exe,trojan,71.01,2021-10-31T12:36:12+00:00,2016-03-01
3579453dd7b6cfcd316ff414b915b659,VirusShare_00495,eylr,16384,exe,trojan,67.74,2021-11-07T02:14:11+00:00,2016-03-01
35ced99e6776cbf854b4a30019055eed,VirusShare_00495,eylr,32768,exe,trojan,68.18,2021-11-08T10:20:00+00:00,2016-03-01
3604dc6381993d9027be32b487c004f4,VirusShare_00495,eylr,16384,exe,trojan,71.01,2021-10-31T16:53:37+00:00,2016-03-01
3773f2d59f13c462cdcd6d9beee48ddb,VirusShare_00495,eylr,16384,exe,trojan,76.47,2021-11-08T13:35:04+00:00,2016-03-01
3856e1426b824237dc3de9472af0ed32,VirusShare_00495,eylr,32768,exe,trojan,69.12,2021-11-07T17:14:54+00:00,2016-03-01
38807211c8135676a3085ae9dc13b2e5,VirusShare_00495,eylr,16384,exe,trojan,61.76,2021-11-03T17:35:53+00:00,2016-03-01
39a31f026a1ea821bfd78f835790e632,VirusShare_00495,eylr,16384,exe,trojan,68.12,2021-11-04T18:11:24+00:00,2016-03-01
39fdb5d4ef7f8e6d9f1d2b4a1c4eb558,VirusShare_00495,eylr,589824,exe,trojan,68.12,2021-11-02T17:14:10+00:00,2016-03-01
3a0413c5843fecd85aa66f31f33ecaab,VirusShare_00495,eylr,8192,exe,trojan,60.29,2021-11-02T02:13:58+00:00,2016-03-01
3aacb7c2f42495681e84a2c0349e0754,VirusShare_00495,eylr,4112384,exe,trojan,69.57,2021-11-06T18:00:27+00:00,2016-03-01
3afc9cb7ff732a73471cdeef933527ef,VirusShare_00495,eylr,229376,exe,trojan,75.36,2021-11-07T17:37:00+00:00,2016-03-01
3b4972146b367ccf2218d7650b60de98,VirusShare_00495,eylr,16384,exe,trojan,73.53,2021-11-08T11:25:45+00:00,2016-03-01
3be261ad62934ec9a5339100adf28c23,VirusShare_00495,eylr,16384,exe,trojan,75.36,2021-11-02T17:40:52+00:00,2016-03-01
3d2c8a81c4660364847dac5e7b95e176,VirusShare_00495,eylr,524288,exe,trojan,69.57,2021-11-03T15:45:22+00:00,2016-03-01
3d313a68351b97f262df02e2af9c4dd2,VirusShare_00495,eylr,665696,exe,trojan,66.67,2021-11-03T17:07:31+00:00,2016-03-01
3da3237e1de64cdc514c5135259ec101,VirusShare_00495,eylr,16384,exe,trojan,71.01,2021-11-08T17:31:34+00:00,2016-03-01
3dcf02837f3fa30e43f7df5be3ab5c97,VirusShare_00495,eylr,4096000,exe,trojan,69.7,2021-11-07T16:44:44+00:00,2016-03-01
3ddf706f9f4358c3fc3cfdc195173096,VirusShare_00495,eylr,32768,exe,trojan,69.57,2021-10-31T16:55:02+00:00,2016-03-01
3df4ccd5f8fbbfa739e6493a0ff83ffa,VirusShare_00495,eylr,16384,exe,trojan,72.46,2021-11-02T12:55:33+00:00,2016-03-01
3eb29a7a2a0323cd77bec5622e8eb016,VirusShare_00495,eylr,229376,exe,trojan,72.73,2021-11-03T21:28:23+00:00,2016-03-01
3f360ac83ac45cff006d42ea8883f91a,VirusShare_00495,eylr,262144,exe,trojan,69.57,2021-10-31T14:47:54+00:00,2016-03-01
3ffff2d62f5660ff7918e4de6133b864,VirusShare_00495,eylr,32768,exe,trojan,67.65,2021-10-31T16:22:45+00:00,2016-03-01
40616b0f45ee4ccd7e1f877ed279c070,VirusShare_00495,eylr,16384,exe,trojan,66.67,2021-11-04T18:11:22+00:00,2016-03-01
40ae535876d9db2447910643ebbcec8e,VirusShare_00495,eylr,16384,exe,trojan,69.12,2021-11-08T17:27:33+00:00,2016-03-01
41017973e68889f0d5df463d5f251094,VirusShare_00495,eylr,16384,exe,trojan,67.65,2021-11-05T19:36:00+00:00,2016-03-01
414b6b1e5388cc1e031e6a3acd116047,VirusShare_00495,eylr,278528,exe,trojan,72.06,2021-11-06T17:43:21+00:00,2016-03-01
41d3643b0697b1e926a393b68f851580,VirusShare_00495,eylr,4161536,exe,trojan,70.15,2021-11-03T16:57:11+00:00,2016-03-01
42596135ab32faf2c6399338eba140b7,VirusShare_00495,eylr,229376,exe,trojan,69.57,2021-10-31T16:21:43+00:00,2016-03-01
42eebc520f713fbbbc4f7c28de6391ec,VirusShare_00495,eylr,16384,exe,trojan,69.57,2021-10-31T16:32:13+00:00,2016-03-01
42f7bac91a5e08f8d16e85b1279e774a,VirusShare_00495,eylr,32768,exe,trojan,68.12,2021-10-31T04:49:40+00:00,2016-03-01
43620f5fcb7efedbf532691007eb815c,VirusShare_00495,eylr,2752512,exe,trojan,70.59,2021-11-07T17:09:43+00:00,2016-03-01
439eefb06729efdebd27b2f67f67ca68,VirusShare_00495,eylr,131072,exe,trojan,71.01,2021-11-05T17:32:48+00:00,2016-03-01
442b5d0d2cfacfa1a72734cdcdf1291f,VirusShare_00495,eylr,4554752,exe,trojan,73.13,2021-11-07T18:01:50+00:00,2016-03-01
4487dbfd6352dd5dbdc74111508e7d77,VirusShare_00495,eylr,458752,exe,trojan,68.12,2021-11-03T17:37:00+00:00,2016-03-01
44e0e6017cb55b2bf98ad38a00e06d11,VirusShare_00495,eylr,917504,exe,trojan,71.64,2021-11-06T18:05:53+00:00,2016-03-01
4588202ca6253d53ff0407b7db5c426f,VirusShare_00495,eylr,3178496,exe,trojan,71.64,2021-11-08T17:07:09+00:00,2016-03-01
4590c0c2625407d91d79effcf3d7240c,VirusShare_00495,eylr,245760,exe,trojan,71.01,2021-11-07T16:34:35+00:00,2016-03-01
4665db40dce510d1c794388affff4b95,VirusShare_00495,eylr,16384,exe,trojan,71.01,2021-11-02T20:41:45+00:00,2016-03-01
4712bea4eff5cac3c5a462dfc7a3326c,VirusShare_00495,eylr,32768,exe,trojan,66.67,2021-11-02T17:51:17+00:00,2016-03-01
47a16ada17e5429bef6ca0a9d8da8700,VirusShare_00495,eylr,6356992,exe,trojan,70.59,2021-11-07T17:12:33+00:00,2016-03-01
4814b0281c7672f44c808b3a77bedf3c,VirusShare_00495,eylr,32768,exe,trojan,67.65,2021-11-07T08:02:50+00:00,2016-03-01
48899da23847fc2a9b40aa6e62726d7e,VirusShare_00495,eylr,16384,exe,trojan,70.59,2021-11-05T22:20:13+00:00,2016-03-01
48fbf7c5bbc6373f064992623fed9567,VirusShare_00495,eylr,2392064,exe,trojan,72.06,2021-11-03T16:27:03+00:00,2016-03-01
4954a15a001f999d92455ba1d083b5fb,VirusShare_00495,eylr,262144,exe,trojan,73.53,2021-11-07T17:02:30+00:00,2016-03-01
496af4d47b9d847f5e113300e29ac6fe,VirusShare_00495,eylr,229376,exe,trojan,68.12,2021-11-05T18:05:05+00:00,2016-03-01
4a0bd2228ff557bacfa31591c8be022c,VirusShare_00495,eylr,16384,exe,trojan,67.16,2021-11-03T18:53:36+00:00,2016-03-01
4ba8210c3b6e624bfec822f24f05fe4b,VirusShare_00495,eylr,458752,exe,trojan,70.15,2021-11-07T17:23:39+00:00,2016-03-01
4ca183209745b348215cd2b4a026861d,VirusShare_00495,eylr,16384,exe,trojan,75.36,2021-11-03T16:11:03+00:00,2016-03-01
4cb264381d685a27cd0a4592f56b8098,VirusShare_00495,eylr,32768,exe,trojan,65.22,2021-11-06T18:09:15+00:00,2016-03-01
4d11025f0c70a0489942d3dd2e3ce0be,VirusShare_00495,eylr,393216,exe,trojan,71.01,2021-11-07T00:37:09+00:00,2016-03-01
4d4055b9b59d32e1c94f073c4826d542,VirusShare_00495,eylr,5013504,exe,trojan,68.66,2021-11-03T14:22:54+00:00,2016-03-01
4da02e5d6bdf992c81c8964f9e7b4e18,VirusShare_00495,eylr,8192,exe,trojan,61.76,2021-11-04T18:28:17+00:00,2016-03-01
4de0484b5d0a5364583e11f13435fe70,VirusShare_00495,eylr,719456,exe,trojan,71.01,2021-11-07T13:42:57+00:00,2016-03-01
4df1cb22be4c41efa850d88a1e19cdb1,VirusShare_00495,eylr,7634944,exe,trojan,65.22,2021-11-06T21:46:23+00:00,2016-03-01
4e021a058eb710b16c8cd9b14ca56905,VirusShare_00495,eylr,16384,exe,trojan,65.22,2021-11-07T17:48:47+00:00,2016-03-01
4e330f4c04dff747c56f14bf1d1aa411,VirusShare_00495,eylr,16384,exe,trojan,68.12,2021-11-05T21:17:44+00:00,2016-03-01
4e374444550bd6bd4fc3483cd82a3466,VirusShare_00495,eylr,655360,exe,trojan,73.91,2021-11-08T17:12:07+00:00,2016-03-01
4e77ae686112f402c747451fd66746dc,VirusShare_00495,eylr,458752,exe,trojan,65.22,2021-11-06T17:57:07+00:00,2016-03-01
4ebbade79e75b22ed02a115ba2b180ac,VirusShare_00495,eylr,3538944,exe,trojan,73.53,2021-11-06T18:17:28+00:00,2016-03-01
4eef85c11fc5e965e5d16bf13c89b75f,VirusShare_00495,eylr,16384,exe,trojan,72.73,2021-11-05T17:37:48+00:00,2016-03-01
4f8a482638cbadade3f879f3706e81de,VirusShare_00495,eylr,65536,exe,trojan,69.57,2021-10-31T13:43:24+00:00,2016-03-01
4fc5fc63402e0eb5b180c7e1f45e1262,VirusShare_00495,eylr,32768,exe,trojan,69.57,2021-11-07T22:21:12+00:00,2016-03-01
50e1739c689ac8e30c216c235a2f572c,VirusShare_00495,eylr,688128,exe,trojan,64.71,2021-11-04T19:04:17+00:00,2016-03-01
513cdbfa21ae811dde404f427daa207f,VirusShare_00495,eylr,8192,exe,trojan,63.64,2021-11-05T18:34:14+00:00,2016-03-01
51944f9d426c24062fd1b6414938820f,VirusShare_00495,eylr,16384,exe,trojan,67.16,2021-11-03T19:12:16+00:00,2016-03-01
51ad333fc9df4f17527dbd5206e6f4bf,VirusShare_00495,eylr,16384,exe,trojan,66.18,2021-11-03T22:28:08+00:00,2016-03-01
51b6a0451cb5c142a2644786de24c4bd,VirusShare_00495,eylr,32768,exe,trojan,68.66,2021-10-31T16:41:37+00:00,2016-03-01
51b952f43a620fbcce1b85ad606f5be4,VirusShare_00495,eylr,16384,exe,trojan,75.36,2021-11-05T17:37:44+00:00,2016-03-01
51e9d390e3712652c539523176d9c91f,VirusShare_00495,eylr,4390912,exe,trojan,71.21,2021-11-07T16:30:19+00:00,2016-03-01
51f1cf60b51d6620c5cf764849d86003,VirusShare_00495,eylr,2703360,exe,trojan,70.15,2021-11-06T18:17:08+00:00,2016-03-01
5271822e394fa33c15fa2fed5709e747,VirusShare_00495,eylr,3637248,exe,trojan,70.15,2021-11-03T08:42:05+00:00,2016-03-01
5369cd3a538d238cab00535f59ecb074,VirusShare_00495,eylr,16384,exe,trojan,66.18,2021-11-03T20:36:14+00:00,2016-03-01
561fa401f9d0d9ea8f866a55b57bfa19,VirusShare_00495,eylr,131072,exe,trojan,76.47,2021-11-10T00:16:35+00:00,2016-03-01
5675dcbeae9c13bf35a57a4448d889d8,VirusShare_00495,eylr,5996544,exe,trojan,71.21,2021-11-05T18:12:17+00:00,2016-03-01
56c3260b127c3ae7a23c2f170945a975,VirusShare_00495,eylr,32768,exe,trojan,70.59,2021-11-01T08:16:51+00:00,2016-03-01
577a80b85ba1ebb583bc1d920769ff23,VirusShare_00495,eylr,16384,exe,trojan,69.57,2021-11-05T16:43:28+00:00,2016-03-01
5834f212d08abbd9d4590a8d02f80718,VirusShare_00495,eylr,32768,exe,trojan,73.02,2021-11-10T05:33:11+00:00,2016-03-01
587e41b243c98a564dff59114a886d97,VirusShare_00495,eylr,114688,exe,trojan,73.91,2021-11-07T19:49:43+00:00,2016-03-01
58b1c107cafa1468b5cc6e0b26e55d78,VirusShare_00495,eylr,16384,exe,trojan,69.57,2021-11-07T00:49:26+00:00,2016-03-01
5907be42d896564856584e463b8710da,VirusShare_00495,eylr,1376256,exe,trojan,69.57,2021-11-06T20:28:57+00:00,2016-03-01
5963c75652e730367a736d8d1cb9170f,VirusShare_00495,eylr,524288,exe,trojan,71.01,2021-11-08T17:32:11+00:00,2016-03-01
59f16693bbe6cfad9ac68327da9fa833,VirusShare_00495,eylr,65536,exe,trojan,70.59,2021-11-05T18:10:45+00:00,2016-03-01
5aece9f89f817076b61d783aaa589acf,VirusShare_00495,eylr,196608,exe,trojan,62.32,2021-11-02T02:24:12+00:00,2016-03-01
5b9acf3a41374d7e4e11e2159519a377,VirusShare_00495,eylr,16384,exe,trojan,64.18,2021-11-08T05:27:31+00:00,2016-03-01
5bf0f38d28d605a9f4d28d9880b2e008,VirusShare_00495,eylr,196608,exe,trojan,69.57,2021-11-04T20:00:03+00:00,2016-03-01
5c080c7af991769aa8d2a77e065f7c57,VirusShare_00495,eylr,573440,exe,trojan,68.12,2021-11-04T18:44:40+00:00,2016-03-01
5c610c4f6af11fadf8165154e9a8be86,VirusShare_00495,eylr,131072,exe,trojan,69.12,2021-11-01T17:59:44+00:00,2016-03-01
5ccd52ba147b685f5b99238c21e31348,VirusShare_00495,eylr,16384,exe,trojan,69.57,2021-11-05T21:18:41+00:00,2016-03-01
5d7e00d9686f5c60240d769a4e07c3a2,VirusShare_00495,eylr,130352,exe,trojan,68.12,2021-11-03T17:14:34+00:00,2016-03-01
5e501819e96b0a7e6acd9899b88bca29,VirusShare_00495,eylr,3375104,exe,trojan,72.31,2021-11-06T21:03:41+00:00,2016-03-01
5f0342f410acf2c3cec270b1cd30bfeb,VirusShare_00495,eylr,770048,exe,trojan,69.57,2021-11-04T18:51:56+00:00,2016-03-01
5f2a5d4cc050f6b7987070a07a6a45b5,VirusShare_00495,eylr,786432,exe,trojan,66.67,2021-10-31T11:50:12+00:00,2016-03-01
5f528165f62a19908d88d8d473edbea1,VirusShare_00495,eylr,16384,exe,trojan,67.65,2021-10-31T02:18:37+00:00,2016-03-01
5fd902b6b76a8881800771646d1cbb75,VirusShare_00495,eylr,6422528,exe,trojan,69.12,2021-11-03T17:47:50+00:00,2016-03-01
60193dc3965485d43ccf90cb3e87f461,VirusShare_00495,eylr,16384,exe,trojan,76.81,2021-11-03T11:38:16+00:00,2016-03-01
605f338a6c0794dbd71225e699226a61,VirusShare_00495,eylr,8192,exe,trojan,66.18,2021-11-03T17:27:20+00:00,2016-03-01
60d537568c70ac0b221f55966179f6be,VirusShare_00495,eylr,32768,exe,trojan,68.12,2021-10-31T17:12:46+00:00,2016-03-01
61e14453123d092ea3226f3f13327ab7,VirusShare_00495,eylr,2424832,exe,trojan,72.06,2021-11-02T21:46:03+00:00,2016-03-01
62b6f729fdc97d42b8c58c8c5120e2e9,VirusShare_00495,eylr,16384,exe,trojan,67.65,2021-11-03T22:16:01+00:00,2016-03-01
62cf19a820f0e01afbeaed951d9290b5,VirusShare_00495,eylr,131072,exe,trojan,69.12,2021-11-06T03:10:28+00:00,2016-03-01
63302dc7acbe15fcd4d51fddaff18816,VirusShare_00495,eylr,131072,exe,trojan,66.18,2021-10-31T03:36:01+00:00,2016-03-01
63a62913ea2e92ec5b26f5aea1a229b3,VirusShare_00495,eylr,6111232,exe,trojan,71.21,2021-11-07T05:50:19+00:00,2016-03-01
6470a679893e6ac99306637b0f1f3682,VirusShare_00495,eylr,5013504,exe,trojan,80.33,2021-11-05T23:43:45+00:00,2016-03-01
6479b5722c575d8573b69451e55287b4,VirusShare_00495,eylr,7372800,exe,trojan,70.59,2021-11-07T17:26:51+00:00,2016-03-01
655746290f365bab1a05667192cd09ef,VirusShare_00495,eylr,114688,exe,trojan,69.57,2021-10-31T04:25:01+00:00,2016-03-01
65d134d020bd0e1125f6da557137ee6b,VirusShare_00495,eylr,16384,exe,trojan,69.12,2021-11-05T18:09:49+00:00,2016-03-01
661c0acfd8a9e2b572c24b65fa339193,VirusShare_00495,eylr,32768,exe,trojan,68.12,2021-10-31T19:37:43+00:00,2016-03-01
67dece44f28971c1edc3b41af22225e0,VirusShare_00495,eylr,458752,exe,trojan,72.46,2021-11-07T16:37:50+00:00,2016-03-01
67e96de39fe0ea3c0e4a00d3ef42d942,VirusShare_00495,eylr,16384,exe,trojan,76.81,2021-11-03T11:37:38+00:00,2016-03-01
6878c1397304987d9892e38d8ca01ad4,VirusShare_00495,eylr,344064,exe,trojan,69.12,2021-11-02T03:05:19+00:00,2016-03-01
68eb1d0c527140871f99702877f60397,VirusShare_00495,eylr,32768,exe,trojan,70.59,2021-11-02T00:36:37+00:00,2016-03-01
691448ef4ee82106999b8e83893821dc,VirusShare_00495,eylr,16384,exe,trojan,67.65,2021-11-05T19:28:06+00:00,2016-03-01
6927c1991e603986840b2aeecb3b161c,VirusShare_00495,eylr,393216,exe,trojan,68.12,2021-11-02T00:48:50+00:00,2016-03-01
6942d5b9cec9755b4bba5c2bfe63e639,VirusShare_00495,eylr,16384,exe,trojan,69.57,2021-11-04T18:34:21+00:00,2016-03-01
697fb5eee4e54136fe748f1e1711dcf6,VirusShare_00495,eylr,1835008,exe,trojan,66.67,2021-11-04T17:48:20+00:00,2016-03-01
6a02ddc5a13627201a76f0372b352c2d,VirusShare_00495,eylr,7634944,exe,trojan,73.13,2021-11-07T17:05:08+00:00,2016-03-01
6a14a7b9398624fd52d90401b1044a72,VirusShare_00495,eylr,12582912,exe,trojan,69.57,2021-11-03T10:28:01+00:00,2016-03-01
6a356ab88fcb559cb5a2afb1b045dd29,VirusShare_00495,eylr,3440640,exe,trojan,68.12,2021-11-01T00:27:13+00:00,2016-03-01
6aed76f3422e0154fea3aa46852d8173,VirusShare_00495,eylr,114688,exe,trojan,69.57,2021-11-06T23:54:27+00:00,2016-03-01
6b8746035f8fc08bc632850a2a2be82f,VirusShare_00495,eylr,16384,exe,trojan,70.59,2021-11-05T05:22:00+00:00,2016-03-01
6baea95c78c94b07905a0742e507d6cc,VirusShare_00495,eylr,6537216,exe,trojan,69.12,2021-11-07T10:56:38+00:00,2016-03-01
6cbd0bbafbd4e7ef54b31e5689c23b8c,VirusShare_00495,eylr,524288,exe,trojan,69.57,2021-11-01T10:22:57+00:00,2016-03-01
6d2b50e660da376b6a602616eabca905,VirusShare_00495,eylr,32768,exe,trojan,69.57,2021-11-07T08:29:18+00:00,2016-03-01
6d568599dea687816a57b070251b9a40,VirusShare_00495,eylr,229376,exe,trojan,75.0,2021-11-05T16:46:47+00:00,2016-03-01
6d72ab7a682f2c565734ab0ac8da6c28,VirusShare_00495,eylr,229376,exe,trojan,73.13,2021-11-07T20:01:02+00:00,2016-03-01
6e004fd9f298c043192bc102685215b8,VirusShare_00495,eylr,6799360,exe,trojan,72.06,2021-11-07T16:37:31+00:00,2016-03-01
6e02170129b4d4797a75900fcf65a109,VirusShare_00495,eylr,16384,exe,trojan,76.81,2021-11-03T11:38:04+00:00,2016-03-01
6e4b763130bb592ad48e7cbf8890378c,VirusShare_00495,eylr,851968,exe,trojan,69.57,2021-10-31T16:48:51+00:00,2016-03-01
6e6056dad0be42812388b8d0ef7328cd,VirusShare_00495,eylr,819200,exe,trojan,71.64,2021-11-07T17:34:20+00:00,2016-03-01
6f279a86e2c8feb0f3f2b5717e6b2495,VirusShare_00495,eylr,16384,exe,trojan,69.12,2021-11-08T11:01:54+00:00,2016-03-01
6f74f548be589eefc7940b6f11479f45,VirusShare_00495,eylr,16384,exe,trojan,70.59,2021-11-08T11:46:23+00:00,2016-03-01
6f9d5a932205e74c3e82bb895af0b89d,VirusShare_00495,eylr,3555328,exe,trojan,78.79,2021-11-06T05:35:58+00:00,2016-03-01
6fb80bfa1cab2b37fccff941df5b4737,VirusShare_00495,eylr,16384,exe,trojan,75.36,2021-11-09T02:05:48+00:00,2016-03-01
6ff79ce60c04c81e9d84df9f7d17e983,VirusShare_00495,eylr,4489216,exe,trojan,70.59,2021-11-03T16:50:43+00:00,2016-03-01
707114f3185693a5333f66777b781505,VirusShare_00495,eylr,131072,exe,trojan,70.15,2021-11-05T16:10:46+00:00,2016-03-01
70dea4a93c5137d1d99d177d74028879,VirusShare_00495,eylr,16384,exe,trojan,68.12,2021-11-06T12:30:29+00:00,2016-03-01
72629931581bddb8b2119717a79b9dcf,VirusShare_00495,eylr,16384,exe,trojan,67.16,2021-11-03T22:05:06+00:00,2016-03-01
72759ab05ada8349d002f8bf7fb698be,VirusShare_00495,eylr,16384,exe,trojan,72.06,2021-11-02T19:25:33+00:00,2016-03-01
727dbdddd95dee8bc95fe0daded553dd,VirusShare_00495,eylr,65536,exe,trojan,73.91,2021-11-05T16:50:51+00:00,2016-03-01
72ad51e2c0e89008507d8bf8e3d45485,VirusShare_00495,eylr,2441216,exe,trojan,70.15,2021-11-03T17:17:34+00:00,2016-03-01
72cdeb6df8d7593b7633b7641ee19d63,VirusShare_00495,eylr,16384,exe,trojan,66.67,2021-11-05T21:45:50+00:00,2016-03-01
73aff888264b18b3f69cec99f8162837,VirusShare_00495,eylr,65536,exe,trojan,72.46,2021-11-07T17:02:34+00:00,2016-03-01
744956e3035289e398dbc59026888bd9,VirusShare_00495,eylr,606208,exe,trojan,80.6,2021-11-07T05:43:49+00:00,2016-03-01
757f54127af4c2365f260ae0a0b8fde0,VirusShare_00495,eylr,2097152,exe,trojan,69.12,2021-11-07T16:08:52+00:00,2016-03-01
758451bb738e3ebfef23179a58f79e02,VirusShare_00495,eylr,32768,exe,trojan,71.64,2021-11-07T05:02:19+00:00,2016-03-01
75f7d28168549ea11d37edc1516feba5,VirusShare_00495,eylr,262144,exe,trojan,68.12,2021-11-05T06:55:30+00:00,2016-03-01
75fcf48c11609978b85be4eb512a0559,VirusShare_00495,eylr,16384,exe,trojan,68.66,2021-11-08T14:16:38+00:00,2016-03-01
7640e63dcf54dae31893592fdbac8ba4,VirusShare_00495,eylr,16384,exe,trojan,71.01,2021-11-01T12:41:06+00:00,2016-03-01
76cd8c0ec552ec0b3c03f8ccf2d2ad14,VirusShare_00495,eylr,6111232,exe,trojan,73.13,2021-11-03T10:31:59+00:00,2016-03-01
77065ce5984e5581c17461072541d91c,VirusShare_00495,eylr,10223616,exe,trojan,72.73,2021-11-08T09:47:16+00:00,2016-03-01
785304fa357b0324d517ca96af32ab66,VirusShare_00495,eylr,4259840,exe,trojan,68.12,2021-11-06T23:18:09+00:00,2016-03-01
7924c40a20d3e271d5a29cf90a245acd,VirusShare_00495,eylr,131072,exe,trojan,70.59,2021-11-08T07:46:52+00:00,2016-03-01
7931db6d54aeec087d7959d9670dd84d,VirusShare_00495,eylr,458752,exe,trojan,70.59,2021-11-08T13:43:38+00:00,2016-03-01
79bd1574c289809640c8ae8ec70e2015,VirusShare_00495,eylr,229376,exe,trojan,66.18,2021-11-01T06:23:19+00:00,2016-03-01
79db572d27bc7256314479094c1597f8,VirusShare_00495,eylr,16384,exe,trojan,65.15,2021-11-03T20:54:23+00:00,2016-03-01
79e14953007bb0d1bbe3bb8ca40904c4,VirusShare_00495,eylr,16384,exe,trojan,75.36,2021-11-09T16:34:57+00:00,2016-03-01
7a5abb725cdf62df089425fd1f542f44,VirusShare_00495,eylr,6193152,exe,trojan,70.15,2021-11-07T16:44:10+00:00,2016-03-01
7b7917738a7ec561a7e954547815b602,VirusShare_00495,eylr,2850816,exe,trojan,72.06,2021-11-04T10:16:46+00:00,2016-03-01
7cb8eca084386147a81fbc7cd8cb7e58,VirusShare_00495,eylr,16384,exe,trojan,69.12,2021-11-03T22:14:55+00:00,2016-03-01
7cd3c1ef42ed02f49b78cf7175c93105,VirusShare_00495,eylr,6635520,exe,trojan,70.15,2021-11-07T17:26:06+00:00,2016-03-01
7cfcc18015a89e706507fed358644019,VirusShare_00495,eylr,2654208,exe,trojan,80.88,2021-11-05T14:05:41+00:00,2016-03-01
7d076224f0a3c69441a0209c4721833a,VirusShare_00495,eylr,64096,exe,trojan,67.65,2021-11-07T15:06:48+00:00,2016-03-01
7d377f9e3f735e1d91397a553626aa66,VirusShare_00495,eylr,10977280,exe,trojan,71.01,2021-11-08T16:33:35+00:00,2016-03-01
7d53edbfe1f4230108fafc859ca4f1ce,VirusShare_00495,eylr,16384,exe,trojan,75.36,2021-10-31T18:35:22+00:00,2016-03-01
7e3f7d43bce3969060e9df296b037507,VirusShare_00495,eylr,16384,exe,trojan,71.01,2021-11-03T22:40:29+00:00,2016-03-01
7ec97c27d4ad218ee682e60cec6fd92b,VirusShare_00495,eylr,131072,exe,trojan,69.12,2021-11-05T17:02:06+00:00,2016-03-01
7f6f4b8c49c79e442ac6ef6e8aeeb7b0,VirusShare_00495,eylr,16384,exe,trojan,70.59,2021-11-03T21:03:06+00:00,2016-03-01
7ff64db99c45eb45a0ad1976e35509c2,VirusShare_00495,eylr,16384,exe,trojan,69.7,2021-10-31T16:49:08+00:00,2016-03-01
813df87f25cec08f5f4b0c1310018052,VirusShare_00495,eylr,262144,exe,trojan,70.59,2021-11-07T18:03:53+00:00,2016-03-01
81d25d540581faa111daeffcef72a899,VirusShare_00495,eylr,458752,exe,trojan,73.91,2021-11-08T12:43:55+00:00,2016-03-01
81d867dbf6980e95e5a2e389f5dea481,VirusShare_00495,eylr,8192,exe,trojan,60.87,2021-11-03T01:01:22+00:00,2016-03-01
81f4b49ec944f17c598bec6623897e53,VirusShare_00495,eylr,16384,exe,trojan,70.59,2021-11-07T16:56:43+00:00,2016-03-01
81fe585f410b9313e4c63358b6445464,VirusShare_00495,eylr,65536,exe,trojan,71.01,2021-11-08T02:38:28+00:00,2016-03-01
838a2fbe2ca9214e9a15f990f0bcdc28,VirusShare_00495,eylr,376832,exe,trojan,73.13,2021-11-05T15:11:39+00:00,2016-03-01
83eb6d19a84f71e351a7cdfa941a51be,VirusShare_00495,eylr,16384,exe,trojan,68.12,2021-11-03T22:05:57+00:00,2016-03-01
849a3d40c4e63e5edb7f521405f61e2f,VirusShare_00495,eylr,16384,exe,trojan,69.12,2021-11-05T20:29:45+00:00,2016-03-01
85964424b08a6344946c313249a57418,VirusShare_00495,eylr,32768,exe,trojan,68.66,2021-10-31T11:17:45+00:00,2016-03-01
85f02d0148782c7e12aab4ce8ce7f01f,VirusShare_00495,eylr,16384,exe,trojan,72.06,2021-11-03T21:04:36+00:00,2016-03-01
861a63065be6d3b1cf63b9ca9b78dda3,VirusShare_00495,eylr,7061504,exe,trojan,70.15,2021-11-07T18:05:33+00:00,2016-03-01
86ee0f0df3b3e27832986aaedd289eb9,VirusShare_00495,eylr,16384,exe,trojan,69.57,2021-11-05T21:08:00+00:00,2016-03-01
8712724fe186f2c038dd869c959aa1ce,VirusShare_00495,eylr,458752,exe,trojan,72.06,2021-11-08T16:28:28+00:00,2016-03-01
874b6c754a48c31432377775ec283541,VirusShare_00495,eylr,131072,exe,trojan,70.31,2021-11-05T05:27:38+00:00,2016-03-01
87b7fc40e94f412916fef1dc1b346657,VirusShare_00495,eylr,9666560,exe,trojan,65.52,2021-11-08T13:28:24+00:00,2016-03-01
87e0bf3da72d2d23faae4bba0443317c,VirusShare_00495,eylr,851968,exe,trojan,71.01,2021-11-04T18:15:27+00:00,2016-03-01
889dfd0db79f0d4a1b7bf83edd28d744,VirusShare_00495,eylr,16384,exe,trojan,65.22,2021-11-07T15:22:53+00:00,2016-03-01
88a0fc4eaae8d668d33e5a7a878d3d0c,VirusShare_00495,eylr,2555904,exe,trojan,72.06,2021-11-02T17:16:14+00:00,2016-03-01
88ae7148af0b16894e53f1712d6188d6,VirusShare_00495,eylr,7012352,exe,trojan,69.57,2021-11-06T17:01:17+00:00,2016-03-01
8a0a74a52358d2ebea2f732fd6e22ab5,VirusShare_00495,eylr,32768,exe,trojan,69.12,2021-11-08T17:15:29+00:00,2016-03-01
8a5ce9643ea3c4872446179b4bd58ad9,VirusShare_00495,eylr,3670016,exe,trojan,78.26,2021-11-07T04:05:37+00:00,2016-03-01
8b110e803ba93acb8a79977bbe5ee2ee,VirusShare_00495,eylr,16384,exe,trojan,79.71,2021-11-06T21:18:33+00:00,2016-03-01
8b840ae03368155f5c1abcd7481a2944,VirusShare_00495,eylr,6619136,exe,trojan,70.15,2021-11-06T16:52:23+00:00,2016-03-01
8cfc83483e5117b870fcae6a476acff6,VirusShare_00495,eylr,409600,exe,trojan,69.12,2021-11-01T05:05:31+00:00,2016-03-01
8d06e19c32c5f695fb4559354de559d5,VirusShare_00495,eylr,114688,exe,trojan,71.21,2021-11-05T16:38:08+00:00,2016-03-01
8d084f694f7cc3ad1566a73c9f326a2e,VirusShare_00495,eylr,16384,exe,trojan,68.12,2021-11-03T17:15:54+00:00,2016-03-01
8d32b8241580b2a95eb046c8c5c31ef5,VirusShare_00495,eylr,1769472,exe,trojan,71.64,2021-10-31T17:19:19+00:00,2016-03-01
8da79909769d6f74ab2440fd8c29da2f,VirusShare_00495,eylr,7634944,exe,trojan,67.14,2021-11-08T17:36:28+00:00,2016-03-01
8dd96267f7cba51485743cbc67ce98a3,VirusShare_00495,eylr,32768,exe,trojan,69.12,2021-10-31T17:22:55+00:00,2016-03-01
8e9cf85a71e7cafd6c5e6725d99c113c,VirusShare_00495,eylr,16384,exe,trojan,66.67,2021-11-04T18:53:24+00:00,2016-03-01
8ee4c2f9dbfcc1b0eaf950db084e184c,VirusShare_00495,eylr,16384,exe,trojan,68.12,2021-11-03T22:06:27+00:00,2016-03-01
8eec5acbec7323315e932b02c04cb5cb,VirusShare_00495,eylr,32768,exe,trojan,69.57,2021-11-08T17:47:05+00:00,2016-03-01
8fa1c9d092c478cb9903bdb1fefa8162,VirusShare_00495,eylr,16384,exe,trojan,72.06,2021-11-08T16:57:27+00:00,2016-03-01
90100cff52a710384ec075e29f03eb1c,VirusShare_00495,eylr,16384,exe,trojan,71.01,2021-11-05T16:33:23+00:00,2016-03-01
90490d78ee564467650b9f38440f1130,VirusShare_00495,eylr,8192,exe,trojan,65.67,2021-11-06T23:21:25+00:00,2016-03-01
90c4e2be14e904f88e2ae13f2014bc4e,VirusShare_00495,eylr,16384,exe,trojan,69.12,2021-11-05T21:30:20+00:00,2016-03-01
90e776d52682db44d9797276aa079c0a,VirusShare_00495,eylr,16384,exe,trojan,70.59,2021-10-31T12:35:55+00:00,2016-03-01
9102b6931e7126d6781a33a5e5faf2bf,VirusShare_00495,eylr,114688,exe,trojan,71.01,2021-11-08T12:15:21+00:00,2016-03-01
9139561a3c7d16d4e256237d48b27069,VirusShare_00495,eylr,16384,exe,trojan,66.67,2021-11-04T17:48:22+00:00,2016-03-01
914109b9f14ccfa0fec221eaa3f66a45,VirusShare_00495,eylr,32768,exe,trojan,68.18,2021-11-08T06:46:53+00:00,2016-03-01
916f537434fbfc65c7edad4022bd1803,VirusShare_00495,eylr,32768,exe,trojan,69.57,2021-11-02T17:15:52+00:00,2016-03-01
91acabe5d1dc0d9813ec1ef9f3c2d0f3,VirusShare_00495,eylr,4751360,exe,trojan,71.21,2021-11-07T17:55:19+00:00,2016-03-01
92aa5bf2bde083ea459cc5ded7ded6fc,VirusShare_00495,eylr,16384,exe,trojan,69.57,2021-11-08T16:56:30+00:00,2016-03-01
9329fdf7856c69353a2c61bcad9e0a9c,VirusShare_00495,eylr,16384,exe,trojan,69.57,2021-11-07T00:57:44+00:00,2016-03-01
940003d95bdeead5e21e3b853fdf3952,VirusShare_00495,eylr,458752,exe,trojan,71.21,2021-11-08T08:06:59+00:00,2016-03-01
94856bacb778a136141930b58183f471,VirusShare_00495,eylr,16384,exe,trojan,73.53,2021-11-05T17:20:08+00:00,2016-03-01
9536d62a7c7c29796642878c556aff9a,VirusShare_00495,eylr,131072,exe,trojan,67.16,2021-11-02T17:27:41+00:00,2016-03-01
9569efc3674144d0ab9ba0c58b3d31b8,VirusShare_00495,eylr,16384,exe,trojan,68.12,2021-11-03T17:24:39+00:00,2016-03-01
958069c5a0a24c3e7a25e9ca54cbda8b,VirusShare_00495,eylr,540672,exe,trojan,70.59,2021-11-04T17:58:05+00:00,2016-03-01
95a9968a032bad249514cd07913ee2ed,VirusShare_00495,eylr,16384,exe,trojan,69.57,2021-11-08T02:48:01+00:00,2016-03-01
95f4eeb51e533b459e95f2f585ff7d92,VirusShare_00495,eylr,16384,exe,trojan,72.06,2021-11-05T06:45:59+00:00,2016-03-01
963ae760eb4022003852f1f40009e1d6,VirusShare_00495,eylr,1835008,exe,trojan,66.67,2021-11-07T16:46:44+00:00,2016-03-01
965848f69d20a6ae7ba56e0a674aac4c,VirusShare_00495,eylr,2195456,exe,trojan,71.01,2021-11-03T03:18:58+00:00,2016-03-01
9684ab56d2086224b8bd9df8f58d1990,VirusShare_00495,eylr,8388608,exe,trojan,68.66,2021-11-08T01:38:16+00:00,2016-03-01
97249d25ef3809592845fbe38fecfb19,VirusShare_00495,eylr,196608,exe,trojan,68.12,2021-11-04T19:11:50+00:00,2016-03-01
97a7bf36a02a92c144628907a2df3c26,VirusShare_00495,eylr,7274496,exe,trojan,69.12,2021-11-02T17:00:27+00:00,2016-03-01
97cf9aafddae7d051373450caa009fff,VirusShare_00495,eylr,229376,exe,trojan,76.47,2021-11-06T07:35:08+00:00,2016-03-01
981a9b51e4b4ac71e6206d4e1a5b1c4e,VirusShare_00495,eylr,16384,exe,trojan,69.12,2021-11-05T18:24:03+00:00,2016-03-01
98dbbb1e948eb3900f1256c904fc366f,VirusShare_00495,eylr,6946816,exe,trojan,70.59,2021-11-05T17:29:03+00:00,2016-03-01
9956ae6be67e44d860446cd349e29d2e,VirusShare_00495,eylr,851968,exe,trojan,64.18,2021-11-04T12:59:59+00:00,2016-03-01
9994134bb68dc854656c1fc9f8e10344,VirusShare_00495,eylr,262144,exe,trojan,71.43,2021-11-07T18:06:15+00:00,2016-03-01
99dd62ad606788639ecd46156e2e1a61,VirusShare_00495,eylr,32768,exe,trojan,69.57,2021-11-08T18:22:14+00:00,2016-03-01
9a1ece5f0200dfab0bc3c2392d239df1,VirusShare_00495,eylr,131072,exe,trojan,67.16,2021-10-30T18:31:30+00:00,2016-03-01
9abc32d623e450d9469e1793507636bc,VirusShare_00495,eylr,131072,exe,trojan,71.64,2021-11-08T07:46:53+00:00,2016-03-01
9ac5a60577528deb1507c8e09687cce3,VirusShare_00495,eylr,114688,exe,trojan,69.12,2021-11-03T16:25:17+00:00,2016-03-01
9c18da2137083be6ca633c8b98749400,VirusShare_00495,eylr,65536,exe,trojan,70.59,2021-10-31T19:01:02+00:00,2016-03-01
9c6268f685874b0b1547863a7999ba6d,VirusShare_00495,eylr,32768,exe,trojan,66.18,2021-10-31T01:40:52+00:00,2016-03-01
9c8d7823c498666786c56afd6a1dae88,VirusShare_00495,eylr,229376,exe,trojan,70.59,2021-11-03T18:19:28+00:00,2016-03-01
9da1648c712a23e2c13d92cf00650a70,VirusShare_00495,eylr,382000,exe,trojan,66.67,2021-11-03T14:23:08+00:00,2016-03-01
9dba5dc1d88a3efaaec9d6420a03b725,VirusShare_00495,eylr,16384,exe,trojan,68.12,2021-11-07T17:50:40+00:00,2016-03-01
9dd4cde8b2a023d22dd186a2ddee361d,VirusShare_00495,eylr,8192,exe,trojan,64.71,2021-11-02T17:22:09+00:00,2016-03-01
9f5d4989a6be27431bc8fee1914579b5,VirusShare_00495,eylr,16384,exe,trojan,77.94,2021-11-01T11:34:57+00:00,2016-03-01
9f8cbc30fe2eb7ea5ff0dd16e49354f8,VirusShare_00495,eylr,16384,exe,trojan,64.71,2021-11-06T02:21:57+00:00,2016-03-01
9fc2ed6bb39afd507ff757048629e8e5,VirusShare_00495,eylr,16384,exe,trojan,75.36,2021-11-05T17:01:56+00:00,2016-03-01
a090a9c0e3d41c1ef95d83b11fd6ef40,VirusShare_00495,eylr,5963776,exe,trojan,70.59,2021-11-08T17:41:30+00:00,2016-03-01
a220b8d6d70a5b7b861306cc0172616c,VirusShare_00495,eylr,16384,exe,trojan,68.12,2021-11-07T17:54:22+00:00,2016-03-01
a2ff8cba02800e0935edb28c0c3814ce,VirusShare_00495,eylr,131072,exe,trojan,73.91,2021-11-07T17:25:47+00:00,2016-03-01
a30a11c7cf66ec9e674258b6f2e455c6,VirusShare_00495,eylr,16384,exe,trojan,72.46,2021-11-05T20:57:48+00:00,2016-03-01
a32500628256c39c684bcc3bbe41887e,VirusShare_00495,eylr,442368,exe,trojan,71.01,2021-11-03T17:08:40+00:00,2016-03-01
a34a7cddc63a88ad12b84f323bba9764,VirusShare_00495,eylr,7110656,exe,trojan,69.12,2021-11-05T16:54:01+00:00,2016-03-01
a3cfb3a2240674e2b599e36e837ef1b6,VirusShare_00495,eylr,65536,exe,trojan,70.59,2021-11-06T16:25:27+00:00,2016-03-01
a40d1762efab43c22db17602a996b143,VirusShare_00495,eylr,229376,exe,trojan,75.0,2021-11-04T18:28:08+00:00,2016-03-01
a4f9d50805e51a6f8022b0cebbd2912e,VirusShare_00495,eylr,16384,exe,trojan,73.85,2021-11-03T20:28:22+00:00,2016-03-01
a5008ce2bfda290a3d2a4e43c955bb89,VirusShare_00495,eylr,16384,exe,trojan,69.57,2021-11-02T17:27:36+00:00,2016-03-01
a513f1c80b06dd18aeb30ebe00ae9563,VirusShare_00495,eylr,6275072,exe,trojan,71.64,2021-11-05T17:54:58+00:00,2016-03-01
a55af9de24d053e895f9d0a3a04e7ced,VirusShare_00495,eylr,1245184,exe,trojan,68.18,2021-11-07T07:14:31+00:00,2016-03-01
a572df90d1e1b88292a577fd9ae52140,VirusShare_00495,eylr,16384,exe,trojan,69.12,2021-11-05T21:06:15+00:00,2016-03-01
a583dcd7a1f47c09b5fc3847a0d80b79,VirusShare_00495,eylr,1835008,exe,trojan,67.65,2021-11-03T08:40:53+00:00,2016-03-01
a62cdfe10b430aff7807364ebd1ba8f4,VirusShare_00495,eylr,1835008,exe,trojan,73.91,2021-11-06T05:38:59+00:00,2016-03-01
a6dda4fe57a1021a4fec43c495dcaa59,VirusShare_00495,eylr,32768,exe,trojan,69.12,2021-11-06T20:11:39+00:00,2016-03-01
a6f193468b84de83c59d38cb3a3584bc,VirusShare_00495,eylr,16384,exe,trojan,67.16,2021-11-06T17:34:05+00:00,2016-03-01
a7ab52d04d79e1aba43e88edaf2e9629,VirusShare_00495,eylr,262144,exe,trojan,72.46,2021-11-07T17:09:22+00:00,2016-03-01
a81266d3b1e53dcad8da1f2c20396628,VirusShare_00495,eylr,917504,exe,trojan,69.12,2021-11-08T17:38:07+00:00,2016-03-01
a98b9886a63fa02217e2b0e59578eadc,VirusShare_00495,eylr,524288,exe,trojan,68.12,2021-11-02T17:33:49+00:00,2016-03-01
a9d6ae12e292aa295e3a5ffa5f587c6d,VirusShare_00495,eylr,5734400,exe,trojan,71.01,2021-11-06T17:12:52+00:00,2016-03-01
a9ee03809952e5de4da5a6478f6bca30,VirusShare_00495,eylr,4259840,exe,trojan,69.12,2021-11-07T11:42:09+00:00,2016-03-01
aa0bfbf98406638f5563d826724e4f97,VirusShare_00495,eylr,131072,exe,trojan,69.57,2021-11-07T16:48:24+00:00,2016-03-01
aa50d2d7cc14007cc60f280aa1c02c0d,VirusShare_00495,eylr,16384,exe,trojan,67.65,2021-11-05T21:06:00+00:00,2016-03-01
acec31cd8a5457fae69e59f15d0f551a,VirusShare_00495,eylr,16384,exe,trojan,79.71,2021-11-05T14:42:19+00:00,2016-03-01
ae94c6bf7da633ac8c6205a3145ddffb,VirusShare_00495,eylr,16384,exe,trojan,71.01,2021-11-05T19:47:00+00:00,2016-03-01
b037f30c666710992b267709b8bda781,VirusShare_00495,eylr,65536,exe,trojan,72.46,2021-11-08T17:37:22+00:00,2016-03-01
b05ee33cbbb1d073246ae7c5d159f0d4,VirusShare_00495,eylr,851968,exe,trojan,69.57,2021-11-06T17:51:26+00:00,2016-03-01
b0ac38da2d7197debede19e0a66951b0,VirusShare_00495,eylr,16384,exe,trojan,69.57,2021-11-02T18:33:28+00:00,2016-03-01
b1678b8df867810ecef855071a8dedce,VirusShare_00495,eylr,16384,exe,trojan,69.57,2021-11-07T17:24:11+00:00,2016-03-01
b18525fb95cc065806eb191d5cee575e,VirusShare_00495,eylr,32768,exe,trojan,67.16,2021-11-03T00:54:10+00:00,2016-03-01
b18bd5fa9fa7e66c9093be0163183d6d,VirusShare_00495,eylr,262144,exe,trojan,75.0,2021-11-07T08:29:23+00:00,2016-03-01
b1cd2ba00d4b198bb5bc948a14632a5b,VirusShare_00495,eylr,16384,exe,trojan,67.16,2021-11-04T07:48:21+00:00,2016-03-01
b1f132c198492fa3789926589a9bdfa9,VirusShare_00495,eylr,393216,exe,trojan,69.57,2021-11-07T14:44:03+00:00,2016-03-01
b2105409efe2d431a666c77ae7b9fa47,VirusShare_00495,eylr,5799936,exe,trojan,68.66,2021-11-06T17:44:57+00:00,2016-03-01
b21b37ad4341678aa5126845801da5a1,VirusShare_00495,eylr,131072,exe,trojan,71.01,2021-11-07T17:27:50+00:00,2016-03-01
b22532a350a2d73a68d9f4c6f069f346,VirusShare_00495,eylr,753664,exe,trojan,69.57,2021-11-07T17:35:25+00:00,2016-03-01
b245bb1c26d9811090194c1665539135,VirusShare_00495,eylr,524288,exe,trojan,74.63,2021-11-09T07:35:31+00:00,2016-03-01
b296c29c4c41bd4690fcb08b52197f9b,VirusShare_00495,eylr,917504,exe,trojan,72.73,2021-11-08T23:05:10+00:00,2016-03-01
b2b70c3c911f2f3f19ea510523c110da,VirusShare_00495,eylr,16384,exe,trojan,67.65,2021-11-07T17:26:53+00:00,2016-03-01
b2c3b2f52f0dbca07f2bb0d907fc16ff,VirusShare_00495,eylr,131072,exe,trojan,68.66,2021-11-08T15:29:08+00:00,2016-03-01
b2cad14dd6e0d72c5679d2bbc2573794,VirusShare_00495,eylr,16384,exe,trojan,76.81,2021-11-05T14:42:17+00:00,2016-03-01
b2ec4106efda2b49a1c96c74b7577771,VirusShare_00495,eylr,229376,exe,trojan,73.91,2021-11-02T17:32:51+00:00,2016-03-01
b36b78b5ff8ad5c228376341f265b06a,VirusShare_00495,eylr,229376,exe,trojan,73.91,2021-11-07T17:30:56+00:00,2016-03-01
b50908e97bf7e77633e363cf3c17fd3f,VirusShare_00495,eylr,16384,exe,trojan,66.18,2021-11-05T18:34:21+00:00,2016-03-01
b52a6d4e25b6bd5a78214e59fb949144,VirusShare_00495,eylr,131072,exe,trojan,69.12,2021-11-05T21:31:46+00:00,2016-03-01
b5a23311055aa503982f6c1481e42649,VirusShare_00495,eylr,32768,exe,trojan,69.12,2021-11-06T18:10:05+00:00,2016-03-01
b707181524ce90f43f8315d30d151c88,VirusShare_00495,eylr,655360,exe,trojan,69.57,2021-11-02T16:29:12+00:00,2016-03-01
b7fb148717f58dc3e2bdda5c125c0e3a,VirusShare_00495,eylr,16384,exe,trojan,60.29,2021-11-04T23:37:13+00:00,2016-03-01
b85b49533000be7283bb562dced5cb25,VirusShare_00495,eylr,16384,exe,trojan,66.18,2021-11-05T18:51:42+00:00,2016-03-01
b86ace27a8e4b0d7d7525c438b385ee4,VirusShare_00495,eylr,458752,exe,trojan,69.12,2021-11-08T16:23:57+00:00,2016-03-01
b8d4832750a0ce6285ca3856b48347ee,VirusShare_00495,eylr,16384,exe,trojan,73.53,2021-11-08T17:05:00+00:00,2016-03-01
b91dff799c9d92f23ade02d3df8e1eba,VirusShare_00495,eylr,16384,exe,trojan,66.18,2021-10-31T16:59:45+00:00,2016-03-01
b97c034fb7a4799d5b5db6f3705755c7,VirusShare_00495,eylr,131072,exe,trojan,70.59,2021-11-07T16:59:39+00:00,2016-03-01
b98a381dc06fa4a2b9864e872676f04f,VirusShare_00495,eylr,16384,exe,trojan,68.18,2021-11-03T22:39:54+00:00,2016-03-01
ba4ecfb955e76baa9761cf15d4155522,VirusShare_00495,eylr,65536,exe,trojan,72.06,2021-11-04T18:16:45+00:00,2016-03-01
baf9d6dbb80e0784defc129bce746db0,VirusShare_00495,eylr,16384,exe,trojan,72.06,2021-11-07T16:39:06+00:00,2016-03-01
bb42b318c53868cc4726233ae854f860,VirusShare_00495,eylr,8192,exe,trojan,75.36,2021-11-06T03:02:38+00:00,2016-03-01
bc036368582788d8310410e2e02437ef,VirusShare_00495,eylr,32768,exe,trojan,75.0,2021-11-07T10:05:59+00:00,2016-03-01
bc47ec0371e50ede30e6d481a50694a8,VirusShare_00495,eylr,16384,exe,trojan,71.01,2021-11-07T18:06:52+00:00,2016-03-01
bc4cf7abbb25bd892eee02e40e77908f,VirusShare_00495,eylr,6946816,exe,trojan,70.59,2021-11-08T17:47:39+00:00,2016-03-01
bc8d59f3d25769e931e3707ea943bca3,VirusShare_00495,eylr,5111808,exe,trojan,69.57,2021-11-06T17:19:04+00:00,2016-03-01
bcb4a802c622b48c0d457e36dddbc627,VirusShare_00495,eylr,32768,exe,trojan,68.12,2021-10-31T17:12:24+00:00,2016-03-01
bcea5e78db458fc70d700e19cbefd5cb,VirusShare_00495,eylr,16384,exe,trojan,66.18,2021-11-04T16:20:53+00:00,2016-03-01
bd991add3d50af90450fd5f861e8d8df,VirusShare_00495,eylr,6569984,exe,trojan,72.06,2021-11-06T17:52:25+00:00,2016-03-01
bdc9bee76e56f09fa25bf696672a6d2d,VirusShare_00495,eylr,262144,exe,trojan,75.0,2021-11-05T09:23:04+00:00,2016-03-01
be299f068024e9f6ed9b004bbdb3a77e,VirusShare_00495,eylr,32768,exe,trojan,69.57,2021-11-08T04:02:23+00:00,2016-03-01
be3c2a7691d9064b658a932f726261eb,VirusShare_00495,eylr,65536,exe,trojan,70.49,2021-11-05T15:31:38+00:00,2016-03-01
be4b3c3cba9fb421e262fae647eb06be,VirusShare_00495,eylr,1212416,exe,trojan,65.22,2021-11-04T18:16:48+00:00,2016-03-01
bf6b7338b198a75e8f6219a20f214f28,VirusShare_00495,eylr,7127040,exe,trojan,69.12,2021-10-31T16:56:29+00:00,2016-03-01
c081d5d85427d1f4049b8803b258359e,VirusShare_00495,eylr,114688,exe,trojan,72.58,2021-11-02T17:18:58+00:00,2016-03-01
c118cf64959d32009159033a2339b427,VirusShare_00495,eylr,65536,exe,trojan,76.47,2021-11-09T13:43:12+00:00,2016-03-01
c260dc800878ce727717b21665ff8c5e,VirusShare_00495,eylr,8126464,exe,trojan,69.57,2021-11-06T21:31:21+00:00,2016-03-01
c2a381f094402bfc81b1bfa099918dfb,VirusShare_00495,eylr,5963776,exe,trojan,71.64,2021-11-07T16:39:21+00:00,2016-03-01
c3b90fb120c5340eb9c786fe6e2fd388,VirusShare_00495,eylr,32768,exe,trojan,69.57,2021-10-31T16:31:00+00:00,2016-03-01
c3c08251d6ed8ac3f61da249db4c844d,VirusShare_00495,eylr,16384,exe,trojan,70.59,2021-11-05T18:52:05+00:00,2016-03-01
c3e357ff81ee9e3b7d74556ad4453959,VirusShare_00495,eylr,7979008,exe,trojan,70.59,2021-11-07T16:33:22+00:00,2016-03-01
c4b4bb2513954a3b956d6a61b8223e63,VirusShare_00495,eylr,32768,exe,trojan,69.12,2021-11-04T15:34:07+00:00,2016-03-01
c59f859e9f810f4f84f5f0c806bf4905,VirusShare_00495,eylr,2293760,exe,trojan,68.12,2021-11-06T17:46:53+00:00,2016-03-01
c66558dafdf7e9d52a62d1f5fd2099ba,VirusShare_00495,eylr,196608,exe,trojan,74.63,2021-11-01T12:34:36+00:00,2016-03-01
c8193e9f310f1492c5c8f587227caea6,VirusShare_00495,eylr,5341184,exe,trojan,72.06,2021-11-05T17:42:25+00:00,2016-03-01
c92edd8397dc2f8b0fa156449c0d7a66,VirusShare_00495,eylr,32768,exe,trojan,70.59,2021-11-06T22:07:22+00:00,2016-03-01
c93f974a15e90eb52342235e2355f1c7,VirusShare_00495,eylr,229376,exe,trojan,71.64,2021-11-08T10:53:54+00:00,2016-03-01
c95bcba645adc8115d06a7f54aefa359,VirusShare_00495,eylr,16384,exe,trojan,75.76,2021-11-04T19:05:40+00:00,2016-03-01
ca15902376434b393ab8b2b1c3aeadfd,VirusShare_00495,eylr,32768,exe,trojan,71.01,2021-10-31T14:49:33+00:00,2016-03-01
ca687778e40e49a7d5e169936ce2d01e,VirusShare_00495,eylr,16384,exe,trojan,69.57,2021-11-07T17:03:38+00:00,2016-03-01
cb49c9c481453d0b0bb7494ac4b6891f,VirusShare_00495,eylr,114688,exe,trojan,66.18,2021-11-03T17:05:19+00:00,2016-03-01
cb4a486b1862c76f2484a1465a1ed25a,VirusShare_00495,eylr,262144,exe,trojan,71.01,2021-11-08T16:24:26+00:00,2016-03-01
cc2d47daafded33a09af1a5de1de8254,VirusShare_00495,eylr,16384,exe,trojan,68.12,2021-11-04T18:24:44+00:00,2016-03-01
cd967dffc3347ad1cf90634167e4b4df,VirusShare_00495,eylr,16384,exe,trojan,68.12,2021-11-07T17:41:44+00:00,2016-03-01
cdd06deaa8d77ae4ac87794486f81933,VirusShare_00495,eylr,114688,exe,trojan,70.15,2021-11-01T05:17:24+00:00,2016-03-01
cde7344e1e1d2ebec3d0cf6c783b3524,VirusShare_00495,eylr,16384,exe,trojan,65.67,2021-11-03T18:45:58+00:00,2016-03-01
ce03a295622b690fb1d7e5537d4ccd35,VirusShare_00495,eylr,3670016,exe,trojan,73.53,2021-11-03T16:28:35+00:00,2016-03-01
ce53bd3514b1d7cade241f7a26fe52fd,VirusShare_00495,eylr,65536,exe,trojan,71.01,2021-11-08T15:32:47+00:00,2016-03-01
ce56b66fdd7b0f1484483a5064c2fc38,VirusShare_00495,eylr,32768,exe,trojan,71.01,2021-10-31T15:22:47+00:00,2016-03-01
ce70f8a763e5b73c739b9d82dee126cf,VirusShare_00495,eylr,16384,exe,trojan,69.57,2021-11-05T18:41:37+00:00,2016-03-01
cef36c0df29b8e78e9bc9c765cb50888,VirusShare_00495,eylr,2228224,exe,trojan,83.33,2021-11-10T02:39:40+00:00,2016-03-01
cf190799875affe2aaa7ddac45693c03,VirusShare_00495,eylr,1179648,exe,trojan,71.01,2021-11-07T16:29:44+00:00,2016-03-01
cf966071e4c948427cfe025eca9f462b,VirusShare_00495,eylr,98304,exe,trojan,69.57,2021-10-31T16:54:31+00:00,2016-03-01
d1f1b80da54be7b0833c818e0af1a3a7,VirusShare_00495,eylr,16384,exe,trojan,79.71,2021-11-09T22:34:37+00:00,2016-03-01
d29d673f688fd4b92697dc6a5ba6d844,VirusShare_00495,eylr,16384,exe,trojan,71.01,2021-11-01T12:35:00+00:00,2016-03-01
d2f192b3533b937774dc39aaa18d8928,VirusShare_00495,eylr,65536,exe,trojan,71.01,2021-11-04T20:57:13+00:00,2016-03-01
d304a5b44b3145fb5c91ad28afd35fd3,VirusShare_00495,eylr,2097152,exe,trojan,71.01,2021-11-08T17:46:32+00:00,2016-03-01
d36a250808bb48cd3cc762a44837b448,VirusShare_00495,eylr,360448,exe,trojan,70.15,2021-11-05T17:07:51+00:00,2016-03-01
d39d9677bc3cfb320e2199de6549c2fb,VirusShare_00495,eylr,260704,exe,trojan,68.12,2021-11-07T14:59:46+00:00,2016-03-01
d3b695daff4b054dff4f00d0c89ec9e6,VirusShare_00495,eylr,32768,exe,trojan,73.91,2021-11-05T16:26:50+00:00,2016-03-01
d3e5c5cf31b29dd3cd84143253854da6,VirusShare_00495,eylr,16384,exe,trojan,68.12,2021-10-31T16:30:37+00:00,2016-03-01
d471fd6e4aae9643fe1e028cd15f6397,VirusShare_00495,eylr,5947392,exe,trojan,72.06,2021-11-08T17:32:38+00:00,2016-03-01
d4e121a3546fae55c60f41eed2764261,VirusShare_00495,eylr,131072,exe,trojan,69.57,2021-11-07T21:02:49+00:00,2016-03-01
d4ef40d0dd7e001733571ac72f26feb3,VirusShare_00495,eylr,16384,exe,trojan,75.76,2021-11-05T17:55:45+00:00,2016-03-01
d4f88f0f44adacb70eff3b54651dbd55,VirusShare_00495,eylr,16384,exe,trojan,68.12,2021-11-04T19:02:18+00:00,2016-03-01
d53c51ce0ef42bac2bf3a33cb20e4231,VirusShare_00495,eylr,16384,exe,trojan,70.59,2021-11-03T18:48:16+00:00,2016-03-01
d5531bdae4d2a562c60d436b643b20d6,VirusShare_00495,eylr,16384,exe,trojan,76.81,2021-11-05T17:27:53+00:00,2016-03-01
d6389b715b6114c960b6ac86e848be50,VirusShare_00495,eylr,32768,exe,trojan,72.46,2021-11-07T19:19:26+00:00,2016-03-01
d67e119873ba2fd74a477e91d37cf2d1,VirusShare_00495,eylr,229376,exe,trojan,71.01,2021-10-31T15:13:15+00:00,2016-03-01
d77ed8f53553b1afe1ca423a8240c263,VirusShare_00495,eylr,32768,exe,trojan,67.65,2021-10-31T17:04:30+00:00,2016-03-01
d85e5a54006d6f5135f4e44e5dce9d9b,VirusShare_00495,eylr,999424,exe,trojan,69.57,2021-11-05T16:38:01+00:00,2016-03-01
d8afdc6f7e5bebaa0d16bc24b2a7a63d,VirusShare_00495,eylr,262144,exe,trojan,68.75,2021-10-31T08:55:26+00:00,2016-03-01
d98ffde5b7dcc69971b10ff17f6b4480,VirusShare_00495,eylr,16384,exe,trojan,75.0,2021-11-01T07:34:48+00:00,2016-03-01
d9ec30f3dfe1cc298b5560cb5cc175a1,VirusShare_00495,eylr,16384,exe,trojan,69.57,2021-11-06T12:44:31+00:00,2016-03-01
d9f688480032b5ffd5011916a47bb51c,VirusShare_00495,eylr,1294336,exe,trojan,72.46,2021-11-06T16:56:05+00:00,2016-03-01
daaeabca68d78fbd05f8c1f2ae57b929,VirusShare_00495,eylr,131072,exe,trojan,71.01,2021-11-07T17:18:27+00:00,2016-03-01
db1a7716b38765cabb35bbbded671f57,VirusShare_00495,eylr,32768,exe,trojan,71.01,2021-10-31T15:39:14+00:00,2016-03-01
db25416e10248f5a8e51ba41dc2b1d9f,VirusShare_00495,eylr,311296,exe,trojan,76.81,2021-11-03T23:35:05+00:00,2016-03-01
db5f232514a4f2989cd6b54d1c473726,VirusShare_00495,eylr,16384,exe,trojan,71.01,2021-10-31T17:28:04+00:00,2016-03-01
dc2df0f3057316a09a59730711292ef1,VirusShare_00495,eylr,65536,exe,trojan,80.88,2021-11-06T22:34:50+00:00,2016-03-01
dc7661a36ab95c1eca113bcf2452644a,VirusShare_00495,eylr,16384,exe,trojan,66.67,2021-11-04T18:07:10+00:00,2016-03-01
dcd82f9ffa8d03608653ae631a29d982,VirusShare_00495,eylr,32768,exe,trojan,67.65,2021-11-08T16:51:18+00:00,2016-03-01
dd3061d0b5e3a6ac6a524ed6fdb081cb,VirusShare_00495,eylr,8192,exe,trojan,62.32,2021-10-31T17:09:43+00:00,2016-03-01
ddba0f6b0bb33ae54958e533b69ec64f,VirusShare_00495,eylr,16384,exe,trojan,67.65,2021-11-05T22:33:53+00:00,2016-03-01
de790f859bc9d405492fe46b296061d2,VirusShare_00495,eylr,98304,exe,trojan,67.65,2021-11-07T14:48:08+00:00,2016-03-01
de8bcaeea40951234736e15c9a0e0f68,VirusShare_00495,eylr,16384,exe,trojan,70.15,2021-11-05T20:05:23+00:00,2016-03-01
df18f42e46519b03a7616597cf64e04e,VirusShare_00495,eylr,4145152,exe,trojan,73.53,2021-11-07T17:15:09+00:00,2016-03-01
dfcc3cd8628e8575c6be7a379a6c957e,VirusShare_00495,eylr,10878976,exe,trojan,67.69,2021-11-06T23:22:51+00:00,2016-03-01
e094b75c7d53c5779c6ea8b3f123f403,VirusShare_00495,eylr,752224,exe,trojan,68.12,2021-11-07T15:09:45+00:00,2016-03-01
e10a2a574efd4d2be81ad8e80d4e3987,VirusShare_00495,eylr,16384,exe,trojan,75.36,2021-11-05T17:38:25+00:00,2016-03-01
e15e7d5e638519b300ff7e91e2609cf3,VirusShare_00495,eylr,32768,exe,trojan,66.67,2021-11-04T18:02:42+00:00,2016-03-01
e21fbcaef6957429d589f511d9785b2b,VirusShare_00495,eylr,113968,exe,trojan,69.57,2021-11-03T16:46:43+00:00,2016-03-01
e2a1a39f5a7db0fa9ec415a818a1429c,VirusShare_00495,eylr,32768,exe,trojan,70.59,2021-10-31T11:03:22+00:00,2016-03-01
e2bb0c1e990b91da5603b4498edc302b,VirusShare_00495,eylr,65536,exe,trojan,75.38,2021-11-08T13:58:39+00:00,2016-03-01
e2f07c868719d750d1c62dc9224cdd7f,VirusShare_00495,eylr,262144,exe,trojan,69.57,2021-10-30T22:16:49+00:00,2016-03-01
e32de4277f501bdf363d20a10288dc8f,VirusShare_00495,eylr,32768,exe,trojan,69.57,2021-11-05T16:43:58+00:00,2016-03-01
e40ef1d899e41f312d3ef032fe5476a5,VirusShare_00495,eylr,16384,exe,trojan,67.65,2021-11-05T19:17:36+00:00,2016-03-01
e4ac8e4aedf987ca92ce324082517cc3,VirusShare_00495,eylr,16384,exe,trojan,78.79,2021-11-09T14:58:08+00:00,2016-03-01
e59985af92ad38dbdbc55f2174c7c88a,VirusShare_00495,eylr,3751936,exe,trojan,73.53,2021-11-08T16:55:15+00:00,2016-03-01
e61c317b6239351d92005098849bee24,VirusShare_00495,eylr,16384,exe,trojan,65.67,2021-11-08T17:36:38+00:00,2016-03-01
e6e84acf0a8ed7de636040078d144f57,VirusShare_00495,eylr,16384,exe,trojan,67.65,2021-11-07T17:35:02+00:00,2016-03-01
e6f6bb0c28ccf36298a8fc530c7255da,VirusShare_00495,eylr,229376,exe,trojan,73.53,2021-11-07T04:44:56+00:00,2016-03-01
e709ad954ce9fd86fdc06ea1f61931f2,VirusShare_00495,eylr,65536,exe,trojan,71.01,2021-11-02T02:46:26+00:00,2016-03-01
e7403b2669ffd2a1dbb99123974e0843,VirusShare_00495,eylr,16384,exe,trojan,71.01,2021-11-05T20:29:35+00:00,2016-03-01
e76c9a50c3d0e4e053f12020f97e2d94,VirusShare_00495,eylr,16384,exe,trojan,69.57,2021-11-08T17:29:50+00:00,2016-03-01
e7a0e1ee91aa111995351d96e95b734b,VirusShare_00495,eylr,114688,exe,trojan,65.62,2021-11-08T12:23:09+00:00,2016-03-01
e7ca7044c60ad69a16a257631219f301,VirusShare_00495,eylr,16384,exe,trojan,63.24,2021-11-04T20:42:33+00:00,2016-03-01
e83df63fb59fe6d7ac0ed052e49515af,VirusShare_00495,eylr,16384,exe,trojan,67.65,2021-10-31T14:59:28+00:00,2016-03-01
e84754be141e6c865de8591779bfbfae,VirusShare_00495,eylr,16384,exe,trojan,74.63,2021-11-07T02:05:31+00:00,2016-03-01
e87bb05d7aa29648662d799563ce73e5,VirusShare_00495,eylr,16384,exe,trojan,69.57,2021-11-02T17:22:50+00:00,2016-03-01
e92f3293cd237d63e2a1773dafca7f6f,VirusShare_00495,eylr,229376,exe,trojan,71.01,2021-11-04T17:59:09+00:00,2016-03-01
e9cf808368f5f4fa30fd3f23dfe12c6d,VirusShare_00495,eylr,229376,exe,trojan,72.46,2021-11-07T18:00:40+00:00,2016-03-01
e9f4b66996573617c62668898c96cfd3,VirusShare_00495,eylr,16384,exe,trojan,68.12,2021-11-05T22:35:27+00:00,2016-03-01
ea6b5fde44120f5d834581a874e6ccd6,VirusShare_00495,eylr,16384,exe,trojan,66.67,2021-11-03T16:25:47+00:00,2016-03-01
eb2b58b25384ca03790c10209e24dd88,VirusShare_00495,eylr,16384,exe,trojan,70.59,2021-11-02T16:25:26+00:00,2016-03-01
eb59dadc0aa4dc1e7d3993fbb18882dc,VirusShare_00495,eylr,131072,exe,trojan,71.21,2021-11-08T07:46:55+00:00,2016-03-01
ec6115f0829ea402354f8eabbf9a40bd,VirusShare_00495,eylr,7258112,exe,trojan,70.59,2021-11-07T16:25:17+00:00,2016-03-01
ec90010f11f403e480b98c9aa1da575d,VirusShare_00495,eylr,442368,exe,trojan,70.59,2021-11-03T17:18:57+00:00,2016-03-01
ecc54305a2b9b8cad95326079ea179be,VirusShare_00495,eylr,1703936,exe,trojan,70.59,2021-11-04T03:25:17+00:00,2016-03-01
ed13b522e57bc31acaa05f421e6b96dc,VirusShare_00495,eylr,16384,exe,trojan,69.57,2021-10-31T16:22:02+00:00,2016-03-01
ed18e901af0b2a5a9032a8c953f16ab1,VirusShare_00495,eylr,4587520,exe,trojan,70.59,2021-11-07T16:41:44+00:00,2016-03-01
edcd38f7619fbf11741351e1541856f2,VirusShare_00495,eylr,32768,exe,trojan,69.57,2021-10-31T16:38:24+00:00,2016-03-01
ef4ed69c82477a20624f73a2f98dac16,VirusShare_00495,eylr,16384,exe,trojan,69.57,2021-11-04T18:05:17+00:00,2016-03-01
efa5ece2bf71ef7f14d2fbe855dff073,VirusShare_00495,eylr,16384,exe,trojan,69.57,2021-11-02T17:26:22+00:00,2016-03-01
efb1fc3df24e83a4ef768036eae7db14,VirusShare_00495,eylr,114688,exe,trojan,78.26,2021-11-06T11:05:46+00:00,2016-03-01
f00ae2660c82c44f909b867bc6396e2e,VirusShare_00495,eylr,16384,exe,trojan,71.01,2021-11-07T16:37:37+00:00,2016-03-01
f065700e00600b7d6eff48efb8dae82a,VirusShare_00495,eylr,16384,exe,trojan,70.59,2021-11-05T19:10:08+00:00,2016-03-01
f0c7406221a16711b060a091469f2a2a,VirusShare_00495,eylr,5390336,exe,trojan,70.59,2021-11-07T16:28:23+00:00,2016-03-01
f1014d8ec71588f632ee5d9f6f7733ba,VirusShare_00495,eylr,8192,exe,trojan,63.77,2021-11-07T17:04:06+00:00,2016-03-01
f1a4c896ee2ae0f7fa3ff1c82601a2f6,VirusShare_00495,eylr,409600,exe,trojan,69.57,2021-11-07T17:24:53+00:00,2016-03-01
f1ab7324a0933de7a28932c806c01bac,VirusShare_00495,eylr,7110656,exe,trojan,71.21,2021-11-07T17:22:09+00:00,2016-03-01
f1fb17cd2de0fe6194467194b26e3db2,VirusShare_00495,eylr,3653632,exe,trojan,70.15,2021-11-07T17:03:30+00:00,2016-03-01
f2549e5a100263f77b39f3fb530d7e97,VirusShare_00495,eylr,16384,exe,trojan,65.15,2021-11-03T22:56:59+00:00,2016-03-01
f2c3fcc4c2722b41449eae4cd6ebc8da,VirusShare_00495,eylr,16384,exe,trojan,68.66,2021-11-07T17:53:38+00:00,2016-03-01
f2f21f56f22937e29f3165dd8de57f51,VirusShare_00495,eylr,16384,exe,trojan,68.12,2021-11-04T19:09:00+00:00,2016-03-01
f2fe46d8dc345cd1b53188e677f4a85e,VirusShare_00495,eylr,16384,exe,trojan,72.46,2021-11-05T16:22:48+00:00,2016-03-01
f358d3566a68870207f2bf7ded285d19,VirusShare_00495,eylr,262144,exe,trojan,72.46,2021-11-07T14:34:12+00:00,2016-03-01
f3ae0d08b7267617066331762f39307d,VirusShare_00495,eylr,16384,exe,trojan,69.12,2021-11-07T16:25:05+00:00,2016-03-01
f452ddd46df6e556dc8eb2657df92dee,VirusShare_00495,eylr,753664,exe,trojan,69.57,2021-11-07T17:10:36+00:00,2016-03-01
f4f534d963604c34b036f27b85da464e,VirusShare_00495,eylr,458752,exe,trojan,74.63,2021-11-08T06:47:54+00:00,2016-03-01
f52880aa6589c1c4c270ce890dcc86a7,VirusShare_00495,eylr,16384,exe,trojan,67.16,2021-11-02T17:42:43+00:00,2016-03-01
f593eb653b7e4c211773a585ec084171,VirusShare_00495,eylr,524288,exe,trojan,66.67,2021-11-04T18:04:53+00:00,2016-03-01
f671c0d8e0ff3f904cfe82863cb5daf7,VirusShare_00495,eylr,524288,exe,trojan,70.15,2021-11-08T16:37:53+00:00,2016-03-01
f68bbbcf60661edefda6ab260eafbd73,VirusShare_00495,eylr,32768,exe,trojan,66.18,2021-11-04T16:43:27+00:00,2016-03-01
f7b486a5e422a0b76fd69f867948d2d1,VirusShare_00495,eylr,114688,exe,trojan,71.01,2021-11-02T17:57:32+00:00,2016-03-01
f7edbcc0c014a75e1a5b70e94e90be0b,VirusShare_00495,eylr,7340032,exe,trojan,66.67,2021-11-06T18:02:43+00:00,2016-03-01
f814414cc69066c5aefd799c9ad69c62,VirusShare_00495,eylr,983040,exe,trojan,66.18,2021-10-31T17:26:12+00:00,2016-03-01
f87ae40e6be7e61596f2d9db4e0fb642,VirusShare_00495,eylr,6520832,exe,trojan,73.13,2021-11-05T17:10:39+00:00,2016-03-01
f8926c8c5b682b48dc9ad4613228b679,VirusShare_00495,eylr,162400,exe,trojan,69.57,2021-11-06T23:18:52+00:00,2016-03-01
f9733fe4778f5d7df94e3763666180d6,VirusShare_00495,eylr,131072,exe,trojan,71.01,2021-11-08T17:52:08+00:00,2016-03-01
f9db73cce6b1ee2e3c8b9afd954078bc,VirusShare_00495,eylr,229376,exe,trojan,73.53,2021-11-07T16:03:17+00:00,2016-03-01
fa40291d6102d3b5abb26b44e1f0c7be,VirusShare_00495,eylr,16384,exe,trojan,67.69,2021-11-07T17:22:16+00:00,2016-03-01
fa58782b861fdd6fdf0f3ac9440878e5,VirusShare_00495,eylr,802816,exe,trojan,67.65,2021-11-01T03:38:00+00:00,2016-03-01
fb2f668f7cb848918a5d9d6260b2da07,VirusShare_00495,eylr,65536,exe,trojan,69.12,2021-11-02T02:00:21+00:00,2016-03-01
fc5494c7588164ab64529258bf3e3aed,VirusShare_00495,eylr,458752,exe,trojan,73.33,2021-11-05T19:31:48+00:00,2016-03-01
fc66b9153d2dc49b412034b722f39890,VirusShare_00495,eylr,1605632,exe,trojan,72.46,2021-11-07T17:32:57+00:00,2016-03-01
fc70eb8865a9aa947317727d2b493823,VirusShare_00495,eylr,114688,exe,trojan,72.46,2021-11-07T17:29:45+00:00,2016-03-01
fc815ef609b2abf7948b52cb8831c278,VirusShare_00495,eylr,16384,exe,trojan,71.01,2021-11-07T18:01:41+00:00,2016-03-01
fdae6a2c02eafbbe02790cda9598c44f,VirusShare_00495,eylr,32768,exe,trojan,69.57,2021-11-07T23:14:00+00:00,2016-03-01
fdbd6008d6de84aa65ec7bcb09781e0d,VirusShare_00495,eylr,131072,exe,trojan,71.64,2021-11-08T07:46:53+00:00,2016-03-01
fdffbbe495e43cc9abfc129ba9d62d34,VirusShare_00495,eylr,5488640,exe,trojan,68.12,2021-11-06T17:55:14+00:00,2016-03-01
febe2ea2fd8c77d71d3df0890ac10b11,VirusShare_00495,eylr,3309568,exe,trojan,70.59,2021-11-06T17:58:49+00:00,2016-03-01
ff6f902d4b176fc3ef7e3b69993ae1ef,VirusShare_00495,eylr,13598720,exe,trojan,68.12,2021-11-08T17:40:35+00:00,2016-03-01
0011089dc2bf4867ec328bfbc0f003ff,VirusShare_00499,eylr,14680064,exe,trojan,70.15,2021-11-14T17:15:52+00:00,2016-03-01
00656ff50ea57869e3b89faebf7928b6,VirusShare_00499,eylr,16384,exe,trojan,64.71,2021-11-14T17:28:53+00:00,2016-03-01
007f4399d4eebc6aa1c0bad049459702,VirusShare_00499,eylr,32768,exe,trojan,71.64,2021-11-10T18:01:50+00:00,2016-03-01
022c9666d9724cac588fd0975be37859,VirusShare_00499,eylr,16384,exe,trojan,68.66,2021-11-14T13:31:47+00:00,2016-03-01
022d89a7dbe21ae75ab9210939d4ec53,VirusShare_00499,eylr,114688,exe,trojan,72.06,2021-11-12T05:12:46+00:00,2016-03-01
024cb5c043f6888196ab137c5c8cff4b,VirusShare_00499,eylr,229376,exe,trojan,74.63,2021-11-13T17:57:57+00:00,2016-03-01
02bed85ed9e722569c1fc29c4598a14b,VirusShare_00499,eylr,16384,exe,trojan,80.88,2021-11-14T12:09:38+00:00,2016-03-01
030fc45b332e3756e540ad2d9c3e57c2,VirusShare_00499,eylr,32768,exe,trojan,72.06,2021-11-12T17:08:25+00:00,2016-03-01
03318e6c9286d0cdf519bdf3512d08e6,VirusShare_00499,eylr,262144,exe,trojan,67.74,2021-11-10T12:14:48+00:00,2016-03-01
0361fb46e121b193db02b584b9ce5e82,VirusShare_00499,eylr,3276800,exe,trojan,71.64,2021-11-15T16:40:14+00:00,2016-03-01
03ad87bf1bb22451aa2807176678dc99,VirusShare_00499,eylr,229376,exe,trojan,70.59,2021-11-15T17:25:48+00:00,2016-03-01
0407f8364b8e9d413a947c1efcec7b98,VirusShare_00499,eylr,114688,exe,trojan,70.59,2021-11-13T17:30:17+00:00,2016-03-01
046ce1838c236ef80bd970a1d738e38e,VirusShare_00499,eylr,16384,exe,trojan,72.73,2021-11-12T18:46:03+00:00,2016-03-01
046df2d70d50d9d10a75828572432241,VirusShare_00499,eylr,1703936,exe,trojan,72.06,2021-11-08T18:16:08+00:00,2016-03-01
048bc5b623bffcf454679d80065226af,VirusShare_00499,eylr,131072,exe,trojan,70.15,2021-11-13T21:05:28+00:00,2016-03-01
04a76cbdacbceed82e9245ca4a2c6a88,VirusShare_00499,eylr,14483456,exe,trojan,68.66,2021-11-09T18:02:42+00:00,2016-03-01
04bcd40c0c361d982bde7693c726a13b,VirusShare_00499,eylr,114688,exe,trojan,70.77,2021-11-11T16:26:04+00:00,2016-03-01
04d1d3bbd623af6c00069878d485658b,VirusShare_00499,eylr,425984,exe,trojan,71.64,2021-11-14T18:01:11+00:00,2016-03-01
052f5a2586d53de572be18f6434322fd,VirusShare_00499,eylr,114688,exe,trojan,71.64,2021-11-11T17:27:13+00:00,2016-03-01
05e4bfd55e3a25131d95396d9120cfca,VirusShare_00499,eylr,131072,exe,trojan,70.59,2021-11-12T15:38:58+00:00,2016-03-01
05fef36d2113f687f1ac4ae92af436b8,VirusShare_00499,eylr,17629184,exe,trojan,70.15,2021-11-12T17:44:08+00:00,2016-03-01
06f5cdc09c63bbfafbd1a7e2d13fe2c8,VirusShare_00499,eylr,245760,exe,trojan,80.6,2021-11-16T02:36:11+00:00,2016-03-01
072b342e7d2823d8393a516b5648ca48,VirusShare_00499,eylr,16384,exe,trojan,70.59,2021-11-12T00:58:50+00:00,2016-03-01
0782137362b7df6a631ef90fa0ddd7e0,VirusShare_00499,eylr,3670016,exe,trojan,75.76,2021-11-15T16:38:27+00:00,2016-03-01
07e182121d5b91658b0f569b0eb1a7fb,VirusShare_00499,eylr,98304,exe,trojan,79.41,2021-11-13T10:38:50+00:00,2016-03-01
07e5bd9e2b62874609375d691ae9a467,VirusShare_00499,eylr,409600,exe,trojan,70.59,2021-11-12T18:12:26+00:00,2016-03-01
08d7e3e3175f1d2e65655988f7c9a1f5,VirusShare_00499,eylr,32768,exe,trojan,70.59,2021-11-11T21:18:22+00:00,2016-03-01
09655008a1fdbcabf198abaf344a4a0e,VirusShare_00499,eylr,16384,exe,trojan,77.61,2021-11-11T01:06:06+00:00,2016-03-01
0a236138d63631ea59fa07c2aa6eef3a,VirusShare_00499,eylr,16384,exe,trojan,69.12,2021-11-12T17:51:43+00:00,2016-03-01
0a30ffbad8143d8c937782ad10a8ab01,VirusShare_00499,eylr,1048576,exe,trojan,67.65,2021-11-15T18:14:33+00:00,2016-03-01
0a65dba382145259dd548da6e8032f24,VirusShare_00499,eylr,16384,exe,trojan,70.59,2021-11-14T21:13:56+00:00,2016-03-01
0a86d2a3e86272af68d5826b206b8785,VirusShare_00499,eylr,1835008,exe,trojan,71.64,2021-11-10T19:02:07+00:00,2016-03-01
0ace3eb96155ff2bedd0e9bb04a38915,VirusShare_00499,eylr,2752512,exe,trojan,72.73,2021-11-15T17:22:23+00:00,2016-03-01
0b2a4f0391d426cd9200daec470452d4,VirusShare_00499,eylr,13254656,exe,trojan,68.66,2021-11-14T17:41:27+00:00,2016-03-01
0ca33ad0c3824081109aca89f9971413,VirusShare_00499,eylr,917504,exe,trojan,71.64,2021-11-10T08:22:34+00:00,2016-03-01
0d562ec41ad049a3265dd31eefd8bc24,VirusShare_00499,eylr,14680064,exe,trojan,65.62,2021-11-14T16:43:51+00:00,2016-03-01
0d5ec26cc618bb2e4e954eb4907792f5,VirusShare_00499,eylr,16384,exe,trojan,67.16,2021-11-13T17:44:08+00:00,2016-03-01
0d628c4fdb5825feddc54f5788cc770a,VirusShare_00499,eylr,16384,exe,trojan,68.66,2021-11-10T19:23:43+00:00,2016-03-01
0d882519e5c22aebae0df6eeae5eb7e8,VirusShare_00499,eylr,13074432,exe,trojan,69.57,2021-11-09T18:50:04+00:00,2016-03-01
0e179fd956197ef330261449f0e9a408,VirusShare_00499,eylr,65536,exe,trojan,73.53,2021-11-15T16:26:22+00:00,2016-03-01
0ed52863b823c8321af939f5fa8011ce,VirusShare_00499,eylr,32768,exe,trojan,72.06,2021-11-14T17:11:32+00:00,2016-03-01
0f3492e2921ae302a20fd3398697a964,VirusShare_00499,eylr,4227072,exe,trojan,73.13,2021-11-14T17:52:09+00:00,2016-03-01
0f3689c8abe24cc17acb33f8e362cf79,VirusShare_00499,eylr,131072,exe,trojan,72.06,2021-11-15T17:14:51+00:00,2016-03-01
0f5fcd73f5dc99ff971cb77c9922c8fc,VirusShare_00499,eylr,65536,exe,trojan,72.06,2021-11-15T18:22:14+00:00,2016-03-01
10136828f37a4cafd18ed1a14463b9b0,VirusShare_00499,eylr,65536,exe,trojan,71.43,2021-11-15T16:38:42+00:00,2016-03-01
10b37e145a73afbdbc89e858bfa7fbc5,VirusShare_00499,eylr,589824,exe,trojan,71.64,2021-11-11T18:28:27+00:00,2016-03-01
10f30e853cbaa7f4b950a75885952cc6,VirusShare_00499,eylr,11370496,exe,trojan,68.66,2021-11-14T15:36:24+00:00,2016-03-01
1107acdd03eb112f6640a1396e7a835a,VirusShare_00499,eylr,16384,exe,trojan,69.12,2021-11-10T19:27:34+00:00,2016-03-01
1170c39a1bc61272cd572cfa20066366,VirusShare_00499,eylr,32768,exe,trojan,70.59,2021-11-13T16:34:52+00:00,2016-03-01
11767775fdd96b657588f4ce76d94267,VirusShare_00499,eylr,32768,exe,trojan,71.64,2021-11-11T16:29:33+00:00,2016-03-01
117db75c7ff0b954a8579e2cb2451946,VirusShare_00499,eylr,1462464,exe,trojan,72.73,2021-11-13T17:43:16+00:00,2016-03-01
11e206ea5544aa0b7b851048e4fdd14f,VirusShare_00499,eylr,1638400,exe,trojan,73.77,2021-11-15T16:48:48+00:00,2016-03-01
12068abdc63d05c735f60020fde97a82,VirusShare_00499,eylr,1359872,exe,trojan,70.77,2021-11-12T06:39:08+00:00,2016-03-01
1217cc388ce781623e7d2b94f87e826a,VirusShare_00499,eylr,229376,exe,trojan,73.53,2021-11-14T19:17:39+00:00,2016-03-01
1305e1b5f1d4d7b4cc63ab8d98b2deb0,VirusShare_00499,eylr,131072,exe,trojan,70.59,2021-11-12T06:15:43+00:00,2016-03-01
136a590ee41e53fefac36ff8960ed56f,VirusShare_00499,eylr,32768,exe,trojan,70.59,2021-11-12T17:49:40+00:00,2016-03-01
13cd5d7303e0ead7bec1a570976ca3e7,VirusShare_00499,eylr,16384,exe,trojan,70.59,2021-11-11T17:23:37+00:00,2016-03-01
14a2b696f6b6811a7dc2468913244813,VirusShare_00499,eylr,16384,exe,trojan,68.18,2021-11-13T17:32:33+00:00,2016-03-01
14cbc9cf9144fe07b15b68a5eadf7f52,VirusShare_00499,eylr,32768,exe,trojan,70.59,2021-11-10T17:39:11+00:00,2016-03-01
1515075f2336909036f41b903980f29b,VirusShare_00499,eylr,11337728,exe,trojan,67.65,2021-11-08T18:57:16+00:00,2016-03-01
1582bacd7e9cc686117d13d261e345a6,VirusShare_00499,eylr,16384,exe,trojan,79.41,2021-11-11T12:34:56+00:00,2016-03-01
1617ce4ead6fe7ab360f192554d8fa39,VirusShare_00499,eylr,262144,exe,trojan,74.24,2021-11-11T18:28:53+00:00,2016-03-01
1680e2d08e0a8400f650453294d42db5,VirusShare_00499,eylr,245760,exe,trojan,70.59,2021-11-12T03:04:53+00:00,2016-03-01
17030be9910cdff947c712741ab79d83,VirusShare_00499,eylr,32768,exe,trojan,71.21,2021-11-10T07:04:10+00:00,2016-03-01
17316843084168276b6be5fedd4d38ee,VirusShare_00499,eylr,262144,exe,trojan,71.21,2021-11-14T02:55:29+00:00,2016-03-01
180a69d9a030d783ffe6bf0a6933fa46,VirusShare_00499,eylr,65536,exe,trojan,72.06,2021-11-14T18:10:32+00:00,2016-03-01
183e19ff86fb7f50cbed0bf04da5b47f,VirusShare_00499,eylr,131072,exe,trojan,72.06,2021-11-14T17:23:37+00:00,2016-03-01
1844b9c0dd5648bf1ac103295edbe0a5,VirusShare_00499,eylr,524288,exe,trojan,70.59,2021-11-12T17:34:45+00:00,2016-03-01
18580e1a294b618a765d92858c305174,VirusShare_00499,eylr,458752,exe,trojan,76.12,2021-11-11T19:57:53+00:00,2016-03-01
18f4343d101893b530ed10bb49717477,VirusShare_00499,eylr,16384,exe,trojan,64.71,2021-11-11T16:52:12+00:00,2016-03-01
19d0e0a1486a5b07eff29208d7ca0a6b,VirusShare_00499,eylr,16384,exe,trojan,72.06,2021-11-14T18:12:52+00:00,2016-03-01
19f52044eb486abb997e4c6875c6ab9c,VirusShare_00499,eylr,32768,exe,trojan,72.06,2021-11-13T17:06:51+00:00,2016-03-01
1a8fb3c4bc5d009833be44538b0b3e10,VirusShare_00499,eylr,16384,exe,trojan,69.12,2021-11-14T17:32:46+00:00,2016-03-01
1b0748d28661899dc231ed1cdafdf09f,VirusShare_00499,eylr,16384,exe,trojan,67.16,2021-11-10T18:10:07+00:00,2016-03-01
1b43fb59426e77d95a32b219ab4467a0,VirusShare_00499,eylr,720896,exe,trojan,68.66,2021-11-12T18:04:11+00:00,2016-03-01
1c0a245d59b9d322af68f2115d47f89e,VirusShare_00499,eylr,1376256,exe,trojan,69.12,2021-11-10T02:53:12+00:00,2016-03-01
1c26f7a5556a1ff7dfd7ac1df45b65e0,VirusShare_00499,eylr,11337728,exe,trojan,67.19,2021-11-13T17:51:16+00:00,2016-03-01
1db9697783dd9af3bf355375e132e9ca,VirusShare_00499,eylr,229376,exe,trojan,73.53,2021-11-12T19:10:31+00:00,2016-03-01
1e5f108ab2096c0862c078d10adf685c,VirusShare_00499,eylr,720896,exe,trojan,69.12,2021-11-10T18:25:15+00:00,2016-03-01
1e8119cce692b642ab8c518f57768cd9,VirusShare_00499,eylr,6291456,exe,trojan,68.75,2021-11-13T07:33:30+00:00,2016-03-01
1ee6428ef93b7747adde78ff43370bda,VirusShare_00499,eylr,65536,exe,trojan,72.06,2021-11-14T19:34:10+00:00,2016-03-01
1f69b2ba09d8d807c0a5bd19c60d9c53,VirusShare_00499,eylr,1638400,exe,trojan,73.53,2021-11-13T17:24:31+00:00,2016-03-01
1f9cad6790f538b8bb3186d48d797e67,VirusShare_00499,eylr,16384,exe,trojan,69.57,2021-11-14T11:13:01+00:00,2016-03-01
1fc160c5e8cadb610ff638fc75febe53,VirusShare_00499,eylr,114688,exe,trojan,72.06,2021-11-13T13:21:34+00:00,2016-03-01
1fcfd86127967f147e699d9af8fb3738,VirusShare_00499,eylr,521408,exe,trojan,69.12,2021-11-15T16:57:42+00:00,2016-03-01
1fe38dbcc220c05628cb67d1853f1a46,VirusShare_00499,eylr,16384,exe,trojan,70.59,2021-11-12T18:42:37+00:00,2016-03-01
21381f12f3f9a935c16d604578338e96,VirusShare_00499,eylr,180224,exe,trojan,69.7,2021-11-14T17:05:03+00:00,2016-03-01
2267f520c3f39042af2ec4986b9ec2d5,VirusShare_00499,eylr,1376256,exe,trojan,70.59,2021-11-12T16:28:04+00:00,2016-03-01
22694e19cacf67db9dc95488d94fc770,VirusShare_00499,eylr,6651904,exe,trojan,71.21,2021-11-13T17:35:46+00:00,2016-03-01
22fb0d5903d01ef90574db529b02596f,VirusShare_00499,eylr,15335424,exe,trojan,68.66,2021-11-12T05:41:14+00:00,2016-03-01
237f0f19844a708b8f33a0b538995088,VirusShare_00499,eylr,32768,exe,trojan,71.21,2021-11-12T18:02:17+00:00,2016-03-01
238e9278be68487650f78905dd76d41b,VirusShare_00499,eylr,32768,exe,trojan,71.64,2021-11-13T17:08:22+00:00,2016-03-01
23f41ffd50ad0f5181a173ed479a4a1c,VirusShare_00499,eylr,32768,exe,trojan,70.59,2021-11-12T16:48:32+00:00,2016-03-01
23f9d3265ceac1ac45f6e6ff11c74a08,VirusShare_00499,eylr,8519680,exe,trojan,69.7,2021-11-12T09:05:22+00:00,2016-03-01
241cf4ca73fcd444dfa1f3672b2b973f,VirusShare_00499,eylr,458752,exe,trojan,73.53,2021-11-13T18:03:35+00:00,2016-03-01
2422ffbe8d2a5588fb887f7f8cede4c6,VirusShare_00499,eylr,81920,exe,trojan,66.18,2021-11-12T16:41:46+00:00,2016-03-01
2530a6cea600913f47fed6694fd21d18,VirusShare_00499,eylr,5799936,exe,trojan,70.59,2021-11-09T19:31:15+00:00,2016-03-01
253154c83abb4d4ab3e7ac7fbd415922,VirusShare_00499,eylr,32768,exe,trojan,69.7,2021-11-13T17:03:58+00:00,2016-03-01
25813967de4b925757f2be379abad127,VirusShare_00499,eylr,3670016,exe,trojan,72.06,2021-11-12T17:54:34+00:00,2016-03-01
2640929689b8e09ef502cd9b89d15e58,VirusShare_00499,eylr,1441792,exe,trojan,70.0,2021-11-11T18:04:09+00:00,2016-03-01
2733621773b86bc5f77fd77f631a517e,VirusShare_00499,eylr,12910592,exe,trojan,70.15,2021-11-14T17:14:48+00:00,2016-03-01
274ab4e6713c0ec99a24bcee26272cd4,VirusShare_00499,eylr,114688,exe,trojan,73.13,2021-11-12T18:12:32+00:00,2016-03-01
28b6013c5028996942d0a39d1d6ac081,VirusShare_00499,eylr,1048576,exe,trojan,71.21,2021-11-15T17:52:05+00:00,2016-03-01
29252fc6155911eb74f3b0998d1fcd4d,VirusShare_00499,eylr,16384,exe,trojan,73.13,2021-11-14T23:11:42+00:00,2016-03-01
296e01509550d14d75be4d7c939ee278,VirusShare_00499,eylr,32768,exe,trojan,72.06,2021-11-13T17:55:41+00:00,2016-03-01
2975e07da1d23b9ad64eff52e65e7e02,VirusShare_00499,eylr,65536,exe,trojan,72.06,2021-11-15T17:21:26+00:00,2016-03-01
29e17a8334504a65f3195ebde3cbb7b2,VirusShare_00499,eylr,196608,exe,trojan,72.06,2021-11-15T17:59:30+00:00,2016-03-01
2a37419146bf28b837aa8260d828b4a0,VirusShare_00499,eylr,65536,exe,trojan,72.06,2021-11-13T17:00:47+00:00,2016-03-01
2b2475e56f7f91f6db0673ce3cb5c2fb,VirusShare_00499,eylr,32768,exe,trojan,69.12,2021-11-13T16:40:08+00:00,2016-03-01
2b36807659d35bf28604a519c40a380a,VirusShare_00499,eylr,16384,exe,trojan,66.67,2021-11-12T18:50:56+00:00,2016-03-01
2b49a810f6131234b2921307e02f2276,VirusShare_00499,eylr,229376,exe,trojan,72.06,2021-11-14T17:42:02+00:00,2016-03-01
2be242cf5e33de2c14254a6d9e0b311b,VirusShare_00499,eylr,16384,exe,trojan,70.59,2021-11-12T18:12:54+00:00,2016-03-01
2d1535492068b0d5ec41227c333f8beb,VirusShare_00499,eylr,16384,exe,trojan,67.69,2021-11-12T07:12:15+00:00,2016-03-01
2def412386ff69b7b0f2c13dabbd2c02,VirusShare_00499,eylr,262144,exe,trojan,72.06,2021-11-10T17:22:29+00:00,2016-03-01
2e5c9fd87deba9ba39def7bde10db010,VirusShare_00499,eylr,163840,exe,trojan,71.64,2021-11-14T17:03:16+00:00,2016-03-01
2f1390446823539522fc392092032705,VirusShare_00499,eylr,114688,exe,trojan,72.06,2021-11-15T17:25:52+00:00,2016-03-01
2f1dd8c636bf731f87742746cf376e4f,VirusShare_00499,eylr,16384,exe,trojan,71.64,2021-11-11T16:42:08+00:00,2016-03-01
2f2f9d8c44fc3c6985d7ac7d5d948e69,VirusShare_00499,eylr,4194304,exe,trojan,69.7,2021-11-14T10:59:37+00:00,2016-03-01
2f8b907789b328f2abc3465addeca862,VirusShare_00499,eylr,521408,exe,trojan,69.12,2021-11-14T16:41:10+00:00,2016-03-01
2fa7a90ee956fadf20443bcb317a8127,VirusShare_00499,eylr,16384,exe,trojan,68.66,2021-11-10T17:41:26+00:00,2016-03-01
317323c62d5d875f4db6686640c2a5f0,VirusShare_00499,eylr,32768,exe,trojan,70.59,2021-11-11T14:30:27+00:00,2016-03-01
31b72362b0be250c085f511e89de04b4,VirusShare_00499,eylr,16384,exe,trojan,70.59,2021-11-10T17:35:21+00:00,2016-03-01
31e0df3ab5c0c477eff00aeb31d99e58,VirusShare_00499,eylr,16384,exe,trojan,70.59,2021-11-12T17:53:44+00:00,2016-03-01
31f27678a5d4e2589f370c83f1909b2f,VirusShare_00499,eylr,32768,exe,trojan,71.64,2021-11-13T17:40:56+00:00,2016-03-01
3278734f6e7e2ba626a9110d6834850c,VirusShare_00499,eylr,65536,exe,trojan,71.64,2021-11-12T18:09:11+00:00,2016-03-01
330c77417ff0b17fcc65b97149403672,VirusShare_00499,eylr,65536,exe,trojan,72.06,2021-11-13T17:36:58+00:00,2016-03-01
33608c0d910148f6a5a9a2e4636f82ee,VirusShare_00499,eylr,16384,exe,trojan,70.59,2021-11-14T13:30:58+00:00,2016-03-01
33c05cae375de594246d5cf465457deb,VirusShare_00499,eylr,3670016,exe,trojan,76.12,2021-11-12T05:45:02+00:00,2016-03-01
351809836af66b928614e2830f3ee15e,VirusShare_00499,eylr,32768,exe,trojan,69.12,2021-11-14T17:59:49+00:00,2016-03-01
3598262fd859b96299780b3178b9a540,VirusShare_00499,eylr,65536,exe,trojan,80.6,2021-11-16T07:40:38+00:00,2016-03-01
35d1292a067a6a97f40f0dc4b280d5fe,VirusShare_00499,eylr,65536,exe,trojan,71.64,2021-11-15T17:12:15+00:00,2016-03-01
35d8828bd11602a7b408906a12492ceb,VirusShare_00499,eylr,114688,exe,trojan,70.59,2021-11-12T18:10:43+00:00,2016-03-01
3601ee7128d253f1f4d713bb32172c75,VirusShare_00499,eylr,16384,exe,trojan,72.06,2021-11-14T13:27:26+00:00,2016-03-01
36cd144164576481bf1de0029219db3a,VirusShare_00499,eylr,16384,exe,trojan,72.06,2021-11-14T13:26:55+00:00,2016-03-01
375c570c8e5e091e73c0aacffc2e07af,VirusShare_00499,eylr,114688,exe,trojan,71.64,2021-11-13T17:02:55+00:00,2016-03-01
380dd3cd13c6a6af5fb02728ed68374c,VirusShare_00499,eylr,16384,exe,trojan,67.65,2021-11-14T16:36:10+00:00,2016-03-01
382f7a213541631d7ba5d43033b20612,VirusShare_00499,eylr,16384,exe,trojan,73.13,2021-11-13T16:45:11+00:00,2016-03-01
385aa9562c8b898fc3a856881753a6cd,VirusShare_00499,eylr,16384,exe,trojan,68.12,2021-11-09T20:02:54+00:00,2016-03-01
386c299dc58c5c7089b457fee333c941,VirusShare_00499,eylr,16384,exe,trojan,66.18,2021-11-11T16:57:12+00:00,2016-03-01
390129e515258f79cd97346b3a5d33c9,VirusShare_00499,eylr,65536,exe,trojan,72.73,2021-11-13T17:20:42+00:00,2016-03-01
392b5485e7302f4ec0dcc6bd7ea82970,VirusShare_00499,eylr,458752,exe,trojan,74.24,2021-11-12T06:00:57+00:00,2016-03-01
3962337d436d117077de4939f5f209e2,VirusShare_00499,eylr,128192,exe,trojan,77.27,2021-11-14T09:10:43+00:00,2016-03-01
39970c52d590ac1f108bbc7c97fe5181,VirusShare_00499,eylr,131072,exe,trojan,70.59,2021-11-11T17:58:44+00:00,2016-03-01
3ac34f6483241f10e66e0f4783b760b7,VirusShare_00499,eylr,65536,exe,trojan,73.53,2021-11-15T17:02:29+00:00,2016-03-01
3b53a5d7b2615c1e08533c7baea53c9f,VirusShare_00499,eylr,32768,exe,trojan,73.85,2021-11-15T17:41:40+00:00,2016-03-01
3bc6241a038f7822722b33c3ec878d6e,VirusShare_00499,eylr,16384,exe,trojan,70.59,2021-11-12T18:25:36+00:00,2016-03-01
3c0f23b7b929a6196fd5d9ebf2189611,VirusShare_00499,eylr,32768,exe,trojan,70.59,2021-11-13T12:42:57+00:00,2016-03-01
3c2b422b4bb25905029a87c3bc416e34,VirusShare_00499,eylr,32768,exe,trojan,66.18,2021-11-12T18:09:00+00:00,2016-03-01
3c955741023ec78b8703b3c6957ebf98,VirusShare_00499,eylr,32768,exe,trojan,70.59,2021-11-14T19:38:14+00:00,2016-03-01
3cbaad0b2d1202cbb3de2bfe852cb9dc,VirusShare_00499,eylr,32768,exe,trojan,68.66,2021-11-12T17:26:05+00:00,2016-03-01
3d90f5a5532c5503e57a5c72faabe353,VirusShare_00499,eylr,5505024,exe,trojan,69.57,2021-11-06T20:05:35+00:00,2016-03-01
3dda04bc65f50e0d957fa38bdf69690e,VirusShare_00499,eylr,114688,exe,trojan,73.53,2021-11-15T17:13:52+00:00,2016-03-01
3e5b0ca4a234122fabf6b9429bba7e78,VirusShare_00499,eylr,98304,exe,trojan,70.59,2021-11-12T17:48:50+00:00,2016-03-01
3eadbc6e0b250e4e05d825d5a6417cee,VirusShare_00499,eylr,32768,exe,trojan,70.15,2021-11-13T00:14:10+00:00,2016-03-01
3f4ca1e39200ebcfdb0195b1fe97ee1a,VirusShare_00499,eylr,16777216,exe,trojan,68.18,2021-11-14T09:07:49+00:00,2016-03-01
3f84f6c9a264c3f3e1b920eace15ed64,VirusShare_00499,eylr,32768,exe,trojan,68.18,2021-11-12T22:30:58+00:00,2016-03-01
3fcd3fe5fa78989457a7f87dfa638ce8,VirusShare_00499,eylr,1048576,exe,trojan,68.66,2021-11-13T18:20:29+00:00,2016-03-01
3fde81f482719dc31542d8166d8a2e7f,VirusShare_00499,eylr,65536,exe,trojan,73.53,2021-11-14T17:11:39+00:00,2016-03-01
40158f79c851aa038d101eade576774e,VirusShare_00499,eylr,32768,exe,trojan,80.88,2021-11-13T03:09:39+00:00,2016-03-01
40dbc8cf147825bbeb81b345ff7efb22,VirusShare_00499,eylr,8519680,exe,trojan,69.7,2021-11-15T16:27:03+00:00,2016-03-01
4141acc9f8ce335e7c7fb44b63a22a91,VirusShare_00499,eylr,32768,exe,trojan,69.7,2021-11-14T15:43:00+00:00,2016-03-01
418452f2d020b7d2a9d87c4237618c50,VirusShare_00499,eylr,32768,exe,trojan,77.61,2021-11-14T05:38:36+00:00,2016-03-01
42a29243f7b7fab245d4e04f7a700b81,VirusShare_00499,eylr,262144,exe,trojan,73.53,2021-11-14T19:50:36+00:00,2016-03-01
42e05883f8c164274055b4b8e33f96ac,VirusShare_00499,eylr,16384,exe,trojan,66.18,2021-11-12T17:50:41+00:00,2016-03-01
4471465a1cf54a08e0fe2f966e678070,VirusShare_00499,eylr,917504,exe,trojan,76.12,2021-11-13T17:43:16+00:00,2016-03-01
4486f3d9e5c8f9bd0454ee6972f15995,VirusShare_00499,eylr,114688,exe,trojan,70.77,2021-11-12T10:26:03+00:00,2016-03-01
44e48f965698f783337d51b239bf387f,VirusShare_00499,eylr,3670016,exe,trojan,73.44,2021-11-13T05:13:42+00:00,2016-03-01
452cdc645381fd7e8667bc4746589787,VirusShare_00499,eylr,16384,exe,trojan,71.64,2021-11-13T17:12:57+00:00,2016-03-01
45424b5b5f665cd94035f936218f311c,VirusShare_00499,eylr,16384,exe,trojan,69.12,2021-11-12T17:56:04+00:00,2016-03-01
45decb11b85d678e08482a1a9d9d9729,VirusShare_00499,eylr,16384,exe,trojan,69.12,2021-11-14T17:03:31+00:00,2016-03-01
4691db0e1b5fb0be36661cb04aa47371,VirusShare_00499,eylr,114688,exe,trojan,72.06,2021-11-13T17:58:36+00:00,2016-03-01
46b2bee0793dc654a748cfec6094e1c3,VirusShare_00499,eylr,65536,exe,trojan,73.53,2021-11-13T19:32:04+00:00,2016-03-01
46bf36577100526f0b3825d456d2019d,VirusShare_00499,eylr,1048576,exe,trojan,72.06,2021-11-10T19:12:35+00:00,2016-03-01
47acb14fef070c785644b81ee8396c2a,VirusShare_00499,eylr,114688,exe,trojan,72.06,2021-11-12T16:38:54+00:00,2016-03-01
4832c790b52db0df9497e41398bf0137,VirusShare_00499,eylr,131072,exe,trojan,72.06,2021-11-10T19:48:56+00:00,2016-03-01
48a881f7ccab128e5b6b4e4739e9a087,VirusShare_00499,eylr,81920,exe,trojan,69.49,2021-11-13T16:10:40+00:00,2016-03-01
48f4aa8aa9bf7861094d3f7d1ae4b05f,VirusShare_00499,eylr,16384,exe,trojan,70.59,2021-11-12T17:46:07+00:00,2016-03-01
4910a146ceb03373df9c8f368b414c8c,VirusShare_00499,eylr,262144,exe,trojan,73.53,2021-11-11T17:57:22+00:00,2016-03-01
494dc0b71257ae12d609aebeb19ab37c,VirusShare_00499,eylr,131072,exe,trojan,72.06,2021-11-13T17:32:34+00:00,2016-03-01
498f2f76144f467994530a1aa2ab8506,VirusShare_00499,eylr,917504,exe,trojan,72.06,2021-11-10T18:41:06+00:00,2016-03-01
4a80660303b7c7800dbaf5af96197457,VirusShare_00499,eylr,245760,exe,trojan,72.06,2021-11-12T17:35:22+00:00,2016-03-01
4abd826084d828b73ad7181628f5bea3,VirusShare_00499,eylr,2113536,exe,trojan,74.63,2021-11-14T02:57:26+00:00,2016-03-01
4bec50e567afe17587c15e840ef96afe,VirusShare_00499,eylr,16384,exe,trojan,69.12,2021-11-10T18:10:37+00:00,2016-03-01
4c130b900497299086dd1f685da1824b,VirusShare_00499,eylr,32768,exe,trojan,69.12,2021-11-10T19:40:04+00:00,2016-03-01
4c6c4b4f57b68346b6cb1177bf823c52,VirusShare_00499,eylr,4063232,exe,trojan,72.73,2021-11-14T17:00:11+00:00,2016-03-01
4dd124b2e4be1c81436404f811fc6887,VirusShare_00499,eylr,16384,exe,trojan,70.59,2021-11-13T16:34:10+00:00,2016-03-01
4e34d8a35e4fdc5d9ced0d2d1e8fbf64,VirusShare_00499,eylr,163840,exe,trojan,69.7,2021-11-13T17:33:16+00:00,2016-03-01
4e8a4b2aa6ca7f0c8585efa2c67db2b0,VirusShare_00499,eylr,131072,exe,trojan,70.15,2021-11-15T16:52:24+00:00,2016-03-01
4ee3ea9ed5f0bd161487e3aa7e39dc40,VirusShare_00499,eylr,15056896,exe,trojan,70.15,2021-11-14T17:56:32+00:00,2016-03-01
4eed093c82ba06ee2c6038ead37d1af1,VirusShare_00499,eylr,4194304,exe,trojan,71.21,2021-11-14T10:51:49+00:00,2016-03-01
4f3fec65d60f7aacae0204eda422f154,VirusShare_00499,eylr,16384,exe,trojan,70.59,2021-11-13T17:35:37+00:00,2016-03-01
4f6c75279ba6aeddb59230fc5f58e2b6,VirusShare_00499,eylr,16384,exe,trojan,76.47,2021-11-16T20:34:36+00:00,2016-03-01
5005f799722f5fdac59f9561892b1316,VirusShare_00499,eylr,13991936,exe,trojan,70.15,2021-11-14T17:50:57+00:00,2016-03-01
502219822fe0002ca0497dddb60cba9c,VirusShare_00499,eylr,114688,exe,trojan,69.23,2021-11-12T17:51:21+00:00,2016-03-01
507a632a3b0050023509da3ca9d38292,VirusShare_00499,eylr,16384,exe,trojan,70.59,2021-11-14T17:04:58+00:00,2016-03-01
508d3388f7a5c6477bf6fdcb24f14cce,VirusShare_00499,eylr,32768,exe,trojan,70.59,2021-11-10T04:37:58+00:00,2016-03-01
51a3c0373f93e69b660eb94488ceebd0,VirusShare_00499,eylr,229376,exe,trojan,73.44,2021-11-12T06:19:56+00:00,2016-03-01
527897443a1915bf18fde3ddd64fc343,VirusShare_00499,eylr,458752,exe,trojan,73.13,2021-11-13T20:41:07+00:00,2016-03-01
528c0c465da469d03dd38c0590c813df,VirusShare_00499,eylr,65536,exe,trojan,72.06,2021-11-13T17:05:10+00:00,2016-03-01
52f65f8341c4381c34d98d9004f31ed1,VirusShare_00499,eylr,114688,exe,trojan,65.22,2021-11-12T17:46:09+00:00,2016-03-01
536abfec0e86475e9207f697322041d3,VirusShare_00499,eylr,16384,exe,trojan,72.46,2021-11-09T17:33:02+00:00,2016-03-01
5469b535c0c3c0ea60b11299c03c2c5b,VirusShare_00499,eylr,32768,exe,trojan,67.19,2021-11-13T06:02:09+00:00,2016-03-01
5470033c4275ce2694eab5d63b2b73ed,VirusShare_00499,eylr,98304,exe,trojan,71.64,2021-11-14T16:31:50+00:00,2016-03-01
549a4fb590735aed8bb905595281843f,VirusShare_00499,eylr,5455872,exe,trojan,61.4,2021-11-11T16:56:50+00:00,2016-03-01
54c9ec9f7edd471a8aab498c8b112bc0,VirusShare_00499,eylr,3670016,exe,trojan,70.59,2021-11-12T16:54:23+00:00,2016-03-01
55121ac8d2a81b4103b48603da53c665,VirusShare_00499,eylr,16384,exe,trojan,69.12,2021-11-12T18:02:50+00:00,2016-03-01
5575bdc338a4a76c24b31c3087ef2688,VirusShare_00499,eylr,196608,exe,trojan,72.06,2021-11-12T17:52:38+00:00,2016-03-01
56256af0cfd0899b1044ac8d1ceaa5bf,VirusShare_00499,eylr,6750208,exe,trojan,71.88,2021-11-10T07:01:36+00:00,2016-03-01
56ceabc21855074eb2031ef3f76c42c3,VirusShare_00499,eylr,15695872,exe,trojan,66.67,2021-11-14T17:49:26+00:00,2016-03-01
56ec3bf0cbbeb0fdd7cbfb2652085157,VirusShare_00499,eylr,32768,exe,trojan,70.15,2021-11-13T17:38:35+00:00,2016-03-01
572c1757d6e51303c37712b31b23d1b6,VirusShare_00499,eylr,65536,exe,trojan,73.13,2021-11-14T15:57:04+00:00,2016-03-01
57715a9d8114ceb69ba32d24b719059c,VirusShare_00499,eylr,917504,exe,trojan,72.06,2021-11-10T17:56:06+00:00,2016-03-01
5789f4f49e0adbe1869b5ea3a0aaf135,VirusShare_00499,eylr,16384,exe,trojan,64.71,2021-11-11T17:26:33+00:00,2016-03-01
57ed35b8e4b4275f843e0eff404609de,VirusShare_00499,eylr,32768,exe,trojan,70.15,2021-11-15T17:49:57+00:00,2016-03-01
586476b7a62286894644579aa8c37ed0,VirusShare_00499,eylr,16384,exe,trojan,67.65,2021-11-13T17:36:25+00:00,2016-03-01
58a390582c56e5249354fcdc1727e2e5,VirusShare_00499,eylr,16384,exe,trojan,76.47,2021-11-14T02:39:08+00:00,2016-03-01
58ce406f6c539fa9f1e1b174d342ea50,VirusShare_00499,eylr,13090816,exe,trojan,69.23,2021-11-14T17:50:20+00:00,2016-03-01
590424a4f5290fbf707259a6da1da4fa,VirusShare_00499,eylr,81920,exe,trojan,69.12,2021-11-13T16:40:36+00:00,2016-03-01
590db81eef01bb961c1b1522b62cc896,VirusShare_00499,eylr,65536,exe,trojan,69.12,2021-11-15T16:36:23+00:00,2016-03-01
5912e018d5e522fc6e3e5135ddb323ba,VirusShare_00499,eylr,131072,exe,trojan,67.65,2021-11-15T17:31:22+00:00,2016-03-01
59170da3ced3131ca6c09d2cd6983912,VirusShare_00499,eylr,6750208,exe,trojan,72.31,2021-11-12T06:27:57+00:00,2016-03-01
5a339864acff7d5c86addb5f58b69a2c,VirusShare_00499,eylr,32768,exe,trojan,71.64,2021-11-12T17:22:02+00:00,2016-03-01
5b496b2b666c2a18d0f2fb9665bfbf13,VirusShare_00499,eylr,262144,exe,trojan,72.06,2021-11-12T17:46:33+00:00,2016-03-01
5bc0cf8d024ab3cfca1e1a0ae6dfcc2f,VirusShare_00499,eylr,227936,exe,trojan,61.4,2021-11-10T18:39:27+00:00,2016-03-01
5bd0915d676d4100101257e30ec8b8db,VirusShare_00499,eylr,8519680,exe,trojan,69.7,2021-11-14T07:47:38+00:00,2016-03-01
5c0345390837dcc4a87db5a0124f90b6,VirusShare_00499,eylr,16384,exe,trojan,70.59,2021-11-10T18:35:04+00:00,2016-03-01
5c0ee31cb053cff5b26fd608c39ed615,VirusShare_00499,eylr,16384,exe,trojan,69.12,2021-11-13T17:58:14+00:00,2016-03-01
5c3e937097fddf845d18ce53d0d66746,VirusShare_00499,eylr,16384,exe,trojan,70.59,2021-11-14T16:36:46+00:00,2016-03-01
5dc78f6c69c7bf04a21d04a7b81290d9,VirusShare_00499,eylr,32768,exe,trojan,70.59,2021-11-12T17:57:58+00:00,2016-03-01
5dd7e9f7897339d7252328283ff2a17a,VirusShare_00499,eylr,458752,exe,trojan,74.63,2021-11-12T00:42:32+00:00,2016-03-01
5deb7a42c7b565409ed54ba31bc040d1,VirusShare_00499,eylr,917504,exe,trojan,72.73,2021-11-12T07:22:42+00:00,2016-03-01
5ea56ea8e41b2f60d0de6a49d88729b7,VirusShare_00499,eylr,32768,exe,trojan,72.06,2021-11-14T21:35:59+00:00,2016-03-01
5eee75706e2a8717772e3c5b0b169060,VirusShare_00499,eylr,16384,exe,trojan,71.21,2021-11-12T17:15:52+00:00,2016-03-01
601ce9e98324367353dc610d87f0c6a9,VirusShare_00499,eylr,114688,exe,trojan,70.15,2021-11-12T17:26:08+00:00,2016-03-01
61dfb60cbc89e9dcd1c163cf4cfea90f,VirusShare_00499,eylr,131072,exe,trojan,68.18,2021-11-13T18:28:09+00:00,2016-03-01
622e0ebafd6b0b5673b7eb42d161457f,VirusShare_00499,eylr,16384,exe,trojan,69.12,2021-11-10T19:34:17+00:00,2016-03-01
624c120da838785ebae0ae9a46d02f84,VirusShare_00499,eylr,4390912,exe,trojan,71.21,2021-11-12T17:26:16+00:00,2016-03-01
62d937ab88cc5dd1867cde8b4274a0f3,VirusShare_00499,eylr,65536,exe,trojan,73.53,2021-11-13T17:27:32+00:00,2016-03-01
62f2d41eed96a8d81cd3df043a4072d5,VirusShare_00499,eylr,32768,exe,trojan,67.16,2021-11-15T16:40:27+00:00,2016-03-01
6390058a44329ab69073f48a755c7839,VirusShare_00499,eylr,65536,exe,trojan,72.06,2021-11-13T22:27:40+00:00,2016-03-01
63b57fc71545439f0f699a7745738914,VirusShare_00499,eylr,65536,exe,trojan,72.06,2021-11-13T05:30:10+00:00,2016-03-01
63ca210c12711421d6a867d2fc1d886f,VirusShare_00499,eylr,753664,exe,trojan,72.06,2021-11-09T15:21:56+00:00,2016-03-01
6453322df4d423d3b2f40003e993b19f,VirusShare_00499,eylr,917504,exe,trojan,70.59,2021-11-12T17:54:11+00:00,2016-03-01
64593d18c73ccb5cecde33551ad9e84b,VirusShare_00499,eylr,884736,exe,trojan,72.06,2021-11-13T17:38:21+00:00,2016-03-01
650beeed30333a715d6ffefeb69fc912,VirusShare_00499,eylr,32768,exe,trojan,72.06,2021-11-15T16:57:00+00:00,2016-03-01
65bd4bc79f95fde7cbf38256f5327e12,VirusShare_00499,eylr,131072,exe,trojan,69.12,2021-11-14T19:13:52+00:00,2016-03-01
666b5cf73e1f2ef03658434b3966b794,VirusShare_00499,eylr,229376,exe,trojan,72.06,2021-11-13T17:39:55+00:00,2016-03-01
666fe911d576fa703b6633831e393174,VirusShare_00499,eylr,14434304,exe,trojan,70.15,2021-11-14T17:00:20+00:00,2016-03-01
66bf902536cc5cb1011cbecd5eeb16f5,VirusShare_00499,eylr,114688,exe,trojan,78.79,2021-11-14T05:38:42+00:00,2016-03-01
6774c85b88f1f46d5ab7dfa8a584defd,VirusShare_00499,eylr,393216,exe,trojan,72.06,2021-11-12T17:24:17+00:00,2016-03-01
679921d5fcb5f145db0e3c279147cd33,VirusShare_00499,eylr,32768,exe,trojan,69.35,2021-11-15T17:18:36+00:00,2016-03-01
6897bf1361820128844fe0021fd0c49e,VirusShare_00499,eylr,9928704,exe,trojan,69.7,2021-11-15T17:14:08+00:00,2016-03-01
696c6d12af36b3b6590d636c8299250b,VirusShare_00499,eylr,32768,exe,trojan,72.06,2021-11-14T17:44:27+00:00,2016-03-01
69ff25f8b6c3453d94113a2a23c3f79e,VirusShare_00499,eylr,65536,exe,trojan,72.06,2021-11-14T14:09:19+00:00,2016-03-01
6a2b1581c2927b8b01c7018360701a56,VirusShare_00499,eylr,131072,exe,trojan,70.59,2021-11-12T17:31:35+00:00,2016-03-01
6a744f7e18375f06464e66f778e7abf5,VirusShare_00499,eylr,65536,exe,trojan,72.06,2021-11-13T17:45:02+00:00,2016-03-01
6a9487d76c957a474f139b0d4ac8870f,VirusShare_00499,eylr,163840,exe,trojan,69.12,2021-11-10T17:49:44+00:00,2016-03-01
6ab5437a286f8919c5000706fa1d39b9,VirusShare_00499,eylr,32768,exe,trojan,70.59,2021-11-12T17:45:33+00:00,2016-03-01
6ac17f21eff2e6251809a9979bce3b60,VirusShare_00499,eylr,16384,exe,trojan,69.12,2021-11-13T17:25:22+00:00,2016-03-01
6b74f705786dff1cc5a09b3f8df1ec52,VirusShare_00499,eylr,4177920,exe,trojan,74.63,2021-11-14T17:08:06+00:00,2016-03-01
6b8834fd50386978f714b716b4b454fd,VirusShare_00499,eylr,491520,exe,trojan,72.06,2021-11-13T00:30:27+00:00,2016-03-01
6bdf7ff22d1e3cd13a2670f555e5f354,VirusShare_00499,eylr,16384,exe,trojan,69.12,2021-11-13T13:21:51+00:00,2016-03-01
6becf30ea45433b972e93a1bedb2b2bf,VirusShare_00499,eylr,8519680,exe,trojan,78.46,2021-11-14T06:12:38+00:00,2016-03-01
6c394130fa061cf1d33ffbe0bd1a8638,VirusShare_00499,eylr,32768,exe,trojan,68.66,2021-11-12T17:21:39+00:00,2016-03-01
6c3ef1c9059658f954d964ef4bbfb581,VirusShare_00499,eylr,16384,exe,trojan,70.15,2021-11-12T16:35:56+00:00,2016-03-01
6cc164e07d06f2e7e16de51b33c97ff3,VirusShare_00499,eylr,32768,exe,trojan,70.59,2021-11-14T17:39:09+00:00,2016-03-01
6df6f0d4bb171e5725dbfc9e8764d8b7,VirusShare_00499,eylr,16154624,exe,trojan,67.16,2021-11-08T18:37:33+00:00,2016-03-01
6fa911d00f1d3d99eb908814c2a2e41f,VirusShare_00499,eylr,15138816,exe,trojan,68.66,2021-11-14T16:28:48+00:00,2016-03-01
70073d6df0a38682e57044d8a9ace6a3,VirusShare_00499,eylr,131072,exe,trojan,70.59,2021-11-13T21:32:40+00:00,2016-03-01
701c889f1dd09efef7f867e0f73f871b,VirusShare_00499,eylr,9240576,exe,trojan,68.75,2021-11-11T17:49:39+00:00,2016-03-01
7028f70e2adb0b92cfbed313abc4f693,VirusShare_00499,eylr,16384,exe,trojan,67.65,2021-11-13T17:36:58+00:00,2016-03-01
702b000d9cf540646fdfe9a47109915f,VirusShare_00499,eylr,16384,exe,trojan,72.06,2021-11-11T18:42:50+00:00,2016-03-01
711816936822985b9654b9da34849322,VirusShare_00499,eylr,32768,exe,trojan,70.15,2021-11-13T17:16:43+00:00,2016-03-01
719b678b05961fede3e459e2a0b06149,VirusShare_00499,eylr,1462464,exe,trojan,72.06,2021-11-12T09:40:18+00:00,2016-03-01
719e3a94bb84562dd74faafce35b8a4c,VirusShare_00499,eylr,11403264,exe,trojan,63.93,2021-11-09T07:50:09+00:00,2016-03-01
71e6fcf07f17aff7214c8f29c0a9f364,VirusShare_00499,eylr,16384,exe,trojan,70.15,2021-11-12T17:45:50+00:00,2016-03-01
720defefc214464ee7011224917f0a1c,VirusShare_00499,eylr,8749056,exe,trojan,69.7,2021-11-12T17:42:27+00:00,2016-03-01
723566dbb8f1696d06be192710d3ff4b,VirusShare_00499,eylr,14581760,exe,trojan,67.69,2021-11-14T16:55:19+00:00,2016-03-01
7274efd74104c9f4934c8bfd5feb8215,VirusShare_00499,eylr,32768,exe,trojan,70.59,2021-11-10T19:56:57+00:00,2016-03-01
73cfb144868371438cb807c3435576ab,VirusShare_00499,eylr,32768,exe,trojan,70.59,2021-11-12T05:41:37+00:00,2016-03-01
745b2f4ccccfd01ef4690f47854a8285,VirusShare_00499,eylr,32768,exe,trojan,76.47,2021-11-09T17:27:12+00:00,2016-03-01
746ed050c974c7de0862f1cefd024600,VirusShare_00499,eylr,32768,exe,trojan,66.18,2021-11-10T19:59:31+00:00,2016-03-01
74ad867bd58b4bb88db7967013e5c68e,VirusShare_00499,eylr,114688,exe,trojan,70.59,2021-11-13T17:33:47+00:00,2016-03-01
74b5c9473d03a100224f56699a4e9014,VirusShare_00499,eylr,229376,exe,trojan,73.33,2021-11-15T19:42:40+00:00,2016-03-01
74c77841fe436c999bdf015f11cbf372,VirusShare_00499,eylr,16384,exe,trojan,69.12,2021-11-15T17:36:30+00:00,2016-03-01
75bab746f1925fd06aefdb8bc74ff541,VirusShare_00499,eylr,393216,exe,trojan,72.06,2021-11-12T05:13:16+00:00,2016-03-01
7644d18ea390594f018f661d4cc18fef,VirusShare_00499,eylr,229376,exe,trojan,72.73,2021-11-14T11:23:34+00:00,2016-03-01
7678ded322947ef8d7009c2b810d3098,VirusShare_00499,eylr,16384,exe,trojan,70.15,2021-11-13T17:14:01+00:00,2016-03-01
77091f0a6ce237465d37f7cf34d54cf8,VirusShare_00499,eylr,6045696,exe,trojan,70.77,2021-11-14T16:34:13+00:00,2016-03-01
7775529cb0462d7c9f2312b0fe505bbd,VirusShare_00499,eylr,655360,exe,trojan,70.59,2021-11-13T17:37:00+00:00,2016-03-01
7788a9758d7ebe6c0a69877d1c782eda,VirusShare_00499,eylr,16384,exe,trojan,68.12,2021-11-09T16:26:18+00:00,2016-03-01
77aa2a35a3b137038cd73fb16d2afcb4,VirusShare_00499,eylr,16384,exe,trojan,70.59,2021-11-13T17:37:56+00:00,2016-03-01
77fc9fb72eb12f808fd6fa9c7a449855,VirusShare_00499,eylr,16384,exe,trojan,70.15,2021-11-12T23:37:27+00:00,2016-03-01
7916c690ecc817a49e6ddcf355d244f5,VirusShare_00499,eylr,65536,exe,trojan,73.53,2021-11-13T17:47:37+00:00,2016-03-01
7a1c0b7ec569fad4e7f46e5752363b63,VirusShare_00499,eylr,1048576,exe,trojan,69.12,2021-11-14T11:28:45+00:00,2016-03-01
7a2b17c2a40da92acb77c532fa13bbfd,VirusShare_00499,eylr,262144,exe,trojan,73.53,2021-11-12T17:33:08+00:00,2016-03-01
7a4676fe38fe363b37dc519e540f5519,VirusShare_00499,eylr,32768,exe,trojan,66.15,2021-11-14T07:41:25+00:00,2016-03-01
7ac6b7cb0dbc721055940d82e8dc297f,VirusShare_00499,eylr,13959168,exe,trojan,70.15,2021-11-14T17:06:23+00:00,2016-03-01
7b9cd0b5b15c7db952f139ca166c808d,VirusShare_00499,eylr,16384,exe,trojan,70.59,2021-11-12T12:51:53+00:00,2016-03-01
7bb441d244b0442d026294f779b4c15f,VirusShare_00499,eylr,32768,exe,trojan,72.06,2021-11-11T22:51:35+00:00,2016-03-01
7c017c7cb2270e0ad9b1d3d5d0ccdc0e,VirusShare_00499,eylr,16384,exe,trojan,73.53,2021-11-12T17:18:29+00:00,2016-03-01
7c099eef7c1010d96e522ae2053610f1,VirusShare_00499,eylr,16384,exe,trojan,68.18,2021-11-14T16:36:58+00:00,2016-03-01
7c2ce79d2e48a0843590ac0abb019c56,VirusShare_00499,eylr,262144,exe,trojan,71.64,2021-11-12T07:52:09+00:00,2016-03-01
7c68cb9370c9d0240f1d45aece202c59,VirusShare_00499,eylr,32768,exe,trojan,71.64,2021-11-13T07:01:31+00:00,2016-03-01
7cff218b4f6bbb39bed6e96d5d194fdd,VirusShare_00499,eylr,229376,exe,trojan,75.0,2021-11-12T16:38:16+00:00,2016-03-01
7db2aec2ba510c107d50a84ce31f7d1d,VirusShare_00499,eylr,458752,exe,trojan,73.53,2021-11-11T17:02:43+00:00,2016-03-01
7f6410208812e3fd1e8bcaae0d8bc550,VirusShare_00499,eylr,16384,exe,trojan,66.18,2021-11-13T17:55:11+00:00,2016-03-01
8021d01d1e7646baa5a0150d59fc011f,VirusShare_00499,eylr,14745600,exe,trojan,70.15,2021-11-13T00:12:05+00:00,2016-03-01
804aeca888ee8aaa608a0a3905815e23,VirusShare_00499,eylr,15106048,exe,trojan,69.7,2021-11-12T16:42:58+00:00,2016-03-01
8052386305cf74f81f7d0ac0a8e3e652,VirusShare_00499,eylr,65536,exe,trojan,73.53,2021-11-14T12:26:20+00:00,2016-03-01
80628a0b158a98161bf1ea0efc201620,VirusShare_00499,eylr,16384,exe,trojan,76.47,2021-11-13T06:13:21+00:00,2016-03-01
81765981fa9756b7716e55569aac0d00,VirusShare_00499,eylr,16384,exe,trojan,69.12,2021-11-12T17:30:43+00:00,2016-03-01
820f5019a33a210fde677e9d46772b4f,VirusShare_00499,eylr,163840,exe,trojan,71.64,2021-11-15T17:12:17+00:00,2016-03-01
822ff1bf7089213ebd1561e1bf7b9045,VirusShare_00499,eylr,16384,exe,trojan,70.59,2021-11-12T18:46:06+00:00,2016-03-01
825d519d4a20f14f082ff22b0fcffa79,VirusShare_00499,eylr,16384,exe,trojan,69.12,2021-11-13T16:35:15+00:00,2016-03-01
826eea53dd63ce7b4a6f6ea94b85dbf2,VirusShare_00499,eylr,3440640,exe,trojan,70.15,2021-11-13T01:21:34+00:00,2016-03-01
8289a763ded38e7f144eb4dac51d7192,VirusShare_00499,eylr,16384,exe,trojan,69.12,2021-11-13T16:31:25+00:00,2016-03-01
829f36a226a419013c963776ea727664,VirusShare_00499,eylr,16384,exe,trojan,79.41,2021-11-16T10:34:40+00:00,2016-03-01
83b53b57d56315b7858febeb8ce8bc67,VirusShare_00499,eylr,131072,exe,trojan,72.06,2021-11-14T17:20:13+00:00,2016-03-01
847cf0e4c073b7db56d89658ce44f659,VirusShare_00499,eylr,32768,exe,trojan,70.15,2021-11-12T17:33:38+00:00,2016-03-01
84cc07bafa3310f0d097976b7cf2d205,VirusShare_00499,eylr,262144,exe,trojan,73.53,2021-11-14T17:49:38+00:00,2016-03-01
84ee6d300f5d7f54a50082805ffac975,VirusShare_00499,eylr,1572864,exe,trojan,72.06,2021-11-10T19:50:01+00:00,2016-03-01
8511342297f0956d95a381f639e9a2b1,VirusShare_00499,eylr,65536,exe,trojan,72.06,2021-11-14T20:56:15+00:00,2016-03-01
865c1c50322e7835469c9566dd72efbc,VirusShare_00499,eylr,65536,exe,trojan,71.64,2021-11-14T17:16:00+00:00,2016-03-01
876965fa7589b9c043af02cb050b1fb3,VirusShare_00499,eylr,17498112,exe,trojan,67.16,2021-11-14T13:37:05+00:00,2016-03-01
8785c36036268e8de5cdb64aa7719c02,VirusShare_00499,eylr,262144,exe,trojan,73.53,2021-11-14T16:55:23+00:00,2016-03-01
87b5f63e37c14796f6e8f3981db4c725,VirusShare_00499,eylr,16384,exe,trojan,72.06,2021-11-12T17:50:12+00:00,2016-03-01
87df1b7572ba77bb11efebd51f89f76c,VirusShare_00499,eylr,16384,exe,trojan,71.64,2021-11-09T17:39:31+00:00,2016-03-01
889d8063da01d732f8465855d33ceb1d,VirusShare_00499,eylr,131072,exe,trojan,67.16,2021-11-13T20:34:10+00:00,2016-03-01
88b540da4a599631fd0971cfd4796ab9,VirusShare_00499,eylr,32768,exe,trojan,79.1,2021-11-13T08:53:12+00:00,2016-03-01
88cc5e68922a444efc1edfb08a7f9a37,VirusShare_00499,eylr,49152,exe,trojan,70.59,2021-11-11T18:33:28+00:00,2016-03-01
88d0ea9d95e80804fc7ad548fa25cd04,VirusShare_00499,eylr,65536,exe,trojan,71.01,2021-11-09T13:16:27+00:00,2016-03-01
8990dfcd2de8bd9582a0cd040eec4021,VirusShare_00499,eylr,3588096,exe,trojan,72.06,2021-11-14T16:29:20+00:00,2016-03-01
8a0b198d474588db66f28d95cb6fe6b4,VirusShare_00499,eylr,16384,exe,trojan,69.12,2021-11-13T13:31:38+00:00,2016-03-01
8b4e62a35f5ea0cd032fd0e317d4c2ee,VirusShare_00499,eylr,81920,exe,trojan,67.65,2021-11-12T18:00:25+00:00,2016-03-01
8b74178a3a655f50cda5356e483b8a8e,VirusShare_00499,eylr,32768,exe,trojan,72.06,2021-11-15T17:05:56+00:00,2016-03-01
8bcd106592b604f6da875a018d2b488d,VirusShare_00499,eylr,32768,exe,trojan,72.06,2021-11-14T19:20:03+00:00,2016-03-01
8bf6a5cbbe50898d078ce1d2df131b87,VirusShare_00499,eylr,11796480,exe,trojan,67.65,2021-11-10T18:09:35+00:00,2016-03-01
8c0006cb74149483a3085dca03d3d6a9,VirusShare_00499,eylr,5668864,exe,trojan,71.88,2021-11-13T17:41:33+00:00,2016-03-01
8c851dba43a8305c665a68a526b7de6d,VirusShare_00499,eylr,5783552,exe,trojan,72.73,2021-11-14T17:00:08+00:00,2016-03-01
8caef170945084ebe046919a6acb6833,VirusShare_00499,eylr,32768,exe,trojan,72.06,2021-11-10T19:28:31+00:00,2016-03-01
8cefb619503b6fe39e2f026e26b1eca1,VirusShare_00499,eylr,4784128,exe,trojan,71.21,2021-11-13T16:43:14+00:00,2016-03-01
8cfc84ddf3c55b04107a9710de3ffcd9,VirusShare_00499,eylr,65536,exe,trojan,68.25,2021-11-15T17:14:50+00:00,2016-03-01
8db21a34cc83063ad2365c5eb5de933f,VirusShare_00499,eylr,16384,exe,trojan,69.7,2021-11-14T17:33:49+00:00,2016-03-01
8db8fcbf80081710a20f56ccde8b4bc7,VirusShare_00499,eylr,131072,exe,trojan,70.59,2021-11-12T16:58:24+00:00,2016-03-01
8de8567cb00e4632ea2e1edfbec4008b,VirusShare_00499,eylr,16384,exe,trojan,68.66,2021-11-14T17:24:08+00:00,2016-03-01
8df8c99ced9343d958060cda5708e9b7,VirusShare_00499,eylr,212992,exe,trojan,72.06,2021-11-15T17:26:03+00:00,2016-03-01
8ecd9ab332a573ab61453b5f1446c4bf,VirusShare_00499,eylr,458752,exe,trojan,73.13,2021-11-11T18:32:23+00:00,2016-03-01
8ed438a73707d927204966ec35d7909d,VirusShare_00499,eylr,16384,exe,trojan,72.06,2021-11-14T13:22:48+00:00,2016-03-01
8edb5bd92de4f78f2c3656e75c681b0a,VirusShare_00499,eylr,983040,exe,trojan,72.06,2021-11-10T19:28:18+00:00,2016-03-01
8f82d457862c9d04bcd19c9473f8d332,VirusShare_00499,eylr,262144,exe,trojan,71.64,2021-11-10T18:05:39+00:00,2016-03-01
910c6824be2ba518a99b057b8ddf6d0c,VirusShare_00499,eylr,13320192,exe,trojan,68.18,2021-11-14T17:48:22+00:00,2016-03-01
91abcd92f83b7460389dfd20e8ba878f,VirusShare_00499,eylr,16384,exe,trojan,67.65,2021-11-12T16:42:35+00:00,2016-03-01
91c8cf575c4ed1f09616230bb0a6b8f1,VirusShare_00499,eylr,3670016,exe,trojan,76.47,2021-11-13T17:34:57+00:00,2016-03-01
920205005f73dff692d1921f9cf61b59,VirusShare_00499,eylr,5668864,exe,trojan,69.12,2021-11-10T17:58:32+00:00,2016-03-01
92091f6babf49fef8661cebfccb670c3,VirusShare_00499,eylr,32768,exe,trojan,68.18,2021-11-13T13:35:10+00:00,2016-03-01
928ebf00f4a75aea24ad9bf80d0ab417,VirusShare_00499,eylr,12681216,exe,trojan,68.18,2021-11-14T16:44:53+00:00,2016-03-01
93b8b93cd7678906e5189750db244c88,VirusShare_00499,eylr,65536,exe,trojan,70.77,2021-11-15T17:25:27+00:00,2016-03-01
941ac4959b957a92cdf9cc3c4d88a1b9,VirusShare_00499,eylr,458752,exe,trojan,75.0,2021-11-11T16:36:42+00:00,2016-03-01
956f933be7e38c7e4af3f28438fdff89,VirusShare_00499,eylr,32768,exe,trojan,70.59,2021-11-14T14:48:39+00:00,2016-03-01
95afd4b355b45c420dc7b2078ac610be,VirusShare_00499,eylr,16384,exe,trojan,66.18,2021-11-14T17:26:21+00:00,2016-03-01
96630d11be79cf30b2b310464c84b812,VirusShare_00499,eylr,98304,exe,trojan,70.59,2021-11-13T21:59:16+00:00,2016-03-01
9675326cd86a3ceafa0a7857e68837f1,VirusShare_00499,eylr,81920,exe,trojan,70.59,2021-11-12T17:44:14+00:00,2016-03-01
96cd43195349392a52558576e0b534cc,VirusShare_00499,eylr,32768,exe,trojan,69.12,2021-11-13T16:36:38+00:00,2016-03-01
96f115ffd07c4f7adbb8d1d8911042c9,VirusShare_00499,eylr,32768,exe,trojan,70.15,2021-11-13T17:56:30+00:00,2016-03-01
9719a26643868915ce2f9f3683ad0f7c,VirusShare_00499,eylr,15089664,exe,trojan,68.66,2021-11-14T18:08:07+00:00,2016-03-01
972f263f7a0f2a7f2dbc425290779f8c,VirusShare_00499,eylr,8192,exe,trojan,63.24,2021-11-13T17:09:48+00:00,2016-03-01
9847b15ca901a8141815beb1e44d9a05,VirusShare_00499,eylr,65536,exe,trojan,71.64,2021-11-14T16:46:50+00:00,2016-03-01
99261ae7d65cacd09bc5ad474add2085,VirusShare_00499,eylr,32768,exe,trojan,72.06,2021-11-13T17:50:15+00:00,2016-03-01
99d0c86dd9c95b8964f1da5d1ff6e6d6,VirusShare_00499,eylr,32768,exe,trojan,70.59,2021-11-11T18:09:45+00:00,2016-03-01
99f2387860a51ebb8cb45ead57ab3091,VirusShare_00499,eylr,16384,exe,trojan,72.06,2021-11-12T18:26:07+00:00,2016-03-01
9a8425b4d4d20572dd22ebe9e1bab91a,VirusShare_00499,eylr,32768,exe,trojan,67.65,2021-11-11T03:19:51+00:00,2016-03-01
9b876ce250b63143c58da2bb0420ed17,VirusShare_00499,eylr,32768,exe,trojan,72.06,2021-11-14T13:28:58+00:00,2016-03-01
9b902fd6b88b77f1ed1b0d63494ec4af,VirusShare_00499,eylr,458752,exe,trojan,71.64,2021-11-14T16:35:33+00:00,2016-03-01
9b939f620c9324a0c091ed70983d3825,VirusShare_00499,eylr,131072,exe,trojan,72.06,2021-11-14T17:02:16+00:00,2016-03-01
9bb998ec7f1af8e52dfc6d5da0852c9a,VirusShare_00499,eylr,131072,exe,trojan,70.15,2021-11-13T04:14:54+00:00,2016-03-01
9bd1c106311a857717b8e953992b00d2,VirusShare_00499,eylr,819200,exe,trojan,70.15,2021-11-13T16:34:59+00:00,2016-03-01
9bd9ca9245c2149d663d7373a710db62,VirusShare_00499,eylr,1048576,exe,trojan,70.15,2021-11-13T20:09:03+00:00,2016-03-01
9bf109725fcbc08acce42c08325f3496,VirusShare_00499,eylr,6111232,exe,trojan,70.15,2021-11-12T12:01:34+00:00,2016-03-01
9c450f11dc46f3376cc86824f873c8a7,VirusShare_00499,eylr,3670016,exe,trojan,75.0,2021-11-13T16:33:43+00:00,2016-03-01
9c55d490c420f984ee1317c1f2131700,VirusShare_00499,eylr,7012352,exe,trojan,71.21,2021-11-15T17:37:45+00:00,2016-03-01
9c7b87e0a913290e0ff20a3534fe5a95,VirusShare_00499,eylr,32768,exe,trojan,70.59,2021-11-13T17:24:47+00:00,2016-03-01
9cafbe022557c94686775c706553761d,VirusShare_00499,eylr,98304,exe,trojan,68.18,2021-11-10T22:52:01+00:00,2016-03-01
9ce67caa3d790651d2b3ffd0625e1b62,VirusShare_00499,eylr,65536,exe,trojan,72.06,2021-11-14T19:21:46+00:00,2016-03-01
9d1d83ed56279b640d27c450e6be507d,VirusShare_00499,eylr,1081344,exe,trojan,70.59,2021-11-14T17:55:19+00:00,2016-03-01
9d51eedff4bc8156d2b2be13a975ddab,VirusShare_00499,eylr,65536,exe,trojan,71.64,2021-11-12T11:44:23+00:00,2016-03-01
9d69587557e47903ce79d1b34ee323ed,VirusShare_00499,eylr,16384,exe,trojan,70.59,2021-11-14T17:06:54+00:00,2016-03-01
9e17eaeafb3cf948c50972eb3690cf2b,VirusShare_00499,eylr,32768,exe,trojan,72.06,2021-11-14T17:54:33+00:00,2016-03-01
9e85fe1a39569c2ffcebd6041048c057,VirusShare_00499,eylr,16384,exe,trojan,72.06,2021-11-13T17:50:19+00:00,2016-03-01
9ea77591bf23dfda68e77add2f5ab30e,VirusShare_00499,eylr,16384,exe,trojan,69.12,2021-11-11T18:39:39+00:00,2016-03-01
a0601c6d5ccde64c9ca4fc44797f0466,VirusShare_00499,eylr,3276800,exe,trojan,75.38,2021-11-14T08:54:10+00:00,2016-03-01
a103460e865613cc0bbc2a3b6f879c20,VirusShare_00499,eylr,1048576,exe,trojan,70.15,2021-11-14T09:16:47+00:00,2016-03-01
a1157b5924d625fa58b0aac9d36228e5,VirusShare_00499,eylr,720896,exe,trojan,70.59,2021-11-13T16:46:54+00:00,2016-03-01
a19463d96ec5ba50b8d4b7a03b8837c3,VirusShare_00499,eylr,81920,exe,trojan,70.59,2021-11-12T17:56:56+00:00,2016-03-01
a383ee2e1d37a8d4cfad70358c343a67,VirusShare_00499,eylr,2097152,exe,trojan,80.88,2021-11-11T23:16:44+00:00,2016-03-01
a3a5aa56c3ce18a4e62c99c05819e001,VirusShare_00499,eylr,7405568,exe,trojan,72.06,2021-11-09T22:27:50+00:00,2016-03-01
a3c7dec670bffedf021de4767853e57c,VirusShare_00499,eylr,16384,exe,trojan,70.59,2021-11-12T17:08:19+00:00,2016-03-01
a3d81131fda7452e503a4218e2e3172b,VirusShare_00499,eylr,32768,exe,trojan,70.59,2021-11-13T16:30:08+00:00,2016-03-01
a3f7f8b924320fa14bc14b6fdb6704bc,VirusShare_00499,eylr,16384,exe,trojan,70.59,2021-11-12T18:09:33+00:00,2016-03-01
a745b57d1caa0e18615972b5394b3704,VirusShare_00499,eylr,491520,exe,trojan,72.06,2021-11-13T17:26:32+00:00,2016-03-01
a788ea7650b38deb21c7254d5be8edbb,VirusShare_00499,eylr,229376,exe,trojan,72.73,2021-11-15T18:15:07+00:00,2016-03-01
a8220ba1e81eb0bc245106a24db886bf,VirusShare_00499,eylr,5423104,exe,trojan,71.64,2021-11-10T17:57:02+00:00,2016-03-01
a8ed6ec8040be07b57238a7bd4c048b0,VirusShare_00499,eylr,114688,exe,trojan,73.53,2021-11-14T17:33:43+00:00,2016-03-01
aa5865b413eee8b8faea3b0aef97e7be,VirusShare_00499,eylr,16384,exe,trojan,69.12,2021-11-12T17:19:25+00:00,2016-03-01
ab7ad5bd81f47bc8acd5f9d223a1d217,VirusShare_00499,eylr,131072,exe,trojan,70.59,2021-11-13T17:07:37+00:00,2016-03-01
abc6b6ecce3ed8e85b0f00414eb65b8c,VirusShare_00499,eylr,16384,exe,trojan,68.66,2021-11-11T17:52:03+00:00,2016-03-01
aeaff6680d0963eac61631b7fcdbd2ae,VirusShare_00499,eylr,6111232,exe,trojan,72.73,2021-11-13T17:45:38+00:00,2016-03-01
afc552946d7924b4248e558503d216c4,VirusShare_00499,eylr,32768,exe,trojan,69.57,2021-11-11T18:17:34+00:00,2016-03-01
afc61e10083c9f6fa6ba6602c4863fc5,VirusShare_00499,eylr,786432,exe,trojan,69.7,2021-11-14T18:12:09+00:00,2016-03-01
b06d24c49ad648f3165f3df67e693040,VirusShare_00499,eylr,753664,exe,trojan,69.7,2021-11-10T02:22:18+00:00,2016-03-01
b23f9b1c5faf4a36fd9c011ead2e69ac,VirusShare_00499,eylr,32768,exe,trojan,71.21,2021-11-12T16:33:41+00:00,2016-03-01
b29512df449d9a4e000c3d871e3336c7,VirusShare_00499,eylr,32768,exe,trojan,69.7,2021-11-10T17:49:56+00:00,2016-03-01
b2c24ca084225ebe047b29fa79486399,VirusShare_00499,eylr,688128,exe,trojan,71.64,2021-11-14T16:45:32+00:00,2016-03-01
b2d044e71d9429e78524fdb99cebd893,VirusShare_00499,eylr,131072,exe,trojan,68.66,2021-11-15T17:57:30+00:00,2016-03-01
b4a3067f83330841340b2ccdbe2a1db8,VirusShare_00499,eylr,327680,exe,trojan,71.64,2021-11-14T17:55:51+00:00,2016-03-01
b4db241b77cedf868ddea961d0d899b2,VirusShare_00499,eylr,32768,exe,trojan,69.12,2021-11-11T16:53:49+00:00,2016-03-01
b55b02c7f587dcd5ee72a37748d9af01,VirusShare_00499,eylr,32768,exe,trojan,70.59,2021-11-11T23:37:45+00:00,2016-03-01
b58ac9cab1ffe1d5fbfa80ceca7ee05b,VirusShare_00499,eylr,65536,exe,trojan,72.06,2021-11-14T07:52:10+00:00,2016-03-01
b7278dd481028e197c28202f68523822,VirusShare_00499,eylr,14516224,exe,trojan,70.15,2021-11-14T17:20:49+00:00,2016-03-01
b77d443256dc7e1b6feeac40e180ee54,VirusShare_00499,eylr,229376,exe,trojan,71.64,2021-11-12T17:43:38+00:00,2016-03-01
b7d630985f22e9a53c6a67e0a707878b,VirusShare_00499,eylr,32768,exe,trojan,70.59,2021-11-14T18:08:54+00:00,2016-03-01
b8489e7adc4a44d1e1ef6ac3deb6885b,VirusShare_00499,eylr,8192,exe,trojan,64.71,2021-11-15T17:57:01+00:00,2016-03-01
b8570a035835cbf7459531fb527a29e8,VirusShare_00499,eylr,1359872,exe,trojan,70.15,2021-11-13T17:22:44+00:00,2016-03-01
b86958b1b6c4d4e6faf03a2d47bed74f,VirusShare_00499,eylr,32768,exe,trojan,71.64,2021-11-14T16:49:13+00:00,2016-03-01
b8a8cf4cd3787cad74529f4d0871b6c6,VirusShare_00499,eylr,16384,exe,trojan,84.85,2021-11-12T06:05:14+00:00,2016-03-01
b8b3c917336cdf1cbc098a3d40f292a3,VirusShare_00499,eylr,16384,exe,trojan,70.59,2021-11-13T17:26:26+00:00,2016-03-01
b96b81556ba296fcf2477173a0143d02,VirusShare_00499,eylr,1048576,exe,trojan,67.65,2021-11-10T17:39:19+00:00,2016-03-01
b97d346e0dd0e60084917e029d4e6152,VirusShare_00499,eylr,229376,exe,trojan,72.06,2021-11-12T17:41:51+00:00,2016-03-01
b97fadc079480a9445b567112da34bb3,VirusShare_00499,eylr,32768,exe,trojan,68.66,2021-11-14T15:20:55+00:00,2016-03-01
baccb46bf13c135648dbdce73d47173a,VirusShare_00499,eylr,32768,exe,trojan,71.64,2021-11-14T17:25:19+00:00,2016-03-01
bafdc00e0f0f3c6646829adfc84e8ee5,VirusShare_00499,eylr,1638400,exe,trojan,71.88,2021-11-14T05:21:37+00:00,2016-03-01
bb07310eadd67abd30550acd26b726c7,VirusShare_00499,eylr,32768,exe,trojan,69.12,2021-11-15T17:24:53+00:00,2016-03-01
bb2ddb45d563bfb85f6ad34296ef45e4,VirusShare_00499,eylr,16384,exe,trojan,70.15,2021-11-14T17:15:01+00:00,2016-03-01
bb7013bae9190aebef2ddf1708fef139,VirusShare_00499,eylr,229376,exe,trojan,73.53,2021-11-15T17:19:29+00:00,2016-03-01
bbddc5cd5a8a9fcef31216cbe2ed310e,VirusShare_00499,eylr,15728640,exe,trojan,70.15,2021-11-14T17:37:35+00:00,2016-03-01
bdf322de6a27817d9957d853217d65ad,VirusShare_00499,eylr,16384,exe,trojan,69.12,2021-11-12T17:43:15+00:00,2016-03-01
be113fdf0d5bf94473f56f3d2464125a,VirusShare_00499,eylr,16384,exe,trojan,72.06,2021-11-12T17:47:51+00:00,2016-03-01
be45abace43f88d41663ff9d01e520ab,VirusShare_00499,eylr,425984,exe,trojan,70.59,2021-11-10T16:27:38+00:00,2016-03-01
be96c21b4d638c3b88c34493170fd17d,VirusShare_00499,eylr,229376,exe,trojan,71.64,2021-11-12T17:41:03+00:00,2016-03-01
be976fda08c74d7026797f8ddb31c828,VirusShare_00499,eylr,409600,exe,trojan,66.67,2021-11-10T05:34:21+00:00,2016-03-01
bebee9644e3f35430c5a5cdd1175bcad,VirusShare_00499,eylr,16384,exe,trojan,67.65,2021-11-13T17:30:32+00:00,2016-03-01
bec2cd8c04e034407156054c13d44680,VirusShare_00499,eylr,819200,exe,trojan,68.66,2021-11-12T17:30:20+00:00,2016-03-01
bec86790cac23363baa6b29559c05ba5,VirusShare_00499,eylr,229376,exe,trojan,72.06,2021-11-13T17:20:25+00:00,2016-03-01
becab3719779f149e2096b937b2dad8c,VirusShare_00499,eylr,6651904,exe,trojan,77.61,2021-11-14T14:07:55+00:00,2016-03-01
c0bb63e64464e2f253ac8a1ed7b655bc,VirusShare_00499,eylr,16384,exe,trojan,70.15,2021-11-13T17:24:51+00:00,2016-03-01
c12df7965a8652c5876e74eeae0e4a3d,VirusShare_00499,eylr,2949120,exe,trojan,69.7,2021-11-13T16:12:18+00:00,2016-03-01
c1868fa2339a1cf1ce2a9dd4b771a08b,VirusShare_00499,eylr,65536,exe,trojan,72.06,2021-11-15T16:52:58+00:00,2016-03-01
c18df4ddce58c6d2724952a32524c92b,VirusShare_00499,eylr,185640,exe,trojan,70.59,2021-11-12T00:09:20+00:00,2016-03-01
c22106134d0a534801717367a15da453,VirusShare_00499,eylr,131072,exe,trojan,68.18,2021-11-10T07:06:56+00:00,2016-03-01
c2217eef7e50b597e89ee1c1132e075f,VirusShare_00499,eylr,131072,exe,trojan,70.59,2021-11-12T17:35:59+00:00,2016-03-01
c230ba424a120f6e14574e10e942c400,VirusShare_00499,eylr,32768,exe,trojan,70.59,2021-11-13T07:39:20+00:00,2016-03-01
c2480bddc6e328d42c636108d008f357,VirusShare_00499,eylr,262144,exe,trojan,72.06,2021-11-11T17:24:20+00:00,2016-03-01
c28a08c73a0fb327bd72a6a6011cf059,VirusShare_00499,eylr,770048,exe,trojan,71.64,2021-11-10T18:29:16+00:00,2016-03-01
c341a8a17ed9043c752c3a387b062a1d,VirusShare_00499,eylr,458752,exe,trojan,70.59,2021-11-13T17:01:52+00:00,2016-03-01
c3bf19f23003b16aa74b15fa9366f4ab,VirusShare_00499,eylr,32768,exe,trojan,80.88,2021-11-12T15:34:25+00:00,2016-03-01
c503cf8c9fec98183c467b5665c434d6,VirusShare_00499,eylr,32768,exe,trojan,70.59,2021-11-14T16:50:24+00:00,2016-03-01
c517e2193b08097e42e64779e04ce820,VirusShare_00499,eylr,1441792,exe,trojan,73.53,2021-11-15T18:22:03+00:00,2016-03-01
c5f45414db40380e9738395d65116200,VirusShare_00499,eylr,32768,exe,trojan,71.21,2021-11-12T18:03:50+00:00,2016-03-01
c63c56c485ea7cc4d048f9e8a52427c1,VirusShare_00499,eylr,12746752,exe,trojan,70.15,2021-11-14T17:28:44+00:00,2016-03-01
c66c3f8b0909dfde82ad07ebe422a8c5,VirusShare_00499,eylr,65536,exe,trojan,71.21,2021-11-13T16:45:04+00:00,2016-03-01
c76754714e4835199d25a5ee8dbf3d20,VirusShare_00499,eylr,1703936,exe,trojan,75.0,2021-11-13T16:58:32+00:00,2016-03-01
c78620bbb4b2e8970a7dd8fadfdb082e,VirusShare_00499,eylr,458752,exe,trojan,75.0,2021-11-13T19:27:51+00:00,2016-03-01
c824e02969ec6270bf754bc963373212,VirusShare_00499,eylr,15269888,exe,trojan,69.23,2021-11-09T09:47:33+00:00,2016-03-01
c842a746d5c3659ce280dd2acff60d95,VirusShare_00499,eylr,16384,exe,trojan,71.21,2021-11-13T07:38:03+00:00,2016-03-01
c8bca3ac2b6c1e80744f6faa5bcf9b78,VirusShare_00499,eylr,32768,exe,trojan,68.12,2021-11-09T17:04:24+00:00,2016-03-01
c92cd07dbc618c32736ee3b7d44b7a3a,VirusShare_00499,eylr,229376,exe,trojan,72.06,2021-11-14T19:32:41+00:00,2016-03-01
c96605093019198f6d744494189611f3,VirusShare_00499,eylr,16384,exe,trojan,67.8,2021-11-10T07:54:57+00:00,2016-03-01
ca2176a5bede8ebb02fe2b5cd4af790e,VirusShare_00499,eylr,114688,exe,trojan,72.06,2021-11-11T18:34:29+00:00,2016-03-01
cb23b7d6fd89ab6ecdc670f5dd9821b6,VirusShare_00499,eylr,8192,exe,trojan,73.53,2021-11-16T01:35:35+00:00,2016-03-01
cbe21ca7f68a64c0f74897fd3fc7413c,VirusShare_00499,eylr,16384,exe,trojan,69.12,2021-11-12T16:37:02+00:00,2016-03-01
cc86b479180790eacf50952db5fe0228,VirusShare_00499,eylr,32768,exe,trojan,72.73,2021-11-13T18:27:29+00:00,2016-03-01
ccbf6255299ea478096734ee6b56ec40,VirusShare_00499,eylr,4964352,exe,trojan,71.21,2021-11-13T16:36:49+00:00,2016-03-01
cd2bde5daa3b2d628707dd389baeefcf,VirusShare_00499,eylr,16384,exe,trojan,65.52,2021-11-12T18:26:27+00:00,2016-03-01
cde29451ad76c33951cb65248329f325,VirusShare_00499,eylr,114688,exe,trojan,72.06,2021-11-13T17:39:25+00:00,2016-03-01
ce208bfa5d1b415a9a76f3080761e359,VirusShare_00499,eylr,770048,exe,trojan,71.21,2021-11-13T17:13:16+00:00,2016-03-01
ce9b95d1b3ca0ecc24e832f2ac947241,VirusShare_00499,eylr,8192,exe,trojan,64.71,2021-11-14T13:25:52+00:00,2016-03-01
cedb12f95c0a2ffbbda2be3449f79f94,VirusShare_00499,eylr,32768,exe,trojan,72.06,2021-11-13T17:20:53+00:00,2016-03-01
cef930b181b6e3c5d8e92a5e86ce4b1c,VirusShare_00499,eylr,131072,exe,trojan,68.75,2021-11-14T16:54:56+00:00,2016-03-01
cf4da7d5e4e27ee413a0e91d57b85315,VirusShare_00499,eylr,32768,exe,trojan,72.06,2021-11-13T04:03:13+00:00,2016-03-01
cf82f3d51155f40504d83e26fca86a53,VirusShare_00499,eylr,32768,exe,trojan,72.06,2021-11-14T17:18:37+00:00,2016-03-01
d0892f75a880f29f89a4fa4c703f5636,VirusShare_00499,eylr,65536,exe,trojan,72.06,2021-11-12T18:07:53+00:00,2016-03-01
d1f56c51f7fb3fe171a3ede0e9676c55,VirusShare_00499,eylr,65536,exe,trojan,73.53,2021-11-10T17:28:00+00:00,2016-03-01
d22a1163a1bf7216fef8c4c5360bd8a1,VirusShare_00499,eylr,32768,exe,trojan,76.12,2021-11-16T12:08:16+00:00,2016-03-01
d28df6dc49f0b60cbfc89bcb962a172a,VirusShare_00499,eylr,4259840,exe,trojan,72.06,2021-11-08T19:15:37+00:00,2016-03-01
d2b53c671d541cad6b923e41c665ba11,VirusShare_00499,eylr,5193728,exe,trojan,72.73,2021-11-14T17:04:02+00:00,2016-03-01
d2ceed1555f052a46725d67653ad6240,VirusShare_00499,eylr,65536,exe,trojan,72.06,2021-11-14T16:23:41+00:00,2016-03-01
d3c937688fd994854cc4bc51c01d1398,VirusShare_00499,eylr,1048576,exe,trojan,70.15,2021-11-15T17:29:50+00:00,2016-03-01
d469db1730b42708a2c0391a3c3f20f8,VirusShare_00499,eylr,16384,exe,trojan,75.0,2021-11-16T03:05:19+00:00,2016-03-01
d4c0e6ae84e8e352a0ac58c46ee8278e,VirusShare_00499,eylr,131072,exe,trojan,71.64,2021-11-15T16:41:52+00:00,2016-03-01
d54c5f6803981c66c551642ae9d45225,VirusShare_00499,eylr,16384,exe,trojan,69.12,2021-11-14T13:30:43+00:00,2016-03-01
d5a377f6cbdc8ec31765bd5fe1bd0b50,VirusShare_00499,eylr,6029312,exe,trojan,71.21,2021-11-14T16:45:08+00:00,2016-03-01
d7f49f43306296b6cd1d0f4cd3e0e019,VirusShare_00499,eylr,16384,exe,trojan,73.53,2021-11-12T12:52:18+00:00,2016-03-01
d7f59bded0cd6c83cdadb7d4f475d97c,VirusShare_00499,eylr,32768,exe,trojan,63.93,2021-11-12T06:14:40+00:00,2016-03-01
d820e946b8955a7afd899f1976a5e8c2,VirusShare_00499,eylr,32768,exe,trojan,70.59,2021-11-12T13:23:58+00:00,2016-03-01
da35c5e1eb6737a126d8bea49da94deb,VirusShare_00499,eylr,2752512,exe,trojan,70.59,2021-11-13T05:32:59+00:00,2016-03-01
da891bf900342c5e2808011248253d7a,VirusShare_00499,eylr,6750208,exe,trojan,72.73,2021-11-10T17:35:14+00:00,2016-03-01
dac33fc29e09f3e26a249f1509137591,VirusShare_00499,eylr,147456,exe,trojan,70.59,2021-11-13T17:01:30+00:00,2016-03-01
dacd98a3f67396a7f1d8090f0d4f6d0b,VirusShare_00499,eylr,425984,exe,trojan,72.46,2021-11-09T17:58:56+00:00,2016-03-01
db2d8ec0c30805f480086a941046de6b,VirusShare_00499,eylr,13434880,exe,trojan,69.7,2021-11-14T18:13:36+00:00,2016-03-01
db3db75c94ce199a27ad9517dfb226ed,VirusShare_00499,eylr,196608,exe,trojan,68.75,2021-11-11T18:14:17+00:00,2016-03-01
db8f1b0d5d79f0844948ea4164ccaa06,VirusShare_00499,eylr,65536,exe,trojan,70.59,2021-11-12T18:09:30+00:00,2016-03-01
dbf9852ac430cda14c003879556dc9d1,VirusShare_00499,eylr,14090240,exe,trojan,71.21,2021-11-14T17:17:17+00:00,2016-03-01
dcb1340c8436e073be9b3f762acf4c41,VirusShare_00499,eylr,114688,exe,trojan,70.15,2021-11-11T17:11:22+00:00,2016-03-01
dcbfc5157ef69863ed124be890a9663b,VirusShare_00499,eylr,16384,exe,trojan,67.65,2021-11-12T16:45:24+00:00,2016-03-01
dcf3a5837343ddca743dec1d9e815974,VirusShare_00499,eylr,2752512,exe,trojan,71.64,2021-11-14T02:58:08+00:00,2016-03-01
dd4a0276df34dcf425841868b136c303,VirusShare_00499,eylr,458752,exe,trojan,73.91,2021-11-09T17:34:54+00:00,2016-03-01
df25e9e3da3326bb826200af83506d76,VirusShare_00499,eylr,65536,exe,trojan,72.73,2021-11-11T21:59:11+00:00,2016-03-01
dfdcf9e409bec6f6e5a308e9f4c2ecd3,VirusShare_00499,eylr,32768,exe,trojan,72.46,2021-11-09T16:30:35+00:00,2016-03-01
dfecd44cb89d323d13dfead8977fbe94,VirusShare_00499,eylr,16384,exe,trojan,67.69,2021-11-11T23:32:09+00:00,2016-03-01
e0f7d9abadae70018ac968112baf86a6,VirusShare_00499,eylr,704512,exe,trojan,70.15,2021-11-14T16:35:03+00:00,2016-03-01
e135d803d651b7b00147be0b1904d791,VirusShare_00499,eylr,8192,exe,trojan,64.71,2021-11-10T17:29:49+00:00,2016-03-01
e1abbf28de212ef404250c5c469171d3,VirusShare_00499,eylr,32768,exe,trojan,72.06,2021-11-13T16:28:05+00:00,2016-03-01
e28b358577d4e0da4e7c3494fd1d96d5,VirusShare_00499,eylr,13893632,exe,trojan,68.66,2021-11-14T17:38:20+00:00,2016-03-01
e3502c95df6dd6914d6b220e64337da8,VirusShare_00499,eylr,12926976,exe,trojan,68.18,2021-11-14T17:10:19+00:00,2016-03-01
e3a5d6cc3b8c9e1c4ca23a7760f4d939,VirusShare_00499,eylr,32768,exe,trojan,70.59,2021-11-13T02:35:10+00:00,2016-03-01
e40b60f93ea4618e4a6eba752f1c6027,VirusShare_00499,eylr,917504,exe,trojan,82.35,2021-11-14T04:13:40+00:00,2016-03-01
e43f8a153325e33ee25e597c40ada4bd,VirusShare_00499,eylr,32768,exe,trojan,72.06,2021-11-14T16:32:38+00:00,2016-03-01
e4b3fe14e846ce0ebf7d9fe031f8669c,VirusShare_00499,eylr,18546688,exe,trojan,73.13,2021-11-14T20:37:18+00:00,2016-03-01
e4d73cb03a47e5377467be9f56c87291,VirusShare_00499,eylr,32768,exe,trojan,70.59,2021-11-13T16:53:59+00:00,2016-03-01
e5818bd112757c76ab2ebe93d9af37f8,VirusShare_00499,eylr,65536,exe,trojan,70.59,2021-11-14T19:49:26+00:00,2016-03-01
e5b70812788a36fdbf21d9e0d8d32f90,VirusShare_00499,eylr,65536,exe,trojan,72.06,2021-11-14T17:08:56+00:00,2016-03-01
e5dfd7547ad4a28451a3e5de81092eb5,VirusShare_00499,eylr,32768,exe,trojan,72.06,2021-11-15T17:16:52+00:00,2016-03-01
e611cf7232ef68ccbb0ababc5d82b0ed,VirusShare_00499,eylr,16384,exe,trojan,70.59,2021-11-10T19:55:36+00:00,2016-03-01
e66b04a3db2f3f2ff52638837dce3520,VirusShare_00499,eylr,65536,exe,trojan,71.64,2021-11-10T18:26:20+00:00,2016-03-01
e683f71a2eb4f4208b2cd082b878c9d1,VirusShare_00499,eylr,16384,exe,trojan,69.12,2021-11-15T16:57:29+00:00,2016-03-01
e736d55d23adb7c2702e8e25d75d1b3a,VirusShare_00499,eylr,1307840,exe,trojan,69.12,2021-11-12T18:07:45+00:00,2016-03-01
e7670628319bb9fff0e4f135b7b2046f,VirusShare_00499,eylr,16384,exe,trojan,68.18,2021-11-11T18:25:36+00:00,2016-03-01
e7ffbe05114e0240327b189efeb1f695,VirusShare_00499,eylr,16384,exe,trojan,72.06,2021-11-12T17:50:53+00:00,2016-03-01
e8ba13f982e289c9e95bd79e93960045,VirusShare_00499,eylr,163840,exe,trojan,69.7,2021-11-11T16:52:58+00:00,2016-03-01
e9c8168e3183a7684a4b1406dfe8a9d2,VirusShare_00499,eylr,9928704,exe,trojan,67.19,2021-11-13T19:44:27+00:00,2016-03-01
e9cc4d951c026b6bf9d7412e9ef69f22,VirusShare_00499,eylr,16384,exe,trojan,68.66,2021-11-13T17:16:05+00:00,2016-03-01
e9de1ed34e8160fdf3b9ccdc7d3dc41d,VirusShare_00499,eylr,16384,exe,trojan,72.73,2021-11-14T18:03:51+00:00,2016-03-01
ea2f62b106aef7fbfba3a618066679e5,VirusShare_00499,eylr,5668864,exe,trojan,69.23,2021-11-12T06:49:33+00:00,2016-03-01
eaa63ac088307a416bd47efe9aa280d1,VirusShare_00499,eylr,32768,exe,trojan,70.59,2021-11-13T02:20:12+00:00,2016-03-01
eaa648f307acba45bdcf759d1f2dfd2a,VirusShare_00499,eylr,262144,exe,trojan,71.64,2021-11-11T16:28:14+00:00,2016-03-01
eb1f146765d4beaf449503d06416e4c0,VirusShare_00499,eylr,16384,exe,trojan,79.41,2021-11-14T20:07:29+00:00,2016-03-01
eb3c13ce71f11db9f76b178c6dd12643,VirusShare_00499,eylr,81920,exe,trojan,69.7,2021-11-12T06:27:51+00:00,2016-03-01
eb7c814f510333c2d08d192e4e2c324f,VirusShare_00499,eylr,16384,exe,trojan,70.15,2021-11-10T19:25:53+00:00,2016-03-01
ed7278146d5ff913888c0068578da674,VirusShare_00499,eylr,65536,exe,trojan,73.53,2021-11-13T18:28:44+00:00,2016-03-01
ee4586bc896fe45461f715d9846efbbb,VirusShare_00499,eylr,4194304,exe,trojan,72.31,2021-11-15T17:53:59+00:00,2016-03-01
ee627e100cdaedd1c23fb7b31e8b19a6,VirusShare_00499,eylr,16384,exe,trojan,68.66,2021-11-13T17:31:13+00:00,2016-03-01
eeb5159d46f3148b07ad7f77c07f0a11,VirusShare_00499,eylr,3670016,exe,trojan,71.88,2021-11-08T22:50:12+00:00,2016-03-01
ef4e6ef8201e3c9acce1a6dc4e8f2534,VirusShare_00499,eylr,9076736,exe,trojan,72.73,2021-11-10T22:29:13+00:00,2016-03-01
efc90732c562358c60b44534ddef816e,VirusShare_00499,eylr,32768,exe,trojan,72.06,2021-11-14T17:47:11+00:00,2016-03-01
efee09ac5ff93a44fe8df10efbe0087e,VirusShare_00499,eylr,13942784,exe,trojan,70.15,2021-11-14T17:56:06+00:00,2016-03-01
f03e712d7f8fbdf0014f38ce5c6b297a,VirusShare_00499,eylr,16384,exe,trojan,68.66,2021-11-13T17:11:20+00:00,2016-03-01
f040650a4f10943d913b8cba8e230243,VirusShare_00499,eylr,16384,exe,trojan,68.52,2021-11-14T02:47:38+00:00,2016-03-01
f04121e8b019ac3ddbe53aeaf41e915c,VirusShare_00499,eylr,32768,exe,trojan,70.15,2021-11-13T16:35:32+00:00,2016-03-01
f0dbf57cd0c81dce64579ec52273aaf1,VirusShare_00499,eylr,16384,exe,trojan,73.53,2021-11-09T17:56:37+00:00,2016-03-01
f0fbe672a2ed7d4b4ee6491df74445fe,VirusShare_00499,eylr,229376,exe,trojan,71.64,2021-11-12T16:30:01+00:00,2016-03-01
f1c7c6c039aaa42f8fe6f712269b55c5,VirusShare_00499,eylr,65536,exe,trojan,73.13,2021-11-14T17:50:53+00:00,2016-03-01
f21db6da5679e215d610778f472ec53e,VirusShare_00499,eylr,32768,exe,trojan,73.13,2021-11-15T17:52:57+00:00,2016-03-01
f2d0bd5d988e7751f6ab0a3b05f3539d,VirusShare_00499,eylr,32768,exe,trojan,70.59,2021-11-10T19:23:28+00:00,2016-03-01
f3ee7c25d59639063d158cd5687bdd72,VirusShare_00499,eylr,49152,exe,trojan,71.64,2021-11-12T17:24:08+00:00,2016-03-01
f4aa8be03a89e7d4cb16488bf1fe45ce,VirusShare_00499,eylr,32768,exe,trojan,69.23,2021-11-11T18:43:50+00:00,2016-03-01
f515eb8888a5037c2365c81a3c2d3583,VirusShare_00499,eylr,458752,exe,trojan,70.15,2021-11-14T07:16:11+00:00,2016-03-01
f5583d7710fc61071fb7c5b5bd1a5fc6,VirusShare_00499,eylr,262144,exe,trojan,73.53,2021-11-11T17:30:40+00:00,2016-03-01
f5669a8eaedff16f4d5da8c31e9b98ec,VirusShare_00499,eylr,521408,exe,trojan,70.59,2021-11-13T07:21:14+00:00,2016-03-01
f5978da80f4b6952ec98e6795da0eb64,VirusShare_00499,eylr,131072,exe,trojan,72.06,2021-11-10T17:04:25+00:00,2016-03-01
f5d19d026159ad14150c809d8d0adedf,VirusShare_00499,eylr,16384,exe,trojan,67.74,2021-11-12T18:36:47+00:00,2016-03-01
f686354bbccb8fcb150eea24a6b89435,VirusShare_00499,eylr,770048,exe,trojan,68.18,2021-11-10T19:13:19+00:00,2016-03-01
f6c7a931519fb9f68e3abc5a42c4c902,VirusShare_00499,eylr,32768,exe,trojan,70.15,2021-11-13T17:26:55+00:00,2016-03-01
f722ab6243a6225a3c807fd0247c4372,VirusShare_00499,eylr,32768,exe,trojan,77.61,2021-11-15T16:05:16+00:00,2016-03-01
f88550f4d86fb622fd4752c8c2719dd7,VirusShare_00499,eylr,8388608,exe,trojan,69.7,2021-11-13T17:12:57+00:00,2016-03-01
f88898be8c65d3673bd35c232467ba75,VirusShare_00499,eylr,11894784,exe,trojan,69.23,2021-11-12T17:27:27+00:00,2016-03-01
f8a4a73bbf22405bb201f9cfaa3e276e,VirusShare_00499,eylr,114688,exe,trojan,79.41,2021-11-13T23:06:56+00:00,2016-03-01
f96698d62b95f6a520592f63d2445db5,VirusShare_00499,eylr,16384,exe,trojan,70.59,2021-11-12T18:16:50+00:00,2016-03-01
f99b3bc01f648192158c2652b80fc670,VirusShare_00499,eylr,491520,exe,trojan,68.66,2021-11-12T06:20:12+00:00,2016-03-01
faa7fa47a37e311735c7f1b00dc46019,VirusShare_00499,eylr,16384,exe,trojan,69.12,2021-11-14T13:36:16+00:00,2016-03-01
fac755eb2f87f01fa8319d7e104d96ea,VirusShare_00499,eylr,32768,exe,trojan,66.18,2021-11-12T17:53:11+00:00,2016-03-01
fb1035e9fa9f655db9c40b1585243ea9,VirusShare_00499,eylr,32768,exe,trojan,70.15,2021-11-12T06:23:01+00:00,2016-03-01
fc5c1ecda718910eeda2dae3365bf1a1,VirusShare_00499,eylr,409600,exe,trojan,69.7,2021-11-12T01:22:07+00:00,2016-03-01
fca7c28e603e1186cb6059297a1246ab,VirusShare_00499,eylr,32768,exe,trojan,72.06,2021-11-12T17:47:19+00:00,2016-03-01
fd1b1ca480fda6fcb33666cf70412021,VirusShare_00499,eylr,16384,exe,trojan,67.65,2021-11-13T17:59:05+00:00,2016-03-01
fd2fbd53d275d21691cf187ffdcbe9ce,VirusShare_00499,eylr,1572864,exe,trojan,72.06,2021-11-15T17:11:13+00:00,2016-03-01
fd52045b998b82d729e933dd6ed64af7,VirusShare_00499,eylr,3670016,exe,trojan,71.43,2021-11-13T23:53:34+00:00,2016-03-01
fda1e62f39f0fe686ff27cb864328205,VirusShare_00499,eylr,2654208,exe,trojan,69.12,2021-11-13T19:58:02+00:00,2016-03-01
fe8e48006f4c8617f65c38536ce59dbb,VirusShare_00499,eylr,8978432,exe,trojan,70.15,2021-11-08T22:39:15+00:00,2016-03-01
fe9b164ec3b034bc8d298ecacb1cc48d,VirusShare_00499,eylr,16384,exe,trojan,68.66,2021-11-14T02:26:01+00:00,2016-03-01
fea444fda659c925498b0448b1f6f4ba,VirusShare_00499,eylr,5570560,exe,trojan,71.64,2021-11-10T19:19:13+00:00,2016-03-01
fed019df7cffaa79d95b8965c746fe28,VirusShare_00499,eylr,16384,exe,trojan,66.18,2021-11-13T13:31:39+00:00,2016-03-01
fef2c32eb45c64cd3bc90baae4ce9ebb,VirusShare_00499,eylr,229376,exe,trojan,73.44,2021-11-14T05:32:12+00:00,2016-03-01
ff162619ac854f5ad6ab3d4340bc60dc,VirusShare_00499,eylr,229376,exe,trojan,75.0,2021-11-13T17:32:47+00:00,2016-03-01
ff764ae331bdac1bf6da2e1c396197de,VirusShare_00499,eylr,1703936,exe,trojan,72.06,2021-11-09T16:56:57+00:00,2016-03-01
fff4023b5838bf0c15cb298d51e764b8,VirusShare_00499,eylr,16384,exe,trojan,72.06,2021-11-12T05:47:09+00:00,2016-03-01
