hash_md5,lote_origen,familia_probable,size,extension,tipo_probable,detection_percent,fecha_escaneo_vt,dia_creacion_archivo
00451e6cd6e9fb1976dd68b51a6dcff8,VirusShare_00495,injector,136192,exe,trojan,63.24,2021-11-06T13:51:46+00:00,
0150fa333059ce32e5e6deec17dd5df5,VirusShare_00495,injector,136192,exe,trojan,65.22,2021-11-06T12:20:49+00:00,
022a6589f37f89e3f5362672e54b2a94,VirusShare_00495,injector,136192,exe,trojan,65.22,2021-11-05T20:39:34+00:00,
02795f92e9407dec8ace7f5dc4a96e28,VirusShare_00495,injector,136192,exe,trojan,65.22,2021-11-06T15:35:02+00:00,
05009170f15f44ff20352051e8c88190,VirusShare_00495,injector,136192,exe,trojan,63.64,2021-11-05T18:41:01+00:00,
06cb824602b32b324ed324ad45fcdb77,VirusShare_00495,injector,136192,exe,trojan,71.01,2021-11-08T23:42:06+00:00,
06f20ba117c2d9aadc12d8e4be3ce36b,VirusShare_00495,injector,513536,exe,trojan,65.22,2021-11-08T17:18:49+00:00,
0793d86cabf04d17253c83cc4ba17023,VirusShare_00495,injector,136192,exe,trojan,63.49,2021-11-05T20:22:28+00:00,
08b8cc28e7b33c627b373250072c9ace,VirusShare_00495,injector,136192,exe,trojan,63.77,2021-11-03T22:28:18+00:00,
0a1810a2dbeabac1526975d026d0b490,VirusShare_00495,injector,513536,exe,trojan,66.67,2021-11-07T17:48:48+00:00,
0b2fc3ca57ff8cbbffc78c2791b23951,VirusShare_00495,injector,136192,exe,trojan,62.32,2021-11-07T17:58:28+00:00,
0b9c1f92623ceef533c002130243cb47,VirusShare_00495,injector,1260032,exe,trojan,76.81,2021-11-08T01:34:59+00:00,
0be9716bbd6911ab5792a4292a87fe41,VirusShare_00495,injector,2448896,exe,trojan,65.22,2021-11-07T17:05:18+00:00,
0d4c01cbbd287487dfca509a23920b31,VirusShare_00495,injector,136192,exe,trojan,66.67,2021-11-06T14:06:48+00:00,
0e52f78ba50af032df5410c4356e06b0,VirusShare_00495,injector,136192,exe,trojan,63.24,2021-11-05T18:24:29+00:00,
103850b3a22ac4c3b0d4ac72f65cf90d,VirusShare_00495,injector,136192,exe,trojan,79.41,2021-11-10T00:40:03+00:00,
10b971c638b94c7d1ee96b9f784ed355,VirusShare_00495,injector,136192,exe,trojan,63.24,2021-11-05T19:00:59+00:00,
13c922c50e8869d025667afb04ba5adc,VirusShare_00495,injector,136192,exe,trojan,63.77,2021-11-05T22:19:22+00:00,
13d7564f734bed8013185b1ccf9a7bd8,VirusShare_00495,injector,513536,exe,trojan,65.22,2021-11-08T16:34:41+00:00,
14748329c8984f700ff666ac61c2fa42,VirusShare_00495,injector,513536,exe,trojan,60.87,2021-11-08T17:19:41+00:00,
14f1681688bc63de7a5cd941c4a7a6e5,VirusShare_00495,injector,136192,exe,trojan,63.24,2021-11-05T19:34:12+00:00,
15cd0d02acbc955825ea91b4849d2eda,VirusShare_00495,injector,136192,exe,trojan,63.77,2021-11-03T22:55:45+00:00,
174759e81dfbb9ed4865222aee33da93,VirusShare_00495,injector,513536,exe,trojan,63.24,2021-11-03T22:04:53+00:00,
17fab36fdd0fd8e469a5effc1378f26d,VirusShare_00495,injector,2679296,exe,trojan,74.63,2021-11-05T17:02:14+00:00,
1a06f7e400544ee2135fd70621cfb0f3,VirusShare_00495,injector,136192,exe,trojan,61.54,2021-11-05T05:23:05+00:00,
1a186ec242f3c979d53f43957c1fddd5,VirusShare_00495,injector,513536,exe,trojan,52.38,2021-11-08T14:50:38+00:00,
1f3195d8b82df062a55eb457567d8292,VirusShare_00495,injector,136192,exe,trojan,63.08,2021-11-03T21:48:20+00:00,
223bb6a57b13d94b20d1d45b95f71a2a,VirusShare_00495,injector,136192,exe,trojan,62.32,2021-11-05T19:47:14+00:00,
2322e3eb98f01fadafd809afe0bc5b61,VirusShare_00495,injector,513536,exe,trojan,66.67,2021-11-05T17:32:34+00:00,
237cb49119a528a4a479fa0ef944387f,VirusShare_00495,injector,513536,exe,trojan,63.77,2021-11-05T22:38:49+00:00,
23aed1c51a0a20c90ad8dbc0ca687ee1,VirusShare_00495,injector,136192,exe,trojan,62.32,2021-11-05T20:14:13+00:00,
253e7492252a59039688d0afa4b77a72,VirusShare_00495,injector,136192,exe,trojan,61.76,2021-11-05T18:24:10+00:00,
25fe41e10c7494949ebbc54705115d26,VirusShare_00495,injector,136192,exe,trojan,62.32,2021-11-06T12:44:23+00:00,
270554d9553472905289df2ec17f716d,VirusShare_00495,injector,136192,exe,trojan,61.19,2021-11-06T15:59:55+00:00,
27bfbb6f5efc15e7259e050529fefb25,VirusShare_00495,injector,2679296,exe,trojan,72.46,2021-11-06T23:05:03+00:00,
2859a3e48816a42d9212efb5f7e069cd,VirusShare_00495,injector,136192,exe,trojan,61.76,2021-11-05T19:54:33+00:00,
290895fa1eec2bd81971226a76d2ecbe,VirusShare_00495,injector,136192,exe,trojan,61.76,2021-11-05T19:35:41+00:00,
294b1b07b8014c804086eeff835099eb,VirusShare_00495,injector,513536,exe,trojan,63.24,2021-11-03T22:05:17+00:00,
2b88acde5af29e451279f652f0f5d6ca,VirusShare_00495,injector,136192,exe,trojan,68.12,2021-11-05T20:56:27+00:00,
2d3e15c89c8d94e9bd54e74826fa0b97,VirusShare_00495,injector,513536,exe,trojan,66.67,2021-11-07T17:53:50+00:00,
2f0257b1801173c1832cebc32d9a606f,VirusShare_00495,injector,513536,exe,trojan,66.67,2021-11-05T16:28:17+00:00,
2f98ac478d91e071dc6880ddace472e8,VirusShare_00495,injector,136192,exe,trojan,62.32,2021-11-06T12:49:01+00:00,
30611ff285a72103c6c70e62d70d8b41,VirusShare_00495,injector,118784,exe,trojan,65.22,2021-11-05T20:40:23+00:00,
312fca2703e1cc41670eeda2436c9cf4,VirusShare_00495,injector,513536,exe,trojan,69.57,2021-11-07T18:02:25+00:00,
313e94ec679ed876dbef6c661c2518f0,VirusShare_00495,injector,136192,exe,trojan,56.52,2021-11-05T21:30:25+00:00,
3286615c559529c92a91894326dfe03a,VirusShare_00495,injector,513536,exe,trojan,63.77,2021-11-08T17:33:21+00:00,
328b258fa0e3e5032c05573fd763cd77,VirusShare_00495,injector,513536,exe,trojan,69.7,2021-11-05T17:01:02+00:00,
3364091387a7b69ad86ed746d11e46ad,VirusShare_00495,injector,513536,exe,trojan,69.57,2021-11-07T09:06:04+00:00,
339383b09b4f4e4ec9af2ba0cbbeb427,VirusShare_00495,injector,39424,exe,ransomware,11.94,2021-11-05T04:06:56+00:00,
34cf8ce64a9a80c3f63ef19e7de22c1b,VirusShare_00495,injector,136192,exe,trojan,61.19,2021-11-03T21:13:07+00:00,
3671aa88b32e1487e8e463be874fe59e,VirusShare_00495,injector,803328,exe,trojan,68.12,2021-11-09T02:39:28+00:00,
38865de5da893330a3784ba8b05a775d,VirusShare_00495,injector,136192,exe,trojan,68.12,2021-11-05T20:21:55+00:00,
3b005542984af865082d209131399715,VirusShare_00495,injector,2679296,exe,trojan,73.85,2021-11-05T17:03:10+00:00,
3def2ffb4d807ee942789e61f85f2583,VirusShare_00495,injector,513536,exe,trojan,63.77,2021-11-08T17:34:02+00:00,
3e565a8aab3bc5c43cf913dd7ec3ab10,VirusShare_00495,injector,136192,exe,trojan,63.24,2021-11-05T19:55:32+00:00,
412dc4c2f941423d77368fe6a068be54,VirusShare_00495,injector,136192,exe,trojan,60.87,2021-11-05T20:12:51+00:00,
4244ada69f833feb2494f807c50e3b5d,VirusShare_00495,injector,136192,exe,trojan,66.67,2021-11-06T15:24:08+00:00,
442b0051808fda6996e20c7844791cd7,VirusShare_00495,injector,136192,exe,trojan,62.32,2021-11-05T21:46:21+00:00,
4536d6cc20fdddb985902728af98284e,VirusShare_00495,injector,136192,exe,trojan,61.76,2021-11-06T15:07:43+00:00,
45d8283465cdf1406cf9163924e53c6f,VirusShare_00495,injector,136192,exe,trojan,61.19,2021-11-05T20:40:47+00:00,
46c404b05b19afc5033dc4043de7a55e,VirusShare_00495,injector,136192,exe,trojan,63.24,2021-11-05T20:49:17+00:00,
46ed2adfa8b658d0204e85d37ab7a72e,VirusShare_00495,injector,136192,exe,trojan,60.29,2021-11-03T22:05:58+00:00,
48f00e91a1681ff35936a7b9027bf05f,VirusShare_00495,injector,136192,exe,trojan,64.71,2021-11-05T19:55:35+00:00,
4b8be5f555de80993f501ba96b929fc3,VirusShare_00495,injector,513536,exe,trojan,71.64,2021-11-07T08:35:07+00:00,
4c0da9993405797c005ee7aeb5cdc227,VirusShare_00495,injector,136192,exe,trojan,60.87,2021-11-07T20:47:14+00:00,
4d6cd33b4abd88690caa7cb29050fd7e,VirusShare_00495,injector,513536,exe,trojan,68.12,2021-11-06T23:05:02+00:00,
4e047e06ea982f1ba6019a82d3e4c920,VirusShare_00495,injector,136192,exe,trojan,65.22,2021-11-06T16:08:15+00:00,
4f7a149ffcf0a6cefb0cd397353ea13d,VirusShare_00495,injector,136192,exe,trojan,60.61,2021-11-05T21:06:15+00:00,
4fb2e5908bbd2ced8e1c18e3016fd849,VirusShare_00495,injector,2679296,exe,trojan,73.91,2021-11-09T04:22:06+00:00,
50755a3e754790fe5002f147481297f1,VirusShare_00495,injector,136192,exe,trojan,61.54,2021-11-05T19:00:16+00:00,
50d645c3897d2ec9e8621b8aa99db85f,VirusShare_00495,injector,136192,exe,trojan,65.22,2021-11-03T21:13:26+00:00,
541a21571e8bf6a0a25a395437b01204,VirusShare_00495,injector,136192,exe,trojan,63.24,2021-11-06T13:13:34+00:00,
5762f3d9526197f1dd1a34c6fae7b6b0,VirusShare_00495,injector,136192,exe,trojan,60.87,2021-11-03T20:01:34+00:00,
577fcb0d1e77ef5eb8c3a0eb020eba93,VirusShare_00495,injector,513536,exe,trojan,68.66,2021-11-09T02:22:32+00:00,
57e744ebba423125bcad3fd75d787cc7,VirusShare_00495,injector,136192,exe,trojan,61.76,2021-11-05T19:01:43+00:00,
58bd2d7a81670b800fdd0c56dccd5240,VirusShare_00495,injector,136192,exe,trojan,62.32,2021-11-07T16:01:32+00:00,
5bfcc1f8bc84044da0882853b8571bb6,VirusShare_00495,injector,513536,exe,trojan,69.12,2021-11-07T16:47:10+00:00,
5ca90035a5829f6b12e207441de5936a,VirusShare_00495,injector,2679296,exe,trojan,65.67,2021-11-03T21:22:15+00:00,
5cc54ce72e58ff628050b7a95d48b10c,VirusShare_00495,injector,513536,exe,trojan,68.12,2021-11-07T02:35:13+00:00,
5da05d21ebb69d2d90ad36fcc521cfe3,VirusShare_00495,injector,2679296,exe,trojan,73.53,2021-11-05T17:54:20+00:00,
60a87f7975c4f309b0c0354755a6afbc,VirusShare_00495,injector,136192,exe,trojan,62.32,2021-11-03T22:28:22+00:00,
60faf63bb218b1f197cc9b33ce96f076,VirusShare_00495,injector,394752,exe,trojan,57.35,2021-11-05T20:57:32+00:00,
6169c26cc5a3b52c0de08d228f291b11,VirusShare_00495,injector,513536,exe,trojan,69.84,2021-11-07T18:05:22+00:00,
62c8eaae8d4011fe6d04c34c241b4338,VirusShare_00495,injector,136192,exe,trojan,64.71,2021-11-03T22:15:55+00:00,
63ae5c6d4b5e1c1f14e552c7ec532214,VirusShare_00495,injector,513536,exe,trojan,69.12,2021-11-07T17:54:51+00:00,
649d080e10ad9afc4a95513f00ad7cf1,VirusShare_00495,injector,2679296,exe,trojan,72.46,2021-11-05T17:02:31+00:00,
64bff1ec6b4f7ef0e25f23d99a045dd6,VirusShare_00495,injector,513536,exe,trojan,64.62,2021-11-05T16:51:43+00:00,
66a1c1cf3314b23c277d5f0450b8e4b2,VirusShare_00495,injector,513536,exe,trojan,67.65,2021-11-06T15:25:03+00:00,
6893dd1b4a9ca5302365192e8bc96cd3,VirusShare_00495,injector,513536,exe,trojan,68.18,2021-11-09T11:16:44+00:00,
6a027e08a221db296b2f70f3a94122cb,VirusShare_00495,injector,136192,exe,trojan,64.29,2021-11-03T21:34:45+00:00,
6a8b0922901c8bc9310766c0fc66f71a,VirusShare_00495,injector,136192,exe,trojan,63.24,2021-11-03T22:57:42+00:00,
6b496a49d9c2840e039c9296a1e39ec3,VirusShare_00495,injector,136192,exe,trojan,62.12,2021-11-03T22:14:50+00:00,
6be7356f97916eb6f91a28f0206886f2,VirusShare_00495,injector,136192,exe,trojan,63.24,2021-11-05T20:03:48+00:00,
6c5d0d672097cbc4c42aee81fe2b5ff8,VirusShare_00495,injector,2679296,exe,trojan,63.77,2021-11-07T17:24:43+00:00,
6e423d5fc07d3df6b761ae636de508a4,VirusShare_00495,injector,136192,exe,trojan,63.24,2021-11-03T22:16:09+00:00,
6ea52a92b867081e1264f1613d74b74d,VirusShare_00495,injector,136192,exe,trojan,73.91,2021-11-07T22:31:35+00:00,
731992c5a37f895674a1b6c3f9e762ed,VirusShare_00495,injector,136192,exe,trojan,62.69,2021-11-05T19:47:17+00:00,
74c596897f781b70ca63a313f138ffc1,VirusShare_00495,injector,2679296,exe,trojan,73.91,2021-11-05T17:19:05+00:00,
74f7e7e0eb9cc09af93eeb356369b6c6,VirusShare_00495,injector,136192,exe,trojan,73.91,2021-11-06T04:07:10+00:00,
76d2eb6cb4123e20f9bad3b27e3ec9dc,VirusShare_00495,injector,394752,exe,trojan,56.72,2021-11-08T19:26:08+00:00,
76d67681e35192e54635eaa7b89e5f9a,VirusShare_00495,injector,1260032,exe,trojan,58.62,2021-11-05T20:49:59+00:00,
77fc0f44ad73568bf75860d15b1899c7,VirusShare_00495,injector,513536,exe,trojan,63.77,2021-11-07T17:00:02+00:00,
7a16db11e4eae5b4182529670ea7994c,VirusShare_00495,injector,136192,exe,trojan,62.32,2021-11-05T22:19:48+00:00,
7a466252d146255ddfbe7e5ecfc906b8,VirusShare_00495,injector,803328,exe,trojan,73.91,2021-11-09T17:27:34+00:00,
7a8d8bc8aa05ab7fe56659116fc29d48,VirusShare_00495,injector,513536,exe,trojan,66.18,2021-11-07T16:33:08+00:00,
7b435e8b05ca731489a0f7c7f52ff98d,VirusShare_00495,injector,136192,exe,trojan,64.18,2021-11-06T13:14:01+00:00,
7b9526d0a5e92e129f5cd284330dd192,VirusShare_00495,injector,136192,exe,trojan,63.77,2021-11-06T14:43:45+00:00,
7d76f70994078d1f148493cf5f0f82ef,VirusShare_00495,injector,513536,exe,trojan,63.77,2021-11-08T17:17:39+00:00,
7da13f7d7ab23fb4418b4f37ab636156,VirusShare_00495,injector,513536,exe,trojan,73.53,2021-11-07T17:05:05+00:00,
7dafb56090ed53737f84ab803dae2520,VirusShare_00495,injector,513536,exe,trojan,65.22,2021-11-08T17:05:51+00:00,
82605ad482768de6b1f768543fcec795,VirusShare_00495,injector,2448896,exe,trojan,75.36,2021-11-05T17:01:40+00:00,
8301b9974ffa4f4369a45f892a157bca,VirusShare_00495,injector,136192,exe,trojan,61.76,2021-11-05T19:55:36+00:00,
8457a2ef6d82a3cc31a72a691b7d9199,VirusShare_00495,injector,394752,exe,trojan,67.57,2021-11-07T06:11:31+00:00,
882272b2c86514d410385b530c522a2d,VirusShare_00495,injector,136192,exe,trojan,62.32,2021-11-05T20:38:51+00:00,
883e9f7d34f2dc955dd01634b408796b,VirusShare_00495,injector,136192,exe,trojan,61.76,2021-11-06T12:59:04+00:00,
8b58c550432219a4623cee4a28a0d501,VirusShare_00495,injector,136192,exe,trojan,72.06,2021-11-10T01:18:49+00:00,
8c7aa0939e8a77be6f82f1d20d917bd7,VirusShare_00495,injector,513536,exe,trojan,63.24,2021-11-08T16:44:44+00:00,
8c98ce2c42693fa6c21ec70014b97199,VirusShare_00495,injector,136192,exe,trojan,67.14,2021-11-03T22:27:49+00:00,
8d1d093290f2e2c410d37132221b8ff3,VirusShare_00495,injector,513536,exe,trojan,68.12,2021-11-08T17:19:23+00:00,
905f70ebd37d17df3f58230eb6bc5caa,VirusShare_00495,injector,513536,exe,trojan,64.71,2021-11-05T17:06:20+00:00,
90c08d23c906e67223d1de09f61cebfc,VirusShare_00495,injector,2679296,exe,trojan,67.65,2021-11-03T21:33:56+00:00,
90ff479e5cfa8e076b9720b779e74ed7,VirusShare_00495,injector,136192,exe,trojan,62.69,2021-11-05T19:35:23+00:00,
9184a5b5d865772cb62142c739da7cf9,VirusShare_00495,injector,136192,exe,trojan,62.32,2021-11-05T21:56:34+00:00,
92c7627c20fbe8e00132828767da3b14,VirusShare_00495,injector,136192,exe,trojan,63.24,2021-11-05T21:30:29+00:00,
930852cd4e12c5e37a19129548442660,VirusShare_00495,injector,1395712,exe,trojan,64.71,2021-11-03T21:03:14+00:00,
937d5fe606c6898fecf1e78b67922466,VirusShare_00495,injector,513544,exe,trojan,66.18,2021-11-08T16:40:44+00:00,
956c3b3eb8af9c388cd01a3ff595a5a5,VirusShare_00495,injector,136192,exe,trojan,63.24,2021-11-05T18:25:24+00:00,
965c6b40561419783c2f87a2d95be98b,VirusShare_00495,injector,136192,exe,trojan,66.67,2021-11-05T20:49:04+00:00,
96acd3783209a01fbe5e3dcc7dca3020,VirusShare_00495,injector,513536,exe,trojan,68.12,2021-11-07T17:28:30+00:00,
9a113bad09a047487d236ace3bad928e,VirusShare_00495,injector,136192,exe,trojan,61.76,2021-11-05T20:03:37+00:00,
9a830c502674cf01c46fea7004088542,VirusShare_00495,injector,136192,exe,trojan,62.32,2021-11-05T19:34:59+00:00,
9d98249af1e87429c21635180cf8e06e,VirusShare_00495,injector,136192,exe,trojan,60.0,2021-11-03T21:37:09+00:00,
9e75e0119cfa0532d6af8fab3e5172d0,VirusShare_00495,injector,2679296,exe,trojan,77.94,2021-11-05T17:20:19+00:00,
a05fa19d5f69c459b34ec0ad601fb6d6,VirusShare_00495,injector,513536,exe,trojan,75.36,2021-11-08T22:18:10+00:00,
a39ed1cf0ec3fd19d661f72508c4b758,VirusShare_00495,injector,1395712,exe,trojan,73.91,2021-11-05T17:19:21+00:00,
a4dee844627a7597be1b408b57c23003,VirusShare_00495,injector,136192,exe,trojan,61.76,2021-11-05T21:30:09+00:00,
a802dc7f7c86667c2bf6cec351181103,VirusShare_00495,injector,513536,exe,trojan,57.35,2021-11-06T14:28:20+00:00,
a94f8db8ecb3fb6d10f31adb1c43642f,VirusShare_00495,injector,2679296,exe,trojan,63.24,2021-11-08T17:41:27+00:00,
a97f938ac767a50b255b07eab17780b0,VirusShare_00495,injector,136192,exe,trojan,64.71,2021-11-05T20:57:41+00:00,
a9e6bf0035b69a734a2de61f3f2ed034,VirusShare_00495,injector,2679296,exe,trojan,71.01,2021-11-07T13:10:40+00:00,
abe8ddb291aab7fca19a594cda4f498b,VirusShare_00495,injector,513536,exe,trojan,62.32,2021-11-05T20:57:49+00:00,
b15481d2f6566d3bb640d906d93f0b71,VirusShare_00495,injector,136192,exe,trojan,61.76,2021-11-03T21:21:41+00:00,
b1be481662a3991822c7f7dcf24fc1df,VirusShare_00495,injector,513536,exe,trojan,74.63,2021-11-08T02:07:28+00:00,
b41fe7cdf4f71dcac52e3faaf26d2c10,VirusShare_00495,injector,136192,exe,trojan,61.76,2021-11-05T18:33:24+00:00,
b4cf7e30cb28dbca56ec6f92dc813005,VirusShare_00495,injector,136192,exe,trojan,62.32,2021-11-05T19:55:27+00:00,
b6a4f2140e18d49c56606fe67a124442,VirusShare_00495,injector,136192,exe,trojan,64.71,2021-11-05T18:35:01+00:00,
b72144aa7347c8e37cd9a79a9bfbf814,VirusShare_00495,injector,513536,exe,trojan,69.57,2021-11-07T18:00:52+00:00,
b777d7a6373d67311baff6778c153d6e,VirusShare_00495,injector,136192,exe,trojan,65.22,2021-11-06T15:46:19+00:00,
b7d081151c6bb009a75bf762483cc2c8,VirusShare_00495,injector,136192,exe,trojan,64.71,2021-11-03T22:40:27+00:00,
b8246ec1f7a448000c3dfb6e27a09851,VirusShare_00495,injector,513536,exe,trojan,71.64,2021-11-07T16:34:36+00:00,
b92db7dba9434733e286c005172d3595,VirusShare_00495,injector,136192,exe,trojan,61.76,2021-11-03T22:40:13+00:00,
b9825ebb9c734602a849565f03874632,VirusShare_00495,injector,1395712,exe,trojan,49.28,2021-11-06T15:46:58+00:00,
b9fcd4d8b2d13d92586911a0f3cd4021,VirusShare_00495,injector,136192,exe,trojan,64.71,2021-11-03T22:40:23+00:00,
bc5e15eae1fa610afd21ff6cb6d8d666,VirusShare_00495,injector,136192,exe,trojan,63.77,2021-11-05T22:21:10+00:00,
bce52713a5137af7dd2f79f58d1a1995,VirusShare_00495,injector,136192,exe,trojan,61.54,2021-11-03T22:40:04+00:00,
bdf2760fcd877d6eb011f83bd5be06cf,VirusShare_00495,injector,136192,exe,trojan,61.19,2021-11-03T22:41:40+00:00,
be59b9cdbe187008f06df816cdf5d642,VirusShare_00495,injector,513536,exe,trojan,73.53,2021-11-08T21:21:57+00:00,
be7136e8731366d1e6a4f864e9a803d4,VirusShare_00495,injector,136192,exe,trojan,64.71,2021-11-03T22:41:42+00:00,
bee3cd4c26b1e8778a0ebff7edd57f6c,VirusShare_00495,injector,136192,exe,trojan,62.69,2021-11-03T22:40:00+00:00,
bf1d6d08fa6fce241abeb332034291fe,VirusShare_00495,injector,136192,exe,trojan,64.71,2021-11-05T22:22:33+00:00,
c02a8f9fad90c3990475572a5b7ae592,VirusShare_00495,injector,136192,exe,trojan,60.87,2021-11-05T22:22:11+00:00,
c1cff816fe8d3e59be4dd792bb0524ca,VirusShare_00495,injector,136192,exe,trojan,62.32,2021-11-05T20:13:12+00:00,
c398713c00fad1795d17f03c0be2dd86,VirusShare_00495,injector,513536,exe,trojan,62.5,2021-11-05T22:35:25+00:00,
c49b2487adfd3b4d196936a5fa22ad09,VirusShare_00495,injector,136192,exe,trojan,61.76,2021-11-05T22:38:06+00:00,
c552ece1f5008983741c74048300e529,VirusShare_00495,injector,136192,exe,trojan,61.76,2021-11-06T16:01:49+00:00,
c5ad00e4b7549798607f14381c49629e,VirusShare_00495,injector,513536,exe,trojan,66.15,2021-11-08T17:00:35+00:00,
c6c691082a60bd1d438cae5011d94b83,VirusShare_00495,injector,136192,exe,trojan,62.32,2021-11-05T19:34:35+00:00,
c8c2da15e257a80380df4c95e45dbba2,VirusShare_00495,injector,136192,exe,trojan,61.76,2021-11-05T19:35:16+00:00,
cb07bf8552db844e790676d8fc49e0a3,VirusShare_00495,injector,136192,exe,trojan,63.77,2021-11-05T20:13:40+00:00,
cb47c21656321fbcdfa61d7df81e2890,VirusShare_00495,injector,136192,exe,trojan,61.76,2021-11-06T13:38:26+00:00,
cb590db1733c0ede173e91e6abb84094,VirusShare_00495,injector,513536,exe,trojan,61.76,2021-11-05T22:32:15+00:00,
cc6452ccf31a437bdcee99ed993a3a94,VirusShare_00495,injector,136192,exe,trojan,61.76,2021-11-05T20:05:03+00:00,
cf22aca2e5e3ea89e010e0710554ffcd,VirusShare_00495,injector,513536,exe,trojan,66.18,2021-11-07T16:32:31+00:00,
cf419f864f004849cc4385dd287dfb81,VirusShare_00495,injector,136192,exe,trojan,72.46,2021-11-08T13:58:55+00:00,
d3853fdf36570d6ed7564116dac5ccfd,VirusShare_00495,injector,2448896,exe,trojan,76.81,2021-11-08T18:23:48+00:00,
d3c1cc2ce82d11669c21cef8706c881a,VirusShare_00495,injector,136192,exe,trojan,62.32,2021-11-05T18:42:57+00:00,
d6fc29659fd7267b7db74d8bc3c036e5,VirusShare_00495,injector,513536,exe,trojan,69.57,2021-11-08T04:35:31+00:00,
d9ae20445fbf2513d56533e6e64f0baa,VirusShare_00495,injector,136192,exe,trojan,61.19,2021-11-06T15:58:31+00:00,
dac5c04bc60f95e6b3e97da68236db1c,VirusShare_00495,injector,1395712,exe,trojan,61.76,2021-11-05T18:10:21+00:00,
db7ac0c657a001b72f409227a612425d,VirusShare_00495,injector,136192,exe,trojan,62.69,2021-11-03T22:52:27+00:00,
dba695d3edc4d014e8b0ff13324c8e6f,VirusShare_00495,injector,136192,exe,trojan,63.77,2021-11-05T22:38:10+00:00,
dc09ac11442b25ecc5977b213c63ccac,VirusShare_00495,injector,136192,exe,trojan,70.59,2021-11-08T16:05:11+00:00,
dc9e1bc5d3505b07883680249aea5b09,VirusShare_00495,injector,513536,exe,trojan,66.67,2021-11-08T17:02:14+00:00,
de12068a94f91622ff566fa22e01620d,VirusShare_00495,injector,136192,exe,trojan,63.24,2021-11-03T22:54:13+00:00,
de70d90f2e12b17e8cfa48f725ce4ac9,VirusShare_00495,injector,136192,exe,trojan,61.76,2021-11-05T19:14:09+00:00,
df5413aac19f99475beadcdc96dc65f7,VirusShare_00495,injector,136192,exe,trojan,62.32,2021-11-05T19:46:10+00:00,
dfe59c74acc638bb725352292c89d644,VirusShare_00495,injector,136192,exe,trojan,60.87,2021-11-05T19:35:46+00:00,
e0bd931542dc6a44576097c76983dc0c,VirusShare_00495,injector,136192,exe,trojan,62.32,2021-11-05T19:02:14+00:00,
e1cb828ad94275f02c7ad71c68558f46,VirusShare_00495,injector,136192,exe,trojan,64.71,2021-11-05T22:36:08+00:00,
e2864be40ef417010c1c0322c1889d54,VirusShare_00495,injector,136192,exe,trojan,66.18,2021-11-05T22:35:55+00:00,
e3f0e81cebf93187f39ee07dc87a5196,VirusShare_00495,injector,513536,exe,trojan,64.18,2021-11-05T17:00:36+00:00,
e8b6659502f5530b6004944434c2e7f6,VirusShare_00495,injector,513536,exe,trojan,64.18,2021-11-05T17:46:50+00:00,
ea02bd4447aa1eb28306784aaeea17da,VirusShare_00495,injector,136192,exe,trojan,65.22,2021-11-03T22:53:34+00:00,
ec17b2825826d965b6e2a869f3855827,VirusShare_00495,injector,394752,exe,trojan,58.21,2021-11-07T16:06:36+00:00,
ed49884331f52c54d4fd258df08d0b62,VirusShare_00495,injector,136192,exe,trojan,64.71,2021-11-03T20:20:07+00:00,
ee9f8710f39c53b8d373004fc56c3246,VirusShare_00495,injector,136192,exe,trojan,63.24,2021-11-03T22:53:49+00:00,
f23fea12f2975f685746bc6401afc3c2,VirusShare_00495,injector,136192,exe,trojan,63.77,2021-11-05T22:33:39+00:00,
f70ff533681378a21286dda03960bf47,VirusShare_00495,injector,2679296,exe,trojan,63.77,2021-11-05T17:06:18+00:00,
fc65726aab30ef86ff501f51f556ca87,VirusShare_00495,injector,513536,exe,trojan,68.12,2021-11-07T17:36:31+00:00,
fd4177eb2393da306e8eb6d2e1cf0d73,VirusShare_00495,injector,513536,exe,trojan,65.22,2021-11-05T22:34:10+00:00,
ffd3dd8a3f191a132c42422c16eed7de,VirusShare_00495,injector,513536,exe,trojan,63.77,2021-11-08T16:57:45+00:00,
03a08a124c365e4120c28d6ebedc6478,VirusShare_00499,injector,136192,exe,trojan,64.71,2021-11-12T17:25:37+00:00,
08f0c4f31fb9bf462cf11b66d1bd920b,VirusShare_00499,injector,394752,exe,trojan,60.29,2021-11-13T16:53:41+00:00,
0f170af851bfcc6ef9b2b23a46bed5b7,VirusShare_00499,injector,803328,exe,trojan,67.16,2021-11-13T23:36:22+00:00,
125d07ea8d56781ac5fbe15826965a49,VirusShare_00499,injector,2679296,exe,trojan,63.24,2021-11-10T19:33:49+00:00,
223cb8c868949f7a99669c1bdbd5916e,VirusShare_00499,injector,136192,exe,trojan,64.71,2021-11-12T18:29:31+00:00,
318e8c1ceea205ccc1907abb9c170aa9,VirusShare_00499,injector,136192,exe,trojan,66.18,2021-11-12T17:30:19+00:00,
33d89fb1032d2dad1d27a14e024d1ed2,VirusShare_00499,injector,513536,exe,trojan,77.61,2021-11-16T07:48:56+00:00,
33dd8a2afdaf0460ab462d4f77715aef,VirusShare_00499,injector,1395712,exe,trojan,63.77,2021-11-09T20:06:20+00:00,
3baff736b983335ee0fcb5d777c4f000,VirusShare_00499,injector,136192,exe,trojan,64.18,2021-11-12T17:31:26+00:00,
4523afa7cd7f8c4f361ef5359608f920,VirusShare_00499,injector,2679296,exe,trojan,76.19,2021-11-16T09:34:36+00:00,
54f7d6e51ce01dda0b69d698ce6b385a,VirusShare_00499,injector,513536,exe,trojan,61.76,2021-11-11T13:43:22+00:00,
560526ff5e4e5438993271d990df0413,VirusShare_00499,injector,513536,exe,trojan,74.63,2021-11-16T06:33:38+00:00,
59a7116efb93563de358e35d226a9979,VirusShare_00499,injector,513536,exe,trojan,68.66,2021-11-13T13:17:00+00:00,
5cf3d62ac510b32ce53d2c0e10737f43,VirusShare_00499,injector,513536,exe,trojan,65.67,2021-11-13T10:59:05+00:00,
61637ed64a84377963b07a149bc3d952,VirusShare_00499,injector,513536,exe,trojan,74.63,2021-11-15T11:14:46+00:00,
63f39810548b4b3d7f3b7b6f9c1e536f,VirusShare_00499,injector,136192,exe,trojan,63.24,2021-11-10T18:54:52+00:00,
6d7bbeed00b049ac9b69100980b1c365,VirusShare_00499,injector,513536,exe,trojan,70.59,2021-11-12T17:05:55+00:00,
72c74eee389026ed2e1b69dce3bb0eea,VirusShare_00499,injector,1027072,exe,trojan,69.12,2021-11-14T17:11:05+00:00,
740e034f4b15652e0f0a6dae5339f405,VirusShare_00499,injector,136192,exe,trojan,74.24,2021-11-16T06:52:11+00:00,
7aa31e5ef3bd40a6faabbf5ea5c98cbd,VirusShare_00499,injector,136192,exe,trojan,62.69,2021-11-12T16:33:26+00:00,
7b77c406e0365a1f125ac12008c6b754,VirusShare_00499,injector,803328,exe,trojan,69.12,2021-11-13T14:37:10+00:00,
8331a859d1151fa8dc5c3c74d6f2a1ab,VirusShare_00499,injector,136192,exe,trojan,65.22,2021-11-09T19:32:58+00:00,
8f42d6f0931cb62c468ff126a58a56a6,VirusShare_00499,injector,2448896,exe,trojan,80.3,2021-11-13T13:34:47+00:00,
99e4fdccd5ceeb18b3dedfb2f0141aca,VirusShare_00499,injector,136192,exe,trojan,64.71,2021-11-12T17:26:06+00:00,
9b95f513a12b0e99ccd3474647212e58,VirusShare_00499,injector,803328,exe,trojan,52.94,2021-11-12T17:27:08+00:00,
a42cf35cbcaf6741e57ede9c1ec850bc,VirusShare_00499,injector,2448896,exe,trojan,77.61,2021-11-13T06:20:44+00:00,
a8f41d8a37c87e3ab3a6602d5324ec6a,VirusShare_00499,injector,1260032,exe,trojan,60.87,2021-11-09T19:09:28+00:00,
c7bbd46530e82ade53d5ccda7b462a9c,VirusShare_00499,injector,513536,exe,trojan,73.53,2021-11-12T00:05:14+00:00,
cb439c28b184e89b4bb08622d79f77b6,VirusShare_00499,injector,513536,exe,trojan,77.94,2021-11-14T15:39:39+00:00,
d0b8cb15cb8eaa91ad570090521f0175,VirusShare_00499,injector,513536,exe,trojan,77.94,2021-11-17T10:05:36+00:00,
d3116ebcf49f545532ea6e9fe9d5be17,VirusShare_00499,injector,136192,exe,trojan,73.13,2021-11-13T12:09:12+00:00,
da13085de222d856114d3ed7f9e9ab4b,VirusShare_00499,injector,513536,exe,trojan,66.18,2021-11-13T06:09:04+00:00,
de0ae3fadf32d8d87a3e4205ae9b8c1c,VirusShare_00499,injector,136192,exe,trojan,71.21,2021-11-16T02:07:54+00:00,
e3a08d6e2900531afe9f94231434c139,VirusShare_00499,injector,136192,exe,trojan,73.13,2021-11-16T07:28:51+00:00,
e4aaa551bfe65b2a465a8059253483a8,VirusShare_00499,injector,513536,exe,trojan,75.0,2021-11-13T12:50:07+00:00,
f11d79c60fa2053c71641ab13cebff16,VirusShare_00499,injector,136192,exe,trojan,64.71,2021-11-12T16:42:57+00:00,
f257e1a39f944106d75925372276cb17,VirusShare_00499,injector,136192,exe,trojan,62.12,2021-11-12T17:46:51+00:00,
f7b264444bbcdd02321cbb1d1b85c48e,VirusShare_00499,injector,1606656,exe,trojan,48.53,2021-11-14T17:44:14+00:00,
fbe5285052c0cb1dae72410c9ca0e429,VirusShare_00499,injector,136192,exe,trojan,73.53,2021-11-16T00:22:28+00:00,
0000d8638f77e467a81891ebedd3fe1b,VirusShare_00495,injector,16634880,exe,trojan,75.76,2021-11-07T09:31:09+00:00,1992-06-19
000c3eb74de2af89bacd079554b06a96,VirusShare_00495,injector,8317440,exe,trojan,73.53,2021-11-03T22:58:15+00:00,1992-06-19
0019787a549d9f041ed30b0dc515e0ca,VirusShare_00495,injector,18677760,exe,trojan,70.59,2021-11-03T23:41:38+00:00,1992-06-19
004cfcdc4da3de3a9029f778df957f8c,VirusShare_00495,injector,16634880,exe,trojan,73.85,2021-11-08T07:32:36+00:00,1992-06-19
005e78bec777f467daf392de82509940,VirusShare_00495,injector,16634880,exe,trojan,71.64,2021-11-08T06:40:52+00:00,1992-06-19
00679f3556cec72d6b406d5f8106db34,VirusShare_00495,injector,18677760,exe,trojan,71.64,2021-11-03T08:50:37+00:00,1992-06-19
007e44e99f4b6cac9709309d1d594caf,VirusShare_00495,injector,18677760,exe,trojan,73.91,2021-11-04T17:09:29+00:00,1992-06-19
008b735387cb39f47aa437695081a11b,VirusShare_00495,injector,8316928,exe,trojan,72.06,2021-11-04T06:57:04+00:00,1992-06-19
0091846352fa6aff99058561eb36dd00,VirusShare_00495,injector,8317440,exe,trojan,73.53,2021-11-03T02:25:08+00:00,1992-06-19
00a730cbe430ab21c4c63d6144e6a3c3,VirusShare_00495,injector,8317440,exe,trojan,74.63,2021-11-05T11:01:55+00:00,1992-06-19
00aa1685ed28c4f38c4fcb7ec0fc1f93,VirusShare_00495,injector,12910592,exe,trojan,70.59,2021-11-07T01:50:12+00:00,1992-06-19
00b3ed1b6134822d62477bbf83fd9aa0,VirusShare_00495,injector,9338880,exe,trojan,73.53,2021-11-05T11:19:07+00:00,1992-06-19
00db08f4cf19686e6a105df35216e15c,VirusShare_00495,injector,10256384,exe,trojan,70.59,2021-11-07T09:00:45+00:00,1992-06-19
00e42d9801d115c7b40eada4b2c12b57,VirusShare_00495,injector,16634880,exe,trojan,73.91,2021-11-07T03:31:14+00:00,1992-06-19
012832f83b8d9992fc907973da2b6d8a,VirusShare_00495,injector,16634880,exe,trojan,72.86,2021-11-04T08:07:44+00:00,1992-06-19
01585c4541d32603b8cee70b9e3a420a,VirusShare_00495,injector,9338880,exe,trojan,75.0,2021-11-06T21:34:14+00:00,1992-06-19
0178e836208cee7c44b3d07637b5ef80,VirusShare_00495,injector,8316928,exe,trojan,73.91,2021-11-02T23:04:17+00:00,1992-06-19
01981150a0caa8a52eb3fe707b74c789,VirusShare_00495,injector,16633856,exe,trojan,73.91,2021-11-01T00:24:18+00:00,1992-06-19
01ef4afb6d5c46de37dd350afef284ce,VirusShare_00495,injector,16634880,exe,trojan,73.91,2021-10-30T23:47:01+00:00,1992-06-19
020fd4a2a265a2834cc70c1e46013d35,VirusShare_00495,injector,8316928,exe,trojan,73.53,2021-11-05T02:31:42+00:00,1992-06-19
022e3ccb2b09838a64bc9bba0b833a0d,VirusShare_00495,injector,16634880,exe,trojan,72.46,2021-11-01T07:48:09+00:00,1992-06-19
026a3f8f7fe9b5ae9e7bb422b1ab3751,VirusShare_00495,injector,16187392,exe,trojan,69.7,2021-11-04T12:39:13+00:00,1992-06-19
0274e93d8b3ed6293a25bc03fbce5784,VirusShare_00495,injector,8317440,exe,trojan,73.91,2021-11-04T11:15:19+00:00,1992-06-19
02b60fde0e4d9ed7efc50d50fc1f07d8,VirusShare_00495,injector,10396160,exe,trojan,73.91,2021-11-02T18:07:04+00:00,1992-06-19
02df1d5c35d4f70e7ddd60d9f10b28c4,VirusShare_00495,injector,8317440,exe,trojan,73.91,2021-11-07T02:41:29+00:00,1992-06-19
031e5f9c08f2bd93d3c21d11b2c4ed74,VirusShare_00495,injector,16634880,exe,trojan,73.53,2021-11-04T00:22:14+00:00,1992-06-19
0328753bc1dac89b1e4ca4c492d97f25,VirusShare_00495,injector,18677760,exe,trojan,73.91,2021-11-07T01:35:42+00:00,1992-06-19
0333e8d8e33ee14323ccab0822a6819e,VirusShare_00495,injector,16634880,exe,trojan,71.21,2021-11-03T00:15:32+00:00,1992-06-19
03a70f40843faeb4b8540ac0f482d48e,VirusShare_00495,injector,14237696,exe,trojan,66.18,2021-11-03T23:33:10+00:00,1992-06-19
03d867d4071c186b437374ea2ef36b82,VirusShare_00495,injector,16634880,exe,trojan,72.06,2021-10-31T19:19:41+00:00,1992-06-19
04003858d1f0a49cca23a24896e2017f,VirusShare_00495,injector,9338880,exe,trojan,72.06,2021-11-04T02:25:31+00:00,1992-06-19
040ab9065aa79eb4ed9539866c90f960,VirusShare_00495,injector,16634880,exe,trojan,73.91,2021-11-03T01:44:45+00:00,1992-06-19
0434efc6653a9dc7c534daea6dff5d76,VirusShare_00495,injector,9338880,exe,trojan,72.46,2021-11-07T02:37:31+00:00,1992-06-19
04a338a91646552b128a84f98a6aa517,VirusShare_00495,injector,8317440,exe,trojan,75.36,2021-11-04T11:53:31+00:00,1992-06-19
04b4421ce0ecce9522affcfcf9b775d7,VirusShare_00495,injector,16633856,exe,trojan,73.91,2021-11-03T15:54:04+00:00,1992-06-19
0544770f14f71907dbff88a158bab17c,VirusShare_00495,injector,16634880,exe,trojan,73.91,2021-10-31T12:38:30+00:00,1992-06-19
054c7a80a59566f83113d858f81272b4,VirusShare_00495,injector,12550144,exe,trojan,70.59,2021-11-08T13:30:43+00:00,1992-06-19
056484b86109d4251910c3bd1bb6a6eb,VirusShare_00495,injector,16634880,exe,trojan,72.46,2021-11-04T23:55:53+00:00,1992-06-19
05e2c0c4a983bcd786de8f142695e598,VirusShare_00495,injector,9338880,exe,trojan,74.63,2021-11-07T16:24:02+00:00,1992-06-19
05e9b9269029b82c9d1c6c5a2c8b3e2b,VirusShare_00495,injector,8317440,exe,trojan,73.91,2021-11-02T20:54:00+00:00,1992-06-19
06053c893a27ae40191b66de016bba5c,VirusShare_00495,injector,8316928,exe,trojan,72.06,2021-11-02T08:53:38+00:00,1992-06-19
060f3c8cba74fba7e9931072f16f331c,VirusShare_00495,injector,9338880,exe,trojan,73.91,2021-11-07T22:13:26+00:00,1992-06-19
06237a2090ca7ad1d91ba723189f02fb,VirusShare_00495,injector,8317440,exe,trojan,73.13,2021-11-07T11:45:24+00:00,1992-06-19
0654ec95876779defda8cf7a99bf2577,VirusShare_00495,injector,16634880,exe,trojan,71.64,2021-11-08T11:46:53+00:00,1992-06-19
068c117095baf08d3166ca7af836ed8a,VirusShare_00495,injector,8316928,exe,trojan,74.63,2021-11-05T11:19:26+00:00,1992-06-19
069392c386e55ad676802ca27eceea6c,VirusShare_00495,injector,18677760,exe,trojan,73.91,2021-11-03T22:04:15+00:00,1992-06-19
069ac46f77029cd027a33a321bc6f8c8,VirusShare_00495,injector,2079232,exe,trojan,75.36,2021-11-05T12:15:31+00:00,1992-06-19
06ea1ae5f61da73682e9df421a32544f,VirusShare_00495,injector,8317440,exe,trojan,73.91,2021-11-05T02:24:34+00:00,1992-06-19
072dc18aa0001877cf87ac9342a3254e,VirusShare_00495,injector,8317440,exe,trojan,73.53,2021-11-03T10:37:35+00:00,1992-06-19
074faf2382a150a9111a531c941db226,VirusShare_00495,injector,8316928,exe,trojan,75.36,2021-11-02T18:56:01+00:00,1992-06-19
079908acfbe28759281136075aa3a561,VirusShare_00495,injector,18677760,exe,trojan,69.23,2021-11-08T04:32:18+00:00,1992-06-19
07b980fdd99597a6b33015fdb9817d57,VirusShare_00495,injector,9338880,exe,trojan,73.13,2021-11-08T08:43:19+00:00,1992-06-19
07d7db9c8fc33050ed489541d98f1da1,VirusShare_00495,injector,8316928,exe,trojan,72.73,2021-11-04T02:00:32+00:00,1992-06-19
085b0d0a21a89d8faa254d30c46d4250,VirusShare_00495,injector,9338880,exe,trojan,73.91,2021-11-04T20:31:14+00:00,1992-06-19
094cc908e965dc658db24f634466b415,VirusShare_00495,injector,12475392,exe,trojan,71.01,2021-11-04T12:52:37+00:00,1992-06-19
099c78c7627340b177855cae5977a108,VirusShare_00495,injector,16634880,exe,trojan,73.91,2021-11-07T15:30:59+00:00,1992-06-19
09a92fa031d333f5963c2ac19ddaee0f,VirusShare_00495,injector,18677760,exe,trojan,71.01,2021-11-03T05:00:34+00:00,1992-06-19
0a07f48804c7f95cd3183d96e5bfe119,VirusShare_00495,injector,8317440,exe,trojan,73.91,2021-11-06T16:47:10+00:00,1992-06-19
0a334a448dbbcb81d5b57ad4e913c9da,VirusShare_00495,injector,16634880,exe,trojan,72.46,2021-11-08T16:43:38+00:00,1992-06-19
0a492e8cc5e48f1e21df11c1fc323dc9,VirusShare_00495,injector,16634880,exe,trojan,72.06,2021-11-02T22:29:51+00:00,1992-06-19
0a888b56bbc2cb624749db815e06d183,VirusShare_00495,injector,18677760,exe,trojan,73.91,2021-11-04T16:27:32+00:00,1992-06-19
0affe8c9ce0ad3d0de5393c0230206e7,VirusShare_00495,injector,18677760,exe,trojan,73.91,2021-11-07T17:49:22+00:00,1992-06-19
0b45cfc82c1c225b2f066edd80cca5e3,VirusShare_00495,injector,16634880,exe,trojan,71.01,2021-11-04T14:02:32+00:00,1992-06-19
0bb1ed750eb28f2358f364177a23430b,VirusShare_00495,injector,8317440,exe,trojan,72.31,2021-11-01T05:03:50+00:00,1992-06-19
0bc806721813402a20b043d4319214bf,VirusShare_00495,injector,16633856,exe,trojan,73.91,2021-11-01T14:05:54+00:00,1992-06-19
0bf56f99ccc086a6244e8b2f9d384a8c,VirusShare_00495,injector,8317440,exe,trojan,75.36,2021-11-06T19:48:00+00:00,1992-06-19
0c42da19aef74629864b4f02a16c5da8,VirusShare_00495,injector,2079232,exe,trojan,71.01,2021-11-08T17:25:57+00:00,1992-06-19
0c5ee57f67a8b623ba524900a9fde808,VirusShare_00495,injector,16634880,exe,trojan,73.91,2021-11-04T23:50:06+00:00,1992-06-19
0c9e69785612f0d93550f1c3e205fa1d,VirusShare_00495,injector,8317440,exe,trojan,73.91,2021-11-03T14:11:39+00:00,1992-06-19
0d241f99d026f88f7fd3ea046a71e2e9,VirusShare_00495,injector,18677760,exe,trojan,73.91,2021-11-04T11:19:18+00:00,1992-06-19
0d38bad6f2fea36ee193f36d516c58c5,VirusShare_00495,injector,16634880,exe,trojan,72.06,2021-11-06T18:12:26+00:00,1992-06-19
0d42ec3c26b9880b1339663c7e67c656,VirusShare_00495,injector,8317440,exe,trojan,73.91,2021-11-02T22:49:13+00:00,1992-06-19
0d9c4a6ecbcdd5953d1ba3d1a51ca90b,VirusShare_00495,injector,16634880,exe,trojan,70.97,2021-11-05T19:39:44+00:00,1992-06-19
0e05f9aa9f5746d822bd7f49d8d57494,VirusShare_00495,injector,2079232,exe,trojan,72.06,2021-11-09T02:16:14+00:00,1992-06-19
0e0df2365437a802a998036d931d22e3,VirusShare_00495,injector,8316928,exe,trojan,75.36,2021-11-05T15:10:15+00:00,1992-06-19
0e331457392c893eb97cdf84070dadac,VirusShare_00495,injector,16634880,exe,trojan,73.91,2021-11-03T01:15:29+00:00,1992-06-19
0e8949d6d255b98fa275e628abb16a37,VirusShare_00495,injector,9338880,exe,trojan,73.33,2021-11-02T23:49:10+00:00,1992-06-19
0ecb4a39b80236a6a7c9d5400638a1e0,VirusShare_00495,injector,8317440,exe,trojan,61.76,2021-11-05T01:49:41+00:00,1992-06-19
0edf0d52bff4cfc0f5628257dd855ee0,VirusShare_00495,injector,8317440,exe,trojan,73.91,2021-11-04T18:38:48+00:00,1992-06-19
0ef65cff3709cdbb5d4a9b5fe18ee437,VirusShare_00495,injector,20792320,exe,trojan,73.53,2021-11-08T09:35:22+00:00,1992-06-19
0f14c301e71ead28a92b0ac509bfe817,VirusShare_00495,injector,18677760,exe,trojan,74.63,2021-11-07T01:55:01+00:00,1992-06-19
0f3588647cb53dda833f14531b55d5f3,VirusShare_00495,injector,8317440,exe,trojan,75.36,2021-11-06T01:11:30+00:00,1992-06-19
0f3686fdc62c0ae585179c1b76452d40,VirusShare_00495,injector,1133056,exe,trojan,44.78,2021-11-09T09:16:59+00:00,1992-06-19
0f7e85b8d4b988df4dd872e6a9e498c5,VirusShare_00495,injector,16634880,exe,trojan,73.53,2021-11-07T17:42:59+00:00,1992-06-19
0fc5d2c70eca0b98043892941ea34b11,VirusShare_00495,injector,18677760,exe,trojan,73.13,2021-11-01T08:28:31+00:00,1992-06-19
105aec3e43bf7a34ed52906b3b504664,VirusShare_00495,injector,18677760,exe,trojan,74.63,2021-11-04T08:41:47+00:00,1992-06-19
109cdca0c6c3beda6775d667c7dc43c6,VirusShare_00495,injector,9338880,exe,trojan,70.77,2021-11-04T17:04:29+00:00,1992-06-19
10c4de02a7ed6c1cb7403487504f3035,VirusShare_00495,injector,9338880,exe,trojan,75.36,2021-11-02T22:49:23+00:00,1992-06-19
10c9c3703b8cf7114a6116e39e39e756,VirusShare_00495,injector,16634880,exe,trojan,73.53,2021-11-03T02:28:33+00:00,1992-06-19
10fa11dd0f716492a48e4ffe76156111,VirusShare_00495,injector,16633856,exe,trojan,73.91,2021-11-06T18:39:27+00:00,1992-06-19
112d9208cbf9b36ff7af326a06b10a4e,VirusShare_00495,injector,8317440,exe,trojan,75.0,2021-11-03T07:45:07+00:00,1992-06-19
1131634e8a70b741acc0745d63d149af,VirusShare_00495,injector,16633856,exe,trojan,74.63,2021-11-01T15:24:28+00:00,1992-06-19
11386dea7e28c1e0a23c43fb417b9c75,VirusShare_00495,injector,18677760,exe,trojan,73.91,2021-11-05T10:41:14+00:00,1992-06-19
11b93b62c934e69e5d63effa1ac20e61,VirusShare_00495,injector,2079232,exe,trojan,71.01,2021-11-01T02:55:06+00:00,1992-06-19
11dfeb507af76ea9d1484d9c56fbf3ec,VirusShare_00495,injector,12222464,exe,trojan,74.24,2021-11-04T03:18:44+00:00,1992-06-19
120f9b4116e4d31deef56e1c23c6ccfb,VirusShare_00495,injector,8317440,exe,trojan,73.91,2021-11-06T23:13:20+00:00,1992-06-19
123ec32dfbe840a9cb8e8b08c7961282,VirusShare_00495,injector,16634880,exe,trojan,73.53,2021-10-31T21:43:37+00:00,1992-06-19
1268a330b3312afa0a54404231a62b47,VirusShare_00495,injector,16634880,exe,trojan,73.91,2021-10-31T13:14:20+00:00,1992-06-19
128f7b70c8ffad9c18a884df1e546c12,VirusShare_00495,injector,6237696,exe,trojan,86.96,2021-11-05T17:35:31+00:00,1992-06-19
12a6ccd51d603af5f1d2b20467f73414,VirusShare_00495,injector,16633856,exe,trojan,70.15,2021-11-03T18:40:46+00:00,1992-06-19
12c28ec19adaf34b0d2ac1bf65ba883a,VirusShare_00495,injector,8317440,exe,trojan,73.53,2021-11-03T03:09:35+00:00,1992-06-19
12ea1e22e535c54fe8aa2497bfeb6dde,VirusShare_00495,injector,8316928,exe,trojan,75.36,2021-11-03T08:54:15+00:00,1992-06-19
133820997837c6f1e38a731cc2d2d6f8,VirusShare_00495,injector,18677760,exe,trojan,73.44,2021-11-03T09:47:37+00:00,1992-06-19
134cc1f30a0d9ceb756f19e281732278,VirusShare_00495,injector,18677760,exe,trojan,71.64,2021-11-03T15:34:01+00:00,1992-06-19
1352a6f4fb94590807b07bdbf4ac7f66,VirusShare_00495,injector,16633856,exe,trojan,73.91,2021-11-08T06:55:34+00:00,1992-06-19
135aa27bd6b37147c5ba27453100d05a,VirusShare_00495,injector,13041664,exe,trojan,69.12,2021-11-03T06:58:22+00:00,1992-06-19
13923b1135eef9eeb84b81e60b674d22,VirusShare_00495,injector,8317440,exe,trojan,73.91,2021-11-02T22:27:33+00:00,1992-06-19
13b1602f3bfe87f25db4667437b66560,VirusShare_00495,injector,8316928,exe,trojan,71.21,2021-11-08T08:52:49+00:00,1992-06-19
140a404d949d003647fd9530a11bbe6e,VirusShare_00495,injector,16634880,exe,trojan,76.47,2021-11-01T14:50:14+00:00,1992-06-19
140f3cf4de6a216ddddba7694e97ea03,VirusShare_00495,injector,12910592,exe,trojan,71.01,2021-11-07T20:16:03+00:00,1992-06-19
146dfdfaa6d38df61555b66e684df0a9,VirusShare_00495,injector,16633856,exe,trojan,72.06,2021-11-03T00:42:59+00:00,1992-06-19
150f44e45addd6fc1cece2b3eca8a27a,VirusShare_00495,injector,1659936,exe,trojan,53.73,2021-11-05T11:09:55+00:00,1992-06-19
1548043883c34537a8e4c76f6226bd74,VirusShare_00495,injector,9338880,exe,trojan,72.46,2021-11-08T11:39:37+00:00,1992-06-19
1553927a807d837372c05dfb343b28b3,VirusShare_00495,injector,9338880,exe,trojan,71.21,2021-11-04T02:05:44+00:00,1992-06-19
156049c82f9062457e644634781ce890,VirusShare_00495,injector,16634880,exe,trojan,80.6,2021-11-06T15:42:16+00:00,1992-06-19
156eef159d104c5a1633017751f1778c,VirusShare_00495,injector,16634880,exe,trojan,72.58,2021-11-02T14:21:17+00:00,1992-06-19
15b8426f9dfc5dda33c08b2457554559,VirusShare_00495,injector,16634880,exe,trojan,73.53,2021-11-02T23:48:20+00:00,1992-06-19
1646bcb7c7ddbe1f5f1a15a703ad54b6,VirusShare_00495,injector,12222464,exe,trojan,71.01,2021-11-01T23:35:32+00:00,1992-06-19
16490efa118fb577ddcfe95180ca5a58,VirusShare_00495,injector,9338880,exe,trojan,72.46,2021-11-03T03:45:13+00:00,1992-06-19
167251eee40b445db8c031622b2f083b,VirusShare_00495,injector,12222464,exe,trojan,71.64,2021-11-02T22:26:10+00:00,1992-06-19
1691b5be4df6288b3105de54af4a71e9,VirusShare_00495,injector,8317440,exe,trojan,69.57,2021-11-05T00:48:29+00:00,1992-06-19
16b25214d7e68297b248a7885184e05c,VirusShare_00495,injector,16634880,exe,trojan,72.46,2021-11-01T00:55:44+00:00,1992-06-19
17789753f8ab0f5525809dc54375afa6,VirusShare_00495,injector,16634880,exe,trojan,72.46,2021-11-06T03:36:13+00:00,1992-06-19
179b88f2753356ff7a74cae40492b1e6,VirusShare_00495,injector,16634880,exe,trojan,71.21,2021-11-02T12:14:01+00:00,1992-06-19
17cba07bbf6ef5904111f8902f58ed35,VirusShare_00495,injector,16634880,exe,trojan,70.31,2021-11-02T12:34:49+00:00,1992-06-19
17eb08cfb2c7bd6b4fb02583b29bea45,VirusShare_00495,injector,18677760,exe,trojan,73.91,2021-10-30T23:00:09+00:00,1992-06-19
181b37784b76f9d1441ca9f314c6fefe,VirusShare_00495,injector,9338880,exe,trojan,71.64,2021-11-08T04:04:21+00:00,1992-06-19
181b5bb2a058ffd5b1da9e741b9e2d67,VirusShare_00495,injector,8317440,exe,trojan,73.91,2021-11-03T02:12:14+00:00,1992-06-19
1842bc6ac796e9a14277f511536b8fe2,VirusShare_00495,injector,8317440,exe,trojan,73.91,2021-11-02T21:23:00+00:00,1992-06-19
184a09a8375adeb47a80d61fa2ac6cb5,VirusShare_00495,injector,18677760,exe,trojan,72.73,2021-11-04T13:45:46+00:00,1992-06-19
18853b058d8ef2bda2682f541a3e4ed0,VirusShare_00495,injector,18677760,exe,trojan,69.12,2021-11-01T06:51:47+00:00,1992-06-19
189360d05a4b90398fced0d2654abec1,VirusShare_00495,injector,9338880,exe,trojan,71.01,2021-11-07T08:57:28+00:00,1992-06-19
18ad2693ea9f6ed66978d76b1543727f,VirusShare_00495,injector,16634880,exe,trojan,73.91,2021-11-04T16:25:33+00:00,1992-06-19
1901e2d58d4bb1ddc13f11c052d5b03f,VirusShare_00495,injector,18677760,exe,trojan,70.15,2021-11-06T21:52:30+00:00,1992-06-19
19376959a6ce57bb22d8024703089ba6,VirusShare_00495,injector,8317440,exe,trojan,75.36,2021-11-05T02:52:25+00:00,1992-06-19
195f8ee7709852e3eb99ea517e279195,VirusShare_00495,injector,8317440,exe,trojan,75.0,2021-11-03T05:21:29+00:00,1992-06-19
1994305e3778c5b8e0b196c7958f8ff2,VirusShare_00495,injector,16634880,exe,trojan,73.53,2021-11-04T13:14:29+00:00,1992-06-19
1995d1e8f9ce19260808fcf039c2dd19,VirusShare_00495,injector,16634880,exe,trojan,73.91,2021-11-02T22:31:21+00:00,1992-06-19
19cbd7cb646d6b459b9509283a8103de,VirusShare_00495,injector,16634880,exe,trojan,73.91,2021-11-07T03:39:37+00:00,1992-06-19
19cdefc2ed1da89c3b3a80655f251f7a,VirusShare_00495,injector,16634880,exe,trojan,72.46,2021-11-05T13:23:16+00:00,1992-06-19
19eb17be812f70d5f9c738b569a3454e,VirusShare_00495,injector,1081858,exe,trojan,20.59,2021-11-04T12:58:20+00:00,1992-06-19
19ecb7a886c19bf0c06853ab04ab9d9b,VirusShare_00495,injector,16634880,exe,trojan,70.0,2021-11-02T08:56:41+00:00,1992-06-19
1a309561919acd28e08ddb1c0b5d4ac9,VirusShare_00495,injector,16634880,exe,trojan,73.91,2021-11-03T00:19:34+00:00,1992-06-19
1a5d8fa55637b746c87bca28a376b7e7,VirusShare_00495,injector,18677760,exe,trojan,73.91,2021-11-03T16:00:22+00:00,1992-06-19
1aa2b63e4bffb2563682c4c0124f3cd9,VirusShare_00495,injector,12222464,exe,trojan,72.46,2021-11-05T03:25:55+00:00,1992-06-19
1aa6d6b217a49ff6f62467d9724ac2c6,VirusShare_00495,injector,16634880,exe,trojan,75.36,2021-11-04T13:22:29+00:00,1992-06-19
1addf1453c13646bad85d7887bb61b0e,VirusShare_00495,injector,16634880,exe,trojan,75.0,2021-11-03T11:47:00+00:00,1992-06-19
1b2fb039d559a9f542b1210bcd92af17,VirusShare_00495,injector,18677760,exe,trojan,75.0,2021-11-04T14:58:55+00:00,1992-06-19
1b4c1c8c02f817553abd79fd91bd36b9,VirusShare_00495,injector,8317440,exe,trojan,73.91,2021-11-01T19:42:14+00:00,1992-06-19
1bc0b0ba903d9cc2b388deec2e9a8acf,VirusShare_00495,injector,9338880,exe,trojan,73.53,2021-11-06T10:21:50+00:00,1992-06-19
1bcb3074df03ca80c46ae06a664f7047,VirusShare_00495,injector,18677760,exe,trojan,75.0,2021-11-03T03:19:51+00:00,1992-06-19
1be5198a14a64c7f92a1ccbff903d425,VirusShare_00495,injector,8317440,exe,trojan,73.91,2021-11-01T00:34:31+00:00,1992-06-19
1c437363fcbc703ed2aa9898ad652d5f,VirusShare_00495,injector,18677760,exe,trojan,73.91,2021-11-04T15:50:44+00:00,1992-06-19
1c51e9875bc9475a9b805240ac46abea,VirusShare_00495,injector,16634880,exe,trojan,72.06,2021-10-30T19:44:54+00:00,1992-06-19
1c55d9eaf71e4fa2733dbfddaee8bde2,VirusShare_00495,injector,9338880,exe,trojan,75.36,2021-11-03T03:52:53+00:00,1992-06-19
1c6bee48f9458b9168521a66e43dd6b0,VirusShare_00495,injector,635017,exe,trojan,40.3,2021-11-04T00:44:35+00:00,1992-06-19
1c734eecd780d18f8c4af62be44743e7,VirusShare_00495,injector,12910592,exe,trojan,67.65,2021-11-04T06:58:19+00:00,1992-06-19
1cb9c37674b32d7256aa7e4042534d8c,VirusShare_00495,injector,8317440,exe,trojan,73.91,2021-11-08T04:44:47+00:00,1992-06-19
1cd44f4464fa8e06c9243d9b20c87edc,VirusShare_00495,injector,9338880,exe,trojan,73.53,2021-11-05T01:50:08+00:00,1992-06-19
1cf654cde88bd03f9fa1a976b6a5c96f,VirusShare_00495,injector,8317440,exe,trojan,72.46,2021-11-03T00:14:10+00:00,1992-06-19
1d228394dd9ab4ef6b0f2952aecdb71d,VirusShare_00495,injector,18677760,exe,trojan,71.01,2021-11-05T01:08:30+00:00,1992-06-19
1d3853765c711f1a2b43cdfec3f05f26,VirusShare_00495,injector,16634880,exe,trojan,73.53,2021-11-05T11:45:31+00:00,1992-06-19
1d5f295ea2bca26f1c20b389daf4b177,VirusShare_00495,injector,16634880,exe,trojan,72.06,2021-11-07T17:46:17+00:00,1992-06-19
1d96e6bd9285cc186a64192f09075015,VirusShare_00495,injector,9338880,exe,trojan,75.0,2021-11-04T19:25:19+00:00,1992-06-19
1de2fe22ca1fb0e4be6458214fa129d7,VirusShare_00495,injector,16634880,exe,trojan,67.65,2021-11-03T19:42:05+00:00,1992-06-19
1dec6d23acc455c3dfb3f7d34d21a61a,VirusShare_00495,injector,16634880,exe,trojan,73.91,2021-11-03T00:14:27+00:00,1992-06-19
1e2ad4ffcc284c6bddd8ea35dd54e3e3,VirusShare_00495,injector,8459776,exe,trojan,67.16,2021-11-07T19:52:50+00:00,1992-06-19
1e7ac158d340787c26fd27633173fba3,VirusShare_00495,injector,12222464,exe,trojan,75.0,2021-11-02T17:52:13+00:00,1992-06-19
1e7fcbe9643ac7c6202c2e70fac093fe,VirusShare_00495,injector,16634880,exe,trojan,72.06,2021-11-03T02:28:31+00:00,1992-06-19
1ebb042bf9c656722951330a89bc50a7,VirusShare_00495,injector,8093696,exe,trojan,72.46,2021-11-01T12:00:58+00:00,1992-06-19
1f3d5a263a8e323591fa4af6c03686b3,VirusShare_00495,injector,18677760,exe,trojan,73.53,2021-11-04T17:15:15+00:00,1992-06-19
1f9aa2cf78edee0f47ffa6ea4d1d13a0,VirusShare_00495,injector,14237696,exe,trojan,70.59,2021-11-04T02:17:12+00:00,1992-06-19
1fa7d900e6ce86f834adc74c7bec7d17,VirusShare_00495,injector,8316928,exe,trojan,73.91,2021-11-07T00:57:28+00:00,1992-06-19
1fb5b5d0ff94e56cc4b647a8841fac8d,VirusShare_00495,injector,16634880,exe,trojan,75.36,2021-11-03T15:54:07+00:00,1992-06-19
200076df29f7e6d92b267a36d1590570,VirusShare_00495,injector,16633856,exe,trojan,71.64,2021-11-07T01:05:25+00:00,1992-06-19
201d68d3303e524be3dc7c75718e721e,VirusShare_00495,injector,16633856,exe,trojan,73.13,2021-11-05T03:15:30+00:00,1992-06-19
203cc4a1e0725d55767d67f47f812356,VirusShare_00495,injector,9338880,exe,trojan,72.06,2021-11-04T11:13:33+00:00,1992-06-19
204177c8f440ab1a37498c13017f3a57,VirusShare_00495,injector,9338880,exe,trojan,73.91,2021-11-02T18:44:04+00:00,1992-06-19
2064bd7643277c22709818c070f732db,VirusShare_00495,injector,16634880,exe,trojan,71.21,2021-11-04T02:22:59+00:00,1992-06-19
2085e3d00ceaea6e32d025e351f5fa9d,VirusShare_00495,injector,16634880,exe,trojan,72.46,2021-11-04T01:33:11+00:00,1992-06-19
20cca901cedf0e1e76773857ed9761de,VirusShare_00495,injector,8317440,exe,trojan,73.91,2021-11-07T22:28:16+00:00,1992-06-19
20d11525151b92dcae5ee2c765b8b441,VirusShare_00495,injector,18677760,exe,trojan,67.16,2021-11-02T09:04:01+00:00,1992-06-19
20ee687d6b9028c7659a33418d08c473,VirusShare_00495,injector,9338880,exe,trojan,72.06,2021-11-04T09:54:29+00:00,1992-06-19
210d14f8d42f4ac8aa34af214dd44eaf,VirusShare_00495,injector,16634880,exe,trojan,70.15,2021-11-01T07:09:09+00:00,1992-06-19
211b7df610c1f076935105bae71101f3,VirusShare_00495,injector,8093696,exe,trojan,73.13,2021-11-03T22:38:09+00:00,1992-06-19
21434fb754271e444beae72781fea1cf,VirusShare_00495,injector,16634880,exe,trojan,70.15,2021-11-03T16:01:48+00:00,1992-06-19
216f41a2cd7620f6ab1c10bfe085ca43,VirusShare_00495,injector,8317440,exe,trojan,73.91,2021-10-31T21:17:50+00:00,1992-06-19
21ba309aab4cc7b42b0c8328bfd1a90c,VirusShare_00495,injector,8316928,exe,trojan,66.67,2021-11-02T23:23:07+00:00,1992-06-19
21d668470cadee85afaef734d223a591,VirusShare_00495,injector,18677760,exe,trojan,69.57,2021-11-04T11:16:28+00:00,1992-06-19
21f24eaebd388baec9e8c075f690c8d2,VirusShare_00495,injector,8317440,exe,trojan,74.63,2021-11-07T10:15:46+00:00,1992-06-19
21f5fdda086c8114e4b65e68e587da19,VirusShare_00495,injector,16634880,exe,trojan,75.36,2021-10-30T20:01:59+00:00,1992-06-19
22033bd96f852daa2dfe3d31ad108378,VirusShare_00495,injector,16634880,exe,trojan,72.46,2021-11-05T03:21:16+00:00,1992-06-19
2219a99c9e54b52fdb7b7c13f5fe4e40,VirusShare_00495,injector,8317440,exe,trojan,73.44,2021-11-07T22:23:20+00:00,1992-06-19
2249ad7d9db2cd0b6f400713be71fa3e,VirusShare_00495,injector,9338880,exe,trojan,71.88,2021-11-03T05:03:07+00:00,1992-06-19
22619ee6be77c353b3b2f3067be2caa9,VirusShare_00495,injector,16634880,exe,trojan,73.53,2021-11-04T05:14:14+00:00,1992-06-19
22a8ef429d4b7f0536ace14a22da0e4a,VirusShare_00495,injector,18677760,exe,trojan,73.53,2021-11-04T06:27:19+00:00,1992-06-19
22f23c0170c9732b52e3c0f5f928f705,VirusShare_00495,injector,16634880,exe,trojan,70.77,2021-11-05T02:38:32+00:00,1992-06-19
23af15d0e7c2da39ef1b2869cf3fab95,VirusShare_00495,injector,16634880,exe,trojan,73.91,2021-11-03T00:33:22+00:00,1992-06-19
23ca353ec29fb167ac5ca64fe650fd1f,VirusShare_00495,injector,8317440,exe,trojan,75.36,2021-11-04T16:51:43+00:00,1992-06-19
23d90562650dc5396261c1181ccf4ed6,VirusShare_00495,injector,16633856,exe,trojan,82.09,2021-11-05T03:34:47+00:00,1992-06-19
243405f83bdf7c89ae95a7f38c4c216c,VirusShare_00495,injector,16634880,exe,trojan,70.59,2021-11-02T22:31:19+00:00,1992-06-19
2448a52c43e068e2e928fd12fdc4feb7,VirusShare_00495,injector,12517376,exe,trojan,67.16,2021-11-07T13:11:44+00:00,1992-06-19
246f86135de206e2cbd5bb4f0f0517fe,VirusShare_00495,injector,16633856,exe,trojan,72.06,2021-11-03T02:30:26+00:00,1992-06-19
2474b472404a941441bcf7da8a405704,VirusShare_00495,injector,16634880,exe,trojan,73.53,2021-11-04T01:02:24+00:00,1992-06-19
24f3be7bd89a2dee892ff2f0da130845,VirusShare_00495,injector,16634880,exe,trojan,71.01,2021-11-01T04:10:04+00:00,1992-06-19
252bb404dcc29ac2e400f6574f722de8,VirusShare_00495,injector,16634880,exe,trojan,79.71,2021-11-05T12:46:02+00:00,1992-06-19
25333842439b1ec3c0920de5758632a6,VirusShare_00495,injector,8317440,exe,trojan,75.36,2021-11-03T16:12:07+00:00,1992-06-19
25452b636b39119c223d2ae23e0b8e5e,VirusShare_00495,injector,18677760,exe,trojan,73.91,2021-11-01T02:25:51+00:00,1992-06-19
25a3bbe06bc92e99c5a83b65a45ade50,VirusShare_00495,injector,18677760,exe,trojan,75.36,2021-11-06T21:10:50+00:00,1992-06-19
25f5e4b9c7a987eaa3c41a1912543654,VirusShare_00495,injector,11272192,exe,trojan,66.67,2021-11-04T18:22:52+00:00,1992-06-19
2611f62bb59b349d527dc0044d09871c,VirusShare_00495,injector,9338880,exe,trojan,73.53,2021-11-04T02:51:35+00:00,1992-06-19
262b6d2aeacfa77db80d6757f008758c,VirusShare_00495,injector,14237696,exe,trojan,71.01,2021-11-02T18:24:09+00:00,1992-06-19
2667635b0bd094b83bc16a190bf7616c,VirusShare_00495,injector,16634880,exe,trojan,73.91,2021-11-07T17:52:05+00:00,1992-06-19
26e3913d1d371a84a1fdd8efd71a0919,VirusShare_00495,injector,16633856,exe,trojan,71.21,2021-10-31T13:33:33+00:00,1992-06-19
2703484ef0c28625e35cea882f6c721c,VirusShare_00495,injector,8317440,exe,trojan,75.0,2021-11-07T07:15:45+00:00,1992-06-19
27175950fee337db3b8dcef2e9f44fea,VirusShare_00495,injector,16633856,exe,trojan,70.59,2021-11-08T14:21:38+00:00,1992-06-19
277e08b126ef408606e157a918c9b2de,VirusShare_00495,injector,8317440,exe,trojan,72.46,2021-10-31T02:47:51+00:00,1992-06-19
27bb28fb8143d2f79904f22efa60e04e,VirusShare_00495,injector,2079232,exe,trojan,72.46,2021-11-04T11:30:14+00:00,1992-06-19
27bbcf5486197f7a1d2b08f23baec228,VirusShare_00495,injector,16634880,exe,trojan,73.53,2021-11-01T13:07:18+00:00,1992-06-19
2814e1fe7654ed475a0a286a391bbf05,VirusShare_00495,injector,14237696,exe,trojan,72.31,2021-11-08T10:14:05+00:00,1992-06-19
28755964fa220ed9c582e0c6c54f2386,VirusShare_00495,injector,16634880,exe,trojan,71.64,2021-11-04T19:29:36+00:00,1992-06-19
2898e6b0e7060314b9aa5e57a179952f,VirusShare_00495,injector,8317440,exe,trojan,75.0,2021-11-05T14:34:16+00:00,1992-06-19
289fc0a036527cc0fb7f1cef5a6397dc,VirusShare_00495,injector,9338880,exe,trojan,72.46,2021-11-04T17:15:48+00:00,1992-06-19
28d2fd760851cfe3962465a61af525f9,VirusShare_00495,injector,1081858,exe,trojan,36.23,2021-11-04T18:03:19+00:00,1992-06-19
29346a7fdf5b5814796da82924daee1e,VirusShare_00495,injector,8317440,exe,trojan,75.36,2021-11-05T00:52:55+00:00,1992-06-19
29664feba58d3cec0b5de88b40a06779,VirusShare_00495,injector,18677760,exe,trojan,73.53,2021-11-07T18:45:10+00:00,1992-06-19
296f3d0f9f74de903659bc69694c3b61,VirusShare_00495,injector,16634880,exe,trojan,72.46,2021-11-07T18:50:04+00:00,1992-06-19
299386939cb0ea09b8e417aa08f1a203,VirusShare_00495,injector,8316928,exe,trojan,75.0,2021-11-02T23:23:08+00:00,1992-06-19
2996c210cbceff8a72a50f662de29c53,VirusShare_00495,injector,8317440,exe,trojan,75.36,2021-11-06T02:10:39+00:00,1992-06-19
2a34de62b07a2950d6b0f97fb6b1154a,VirusShare_00495,injector,16633856,exe,trojan,68.66,2021-11-01T06:33:58+00:00,1992-06-19
2a58f1a143b0a21cb8512b8eb783619d,VirusShare_00495,injector,8317440,exe,trojan,73.91,2021-11-08T12:26:36+00:00,1992-06-19
2a84f953216218bb133e02513da928f8,VirusShare_00495,injector,16633856,exe,trojan,71.01,2021-11-06T17:10:17+00:00,1992-06-19
2aa302409b93db72b3f6abf7a5038ed3,VirusShare_00495,injector,8316928,exe,trojan,75.36,2021-11-04T02:27:38+00:00,1992-06-19
2abda544a0da6d8b2cca86e4f1729983,VirusShare_00495,injector,8317440,exe,trojan,72.06,2021-11-05T03:18:36+00:00,1992-06-19
2af029e8f7302d0267c44f9df3b8189f,VirusShare_00495,injector,9338880,exe,trojan,75.0,2021-11-03T02:59:07+00:00,1992-06-19
2afa61094420ecc34b7b69f9a863609d,VirusShare_00495,injector,9338880,exe,trojan,73.91,2021-11-07T00:39:38+00:00,1992-06-19
2afec468ed10ffa56fb5db04ccc1de58,VirusShare_00495,injector,16633856,exe,trojan,73.53,2021-11-03T16:28:17+00:00,1992-06-19
2b0dc145ff43b98df21612a7fac67caf,VirusShare_00495,injector,16633856,exe,trojan,73.91,2021-11-05T15:10:24+00:00,1992-06-19
2b2592f92df20c2ad17323a7aec64fbf,VirusShare_00495,injector,8316928,exe,trojan,73.13,2021-11-04T18:07:48+00:00,1992-06-19
2b2b0d36f6ccf2e9c9cbb87a212b84f2,VirusShare_00495,injector,18677760,exe,trojan,73.91,2021-11-07T22:27:48+00:00,1992-06-19
2b5a493a3baf00ea4b146d7be7b72276,VirusShare_00495,injector,16634880,exe,trojan,73.91,2021-11-03T14:16:10+00:00,1992-06-19
2bb7aa69e59b08910fe6ea564317c16a,VirusShare_00495,injector,18677760,exe,trojan,72.06,2021-11-04T13:58:20+00:00,1992-06-19
2bb992c9e220945094aa58d1954f3a90,VirusShare_00495,injector,8317440,exe,trojan,75.0,2021-11-03T07:28:17+00:00,1992-06-19
2bdccff1cd17ad11de8d72dd093b38e9,VirusShare_00495,injector,18677760,exe,trojan,69.12,2021-11-03T08:50:39+00:00,1992-06-19
2be6a16e94b367c5934dbd9156247fef,VirusShare_00495,injector,9338880,exe,trojan,73.53,2021-11-08T00:15:05+00:00,1992-06-19
2c3f97a08f85c7a964a61200a03fcd8f,VirusShare_00495,injector,18677760,exe,trojan,69.7,2021-11-04T17:11:40+00:00,1992-06-19
2c53c5828802d64d07f55c46dd5eb67d,VirusShare_00495,injector,18677760,exe,trojan,73.53,2021-10-31T00:22:19+00:00,1992-06-19
2c6824f510087bda146c265c1c1ae5e2,VirusShare_00495,injector,8316928,exe,trojan,71.88,2021-11-02T13:35:49+00:00,1992-06-19
2c772f8b6e0b2eef9508bc6d3c26c798,VirusShare_00495,injector,18677760,exe,trojan,73.53,2021-11-04T13:59:51+00:00,1992-06-19
2cac95547991a17bd2ea34b6abdd5c1a,VirusShare_00495,injector,18677760,exe,trojan,76.12,2021-11-07T10:59:10+00:00,1992-06-19
2cfc8cc725c740b628b4d78ea4e2985d,VirusShare_00495,injector,18677760,exe,trojan,73.53,2021-11-07T11:02:54+00:00,1992-06-19
2d2d01882f3adefa6655d757353cba26,VirusShare_00495,injector,8317440,exe,trojan,75.0,2021-11-04T04:02:13+00:00,1992-06-19
2d37e162fea2a51f02dc62a8c50f542f,VirusShare_00495,injector,8316928,exe,trojan,75.0,2021-11-03T17:33:38+00:00,1992-06-19
2d61cd29addba03b71114f4fff9885af,VirusShare_00495,injector,16633856,exe,trojan,70.59,2021-11-04T20:25:27+00:00,1992-06-19
2d7e41ce6f099fe37875b85fc360736b,VirusShare_00495,injector,9338880,exe,trojan,74.63,2021-11-02T22:44:12+00:00,1992-06-19
2d87f71e7c4a61f9d31595f03b299e6c,VirusShare_00495,injector,16634880,exe,trojan,73.91,2021-11-04T20:12:58+00:00,1992-06-19
2daf96741b4b1d1180cf2fcbf6c14a07,VirusShare_00495,injector,8317440,exe,trojan,75.36,2021-11-04T16:53:31+00:00,1992-06-19
2dca5c5ffc8b05c180d79c11eaa1b580,VirusShare_00495,injector,8317440,exe,trojan,73.91,2021-11-03T17:08:02+00:00,1992-06-19
2dddf94ae4e81cb3730f387f167d4495,VirusShare_00495,injector,9338880,exe,trojan,72.46,2021-11-02T23:37:15+00:00,1992-06-19
2def1f00255adf2216ba401a4c540b9c,VirusShare_00495,injector,16633856,exe,trojan,73.91,2021-11-07T03:28:46+00:00,1992-06-19
2df829feee2b053aa9b0ce3ad390398f,VirusShare_00495,injector,16634880,exe,trojan,69.57,2021-11-03T02:22:32+00:00,1992-06-19
2dfdf83c93e6fe75d576723f1d3a6358,VirusShare_00495,injector,8317440,exe,trojan,73.91,2021-11-01T12:39:14+00:00,1992-06-19
2e096b3d74bafbd56a2e0cf4d7ed0123,VirusShare_00495,injector,16187392,exe,trojan,80.6,2021-11-09T14:56:18+00:00,1992-06-19
2e64367f70bf4257ce5c1b5e799e5ee2,VirusShare_00495,injector,9338880,exe,trojan,72.46,2021-11-04T00:00:50+00:00,1992-06-19
2e69d3426a7ac9157382c145d13a5b2f,VirusShare_00495,injector,4158464,exe,trojan,74.63,2021-11-07T14:46:04+00:00,1992-06-19
2e763dd860497d7a51416afb32d11ad3,VirusShare_00495,injector,18677760,exe,trojan,71.01,2021-11-08T04:57:38+00:00,1992-06-19
2ea2619c681915fc3e87abe0731b2ae3,VirusShare_00495,injector,8317440,exe,trojan,73.53,2021-11-04T13:43:34+00:00,1992-06-19
2ee8c983627b307ac1056f89ff4eeab0,VirusShare_00495,injector,9338880,exe,trojan,73.91,2021-11-05T16:10:06+00:00,1992-06-19
2ee90371c05d0893da9bdeae7544bb55,VirusShare_00495,injector,9338880,exe,trojan,76.47,2021-11-02T21:59:16+00:00,1992-06-19
2f2b5de90f69b485e13f8e65cfda50a8,VirusShare_00495,injector,16634880,exe,trojan,72.46,2021-11-03T00:19:19+00:00,1992-06-19
2f5487fe6c36f49856977b29800d0eab,VirusShare_00495,injector,8316928,exe,trojan,73.91,2021-11-01T00:21:01+00:00,1992-06-19
2f9951eeacb887abf08bca0507edd921,VirusShare_00495,injector,9338880,exe,trojan,70.77,2021-11-08T10:13:25+00:00,1992-06-19
2fabbdf00546a71c07957b2083f740a3,VirusShare_00495,injector,9338880,exe,trojan,73.53,2021-11-07T03:08:00+00:00,1992-06-19
301eac47fa05eb8373c73fa7c0b1ea89,VirusShare_00495,injector,8317440,exe,trojan,74.63,2021-11-04T22:13:47+00:00,1992-06-19
3084458ca39945fa309198e849a69915,VirusShare_00495,injector,8317440,exe,trojan,72.46,2021-11-03T02:51:15+00:00,1992-06-19
309f1402465bcce4b0b8ff131d24c6ae,VirusShare_00495,injector,18677760,exe,trojan,71.64,2021-11-06T11:33:14+00:00,1992-06-19
30a36810c7216b3690fd9f89c18feb8d,VirusShare_00495,injector,18677760,exe,trojan,73.91,2021-11-07T13:10:08+00:00,1992-06-19
30f7b260ce947e6c5e2855604b338cdf,VirusShare_00495,injector,16634880,exe,trojan,71.01,2021-11-07T07:16:01+00:00,1992-06-19
31470f0b9524cc85c3515570e758d41a,VirusShare_00495,injector,9338880,exe,trojan,72.46,2021-11-03T15:15:02+00:00,1992-06-19
31488eb1a39ab8568cb6cca3ea5980f5,VirusShare_00495,injector,16634880,exe,trojan,72.46,2021-11-05T00:51:02+00:00,1992-06-19
314b1e1554be0bdad01cd3542d9709b3,VirusShare_00495,injector,9338880,exe,trojan,72.46,2021-11-04T11:13:19+00:00,1992-06-19
3163ceeee8f8315b02bdeb5af31d213f,VirusShare_00495,injector,8317440,exe,trojan,75.0,2021-11-03T02:43:17+00:00,1992-06-19
31b154ebe295d54bc2c678522bf61d43,VirusShare_00495,injector,8317440,exe,trojan,73.13,2021-11-04T02:18:08+00:00,1992-06-19
31c4d2b6fca6197f1ef9e7367c23ffe9,VirusShare_00495,injector,9338880,exe,trojan,72.31,2021-11-07T09:15:39+00:00,1992-06-19
32267233b4b346aab32f8860ed8a2589,VirusShare_00495,injector,16634880,exe,trojan,71.19,2021-11-05T11:29:18+00:00,1992-06-19
3282332e4e239475e38e3aeb8460359a,VirusShare_00495,injector,16634880,exe,trojan,73.91,2021-11-01T03:09:50+00:00,1992-06-19
329c6cd02500ccf57392b353b61411a8,VirusShare_00495,injector,9338880,exe,trojan,69.49,2021-11-08T10:09:33+00:00,1992-06-19
32dcaf33b9faa306ad18f789b11d1164,VirusShare_00495,injector,12910592,exe,trojan,71.01,2021-11-01T12:18:05+00:00,1992-06-19
32f89bf746317177575d805e70a69cd6,VirusShare_00495,injector,10360320,exe,trojan,73.53,2021-11-01T06:37:52+00:00,1992-06-19
3335983052c492d859fcfa1b84ec2223,VirusShare_00495,injector,18677760,exe,trojan,69.57,2021-11-01T00:47:57+00:00,1992-06-19
3340bf095a2ad429e78956ecfdce63e4,VirusShare_00495,injector,18677760,exe,trojan,72.31,2021-11-08T05:03:22+00:00,1992-06-19
335594cf3cfcb3f5b4909299ed6094dc,VirusShare_00495,injector,16634880,exe,trojan,73.91,2021-11-05T12:01:40+00:00,1992-06-19
338414e62aed8c5311d49d1cec4e9aac,VirusShare_00495,injector,8317440,exe,trojan,72.46,2021-11-01T08:37:01+00:00,1992-06-19
34ba4eff7aca8c8ba0eb6b2ccbe40a56,VirusShare_00495,injector,8317440,exe,trojan,73.91,2021-11-03T02:09:51+00:00,1992-06-19
34eb47759e8b2df95580f77b26166c11,VirusShare_00495,injector,8317440,exe,trojan,73.53,2021-11-07T05:22:33+00:00,1992-06-19
34f3006646deec5fe27d297ccf8d8f67,VirusShare_00495,injector,9338880,exe,trojan,73.91,2021-11-05T04:31:51+00:00,1992-06-19
353bb6957da0fcb899a63c1ab8dd8dde,VirusShare_00495,injector,8317440,exe,trojan,71.64,2021-11-01T12:22:58+00:00,1992-06-19
354368981244862913464d75b21933b3,VirusShare_00495,injector,12475392,exe,trojan,73.53,2021-11-02T17:09:00+00:00,1992-06-19
354b98113f8471cf31a585d5b7819d56,VirusShare_00495,injector,9338880,exe,trojan,71.64,2021-11-05T09:55:24+00:00,1992-06-19
35609b4de29eb0588891580121993a00,VirusShare_00495,injector,18677760,exe,trojan,73.53,2021-11-01T15:02:16+00:00,1992-06-19
357cbee9d81edb207b1f54e573d3093a,VirusShare_00495,injector,8317440,exe,trojan,73.13,2021-11-04T03:35:29+00:00,1992-06-19
358245fcb8fb5dac988d01bfa911306c,VirusShare_00495,injector,16634880,exe,trojan,73.53,2021-10-31T02:36:08+00:00,1992-06-19
35867f9a7337974f5ba9f90ee602ba1a,VirusShare_00495,injector,16187392,exe,trojan,70.59,2021-11-07T13:53:59+00:00,1992-06-19
35c1417705f99df3ee695047bdaac741,VirusShare_00495,injector,8316928,exe,trojan,73.53,2021-11-03T15:34:06+00:00,1992-06-19
35f8719b5e88e820354913a8b530c88e,VirusShare_00495,injector,18677760,exe,trojan,72.46,2021-11-07T17:50:21+00:00,1992-06-19
3606183961bd977885c54cc0b5537b68,VirusShare_00495,injector,9338880,exe,trojan,73.91,2021-11-08T04:56:23+00:00,1992-06-19
361c4ae1c04733e721a2671956d7f495,VirusShare_00495,injector,8093696,exe,trojan,76.12,2021-11-04T08:57:14+00:00,1992-06-19
3640921e0cf8629e728995d2a97646e9,VirusShare_00495,injector,18677760,exe,trojan,71.01,2021-11-05T10:01:21+00:00,1992-06-19
3658f72b5bb2342bd29d4bf544b04404,VirusShare_00495,injector,16634880,exe,trojan,75.0,2021-11-03T00:19:36+00:00,1992-06-19
365984883ae903061c6ecf2c3837420d,VirusShare_00495,injector,8316928,exe,trojan,75.76,2021-11-02T12:31:48+00:00,1992-06-19
3670278f92d36835cfdd0eb7236d83a7,VirusShare_00495,injector,12550144,exe,trojan,69.12,2021-11-03T20:30:26+00:00,1992-06-19
3675213363faacf91eaef8fae45d852f,VirusShare_00495,injector,8317440,exe,trojan,75.36,2021-11-03T04:36:13+00:00,1992-06-19
36fe3c3bd3df260c49f4955f16f97e53,VirusShare_00495,injector,16634880,exe,trojan,69.57,2021-11-05T11:25:09+00:00,1992-06-19
3715c537bf0fc9158e24348bd49e4aad,VirusShare_00495,injector,9338880,exe,trojan,73.13,2021-11-05T00:21:56+00:00,1992-06-19
37179c3f13500c2a0b3211e8dc0679f5,VirusShare_00495,injector,2079232,exe,trojan,73.91,2021-11-01T22:44:35+00:00,1992-06-19
373730e347e9afed3ca3df9e5d947ced,VirusShare_00495,injector,16634880,exe,trojan,71.01,2021-11-03T00:27:11+00:00,1992-06-19
3741e7fbbfbcb11736d0bf16f2bb3f29,VirusShare_00495,injector,8317440,exe,trojan,75.36,2021-11-03T10:34:55+00:00,1992-06-19
3763aae5c55e0c7cbdb5de8896b21c7f,VirusShare_00495,injector,16634880,exe,trojan,73.91,2021-11-04T12:55:25+00:00,1992-06-19
3790c948208c77efa0329f5b219bae8b,VirusShare_00495,injector,16634880,exe,trojan,72.06,2021-11-08T01:59:13+00:00,1992-06-19
37ce34df69b5f67f6569f2e48e5d75c1,VirusShare_00495,injector,16634880,exe,trojan,72.46,2021-11-02T20:49:48+00:00,1992-06-19
37f7eae4201cdf0986f2d218520e4bc2,VirusShare_00495,injector,16634880,exe,trojan,72.06,2021-10-31T03:29:31+00:00,1992-06-19
3879a11841150f4487fe9227020b61b6,VirusShare_00495,injector,1081858,exe,trojan,63.24,2021-11-09T08:36:53+00:00,1992-06-19
38b0e1be6ecfa2060e9e92ed894e346f,VirusShare_00495,injector,16634880,exe,trojan,73.91,2021-11-02T23:42:20+00:00,1992-06-19
38bddfb2e8bc0014e80ecbeaac742b5f,VirusShare_00495,injector,18677760,exe,trojan,69.57,2021-11-02T23:18:29+00:00,1992-06-19
38c4e17b18ecbb56efd5b96d1eb7f895,VirusShare_00495,injector,16634880,exe,trojan,70.59,2021-11-03T02:48:28+00:00,1992-06-19
39b35177068d05d7e5f74734e0fba56e,VirusShare_00495,injector,8316928,exe,trojan,73.53,2021-10-30T23:11:53+00:00,1992-06-19
3a366b73e29f62a9c9afac94cf2f59cd,VirusShare_00495,injector,8316928,exe,trojan,82.35,2021-11-06T18:43:34+00:00,1992-06-19
3a69b4b0d414f1e31ec469299c832334,VirusShare_00495,injector,16634880,exe,trojan,71.01,2021-11-05T01:08:17+00:00,1992-06-19
3a825ef0ef0adc9c816306df6ad5e91d,VirusShare_00495,injector,16633856,exe,trojan,73.91,2021-10-30T23:59:05+00:00,1992-06-19
3a82fb7f5d9eb93e63e99983632202c6,VirusShare_00495,injector,10360320,exe,trojan,72.46,2021-11-08T07:57:29+00:00,1992-06-19
3a97d601dd6008cd2e4c30a550602f31,VirusShare_00495,injector,8317440,exe,trojan,75.0,2021-11-07T10:27:38+00:00,1992-06-19
3abc696ec7c3b38726892dbbae392a36,VirusShare_00495,injector,16634880,exe,trojan,72.06,2021-10-31T16:32:40+00:00,1992-06-19
3abfb4a7b12a6807b1bb062a840f80f3,VirusShare_00495,injector,8317440,exe,trojan,71.43,2021-11-01T09:21:55+00:00,1992-06-19
3af4dec03a6e404fbf8c8942a552ccc6,VirusShare_00495,injector,9338880,exe,trojan,73.91,2021-11-03T00:12:12+00:00,1992-06-19
3af81c5ab7770a4413462f74bcef32f4,VirusShare_00495,injector,18677760,exe,trojan,73.53,2021-11-04T00:08:19+00:00,1992-06-19
3b07c695ff9b4281ada9f6e4b73e5482,VirusShare_00495,injector,16634880,exe,trojan,72.46,2021-11-03T13:48:58+00:00,1992-06-19
3b6d8cb89a02d5f5f50858e069ed5c55,VirusShare_00495,injector,8317440,exe,trojan,70.15,2021-11-05T02:05:51+00:00,1992-06-19
3bb5149431bb4bdd7e751600be79a0f5,VirusShare_00495,injector,9338880,exe,trojan,73.91,2021-11-02T00:36:46+00:00,1992-06-19
3c194b65d2c3a9067f70f2bb99d68d65,VirusShare_00495,injector,16633856,exe,trojan,69.57,2021-11-05T02:40:40+00:00,1992-06-19
3c8256fc4c5d28a86a088960a5f21323,VirusShare_00495,injector,9928704,exe,trojan,72.06,2021-11-07T07:16:53+00:00,1992-06-19
3cc2408f45245f5c1aa7d2803b486d46,VirusShare_00495,injector,9338880,exe,trojan,72.31,2021-11-06T01:12:31+00:00,1992-06-19
3cc45538ba186280e89835d296743fb0,VirusShare_00495,injector,16634880,exe,trojan,68.66,2021-11-02T08:12:48+00:00,1992-06-19
3ccd6a8adc67c87d98af25d47e437780,VirusShare_00495,injector,8940224,exe,trojan,73.91,2021-11-04T03:33:20+00:00,1992-06-19
3cd104d8a0275b45fed8286c6809d1b3,VirusShare_00495,injector,23134208,exe,trojan,77.94,2021-11-07T04:44:20+00:00,1992-06-19
3d3e11143369b9142b97acb90ac2c5bd,VirusShare_00495,injector,11567104,exe,trojan,71.64,2021-10-31T09:39:17+00:00,1992-06-19
3d5dfc3a51a7b8b9bcb42850a7b49203,VirusShare_00495,injector,9338880,exe,trojan,73.13,2021-11-07T02:54:34+00:00,1992-06-19
3d7d37483af3e3bfe4135c5afcab0d47,VirusShare_00495,injector,8093696,exe,trojan,73.91,2021-11-03T17:35:36+00:00,1992-06-19
3d91e7c3af4706dc8d5d89454d410347,VirusShare_00495,injector,8093696,exe,trojan,73.91,2021-11-03T13:47:37+00:00,1992-06-19
3d9c7e5be6e9eb6fae10c0b83a3090e6,VirusShare_00495,injector,8317440,exe,trojan,75.36,2021-11-07T16:39:57+00:00,1992-06-19
3de2dd90af57394bfa93cec3c60e5b8e,VirusShare_00495,injector,12475392,exe,trojan,70.59,2021-11-04T04:07:35+00:00,1992-06-19
3e1185c13650456c0c06fa7ee92bc70c,VirusShare_00495,injector,9338880,exe,trojan,67.27,2021-11-05T01:49:42+00:00,1992-06-19
3e288de129ef85b60695440da01e6353,VirusShare_00495,injector,8317440,exe,trojan,73.91,2021-11-02T23:56:11+00:00,1992-06-19
3e439e25f0bbea4854b46a996f46c079,VirusShare_00495,injector,9338880,exe,trojan,73.85,2021-11-07T13:23:56+00:00,1992-06-19
3e62efff5206a0755221190bba7542fb,VirusShare_00495,injector,8317440,exe,trojan,73.91,2021-11-03T10:52:49+00:00,1992-06-19
3e745a840f07bbce9c4bead3c07a1f1e,VirusShare_00495,injector,9338880,exe,trojan,71.01,2021-11-04T07:15:08+00:00,1992-06-19
3e9a00608a053cd4f3abaff236ed65e7,VirusShare_00495,injector,8316928,exe,trojan,72.46,2021-11-04T02:38:14+00:00,1992-06-19
3e9d40eabce2f4d7764e80b9859cd141,VirusShare_00495,injector,2079232,exe,trojan,76.81,2021-11-06T21:53:13+00:00,1992-06-19
3ebb3d81f00798f62e9cd004c61f89b8,VirusShare_00495,injector,8317440,exe,trojan,72.06,2021-10-31T04:13:58+00:00,1992-06-19
3ee525d24e53ebf70453930fa5f1a219,VirusShare_00495,injector,16634880,exe,trojan,73.53,2021-11-05T11:22:56+00:00,1992-06-19
3f6f20f0db36004dd54e3ba0c6c27c9b,VirusShare_00495,injector,16634880,exe,trojan,73.91,2021-11-03T15:16:31+00:00,1992-06-19
3f85a5da124a15f601bf2b1985222f83,VirusShare_00495,injector,16634880,exe,trojan,73.53,2021-10-30T21:47:56+00:00,1992-06-19
3faad24190b09a418f2328ce65189513,VirusShare_00495,injector,16633856,exe,trojan,69.23,2021-11-07T17:48:16+00:00,1992-06-19
4040702d316e32055d0b954caa16cc73,VirusShare_00495,injector,8317440,exe,trojan,76.81,2021-11-02T23:06:15+00:00,1992-06-19
405d67bdde67fb1fe9c3560b31860ac3,VirusShare_00495,injector,9338880,exe,trojan,73.53,2021-11-07T07:07:50+00:00,1992-06-19
40729bec4a78a1c6fab93f273b5ca73b,VirusShare_00495,injector,18677760,exe,trojan,72.46,2021-11-07T23:15:27+00:00,1992-06-19
4084ff9721141c4ce6fd92243021b8fe,VirusShare_00495,injector,8317440,exe,trojan,72.46,2021-11-05T12:44:04+00:00,1992-06-19
409220fe93373386021f00a0f7ac3b0c,VirusShare_00495,injector,8317440,exe,trojan,71.01,2021-11-07T03:24:47+00:00,1992-06-19
40ba1483024d7203ccf240bc8d3a2e24,VirusShare_00495,injector,9928704,exe,trojan,72.46,2021-11-04T00:53:08+00:00,1992-06-19
40f38f80987e45ad366d0afb231b37f4,VirusShare_00495,injector,16187392,exe,trojan,69.12,2021-11-05T09:58:36+00:00,1992-06-19
410e7d097d35e9c850f14e799295752e,VirusShare_00495,injector,16634880,exe,trojan,71.19,2021-11-01T10:24:08+00:00,1992-06-19
4111b47b83912e67ac78e408092cfb25,VirusShare_00495,injector,9338880,exe,trojan,70.77,2021-11-03T09:31:49+00:00,1992-06-19
4166d8101c0f765dec909078e4b53506,VirusShare_00495,injector,16634880,exe,trojan,72.46,2021-11-07T02:56:41+00:00,1992-06-19
416750c9dd969b866fcb16877c2da39d,VirusShare_00495,injector,14237696,exe,trojan,71.01,2021-11-03T03:53:25+00:00,1992-06-19
4197df0c24e3f10774ae9ee296a77b63,VirusShare_00495,injector,16633856,exe,trojan,73.91,2021-11-04T13:14:29+00:00,1992-06-19
419deed61480d1b01412b2eefde94a1f,VirusShare_00495,injector,16634880,exe,trojan,72.46,2021-11-07T10:27:13+00:00,1992-06-19
41ac3d475665191ec5d4f67ebbf10abc,VirusShare_00495,injector,18677760,exe,trojan,71.01,2021-11-07T13:21:22+00:00,1992-06-19
41c9e80dbbc88abeec9251ad07fa68b0,VirusShare_00495,injector,18677760,exe,trojan,70.59,2021-11-01T02:27:01+00:00,1992-06-19
41e195054edded9a5c4a9585829298c9,VirusShare_00495,injector,16634880,exe,trojan,72.06,2021-11-03T09:21:49+00:00,1992-06-19
41ec5918e6f0b526a9eadad3bbf5eca6,VirusShare_00495,injector,8317440,exe,trojan,72.88,2021-11-03T09:31:45+00:00,1992-06-19
41f4653f6b64de0bed151562c970788c,VirusShare_00495,injector,9338880,exe,trojan,70.59,2021-11-02T03:15:38+00:00,1992-06-19
4217c3a130c37ea2f2d130cdf92ca4f6,VirusShare_00495,injector,8317440,exe,trojan,73.91,2021-11-05T00:54:59+00:00,1992-06-19
421ac6d224d9180333236c948c9ee716,VirusShare_00495,injector,8317440,exe,trojan,73.53,2021-11-03T13:50:56+00:00,1992-06-19
4245e23baee2eb195b69d213b2f8acde,VirusShare_00495,injector,16634880,exe,trojan,73.91,2021-11-04T22:09:31+00:00,1992-06-19
4255093ebdf91bcbff6d4a9743b37539,VirusShare_00495,injector,9338880,exe,trojan,72.46,2021-11-07T08:57:02+00:00,1992-06-19
425814ddf0bc512886aaa4909d90cee6,VirusShare_00495,injector,16633856,exe,trojan,73.91,2021-11-04T13:14:34+00:00,1992-06-19
4295af56ef6273c1d35b996346feb01a,VirusShare_00495,injector,9338880,exe,trojan,73.53,2021-11-05T00:24:20+00:00,1992-06-19
42a304bda45bfbacf1f369743d0bcf25,VirusShare_00495,injector,18677760,exe,trojan,70.59,2021-11-03T07:47:31+00:00,1992-06-19
42ccf9a20463d139e60389a7a3f297a1,VirusShare_00495,injector,12475392,exe,trojan,72.06,2021-11-04T03:31:20+00:00,1992-06-19
42f2a4e8b3b664d2ea3b1302c53d0bf2,VirusShare_00495,injector,9338880,exe,trojan,75.0,2021-11-04T10:39:20+00:00,1992-06-19
43088f891488ab81558458859e5432fa,VirusShare_00495,injector,8316928,exe,trojan,75.36,2021-10-31T02:49:50+00:00,1992-06-19
432528f720335d4abf2d23f041d79c34,VirusShare_00495,injector,16633856,exe,trojan,72.46,2021-11-01T00:41:05+00:00,1992-06-19
4386f43cfe7943b97c151f3f1b5f177f,VirusShare_00495,injector,18677760,exe,trojan,73.53,2021-11-03T07:00:47+00:00,1992-06-19
439dd4102277def7efe0a821ad9eab54,VirusShare_00495,injector,12475392,exe,trojan,73.53,2021-11-03T11:37:36+00:00,1992-06-19
43b102898a9bfa927e2a65725cfa4bc1,VirusShare_00495,injector,12255232,exe,trojan,71.01,2021-10-30T18:37:36+00:00,1992-06-19
43bd40ee22518fa275a8f3df6847d37c,VirusShare_00495,injector,16634880,exe,trojan,71.01,2021-11-02T00:16:50+00:00,1992-06-19
43be61ddb95abeafe688fe350ba142b1,VirusShare_00495,injector,18677760,exe,trojan,73.91,2021-11-04T22:04:07+00:00,1992-06-19
43d6fd4daa698513846825cfe16174e0,VirusShare_00495,injector,16634880,exe,trojan,73.91,2021-11-03T23:47:23+00:00,1992-06-19
43e77857e20a5a02c13b85dc930dba90,VirusShare_00495,injector,9338880,exe,trojan,73.91,2021-11-02T21:39:06+00:00,1992-06-19
43eb4f31c21a38470179582d6f7bc089,VirusShare_00495,injector,16633856,exe,trojan,75.36,2021-11-02T22:50:19+00:00,1992-06-19
4438e77adacfdd79fdb2417dba42711e,VirusShare_00495,injector,8317440,exe,trojan,73.91,2021-11-03T11:46:47+00:00,1992-06-19
4498f0f529939337c58c77bf80dda6aa,VirusShare_00495,injector,8316928,exe,trojan,75.36,2021-11-06T22:10:26+00:00,1992-06-19
44e075d6fed98ccb30f55e82d61e8674,VirusShare_00495,injector,16633856,exe,trojan,73.91,2021-11-01T13:50:33+00:00,1992-06-19
44e2565a65ad92fc33c9f3011b3aa4a7,VirusShare_00495,injector,9338880,exe,trojan,71.21,2021-11-07T22:21:39+00:00,1992-06-19
452370628ac90e5fc7404d297443f4a1,VirusShare_00495,injector,4158464,exe,trojan,74.63,2021-11-08T05:23:54+00:00,1992-06-19
45551e94ba6b41e51d74610c88f8c5db,VirusShare_00495,injector,16633856,exe,trojan,68.75,2021-11-08T05:07:36+00:00,1992-06-19
45a9028f6c8b0e8f31ea688ef13ad9f7,VirusShare_00495,injector,18677760,exe,trojan,74.63,2021-11-03T08:00:42+00:00,1992-06-19
45c1f0f6569a12d11805ed5b211c2e10,VirusShare_00495,injector,8317440,exe,trojan,73.91,2021-11-03T11:40:43+00:00,1992-06-19
45c87489f9e38b524a05ae4a57fb04fc,VirusShare_00495,injector,8317440,exe,trojan,75.0,2021-11-08T06:53:12+00:00,1992-06-19
45ca130909b74a1fb6c041e32c771c5f,VirusShare_00495,injector,16634880,exe,trojan,73.91,2021-11-07T04:31:36+00:00,1992-06-19
465b12a52cd9a641a4a3454d4bdf86bf,VirusShare_00495,injector,8317440,exe,trojan,75.36,2021-11-05T15:59:11+00:00,1992-06-19
46764bd06db19355556c8f6382719e3d,VirusShare_00495,injector,8316928,exe,trojan,72.73,2021-11-05T09:58:30+00:00,1992-06-19
467e97428a6025156acc54b546077fd8,VirusShare_00495,injector,18677760,exe,trojan,72.46,2021-11-02T00:44:37+00:00,1992-06-19
4695d73f59186c29ec81e09c582a46f5,VirusShare_00495,injector,18677760,exe,trojan,75.0,2021-11-02T23:46:29+00:00,1992-06-19
46e21da541aef87f6e7d5f0fc6f34f53,VirusShare_00495,injector,8317440,exe,trojan,75.36,2021-11-03T15:34:52+00:00,1992-06-19
46f4733e6dc4810c5fbf76f39049a829,VirusShare_00495,injector,8317440,exe,trojan,73.91,2021-11-05T00:34:58+00:00,1992-06-19
470b69de150582848e93c9eac6cd5f90,VirusShare_00495,injector,18677760,exe,trojan,73.91,2021-11-03T02:04:34+00:00,1992-06-19
4721a61396206211d0c8fbb6eaee6894,VirusShare_00495,injector,8316928,exe,trojan,73.13,2021-11-04T05:52:22+00:00,1992-06-19
4725ad9dcde9a647db1b75f1b0ffeefc,VirusShare_00495,injector,8317440,exe,trojan,74.63,2021-10-31T03:42:06+00:00,1992-06-19
47270a23d8683d2676dd1b41642348e2,VirusShare_00495,injector,8317440,exe,trojan,73.91,2021-11-03T12:03:25+00:00,1992-06-19
473aeb5492196669302d3995ed24ae4f,VirusShare_00495,injector,16633856,exe,trojan,70.59,2021-11-08T15:28:03+00:00,1992-06-19
4769e347eacd8a75e87a3672c394ab71,VirusShare_00495,injector,8093696,exe,trojan,73.91,2021-11-06T23:46:53+00:00,1992-06-19
47cbed34b987aea3165d63dbbe1317ef,VirusShare_00495,injector,16634880,exe,trojan,68.18,2021-11-03T15:35:12+00:00,1992-06-19
47d310cf74765f0c6b7b4fa5d931a4c8,VirusShare_00495,injector,8316928,exe,trojan,75.36,2021-11-01T02:01:48+00:00,1992-06-19
47f418430aec784a7f42c566ecb4608e,VirusShare_00495,injector,8317440,exe,trojan,73.91,2021-11-05T00:33:57+00:00,1992-06-19
47f4b8dcfeaa2dc3339f5aa23f624d6e,VirusShare_00495,injector,18677760,exe,trojan,72.06,2021-11-07T11:33:44+00:00,1992-06-19
482cec43992de7a85cd6036f998e107e,VirusShare_00495,injector,16634880,exe,trojan,72.46,2021-11-07T04:35:55+00:00,1992-06-19
48691fed81e2eb14d25e10816b13c808,VirusShare_00495,injector,16634880,exe,trojan,72.46,2021-11-01T09:38:06+00:00,1992-06-19
48b3dfb54da704272f8816703768e9a0,VirusShare_00495,injector,18677760,exe,trojan,70.77,2021-11-05T05:53:22+00:00,1992-06-19
48b935a83d815d3c001646248fe738e6,VirusShare_00495,injector,16634880,exe,trojan,73.91,2021-11-03T10:54:54+00:00,1992-06-19
48dd9754002f3d8631c153679194c33f,VirusShare_00495,injector,9338880,exe,trojan,73.91,2021-10-30T14:33:42+00:00,1992-06-19
4951ff638c2eb6d9c59399bcdfcf0212,VirusShare_00495,injector,16634880,exe,trojan,75.0,2021-11-03T14:27:16+00:00,1992-06-19
496d79f2519d9528dd49330e99ce9190,VirusShare_00495,injector,12255232,exe,trojan,72.06,2021-11-03T10:40:33+00:00,1992-06-19
496ed44198b6c923a62c96bd0a26507e,VirusShare_00495,injector,16634880,exe,trojan,73.13,2021-11-04T15:16:28+00:00,1992-06-19
497db5db40ab6a54f31fb6bbb8269f69,VirusShare_00495,injector,14519040,exe,trojan,69.12,2021-11-02T19:55:17+00:00,1992-06-19
4994098f9c763c5f49e163b82e11a026,VirusShare_00495,injector,18677760,exe,trojan,71.01,2021-11-01T11:04:19+00:00,1992-06-19
49b4934c803126126256d47a6e7bb655,VirusShare_00495,injector,16634880,exe,trojan,73.53,2021-11-03T08:03:15+00:00,1992-06-19
4a1036c481c7f4537a512cd069101223,VirusShare_00495,injector,16634880,exe,trojan,72.46,2021-11-07T04:19:08+00:00,1992-06-19
4a136ad15aa495df96c055b09d506c5b,VirusShare_00495,injector,16634880,exe,trojan,73.53,2021-11-04T01:35:06+00:00,1992-06-19
4a23d75ead482d47c6abde7792163fd9,VirusShare_00495,injector,18677760,exe,trojan,72.46,2021-11-06T19:15:53+00:00,1992-06-19
4a4ed3d5418d8a08ed1b9a4cabfeb002,VirusShare_00495,injector,8316928,exe,trojan,75.36,2021-11-06T21:27:58+00:00,1992-06-19
4af7cb329597731d38bf22e7dc6a4813,VirusShare_00495,injector,8317440,exe,trojan,71.01,2021-11-02T05:49:46+00:00,1992-06-19
4b016a843c00899c9716ba8da5c67b98,VirusShare_00495,injector,8317440,exe,trojan,75.36,2021-11-04T18:59:37+00:00,1992-06-19
4b2690eee0cdd70ecde0025946b3f2ba,VirusShare_00495,injector,8317440,exe,trojan,73.91,2021-11-01T02:30:54+00:00,1992-06-19
4b3c8bbff14893b325ddb64427561a35,VirusShare_00495,injector,16634880,exe,trojan,71.64,2021-11-03T18:40:26+00:00,1992-06-19
4b561c82e1aa16c0b457d764cc538de7,VirusShare_00495,injector,16634880,exe,trojan,70.59,2021-11-04T01:54:26+00:00,1992-06-19
4b642bf88183e8d94d6c8e52ad8e2271,VirusShare_00495,injector,16187392,exe,trojan,69.57,2021-11-08T15:46:49+00:00,1992-06-19
4b64b99a8600015b43f905a731949312,VirusShare_00495,injector,9338880,exe,trojan,73.53,2021-11-03T09:31:44+00:00,1992-06-19
4b65184471edc47c50dc62d218121b32,VirusShare_00495,injector,18677760,exe,trojan,72.06,2021-11-07T17:25:14+00:00,1992-06-19
4c114179dc966e1a13204c5643b8a021,VirusShare_00495,injector,9338880,exe,trojan,72.46,2021-11-07T20:43:52+00:00,1992-06-19
4c12111d7130abd5c181f2c0a66481fa,VirusShare_00495,injector,16634880,exe,trojan,73.53,2021-11-07T08:00:51+00:00,1992-06-19
4c1ee0320553fbbe6aebeb9a31a88692,VirusShare_00495,injector,16634880,exe,trojan,71.64,2021-11-07T17:44:13+00:00,1992-06-19
4c391913e3701403834f0b68bf9038a8,VirusShare_00495,injector,8317440,exe,trojan,73.91,2021-11-06T22:08:57+00:00,1992-06-19
4c3b8aeac2e27cf6429806482e2ae6cb,VirusShare_00495,injector,16633856,exe,trojan,73.91,2021-11-08T02:22:37+00:00,1992-06-19
4c82f812653a4def31a704543c2de67c,VirusShare_00495,injector,8316928,exe,trojan,76.47,2021-11-07T17:22:00+00:00,1992-06-19
4caf499c7dd8a908d67cd0bd848db3dc,VirusShare_00495,injector,6237696,exe,trojan,76.47,2021-11-04T01:22:29+00:00,1992-06-19
4cd13905712c312590549df392d7093a,VirusShare_00495,injector,9338880,exe,trojan,72.31,2021-11-06T19:57:35+00:00,1992-06-19
4d21c9d98c1000d10ffd1f192037f8e1,VirusShare_00495,injector,16187392,exe,trojan,70.31,2021-11-03T09:47:38+00:00,1992-06-19
4dc0a04faedcff4264311c67d094d9be,VirusShare_00495,injector,9338880,exe,trojan,73.53,2021-11-02T19:15:57+00:00,1992-06-19
4e013d7dbc87d9168d16f8312f24e33e,VirusShare_00495,injector,9338880,exe,trojan,72.13,2021-11-07T09:29:51+00:00,1992-06-19
4e1b8b0845c87898a8fa681b9d6fa2fb,VirusShare_00495,injector,16634880,exe,trojan,73.91,2021-11-03T00:49:45+00:00,1992-06-19
4e384df3414cc624c1a28f93aa721203,VirusShare_00495,injector,16634880,exe,trojan,73.91,2021-11-01T01:45:55+00:00,1992-06-19
4e4de08583b29886da720d7763eac791,VirusShare_00495,injector,8317440,exe,trojan,73.91,2021-10-31T20:34:33+00:00,1992-06-19
4e598b17c4ff8362d50921dcc2bdb8f4,VirusShare_00495,injector,18677760,exe,trojan,72.46,2021-11-06T17:54:21+00:00,1992-06-19
4efc9dba51104d56e9f13021f725b9fd,VirusShare_00495,injector,16634880,exe,trojan,72.06,2021-11-07T16:02:07+00:00,1992-06-19
4f12693f8ed43d162480006493493c1e,VirusShare_00495,injector,8317440,exe,trojan,73.91,2021-11-05T00:52:33+00:00,1992-06-19
4f5c15b32043c4091f31824fa5b7428b,VirusShare_00495,injector,18677760,exe,trojan,68.18,2021-11-04T06:12:23+00:00,1992-06-19
4f95ec0d08c62de697dc9388adbd3164,VirusShare_00495,injector,9338880,exe,trojan,75.0,2021-11-01T15:24:24+00:00,1992-06-19
4f9fb08f4e5f9d522dc1a24bebddbf39,VirusShare_00495,injector,8317440,exe,trojan,75.36,2021-11-01T14:58:06+00:00,1992-06-19
4fa44e66364ea01b943f57f63756b0d6,VirusShare_00495,injector,16634880,exe,trojan,72.06,2021-11-02T20:28:17+00:00,1992-06-19
4fbfc6dceb3b62d27efbf85f70d21d66,VirusShare_00495,injector,16634880,exe,trojan,70.15,2021-11-04T23:18:45+00:00,1992-06-19
4fd4e05f4e777363bcc85a37682b8195,VirusShare_00495,injector,9338880,exe,trojan,72.06,2021-11-04T21:12:45+00:00,1992-06-19
4fd69176a9eebf9a528419015b1d25e9,VirusShare_00495,injector,16634880,exe,trojan,73.53,2021-11-03T13:50:44+00:00,1992-06-19
4fe4678d89b90d8f91d6fd6215ccd0ce,VirusShare_00495,injector,9338880,exe,trojan,73.53,2021-11-02T22:38:55+00:00,1992-06-19
4fe93c20e6bb33797b419e99878b1207,VirusShare_00495,injector,18677760,exe,trojan,71.01,2021-11-01T04:47:44+00:00,1992-06-19
50643b1eae2ce0a1df24d8250693cfa3,VirusShare_00495,injector,16634880,exe,trojan,75.0,2021-11-02T23:03:50+00:00,1992-06-19
5090dcaaaaaac8b51310dadabe99ca6a,VirusShare_00495,injector,8316928,exe,trojan,73.91,2021-10-31T15:44:25+00:00,1992-06-19
511bcc488fda573971aee630011c2f07,VirusShare_00495,injector,16634880,exe,trojan,71.01,2021-10-31T02:56:15+00:00,1992-06-19
5137c2220f2c332e07ba21121c0ac1aa,VirusShare_00495,injector,8316928,exe,trojan,74.63,2021-11-08T10:57:36+00:00,1992-06-19
517b710655d0b46aec8e9936fdbce573,VirusShare_00495,injector,9338880,exe,trojan,72.06,2021-11-05T07:05:01+00:00,1992-06-19
518c67fea11d45a3596821d078a74aa1,VirusShare_00495,injector,8093696,exe,trojan,76.47,2021-11-04T15:15:18+00:00,1992-06-19
51aaa55e50a2dd98b433a245a9823532,VirusShare_00495,injector,16634880,exe,trojan,72.46,2021-11-04T22:35:30+00:00,1992-06-19
51afbaba62ca33b7134d28d0de5239c4,VirusShare_00495,injector,18677760,exe,trojan,69.23,2021-11-07T08:57:44+00:00,1992-06-19
51d0f63ca3058c0bca4d81b2631a42f8,VirusShare_00495,injector,8316928,exe,trojan,70.15,2021-11-03T15:05:30+00:00,1992-06-19
51e994e8ef5a2d20674774b0877fbc64,VirusShare_00495,injector,9338880,exe,trojan,72.46,2021-11-07T13:41:46+00:00,1992-06-19
5236af9b07d760b6380a48cf984340af,VirusShare_00495,injector,8317440,exe,trojan,75.36,2021-11-04T01:17:58+00:00,1992-06-19
524f44f7bb2ed1b3c65a9c3464d73fe6,VirusShare_00495,injector,8317440,exe,trojan,73.13,2021-11-04T07:11:09+00:00,1992-06-19
529325ff4a91e75c66e34867abcc0177,VirusShare_00495,injector,18677760,exe,trojan,73.91,2021-11-07T06:19:43+00:00,1992-06-19
52b36da3afbac709c71f9b54f5769b5b,VirusShare_00495,injector,8317440,exe,trojan,72.06,2021-11-04T18:20:50+00:00,1992-06-19
5353a5e520ff2216cba2748e5592fea3,VirusShare_00495,injector,2079232,exe,trojan,75.0,2021-11-03T15:44:37+00:00,1992-06-19
53613b1cb967adfb4e425ca4e1a886d1,VirusShare_00495,injector,18677760,exe,trojan,72.06,2021-11-05T16:58:11+00:00,1992-06-19
53735a8062583a84ff7873e3a20074a2,VirusShare_00495,injector,8317440,exe,trojan,70.59,2021-11-03T00:14:19+00:00,1992-06-19
538f44bfc16019868db48f6c27e618b0,VirusShare_00495,injector,8317440,exe,trojan,75.38,2021-11-07T15:24:43+00:00,1992-06-19
53ac47d28c76ca494acd2f3da58fd174,VirusShare_00495,injector,8316928,exe,trojan,73.53,2021-11-04T22:24:43+00:00,1992-06-19
53b58f44313ff1dfc0688356ad16760b,VirusShare_00495,injector,18677760,exe,trojan,67.65,2021-11-05T14:37:23+00:00,1992-06-19
53dd4c479a68df17057d7992206befaf,VirusShare_00495,injector,16633856,exe,trojan,72.06,2021-11-06T11:14:00+00:00,1992-06-19
546e5b73c49a75da95003fedc2ecb005,VirusShare_00495,injector,8317440,exe,trojan,73.91,2021-11-07T07:15:50+00:00,1992-06-19
5487f2e9641863d8faabc67bb238d3aa,VirusShare_00495,injector,16187392,exe,trojan,71.01,2021-11-03T11:28:37+00:00,1992-06-19
5536034141329be7ee803ce83247b71f,VirusShare_00495,injector,16634880,exe,trojan,73.91,2021-11-04T17:27:58+00:00,1992-06-19
553685805814b63af45af4be84ea1e53,VirusShare_00495,injector,16634880,exe,trojan,73.13,2021-11-05T08:11:25+00:00,1992-06-19
554cb71b0a5a06ff67acb8346d58365b,VirusShare_00495,injector,9338880,exe,trojan,73.53,2021-11-05T00:48:50+00:00,1992-06-19
55b2befdf7fd70f60e3a5040678e16da,VirusShare_00495,injector,9338880,exe,trojan,73.91,2021-11-02T23:05:06+00:00,1992-06-19
55b8b9650c1611abe23e17fbe0e60693,VirusShare_00495,injector,18677760,exe,trojan,71.01,2021-11-07T21:55:16+00:00,1992-06-19
55cefa8b7287bbaa1de903261ac5bf54,VirusShare_00495,injector,8317440,exe,trojan,73.91,2021-11-04T01:17:55+00:00,1992-06-19
55efd1e4edab9c05af42952912a02f0f,VirusShare_00495,injector,16634880,exe,trojan,67.65,2021-11-07T09:47:45+00:00,1992-06-19
56183eb7a76655dc9e06a285d02662cc,VirusShare_00495,injector,1133056,exe,trojan,11.94,2021-11-08T10:07:45+00:00,1992-06-19
564c653e904139e4a4d0db92d0cb1f41,VirusShare_00495,injector,18677760,exe,trojan,73.13,2021-11-03T02:16:22+00:00,1992-06-19
565790955d11600786629d3ad02badfa,VirusShare_00495,injector,3194880,exe,trojan,71.01,2021-11-07T14:19:07+00:00,1992-06-19
5670727040eeb4621deffdc6a501a62a,VirusShare_00495,injector,8317440,exe,trojan,75.36,2021-11-08T11:24:23+00:00,1992-06-19
5684722e1d5809d6a4bb1abee184dab0,VirusShare_00495,injector,16633856,exe,trojan,73.91,2021-11-02T18:35:18+00:00,1992-06-19
56b82d26141103f3f00006fdcf370450,VirusShare_00495,injector,16187392,exe,trojan,67.65,2021-11-05T09:01:46+00:00,1992-06-19
56d0f953c923e5cbc8423857ccb90092,VirusShare_00495,injector,16633856,exe,trojan,75.0,2021-11-07T09:47:44+00:00,1992-06-19
56f2880a01013b19ced3c26b637e217c,VirusShare_00495,injector,4158464,exe,trojan,73.91,2021-11-06T18:25:10+00:00,1992-06-19
5705070d51879ce15acef0b69fab4e55,VirusShare_00495,injector,16634880,exe,trojan,72.06,2021-11-04T18:40:43+00:00,1992-06-19
5719198259fd40f5f4bf8de894952258,VirusShare_00495,injector,16633856,exe,trojan,73.13,2021-11-04T02:22:33+00:00,1992-06-19
574121f8302e8507ba69303c8c82cfd1,VirusShare_00495,injector,8317440,exe,trojan,71.64,2021-11-08T11:29:31+00:00,1992-06-19
5741e21de006db47e7fd3ee3b5c5229a,VirusShare_00495,injector,16634880,exe,trojan,73.13,2021-10-31T21:41:46+00:00,1992-06-19
5758bb7edac8d9c8d30dc6589f65a28b,VirusShare_00495,injector,9338880,exe,trojan,71.01,2021-11-03T16:47:43+00:00,1992-06-19
577bfad1007cfc28360142eedd37fa7e,VirusShare_00495,injector,8317440,exe,trojan,75.0,2021-10-31T15:44:41+00:00,1992-06-19
578482a3bda7ba8e0beae1e2c86bb256,VirusShare_00495,injector,8317440,exe,trojan,75.36,2021-11-04T11:42:15+00:00,1992-06-19
57b6c05c40af7fd96ac8a3611b30fc60,VirusShare_00495,injector,16634880,exe,trojan,72.06,2021-11-04T08:43:20+00:00,1992-06-19
57d04a2ae321213bce4052b60cd28f03,VirusShare_00495,injector,9338880,exe,trojan,75.36,2021-11-02T23:17:26+00:00,1992-06-19
57fbb3778d64fd2f9ef32131e4ad2052,VirusShare_00495,injector,16634880,exe,trojan,73.53,2021-11-02T04:20:44+00:00,1992-06-19
581b3d98dcc4613b788356dcdd07c07a,VirusShare_00495,injector,18677760,exe,trojan,75.36,2021-11-05T20:37:23+00:00,1992-06-19
58b52bc86906d890a79c8a1d6c9d20ca,VirusShare_00495,injector,16634880,exe,trojan,70.77,2021-11-03T00:16:23+00:00,1992-06-19
58dd2ec09e07cb321ba91b7404601f72,VirusShare_00495,injector,10396160,exe,trojan,71.88,2021-11-08T04:31:41+00:00,1992-06-19
58df38e4c2554b7f795ca288e52f5284,VirusShare_00495,injector,16634880,exe,trojan,72.46,2021-11-04T17:47:20+00:00,1992-06-19
5912756d77723cf9357e8fa82bd77008,VirusShare_00495,injector,16634880,exe,trojan,75.36,2021-10-31T21:56:55+00:00,1992-06-19
593f97015cc872a925c818ff3d8d6179,VirusShare_00495,injector,16633856,exe,trojan,75.36,2021-11-04T12:19:16+00:00,1992-06-19
59775ecb7571caa412b93aedf0af1c83,VirusShare_00495,injector,8316928,exe,trojan,73.53,2021-11-07T09:47:45+00:00,1992-06-19
598d2d1a0466da82ab6967726776dc95,VirusShare_00495,injector,16634880,exe,trojan,71.01,2021-11-04T18:27:36+00:00,1992-06-19
59d080e57f07f8f1a064807a0caf952b,VirusShare_00495,injector,18677760,exe,trojan,73.53,2021-11-05T15:37:28+00:00,1992-06-19
5a263a71112cd2f3bd41f951db32a4cf,VirusShare_00495,injector,8317440,exe,trojan,75.36,2021-11-07T20:16:15+00:00,1992-06-19
5a442312e34ae78e3939062ace953847,VirusShare_00495,injector,9338880,exe,trojan,73.53,2021-11-08T07:32:27+00:00,1992-06-19
5a50fb18e1d80f6952aea09fbd9be726,VirusShare_00495,injector,18677760,exe,trojan,72.46,2021-11-01T04:59:52+00:00,1992-06-19
5aaaf0f03613275d6bf477a123596888,VirusShare_00495,injector,8317440,exe,trojan,72.73,2021-11-06T17:36:28+00:00,1992-06-19
5aab5c41061ecf50a360aeaba1386c79,VirusShare_00495,injector,18677760,exe,trojan,74.24,2021-11-03T02:30:41+00:00,1992-06-19
5b0c1415f103c9d73415463099f61221,VirusShare_00495,injector,18677760,exe,trojan,71.64,2021-11-03T23:15:32+00:00,1992-06-19
5b40799643d6d796f1c08001a504f6f2,VirusShare_00495,injector,16633856,exe,trojan,71.21,2021-11-01T21:16:27+00:00,1992-06-19
5b4309c3dda7f6df19efb224dfaa11f6,VirusShare_00495,injector,18677760,exe,trojan,73.91,2021-11-04T12:19:47+00:00,1992-06-19
5b4a82007cf0453104b524849a6fb17b,VirusShare_00495,injector,16633856,exe,trojan,72.73,2021-11-03T23:45:43+00:00,1992-06-19
5b915270bbc831db49365473646dba62,VirusShare_00495,injector,16633856,exe,trojan,72.46,2021-11-01T00:00:50+00:00,1992-06-19
5be59f762c0267ebff516142922f9105,VirusShare_00495,injector,16634880,exe,trojan,71.64,2021-11-07T17:42:52+00:00,1992-06-19
5c0c182a9e7ea461038cef306e3407f2,VirusShare_00495,injector,8317440,exe,trojan,75.0,2021-11-05T03:11:41+00:00,1992-06-19
5c1fbe8eced25451be3b82cf68461e7d,VirusShare_00495,injector,9338880,exe,trojan,73.13,2021-11-08T06:55:40+00:00,1992-06-19
5c650e174f1928267a4fc48745bb324c,VirusShare_00495,injector,9338880,exe,trojan,73.13,2021-11-04T05:25:17+00:00,1992-06-19
5c83e01be4fcbbad0b91f2b6ac79ceba,VirusShare_00495,injector,9338880,exe,trojan,73.53,2021-11-02T23:23:15+00:00,1992-06-19
5c8597d8f8cf4ca77b04829a1830ff28,VirusShare_00495,injector,16634880,exe,trojan,68.18,2021-11-03T15:37:53+00:00,1992-06-19
5cc61ac346016d7c71fc5295c7f324a2,VirusShare_00495,injector,14237696,exe,trojan,71.01,2021-11-05T00:43:10+00:00,1992-06-19
5cce704b44648ad5706f7a0023e5ac31,VirusShare_00495,injector,16634880,exe,trojan,70.77,2021-11-08T08:51:04+00:00,1992-06-19
5ce3a451be097d1b027df69b6d33d998,VirusShare_00495,injector,2079232,exe,trojan,75.36,2021-11-06T23:46:23+00:00,1992-06-19
5ce4999b9c7eeed4aedd154ea312087c,VirusShare_00495,injector,16634880,exe,trojan,73.91,2021-11-03T14:34:04+00:00,1992-06-19
5d1e2d9874cfabdb010bdc63d368d448,VirusShare_00495,injector,16634880,exe,trojan,71.01,2021-11-03T00:49:41+00:00,1992-06-19
5d34208acb6ad6775fe03812024ba441,VirusShare_00495,injector,16634880,exe,trojan,73.13,2021-11-07T08:00:14+00:00,1992-06-19
5d5f1e56c9e4b2e50ae760d00e654d4b,VirusShare_00495,injector,8317440,exe,trojan,75.36,2021-11-03T02:40:09+00:00,1992-06-19
5dbd187fa23145cd97c7d3e4993964ae,VirusShare_00495,injector,8316928,exe,trojan,73.53,2021-11-05T03:42:41+00:00,1992-06-19
5e607ac3b47126842308c7104a013b1e,VirusShare_00495,injector,8317440,exe,trojan,73.53,2021-11-06T12:06:50+00:00,1992-06-19
5e993c60d8dc146cd41f763fb95b873b,VirusShare_00495,injector,16634880,exe,trojan,72.46,2021-10-31T11:50:24+00:00,1992-06-19
5eab43aaabae5236c08d3d2e0ec9abe6,VirusShare_00495,injector,9338880,exe,trojan,72.46,2021-11-05T02:13:28+00:00,1992-06-19
5eba3d6ea6106ab1e3891eba232967df,VirusShare_00495,injector,8316928,exe,trojan,82.35,2021-11-04T15:05:03+00:00,1992-06-19
5ebad28d118116d8eb19bc6d5bf7b5c0,VirusShare_00495,injector,8316928,exe,trojan,72.58,2021-11-03T19:40:48+00:00,1992-06-19
5eca11d596219981272ef290903363dc,VirusShare_00495,injector,16634880,exe,trojan,73.13,2021-11-07T23:11:30+00:00,1992-06-19
5ee877e74dae49333b1b9a48b79e4a20,VirusShare_00495,injector,16634880,exe,trojan,69.84,2021-11-04T13:48:41+00:00,1992-06-19
5f125c4f3ba62e3aa473a61656ce6e9e,VirusShare_00495,injector,8317440,exe,trojan,75.0,2021-10-31T22:43:38+00:00,1992-06-19
5f375188cf327238b5152f986796b041,VirusShare_00495,injector,8317440,exe,trojan,73.91,2021-11-06T19:20:26+00:00,1992-06-19
5f4ebef9c598fd75bd3b9bfe1a3b1d61,VirusShare_00495,injector,9338880,exe,trojan,77.94,2021-11-03T09:14:42+00:00,1992-06-19
5f77e4afae8cbfac0fa50d6d80f9ccce,VirusShare_00495,injector,9338880,exe,trojan,73.91,2021-11-07T14:25:59+00:00,1992-06-19
5f7d48c345f6773b7dd2cc4f59ca77f9,VirusShare_00495,injector,16633856,exe,trojan,72.46,2021-10-31T07:53:16+00:00,1992-06-19
600345a655b9b74a10895e71fc947454,VirusShare_00495,injector,8317440,exe,trojan,72.06,2021-11-03T07:03:40+00:00,1992-06-19
6014aea44bbe12d4f1e5d684a2186404,VirusShare_00495,injector,16633856,exe,trojan,69.57,2021-11-07T04:54:05+00:00,1992-06-19
609164fd7e8654156b28fd6a10557a78,VirusShare_00495,injector,16633856,exe,trojan,72.46,2021-11-05T07:15:23+00:00,1992-06-19
60930180c0d3bd27a0da207f624332f2,VirusShare_00495,injector,8317440,exe,trojan,73.53,2021-11-07T20:50:56+00:00,1992-06-19
6096d2121b0976edccbcd61a37600743,VirusShare_00495,injector,8732672,exe,trojan,72.31,2021-11-03T03:48:17+00:00,1992-06-19
60abe17a1f94da9b42173e5642206af4,VirusShare_00495,injector,8317440,exe,trojan,72.31,2021-10-31T23:17:37+00:00,1992-06-19
60e0153e1d180548089d9b90ebf5b028,VirusShare_00495,injector,16634880,exe,trojan,76.47,2021-11-07T22:27:05+00:00,1992-06-19
60eba27e6a8cb54d88b438d88a082d73,VirusShare_00495,injector,16633856,exe,trojan,73.91,2021-11-02T18:56:21+00:00,1992-06-19
61a05a1657690ab6ae304a102c4afe0a,VirusShare_00495,injector,9338880,exe,trojan,72.06,2021-11-08T03:27:12+00:00,1992-06-19
61d991b2fb653d2ba77829a6333911f2,VirusShare_00495,injector,18677760,exe,trojan,70.59,2021-11-04T04:58:43+00:00,1992-06-19
61f3cf128c348939916e6a221785e844,VirusShare_00495,injector,16634880,exe,trojan,73.91,2021-11-03T03:27:30+00:00,1992-06-19
61fbecca346314bf029be7b164d13846,VirusShare_00495,injector,16634880,exe,trojan,72.06,2021-11-04T03:46:16+00:00,1992-06-19
623232355f21ab8cda34e8a2454b49db,VirusShare_00495,injector,16634880,exe,trojan,75.36,2021-11-04T13:41:37+00:00,1992-06-19
62404cf6621d54ce5a9db68e4755b95e,VirusShare_00495,injector,16633856,exe,trojan,82.61,2021-11-03T00:06:55+00:00,1992-06-19
6276a78e12b36b9e68c37a0f4ff9188b,VirusShare_00495,injector,9338880,exe,trojan,73.91,2021-11-08T04:29:24+00:00,1992-06-19
62b36644585f0d22ed987094d6639f58,VirusShare_00495,injector,16634880,exe,trojan,73.91,2021-11-04T12:54:32+00:00,1992-06-19
631b816e58ff76e5de1b147b162a1eb6,VirusShare_00495,injector,16634880,exe,trojan,73.91,2021-11-05T09:01:20+00:00,1992-06-19
636245e25287e23fc3ff4b9e1bd1f0f9,VirusShare_00495,injector,8317440,exe,trojan,75.36,2021-11-07T02:52:18+00:00,1992-06-19
63a390d7559afb780e153a3aa9035f85,VirusShare_00495,injector,8317440,exe,trojan,73.85,2021-11-02T22:04:08+00:00,1992-06-19
63a6297fdc83071e1e8ed286b1ade6f9,VirusShare_00495,injector,16633856,exe,trojan,75.36,2021-11-04T18:02:34+00:00,1992-06-19
63b01219fe6c49da053d2e2486259dab,VirusShare_00495,injector,8317440,exe,trojan,75.36,2021-11-02T23:55:09+00:00,1992-06-19
63cc37913937acaf9d5354a9feb42469,VirusShare_00495,injector,8317440,exe,trojan,73.13,2021-11-03T18:32:59+00:00,1992-06-19
640392b264e0fcf80fdc67d6146d4489,VirusShare_00495,injector,16634880,exe,trojan,70.59,2021-11-04T12:39:21+00:00,1992-06-19
648ecb46f729e823d217660a0a249128,VirusShare_00495,injector,8317440,exe,trojan,73.91,2021-11-04T18:52:39+00:00,1992-06-19
649bccb2f87157c209b35f5a8ac3806f,VirusShare_00495,injector,8316928,exe,trojan,75.36,2021-11-03T02:26:19+00:00,1992-06-19
64c66ab35280dd9636b5ff4487058df8,VirusShare_00495,injector,18677760,exe,trojan,73.91,2021-11-02T22:22:32+00:00,1992-06-19
64d8a78e2bc009fff40edd1689c1c0ae,VirusShare_00495,injector,2079232,exe,trojan,75.0,2021-11-08T17:31:37+00:00,1992-06-19
6518350cb3d3277868a25dba447a13dd,VirusShare_00495,injector,18677760,exe,trojan,75.0,2021-11-08T00:53:30+00:00,1992-06-19
653476fe7c50ccd9c93c71b72fed3ae4,VirusShare_00495,injector,9338880,exe,trojan,72.73,2021-11-04T05:01:13+00:00,1992-06-19
6590993fb35f1aadfd8837680eea8f16,VirusShare_00495,injector,8317440,exe,trojan,75.0,2021-11-04T20:01:51+00:00,1992-06-19
660046a9b09d11310276488413c40cfc,VirusShare_00495,injector,16634880,exe,trojan,72.46,2021-11-03T11:47:11+00:00,1992-06-19
669efa75c4f200d31d13d2160906a11d,VirusShare_00495,injector,8317440,exe,trojan,75.36,2021-11-07T14:21:46+00:00,1992-06-19
66a5bfaf5247e932b4a3b697751596e8,VirusShare_00495,injector,16634880,exe,trojan,73.91,2021-11-03T10:09:59+00:00,1992-06-19
66aad51505447b6666cf28376523a3e1,VirusShare_00495,injector,9338880,exe,trojan,73.91,2021-11-08T04:55:54+00:00,1992-06-19
66b3ac08b1d4417fae7669fcd37f9c21,VirusShare_00495,injector,9338880,exe,trojan,72.46,2021-11-08T11:38:05+00:00,1992-06-19
66b3d72caa7ec610214a3444c5872854,VirusShare_00495,injector,8317440,exe,trojan,79.41,2021-11-04T01:35:01+00:00,1992-06-19
66c38e19399225a5112a85aeeb57bea6,VirusShare_00495,injector,9338880,exe,trojan,73.53,2021-11-03T16:01:38+00:00,1992-06-19
66cee70c475805c9c1fd694fd465f3de,VirusShare_00495,injector,16633856,exe,trojan,71.64,2021-11-04T17:56:45+00:00,1992-06-19
66ebea526f92c29f83628a25c5caafd6,VirusShare_00495,injector,8317440,exe,trojan,73.53,2021-11-07T05:46:27+00:00,1992-06-19
67120075d7829e7963608c4ef4b6f01f,VirusShare_00495,injector,8317440,exe,trojan,73.02,2021-11-08T06:54:22+00:00,1992-06-19
67c6a2ad08a092e61f603849c7a7eea4,VirusShare_00495,injector,8317440,exe,trojan,75.0,2021-11-05T15:25:18+00:00,1992-06-19
6803ac4ab2cbd39b96085e9886934405,VirusShare_00495,injector,8317440,exe,trojan,73.91,2021-11-02T17:51:00+00:00,1992-06-19
683e6f7630aca26212b0d7ae3724d973,VirusShare_00495,injector,18677760,exe,trojan,73.53,2021-10-30T23:13:09+00:00,1992-06-19
6851e143ab34e40200f07f4e34e4cf56,VirusShare_00495,injector,14237696,exe,trojan,69.57,2021-11-04T06:57:15+00:00,1992-06-19
688b75a90fd36b8b6d8c9bca70757e31,VirusShare_00495,injector,11337728,exe,trojan,68.12,2021-11-04T12:11:31+00:00,1992-06-19
68b6d208528d9160e2e762ea5137dfe3,VirusShare_00495,injector,16633856,exe,trojan,73.91,2021-11-03T22:04:46+00:00,1992-06-19
68e5c644d7e348f5b841388d02b33857,VirusShare_00495,injector,8317440,exe,trojan,75.36,2021-11-04T14:22:33+00:00,1992-06-19
69229e5eac77477b5db632c4180c67ba,VirusShare_00495,injector,16634880,exe,trojan,73.91,2021-11-03T11:35:55+00:00,1992-06-19
6923e667e962e234e8cf2d3fa4149be0,VirusShare_00495,injector,16634880,exe,trojan,72.46,2021-11-03T13:52:58+00:00,1992-06-19
6969a3cbe3ec5dcd8d65680b8545df23,VirusShare_00495,injector,16187392,exe,trojan,71.01,2021-11-01T00:22:57+00:00,1992-06-19
6975b1a54d510b959bb04c227de1c6d3,VirusShare_00495,injector,8317440,exe,trojan,75.36,2021-11-03T23:32:54+00:00,1992-06-19
6986466e84a6209b5dbbd806b4f84b9c,VirusShare_00495,injector,1307136,exe,trojan,63.24,2021-11-05T10:35:12+00:00,1992-06-19
69ab8baa50256a24139a7c909e3d0e65,VirusShare_00495,injector,16634880,exe,trojan,72.06,2021-11-07T09:35:59+00:00,1992-06-19
69e721b57807ca373a9472fffc2de770,VirusShare_00495,injector,16634880,exe,trojan,71.64,2021-11-01T03:37:56+00:00,1992-06-19
6a0923c8076b3eadcac547f43a8ab623,VirusShare_00495,injector,9338880,exe,trojan,68.12,2021-11-05T13:01:32+00:00,1992-06-19
6aa867be9bca598508842d10f6fd8895,VirusShare_00495,injector,16634880,exe,trojan,72.06,2021-11-07T18:33:00+00:00,1992-06-19
6ab26f2217a62264f19888c69124eb09,VirusShare_00495,injector,8317440,exe,trojan,73.91,2021-11-02T23:23:09+00:00,1992-06-19
6b057a3309aa9dd0e864fbcac38f3863,VirusShare_00495,injector,2079232,exe,trojan,66.67,2021-11-09T04:29:31+00:00,1992-06-19
6b73eb0b7156fb5297282b23bdfcaf74,VirusShare_00495,injector,8317440,exe,trojan,72.46,2021-11-08T14:48:29+00:00,1992-06-19
6bbc8871ca8c99156ce07af622ef6be2,VirusShare_00495,injector,16634880,exe,trojan,73.53,2021-11-03T15:37:56+00:00,1992-06-19
6bf2a6d744f852f57bffff1d4238d375,VirusShare_00495,injector,8316928,exe,trojan,75.36,2021-10-31T18:05:34+00:00,1992-06-19
6bff205fd45158d2eee297057f752956,VirusShare_00495,injector,16634880,exe,trojan,72.46,2021-11-07T22:35:14+00:00,1992-06-19
6c0a36309eb5436046b7a7f85dca9d99,VirusShare_00495,injector,16634880,exe,trojan,73.91,2021-11-07T23:53:58+00:00,1992-06-19
6c0cac6546deb8cd33126327d7740d06,VirusShare_00495,injector,18677760,exe,trojan,72.46,2021-11-03T02:48:26+00:00,1992-06-19
6c0eb6f1bb7e2d755f33a337cd44dc32,VirusShare_00495,injector,8316928,exe,trojan,73.13,2021-11-07T15:41:07+00:00,1992-06-19
6c1ff0e6e592a250b33ee8da37011a8a,VirusShare_00495,injector,9338880,exe,trojan,72.41,2021-11-02T22:21:09+00:00,1992-06-19
6c4f2514fbd522a52e09c231479e9a31,VirusShare_00495,injector,8317440,exe,trojan,80.0,2021-11-07T09:12:44+00:00,1992-06-19
6c50208d014e1f8bb75fcb6695b7bf99,VirusShare_00495,injector,9338880,exe,trojan,72.06,2021-11-04T10:38:52+00:00,1992-06-19
6c56d17ec5eab583d347dd5717cbeab2,VirusShare_00495,injector,14554624,exe,trojan,71.01,2021-11-01T15:41:27+00:00,1992-06-19
6c7348748cfb7030af700755db4fd8b3,VirusShare_00495,injector,8317440,exe,trojan,73.91,2021-11-07T14:39:39+00:00,1992-06-19
6c8421bd3308f3af35ebd1a5760825f3,VirusShare_00495,injector,16634880,exe,trojan,72.46,2021-10-31T13:00:08+00:00,1992-06-19
6c90dcfbb955cfd129230c49049cb976,VirusShare_00495,injector,11272192,exe,trojan,68.12,2021-11-01T07:28:11+00:00,1992-06-19
6d00735faa6a6f262fd1d64e6cb4ebad,VirusShare_00495,injector,9338880,exe,trojan,75.0,2021-11-05T06:41:11+00:00,1992-06-19
6d0418eb870442f0c3a45f7d22fa7ce4,VirusShare_00495,injector,8316928,exe,trojan,73.85,2021-11-03T06:23:16+00:00,1992-06-19
6d3fa8e5577d5314af3e5ce6c582ed77,VirusShare_00495,injector,18677760,exe,trojan,72.73,2021-10-31T19:33:36+00:00,1992-06-19
6d7b530dc64e474c2f0e4ab4483641ba,VirusShare_00495,injector,18677760,exe,trojan,73.91,2021-11-04T15:56:06+00:00,1992-06-19
6dad1c58f00bc2de9dd41aac41cc3b3f,VirusShare_00495,injector,18677760,exe,trojan,73.91,2021-11-01T09:25:13+00:00,1992-06-19
6df7ea8a0aeff3c69b3de502d2671abc,VirusShare_00495,injector,16634880,exe,trojan,73.91,2021-11-03T01:45:37+00:00,1992-06-19
6e66d260dd238094add62e5bc16c2e1b,VirusShare_00495,injector,16634880,exe,trojan,73.13,2021-11-07T12:29:21+00:00,1992-06-19
6e6e3da5bc770022dbfa472b83e791e0,VirusShare_00495,injector,9338880,exe,trojan,73.13,2021-11-06T10:12:53+00:00,1992-06-19
6ea1389ef8cd13f96cfa34b72818e829,VirusShare_00495,injector,16634880,exe,trojan,73.53,2021-10-31T08:07:11+00:00,1992-06-19
6eb76fe64f0e69ac2dc1558f835f1fca,VirusShare_00495,injector,18677760,exe,trojan,73.13,2021-11-03T18:29:00+00:00,1992-06-19
6ec373133907ee724d33cbcaba4c421b,VirusShare_00495,injector,8093696,exe,trojan,67.14,2021-11-02T23:52:09+00:00,1992-06-19
6ecb9bc0debd4ffac5b76175f2e73e7d,VirusShare_00495,injector,16634880,exe,trojan,72.46,2021-11-05T12:09:45+00:00,1992-06-19
6f72b3d419bfe13bcb33f8398eb6f696,VirusShare_00495,injector,16633856,exe,trojan,71.64,2021-11-01T14:05:57+00:00,1992-06-19
700cddea49834889f88cfca2e58f2f7d,VirusShare_00495,injector,14974976,exe,trojan,68.12,2021-11-04T16:26:35+00:00,1992-06-19
700d2dc82e838de13fdd9905853386ef,VirusShare_00495,injector,9338880,exe,trojan,75.36,2021-11-02T21:35:47+00:00,1992-06-19
705339cf2d59aa8d3ee86c5241a80292,VirusShare_00495,injector,7405568,exe,trojan,71.01,2021-11-05T01:07:10+00:00,1992-06-19
7058bfe2428a2d0d054cab250ce02011,VirusShare_00495,injector,8316928,exe,trojan,63.77,2021-11-05T11:19:24+00:00,1992-06-19
70a3a813e45036b727e21c7bd09200e9,VirusShare_00495,injector,16634880,exe,trojan,72.06,2021-11-08T10:58:00+00:00,1992-06-19
711a046061ec10c44472180a84e08ebf,VirusShare_00495,injector,12222464,exe,trojan,72.46,2021-11-04T10:33:27+00:00,1992-06-19
71493ea1f383c6d3417ad33bfe7cec8f,VirusShare_00495,injector,18677760,exe,trojan,73.53,2021-11-08T07:18:42+00:00,1992-06-19
714ba8c716f47d2b57d0c6fbb259fd29,VirusShare_00495,injector,18677760,exe,trojan,68.66,2021-11-05T10:18:48+00:00,1992-06-19
715939dd0da8c2292cd6354641d2cd80,VirusShare_00495,injector,3549122,exe,trojan,72.46,2021-11-04T11:20:02+00:00,1992-06-19
716f4fee2f7a9d83f17308c932336e60,VirusShare_00495,injector,8317440,exe,trojan,75.0,2021-11-04T00:07:52+00:00,1992-06-19
7199633671264b6bdeb5ff68fa48f2a5,VirusShare_00495,injector,9338880,exe,trojan,73.91,2021-11-03T02:26:22+00:00,1992-06-19
71ae14a13ad5ff213bb9299a59ed4ed2,VirusShare_00495,injector,11272192,exe,trojan,66.67,2021-11-05T00:48:36+00:00,1992-06-19
71ee3f126ecaf7da13e7b85e1a9af9ad,VirusShare_00495,injector,8093696,exe,trojan,72.46,2021-10-31T20:33:32+00:00,1992-06-19
71f7a7c7cfbfb29c010905761a96fde4,VirusShare_00495,injector,16634880,exe,trojan,70.77,2021-11-04T06:26:27+00:00,1992-06-19
72269a1f493ca8aa62155b5d4afb3288,VirusShare_00495,injector,16634880,exe,trojan,72.06,2021-11-01T03:02:00+00:00,1992-06-19
7293d19adf5b335bac8edb6e2f04800f,VirusShare_00495,injector,16634880,exe,trojan,73.53,2021-11-03T17:14:13+00:00,1992-06-19
72963f91d04ac5d353f50214c7fe9776,VirusShare_00495,injector,16634880,exe,trojan,70.59,2021-11-04T07:27:52+00:00,1992-06-19
72acf80d2f2fe984ea41bb02936a8c9c,VirusShare_00495,injector,9338880,exe,trojan,70.59,2021-11-05T00:40:55+00:00,1992-06-19
72b54a780a237810cd7219e64b560b01,VirusShare_00495,injector,16634880,exe,trojan,72.06,2021-11-05T12:34:54+00:00,1992-06-19
72fef3ba885b8d481ca28c470116b6db,VirusShare_00495,injector,18677760,exe,trojan,72.46,2021-11-01T12:50:13+00:00,1992-06-19
7308613ec811cede12151341b1dd3591,VirusShare_00495,injector,8317440,exe,trojan,71.43,2021-11-05T02:06:05+00:00,1992-06-19
733530a520967ba51a643f8ff6a5cbc0,VirusShare_00495,injector,8317440,exe,trojan,75.36,2021-11-03T23:41:52+00:00,1992-06-19
7349887cb58c84520d284d156db310d4,VirusShare_00495,injector,8317440,exe,trojan,72.46,2021-11-07T03:39:51+00:00,1992-06-19
734a29c90a8616f722b430ea1040f081,VirusShare_00495,injector,9338880,exe,trojan,72.06,2021-11-05T09:13:02+00:00,1992-06-19
739d4bc03c14dc419ecc1ffe22be79c4,VirusShare_00495,injector,16633856,exe,trojan,72.06,2021-10-31T12:32:20+00:00,1992-06-19
739da111d55aeec7e56562e7f9a3306b,VirusShare_00495,injector,16634880,exe,trojan,73.91,2021-11-07T17:04:06+00:00,1992-06-19
73a79f906818bcc99e5bba99444183ac,VirusShare_00495,injector,16633856,exe,trojan,73.53,2021-11-04T01:34:27+00:00,1992-06-19
73aa11a48831dfd5d9a96d5df483d6bb,VirusShare_00495,injector,8317440,exe,trojan,73.53,2021-11-07T18:24:46+00:00,1992-06-19
73d254917c104b919536b21820664b46,VirusShare_00495,injector,8317440,exe,trojan,67.24,2021-10-30T22:10:55+00:00,1992-06-19
742229acd8b0a31131aba950ff62e213,VirusShare_00495,injector,18677760,exe,trojan,72.46,2021-11-07T21:59:13+00:00,1992-06-19
7494465831165309951ee16d7b8a5bf2,VirusShare_00495,injector,9338880,exe,trojan,75.0,2021-11-04T10:59:35+00:00,1992-06-19
74f1aaa2cd85b4f872eb2049797e8ccf,VirusShare_00495,injector,8317440,exe,trojan,75.36,2021-11-04T11:29:35+00:00,1992-06-19
750fbe29eaa879058e25ff640b2799b1,VirusShare_00495,injector,8317440,exe,trojan,73.91,2021-11-04T15:34:40+00:00,1992-06-19
7561f7acaac03c8188f931be253eb33f,VirusShare_00495,injector,8316928,exe,trojan,75.36,2021-11-06T03:32:02+00:00,1992-06-19
75ca3a61100862344c36b435cc7973bb,VirusShare_00495,injector,8317440,exe,trojan,76.81,2021-11-03T11:45:42+00:00,1992-06-19
763f4418832b1e5655cb42c6774f51f1,VirusShare_00495,injector,8317440,exe,trojan,72.46,2021-10-31T19:46:36+00:00,1992-06-19
768686059820cd6cf362288c33985579,VirusShare_00495,injector,16634880,exe,trojan,73.53,2021-11-08T11:43:05+00:00,1992-06-19
769f6068597c8a7904b9f07486782f65,VirusShare_00495,injector,17465344,exe,trojan,70.59,2021-11-05T10:38:13+00:00,1992-06-19
76c93b07ab99046eb918ef2ac3a10455,VirusShare_00495,injector,16634880,exe,trojan,72.06,2021-11-07T06:58:57+00:00,1992-06-19
771b3d575fbc96303908dbacb22c61a5,VirusShare_00495,injector,9338880,exe,trojan,73.53,2021-11-08T02:51:15+00:00,1992-06-19
777ac4039cb70d631b5c5e356d205348,VirusShare_00495,injector,8317440,exe,trojan,73.53,2021-11-05T02:24:41+00:00,1992-06-19
77e3887c33b4b75fa57a434fe3483246,VirusShare_00495,injector,16634880,exe,trojan,73.91,2021-11-03T14:19:06+00:00,1992-06-19
77ee7415ef5fe79e52cef14d7a227e75,VirusShare_00495,injector,8317440,exe,trojan,73.91,2021-11-06T19:16:18+00:00,1992-06-19
77f80255d3a6c582892d3d745e2d214b,VirusShare_00495,injector,16633856,exe,trojan,70.15,2021-11-03T07:32:36+00:00,1992-06-19
77f99351f2695304421dace04934e605,VirusShare_00495,injector,8317440,exe,trojan,71.64,2021-11-07T14:22:40+00:00,1992-06-19
77fd03273ec43c86e0c234335ce965a0,VirusShare_00495,injector,8317440,exe,trojan,73.91,2021-11-05T09:26:25+00:00,1992-06-19
78946a2003266ab8bbd5de30007c04fd,VirusShare_00495,injector,9338880,exe,trojan,74.63,2021-11-08T06:02:37+00:00,1992-06-19
78bd9a5ef563cbd4edb28767dd1488e3,VirusShare_00495,injector,16634880,exe,trojan,71.01,2021-11-07T16:00:57+00:00,1992-06-19
78ceb909b8c288d75b61224c3a08b72e,VirusShare_00495,injector,8316928,exe,trojan,75.36,2021-11-07T17:53:26+00:00,1992-06-19
78d14be0b0060f258c3f5153dcbfa450,VirusShare_00495,injector,8316928,exe,trojan,72.06,2021-11-04T19:21:03+00:00,1992-06-19
7938dcfea922050b59cd6afd68e0c231,VirusShare_00495,injector,16633856,exe,trojan,73.91,2021-11-04T15:14:52+00:00,1992-06-19
79476a442444814c096d7b9e49817b62,VirusShare_00495,injector,16634880,exe,trojan,73.53,2021-11-07T17:24:14+00:00,1992-06-19
798551dc6843c51d6a295d0cda37cea8,VirusShare_00495,injector,8093696,exe,trojan,67.24,2021-11-08T07:14:18+00:00,1992-06-19
79b87fd2ef4f0bcf3d813fd571152ed0,VirusShare_00495,injector,16634880,exe,trojan,72.46,2021-11-05T15:25:28+00:00,1992-06-19
79f62ef50d23525918fb8905f81b241a,VirusShare_00495,injector,9302222,exe,trojan,72.46,2021-11-06T02:07:16+00:00,1992-06-19
7a4b607cd02f11d696c15a5cf4c7d583,VirusShare_00495,injector,18677760,exe,trojan,72.46,2021-11-07T16:18:16+00:00,1992-06-19
7a4ea58669ab48fa9e2b34d2632c345c,VirusShare_00495,injector,16633856,exe,trojan,73.13,2021-11-04T02:02:19+00:00,1992-06-19
7ab3ac02d5d7c5473eb2e87652790081,VirusShare_00495,injector,16634880,exe,trojan,65.52,2021-11-03T09:08:56+00:00,1992-06-19
7ac57830e53592c497ad80a020b837e2,VirusShare_00495,injector,16634880,exe,trojan,71.01,2021-11-07T10:33:08+00:00,1992-06-19
7aff00a1a607e78ec4dee3474a0e3bcf,VirusShare_00495,injector,8317440,exe,trojan,73.53,2021-11-03T19:42:16+00:00,1992-06-19
7b12e266aef8be36b4d0f5f18b687c90,VirusShare_00495,injector,14237696,exe,trojan,69.57,2021-11-01T03:21:06+00:00,1992-06-19
7b30fb1b19d416783d0da5e0fccdc023,VirusShare_00495,injector,8317440,exe,trojan,76.47,2021-11-03T08:15:37+00:00,1992-06-19
7b39e77876f0e8121fda00ef7352e522,VirusShare_00495,injector,8317440,exe,trojan,74.24,2021-11-08T09:44:21+00:00,1992-06-19
7b53ef299192379a2c54123d6d3097bc,VirusShare_00495,injector,8732672,exe,trojan,75.0,2021-11-05T07:54:57+00:00,1992-06-19
7b731bececb2e8bdc0642f005b9919b1,VirusShare_00495,injector,16633856,exe,trojan,72.06,2021-11-07T18:53:05+00:00,1992-06-19
7bead3fe528357140a7064116b198b89,VirusShare_00495,injector,16634880,exe,trojan,72.46,2021-11-03T10:18:55+00:00,1992-06-19
7bfc3d88d2746c974f23c14391eefdda,VirusShare_00495,injector,18677760,exe,trojan,72.46,2021-11-03T15:07:51+00:00,1992-06-19
7c426c0ad6e59a2f421ba6a65f090a75,VirusShare_00495,injector,2079232,exe,trojan,73.53,2021-11-05T08:53:32+00:00,1992-06-19
7c99a80a72aff2d56fe6700e09e95898,VirusShare_00495,injector,8317440,exe,trojan,73.53,2021-11-02T18:43:50+00:00,1992-06-19
7cc36f9511bdb00c8754a8bc3be21270,VirusShare_00495,injector,8317440,exe,trojan,73.53,2021-11-03T00:12:18+00:00,1992-06-19
7cda8a878da69b41fabe955496c9c424,VirusShare_00495,injector,18677760,exe,trojan,70.59,2021-10-31T19:49:03+00:00,1992-06-19
7ce0e5f3218df97ec76e6ef8caea13a1,VirusShare_00495,injector,16634880,exe,trojan,73.53,2021-11-07T08:33:42+00:00,1992-06-19
7cef4e448e03a100db02f20e97836dd4,VirusShare_00495,injector,16634880,exe,trojan,72.73,2021-11-01T08:41:12+00:00,1992-06-19
7d51370ceb24639e9e7dc2bfca9f0221,VirusShare_00495,injector,18677760,exe,trojan,73.53,2021-11-03T11:48:49+00:00,1992-06-19
7dc2b2455ffbe9e8959e3c8a2aeb96e8,VirusShare_00495,injector,18677760,exe,trojan,72.46,2021-11-07T08:31:06+00:00,1992-06-19
7dd9ae8922e3d462c672f87ffe8086ae,VirusShare_00495,injector,9338880,exe,trojan,75.36,2021-11-02T20:31:58+00:00,1992-06-19
7e20f592b72d8883f8cdb586b7ed7130,VirusShare_00495,injector,8317440,exe,trojan,72.06,2021-11-03T17:54:01+00:00,1992-06-19
7e27f7c9255b6b0f3a572d096263be3f,VirusShare_00495,injector,8317440,exe,trojan,75.36,2021-11-02T23:37:10+00:00,1992-06-19
7e4d83130b5f81dfb99e67b8b7ada6ac,VirusShare_00495,injector,8317440,exe,trojan,75.0,2021-11-01T22:53:17+00:00,1992-06-19
7e4e60215cb82a203f10e17be414b702,VirusShare_00495,injector,18677760,exe,trojan,74.63,2021-11-08T11:41:53+00:00,1992-06-19
7e55a6204fc55e8fa59e7af3433eb86b,VirusShare_00495,injector,4158464,exe,trojan,75.36,2021-11-03T02:13:57+00:00,1992-06-19
7e822b5c9d9568886810213e542372ee,VirusShare_00495,injector,8317440,exe,trojan,75.0,2021-11-05T04:14:03+00:00,1992-06-19
7eba7ffd4a2d938d5a7d4304e09140d3,VirusShare_00495,injector,16634880,exe,trojan,73.91,2021-11-03T01:44:29+00:00,1992-06-19
7ee58171e9d4cb920440e55159e1f690,VirusShare_00495,injector,8317440,exe,trojan,72.06,2021-11-06T06:54:09+00:00,1992-06-19
7eec78a83e22a4c97994928abb3345e3,VirusShare_00495,injector,8316928,exe,trojan,76.81,2021-11-02T22:49:25+00:00,1992-06-19
7efc4fa367191a99ee9f356ba61c74ad,VirusShare_00495,injector,8316928,exe,trojan,79.63,2021-11-06T06:05:17+00:00,1992-06-19
7efc98cfa2fafb9d32dabe96c994eb1d,VirusShare_00495,injector,18677760,exe,trojan,71.64,2021-11-05T12:41:22+00:00,1992-06-19
7f060b468b80a76ffc6a31386cf07933,VirusShare_00495,injector,16634880,exe,trojan,72.46,2021-11-02T22:49:26+00:00,1992-06-19
7f069df56bae8cf4c830e2dadb5885a7,VirusShare_00495,injector,8316928,exe,trojan,76.47,2021-11-04T15:13:09+00:00,1992-06-19
7f24977c3d97c9d697e37b48c38192c3,VirusShare_00495,injector,9928704,exe,trojan,72.31,2021-11-04T19:11:48+00:00,1992-06-19
7f2a26064323209374a4b5c38af87a9a,VirusShare_00495,injector,9338880,exe,trojan,68.12,2021-11-01T05:20:45+00:00,1992-06-19
7f52bbffc0a0c6302ae92bd927396f63,VirusShare_00495,injector,8316928,exe,trojan,73.13,2021-11-08T07:54:33+00:00,1992-06-19
7f6fb4f5f94b1b4d57ec5ca293df49a7,VirusShare_00495,injector,1133056,exe,trojan,19.7,2021-11-08T13:17:37+00:00,1992-06-19
7fbe0c48cfedc98933135a8b6bd6e09c,VirusShare_00495,injector,9338880,exe,trojan,71.64,2021-11-08T10:39:47+00:00,1992-06-19
7fc36946f86206cf4848ef246c8bf4db,VirusShare_00495,injector,9338880,exe,trojan,67.92,2021-11-09T05:28:11+00:00,1992-06-19
7fe41650a61078e5ebb8351cb4dbe92c,VirusShare_00495,injector,9338880,exe,trojan,72.46,2021-11-07T03:26:44+00:00,1992-06-19
7ffaed5eca78f4d2500c39eb54c171a8,VirusShare_00495,injector,8317440,exe,trojan,73.53,2021-11-07T04:52:37+00:00,1992-06-19
8003965c46c60c1dc3d9e7a70a9f9c2e,VirusShare_00495,injector,8317440,exe,trojan,70.49,2021-11-01T08:10:21+00:00,1992-06-19
808f1a8bf19396acaeaba1859d636114,VirusShare_00495,injector,8317440,exe,trojan,72.73,2021-11-03T07:08:29+00:00,1992-06-19
81086f32500902b31d4047e7aab3e8a0,VirusShare_00495,injector,9338880,exe,trojan,73.91,2021-11-02T20:00:59+00:00,1992-06-19
815f5c988da7525fa0862c865cd0b9cd,VirusShare_00495,injector,1659936,exe,trojan,72.46,2021-11-08T17:40:21+00:00,1992-06-19
818e96fde8fb3da16f38915a918d4dd1,VirusShare_00495,injector,16633856,exe,trojan,71.64,2021-11-02T15:20:03+00:00,1992-06-19
81a1ea7e6367f9007022683390324e64,VirusShare_00495,injector,12550144,exe,trojan,71.64,2021-11-03T07:27:26+00:00,1992-06-19
82048de0173c0a01afa34306334122ac,VirusShare_00495,injector,16633856,exe,trojan,75.36,2021-11-06T20:35:38+00:00,1992-06-19
82395355a680391788f715c9f0c7306e,VirusShare_00495,injector,16634880,exe,trojan,72.46,2021-11-04T20:42:34+00:00,1992-06-19
829808a7096ab35a5d9a8263dc2b426c,VirusShare_00495,injector,9338880,exe,trojan,71.01,2021-11-07T09:00:33+00:00,1992-06-19
82ba396923ec4111a12930aa7646447e,VirusShare_00495,injector,16634880,exe,trojan,71.43,2021-11-02T16:16:04+00:00,1992-06-19
83ac836d09e9d3b7fda8568acd503bec,VirusShare_00495,injector,8316928,exe,trojan,73.91,2021-11-01T16:24:16+00:00,1992-06-19
83d6c3e41d31280ec940c7692f788ab4,VirusShare_00495,injector,16633856,exe,trojan,70.91,2021-11-04T05:56:26+00:00,1992-06-19
846d7d5b79691ea10865e316a3336da7,VirusShare_00495,injector,8317440,exe,trojan,73.53,2021-11-08T05:06:20+00:00,1992-06-19
848a0b578a1a590484d41986c21ccfea,VirusShare_00495,injector,8317440,exe,trojan,73.53,2021-11-04T07:13:14+00:00,1992-06-19
85bf25ad171a2591d0e49f5c757c5360,VirusShare_00495,injector,18677760,exe,trojan,73.53,2021-11-07T07:54:19+00:00,1992-06-19
85c12bf3900f98ff4ac103c41dd69b64,VirusShare_00495,injector,16634880,exe,trojan,71.01,2021-11-06T22:55:39+00:00,1992-06-19
85cd73a5a839386e3d9c329180884288,VirusShare_00495,injector,16634880,exe,trojan,73.53,2021-11-04T23:44:12+00:00,1992-06-19
85d1bee5d43bfda09815f1a19ee65811,VirusShare_00495,injector,16634880,exe,trojan,72.46,2021-11-01T21:05:31+00:00,1992-06-19
86387f91a9b7ec42d50db5870c75cc85,VirusShare_00495,injector,9338880,exe,trojan,73.91,2021-11-04T03:33:28+00:00,1992-06-19
8645fa0a5ece9f0e97a106fc30f899bc,VirusShare_00495,injector,9338880,exe,trojan,73.44,2021-11-03T03:49:22+00:00,1992-06-19
866454fc99533b701695e8df3178ac59,VirusShare_00495,injector,16634880,exe,trojan,73.13,2021-11-04T05:44:29+00:00,1992-06-19
8667d0ec07c51ac5d795d09d7f7b839f,VirusShare_00495,injector,16633856,exe,trojan,69.7,2021-11-02T15:39:55+00:00,1992-06-19
866886735b9d35f54f840151240b2e0f,VirusShare_00495,injector,16187392,exe,trojan,68.18,2021-11-05T06:24:22+00:00,1992-06-19
86bd243c82a27f194ece89a5508d769c,VirusShare_00495,injector,8317440,exe,trojan,73.53,2021-11-02T21:56:18+00:00,1992-06-19
86d1009d517e8459ba757f25135ae911,VirusShare_00495,injector,16634880,exe,trojan,73.53,2021-11-03T06:56:27+00:00,1992-06-19
86e81187436cc04832f2ea74ece33155,VirusShare_00495,injector,9338880,exe,trojan,71.88,2021-11-08T12:25:43+00:00,1992-06-19
86f8184ebf965c8d545c97283d87e20c,VirusShare_00495,injector,8093696,exe,trojan,71.21,2021-11-05T10:12:18+00:00,1992-06-19
872816e3686cc29cd1a1f96a9a21dfa9,VirusShare_00495,injector,18677760,exe,trojan,75.36,2021-11-05T12:08:54+00:00,1992-06-19
873298806f9fba3ba88ac379feca064a,VirusShare_00495,injector,16634880,exe,trojan,70.97,2021-11-05T05:59:15+00:00,1992-06-19
87ad539b371ae844803d21847327e8ba,VirusShare_00495,injector,12255232,exe,trojan,72.46,2021-11-04T11:54:38+00:00,1992-06-19
87e3a1f1dd247fe43f099a8b6076fc40,VirusShare_00495,injector,8940224,exe,trojan,71.01,2021-11-07T16:26:48+00:00,1992-06-19
883f95fee1e69f897211db9e5d993a8c,VirusShare_00495,injector,16634880,exe,trojan,71.21,2021-11-01T22:51:29+00:00,1992-06-19
885e1e23a42946cf3f6f7d5f3a7ccaa7,VirusShare_00495,injector,16634880,exe,trojan,73.13,2021-11-03T01:45:20+00:00,1992-06-19
886024b1f33a7e6f006ce51601edda26,VirusShare_00495,injector,16633856,exe,trojan,72.46,2021-11-03T16:16:12+00:00,1992-06-19
886384b06f8fe8860cbbae3300b53709,VirusShare_00495,injector,16634880,exe,trojan,72.46,2021-11-04T15:44:06+00:00,1992-06-19
8891191cfb68da729470607f2ec5d975,VirusShare_00495,injector,16634880,exe,trojan,73.91,2021-11-03T16:57:23+00:00,1992-06-19
889c4df5d81e7d5a448c72f63a7fa267,VirusShare_00495,injector,2079232,exe,trojan,72.06,2021-10-31T12:49:06+00:00,1992-06-19
88ebff8b72f7cf97b6f6daed0775fc3c,VirusShare_00495,injector,16634880,exe,trojan,75.0,2021-11-02T23:19:23+00:00,1992-06-19
8970544c14bd13e2d8c2e4ee7d095070,VirusShare_00495,injector,16634880,exe,trojan,73.91,2021-11-01T02:04:55+00:00,1992-06-19
8970688e17774635303e62758cbee993,VirusShare_00495,injector,9338880,exe,trojan,70.77,2021-11-01T03:37:03+00:00,1992-06-19
8983d5f4f05d21b5b03ec525e09b00c0,VirusShare_00495,injector,16633856,exe,trojan,68.85,2021-11-02T21:56:13+00:00,1992-06-19
89bd413c1c757ee416efb6cd1166beef,VirusShare_00495,injector,18677760,exe,trojan,72.46,2021-11-03T13:52:04+00:00,1992-06-19
89d45c90afced252295eba1f690f5e36,VirusShare_00495,injector,9338880,exe,trojan,75.36,2021-11-03T07:26:36+00:00,1992-06-19
89f81b8e1b4d10272535e4cbe80df9cb,VirusShare_00495,injector,9338880,exe,trojan,73.91,2021-11-07T00:51:36+00:00,1992-06-19
8a55df9118190a2694e5cb8ce728b7f1,VirusShare_00495,injector,16634880,exe,trojan,72.06,2021-10-30T21:00:11+00:00,1992-06-19
8a6e37784cc961a3dba53914001fb91b,VirusShare_00495,injector,12222464,exe,trojan,72.46,2021-11-02T20:13:34+00:00,1992-06-19
8ac219b575a33180e92f49d6b7dc65b6,VirusShare_00495,injector,9338880,exe,trojan,73.53,2021-11-08T04:08:16+00:00,1992-06-19
8ad4c0a224d4de44509e95c3c940b36a,VirusShare_00495,injector,16187392,exe,trojan,71.01,2021-11-05T11:45:32+00:00,1992-06-19
8af0ff935df39c9bb2b489df685c2365,VirusShare_00495,injector,12475392,exe,trojan,71.21,2021-11-04T17:22:10+00:00,1992-06-19
8b187b9bd222d18b4b55926d72a04ea6,VirusShare_00495,injector,9338880,exe,trojan,74.24,2021-11-01T05:16:53+00:00,1992-06-19
8b2e8f74633e1f8b836f4bb1fc8c3fac,VirusShare_00495,injector,8317440,exe,trojan,67.86,2021-11-05T02:06:42+00:00,1992-06-19
8b736fb704b2b84ca95ba44144a588be,VirusShare_00495,injector,8316928,exe,trojan,74.24,2021-11-02T11:52:51+00:00,1992-06-19
8b7a08c7d3d9caa23423d75646d72571,VirusShare_00495,injector,18677760,exe,trojan,73.53,2021-11-08T10:43:42+00:00,1992-06-19
8b989b4675f3dd5a060fea37159bd7e0,VirusShare_00495,injector,16634880,exe,trojan,73.91,2021-11-05T02:52:39+00:00,1992-06-19
8ba83669aad020dd61abb7986bb0a9a1,VirusShare_00495,injector,9338880,exe,trojan,73.53,2021-11-02T23:05:19+00:00,1992-06-19
8bd3b439048479c10d14a00b673ee177,VirusShare_00495,injector,16634880,exe,trojan,69.7,2021-11-06T20:58:35+00:00,1992-06-19
8bed42f58889feb8b850c477e08e5904,VirusShare_00495,injector,9338880,exe,trojan,75.36,2021-11-05T11:18:22+00:00,1992-06-19
8bf6c91f17a3cc43b090904cc933717c,VirusShare_00495,injector,8316928,exe,trojan,73.91,2021-11-07T04:32:38+00:00,1992-06-19
8c000561ddd696bfd9066d3d744ae501,VirusShare_00495,injector,18677760,exe,trojan,69.57,2021-11-05T00:43:04+00:00,1992-06-19
8c89b18b735b7d539d128633e1125ad7,VirusShare_00495,injector,16633856,exe,trojan,73.91,2021-11-07T10:24:45+00:00,1992-06-19
8c902ed86c6085a1412cd37b06ff3c80,VirusShare_00495,injector,18677760,exe,trojan,71.01,2021-10-30T18:19:36+00:00,1992-06-19
8c964a9b5001fdb64ad2e5c131e332c7,VirusShare_00495,injector,8317440,exe,trojan,75.36,2021-11-07T04:06:00+00:00,1992-06-19
8ce1bd2cd9981d32ce76a76b4dcdc22d,VirusShare_00495,injector,16634880,exe,trojan,72.46,2021-11-07T02:41:05+00:00,1992-06-19
8d035b88a614de3995bad09314469387,VirusShare_00495,injector,16634880,exe,trojan,72.06,2021-11-04T10:40:34+00:00,1992-06-19
8d108eecb3c64e13c052528c42881c37,VirusShare_00495,injector,16634880,exe,trojan,73.53,2021-11-07T16:29:39+00:00,1992-06-19
8d2990335b37e6d1d4cbaf136c97d6a5,VirusShare_00495,injector,1081858,exe,trojan,30.43,2021-11-04T17:39:32+00:00,1992-06-19
8d2aa50d323c653cf260a5087ce35168,VirusShare_00495,injector,16633856,exe,trojan,73.13,2021-11-04T15:55:53+00:00,1992-06-19
8d2ab987b0b3b8e0b8ae518544ab7236,VirusShare_00495,injector,16634880,exe,trojan,73.91,2021-11-03T11:36:04+00:00,1992-06-19
8d603c4fdbde809b2b6f2f1612fff17e,VirusShare_00495,injector,10396160,exe,trojan,72.06,2021-11-01T04:43:44+00:00,1992-06-19
8d873f006e1e91e3b003422b9f799e7a,VirusShare_00495,injector,18677760,exe,trojan,71.64,2021-11-01T22:20:32+00:00,1992-06-19
8dab1e5875e654a7b90de82fa0bebf7b,VirusShare_00495,injector,18677760,exe,trojan,67.21,2021-11-04T15:56:42+00:00,1992-06-19
8dcb25a602ab957506a061daecee8174,VirusShare_00495,injector,16634880,exe,trojan,73.91,2021-11-02T22:05:07+00:00,1992-06-19
8dcdfbccbfbbcf157e47acb7cd39bf50,VirusShare_00495,injector,8317440,exe,trojan,75.36,2021-11-02T23:23:03+00:00,1992-06-19
8dd711715fd5cdd2094c0c71088f9023,VirusShare_00495,injector,8317440,exe,trojan,73.91,2021-11-03T00:11:12+00:00,1992-06-19
8de15168e31cb27d7a1095f31716e186,VirusShare_00495,injector,8316928,exe,trojan,75.36,2021-11-03T15:34:53+00:00,1992-06-19
8ded41d79544696374d0b20827d70c7b,VirusShare_00495,injector,18677760,exe,trojan,72.46,2021-11-03T11:28:08+00:00,1992-06-19
8dfdc9f6b25d9e86adb2db4e8405a09e,VirusShare_00495,injector,11649024,exe,trojan,67.16,2021-11-04T04:02:14+00:00,1992-06-19
8e032133064727aa624a3743f006ae62,VirusShare_00495,injector,8316928,exe,trojan,82.35,2021-11-03T22:34:29+00:00,1992-06-19
8e15c680ad2dbcba5c8c90175dbd3c00,VirusShare_00495,injector,18677760,exe,trojan,72.46,2021-11-03T16:30:18+00:00,1992-06-19
8e29f0797c84ba09b533a4259091af7b,VirusShare_00495,injector,16634880,exe,trojan,74.63,2021-11-04T15:19:29+00:00,1992-06-19
8e3be6aea94fedbe3f0b385362f1ef08,VirusShare_00495,injector,16634880,exe,trojan,72.46,2021-10-31T10:37:22+00:00,1992-06-19
8e5b2d64d7b35bef0546ed1032686bd8,VirusShare_00495,injector,18677760,exe,trojan,73.53,2021-11-03T10:59:39+00:00,1992-06-19
8e759dbff564cb1fe488bd74fbdb3858,VirusShare_00495,injector,18677760,exe,trojan,73.53,2021-11-01T11:36:10+00:00,1992-06-19
8ee96c69c5c37c2ba7f324e5a4b4b67e,VirusShare_00495,injector,8317440,exe,trojan,73.91,2021-11-02T19:38:04+00:00,1992-06-19
8eeaab6bdb389506d67f3b644c5b4459,VirusShare_00495,injector,12255232,exe,trojan,72.06,2021-11-05T15:15:27+00:00,1992-06-19
8f409bdfa5fb0d712d77606aac3cff81,VirusShare_00495,injector,18677760,exe,trojan,72.46,2021-11-04T23:23:53+00:00,1992-06-19
8f807220a0d01452d53d9b35738113f1,VirusShare_00495,injector,18677760,exe,trojan,73.53,2021-11-01T10:29:07+00:00,1992-06-19
8f87edcda432d8c65e20dc2cb5452fe3,VirusShare_00495,injector,18677760,exe,trojan,73.53,2021-11-07T10:34:09+00:00,1992-06-19
8fec387b2cfc911c3d8f23fd3f5c5132,VirusShare_00495,injector,9338880,exe,trojan,75.0,2021-11-07T23:18:59+00:00,1992-06-19
9001b05512a337ab8bbf2e1570892d23,VirusShare_00495,injector,16633856,exe,trojan,82.35,2021-11-03T08:35:19+00:00,1992-06-19
900b296ac4212d9d5951bd207cb745ff,VirusShare_00495,injector,9338880,exe,trojan,73.53,2021-11-03T11:11:32+00:00,1992-06-19
902eb17d3bc90616cace23007a9b25b5,VirusShare_00495,injector,16634880,exe,trojan,71.21,2021-11-01T02:08:07+00:00,1992-06-19
906098c2b52276f6d709510720155fce,VirusShare_00495,injector,855040,exe,trojan,63.77,2021-11-06T19:04:42+00:00,1992-06-19
90c2ee10714f28a49a5fc19109612438,VirusShare_00495,injector,8317440,exe,trojan,73.91,2021-11-01T05:17:52+00:00,1992-06-19
9140f324d9d87fbf808c2918c9c8c941,VirusShare_00495,injector,11272192,exe,trojan,69.12,2021-11-03T10:14:14+00:00,1992-06-19
926e5cf3ca21084101fde04c46b23790,VirusShare_00495,injector,16634880,exe,trojan,71.64,2021-11-08T00:33:50+00:00,1992-06-19
92af9f4e5ec1cb3755c8f0b56ce3d88b,VirusShare_00495,injector,8316928,exe,trojan,73.53,2021-11-08T12:27:26+00:00,1992-06-19
92f4dc033de390489bbebc171187943d,VirusShare_00495,injector,8317440,exe,trojan,74.63,2021-11-08T08:13:19+00:00,1992-06-19
92fc63fae058a4e93491c5dcc62834c0,VirusShare_00495,injector,16634880,exe,trojan,73.91,2021-11-04T14:25:28+00:00,1992-06-19
92fda992326f3b2a7acc729d84ce6084,VirusShare_00495,injector,10396160,exe,trojan,73.91,2021-11-05T07:17:02+00:00,1992-06-19
930e3c9c6809c98400835d8158996782,VirusShare_00495,injector,8093696,exe,trojan,70.0,2021-11-09T10:04:14+00:00,1992-06-19
931add8c900ea534e35a02facc7f526b,VirusShare_00495,injector,9338880,exe,trojan,72.06,2021-11-08T00:51:25+00:00,1992-06-19
934b0114ac5c1ddf4da1d119f7d2b2ec,VirusShare_00495,injector,8317440,exe,trojan,73.91,2021-11-03T00:12:13+00:00,1992-06-19
93cf19e5ba904ec2eba87f98ccd6dcb9,VirusShare_00495,injector,8317440,exe,trojan,72.46,2021-11-01T22:50:30+00:00,1992-06-19
93da5669d1ab8517bf00b214ca2ade58,VirusShare_00495,injector,16634880,exe,trojan,72.46,2021-11-03T16:57:28+00:00,1992-06-19
93fd462e19889a2a30ec72d3f98fdd02,VirusShare_00495,injector,14237696,exe,trojan,69.57,2021-11-05T15:00:36+00:00,1992-06-19
940259144aa30a0216b8eb74cb537259,VirusShare_00495,injector,8317440,exe,trojan,75.0,2021-11-06T22:36:21+00:00,1992-06-19
9409400b7c020b10635c758c82148b4b,VirusShare_00495,injector,16634880,exe,trojan,73.91,2021-11-08T04:38:21+00:00,1992-06-19
9410838671364da0366af6c9060f5aa6,VirusShare_00495,injector,8093696,exe,trojan,79.41,2021-11-03T23:32:57+00:00,1992-06-19
941fc08dc1b50aa380b838d6f84d0717,VirusShare_00495,injector,8317440,exe,trojan,73.91,2021-10-31T02:18:48+00:00,1992-06-19
9438d88da3f5bcef01b822b6aafe1d16,VirusShare_00495,injector,16634880,exe,trojan,72.06,2021-11-07T04:35:48+00:00,1992-06-19
944c62aaa2f3ad718485c991d6ec9334,VirusShare_00495,injector,9338880,exe,trojan,74.6,2021-11-03T04:34:18+00:00,1992-06-19
9451649779bb248d3013558fad48bf3f,VirusShare_00495,injector,8317440,exe,trojan,75.0,2021-11-08T04:43:05+00:00,1992-06-19
9478973e06bc14c744239b948a1188ce,VirusShare_00495,injector,16634880,exe,trojan,71.01,2021-11-07T16:01:59+00:00,1992-06-19
94d40baefa9fb77a7ab7cc4e269e0d39,VirusShare_00495,injector,8317440,exe,trojan,75.0,2021-10-31T21:09:25+00:00,1992-06-19
94ead59377b981c2b2d49673cc687fcc,VirusShare_00495,injector,16634880,exe,trojan,75.36,2021-11-02T23:42:24+00:00,1992-06-19
94ff039713978ee9c5cba63b7d42780c,VirusShare_00495,injector,16634880,exe,trojan,70.77,2021-11-04T10:58:44+00:00,1992-06-19
951f47c6db9c3f33279c3b8b9b2b659d,VirusShare_00495,injector,16633856,exe,trojan,79.41,2021-11-04T17:35:01+00:00,1992-06-19
953b5c6b2cde3028c083a48af45f8188,VirusShare_00495,injector,8316928,exe,trojan,73.91,2021-11-07T21:37:12+00:00,1992-06-19
955e8ebb1c3497ec10f951ca924e876d,VirusShare_00495,injector,12550144,exe,trojan,68.18,2021-11-07T12:09:03+00:00,1992-06-19
96434e648d8e6758aa9728211ebd767b,VirusShare_00495,injector,8317440,exe,trojan,73.53,2021-11-07T06:11:53+00:00,1992-06-19
9647adcf6b50b5a072c30a5cbefb7172,VirusShare_00495,injector,18677760,exe,trojan,73.13,2021-11-07T03:09:48+00:00,1992-06-19
965f09855565de177aa643110cbb021d,VirusShare_00495,injector,12222464,exe,trojan,72.46,2021-11-07T16:56:05+00:00,1992-06-19
969778dd35f89a23b47614a62cca324c,VirusShare_00495,injector,8732672,exe,trojan,71.64,2021-11-01T01:21:47+00:00,1992-06-19
96a44150aaf7ec532b4eb8c78341a186,VirusShare_00495,injector,8317440,exe,trojan,75.36,2021-11-06T20:57:32+00:00,1992-06-19
96ae92f46229601f3f42e68d6e650be5,VirusShare_00495,injector,8317440,exe,trojan,74.63,2021-11-07T11:53:36+00:00,1992-06-19
96bbc97f29d3b0caba297d84124377e3,VirusShare_00495,injector,9338880,exe,trojan,72.31,2021-11-03T23:33:19+00:00,1992-06-19
9702db4cc021a5e2e1c5d5e193404b3a,VirusShare_00495,injector,8316928,exe,trojan,73.13,2021-11-06T19:44:17+00:00,1992-06-19
971c60f83279fdea86c5fae418040404,VirusShare_00495,injector,16634880,exe,trojan,75.0,2021-11-03T00:40:25+00:00,1992-06-19
97352249be64860becefde6b1f4babae,VirusShare_00495,injector,12222464,exe,trojan,74.24,2021-11-03T10:39:50+00:00,1992-06-19
9758786aedc06b80e40b01a87b5639ee,VirusShare_00495,injector,18677760,exe,trojan,71.01,2021-11-08T03:05:10+00:00,1992-06-19
976c646e9bdc11798b0b319be9b67e7a,VirusShare_00495,injector,8316928,exe,trojan,74.24,2021-11-03T08:27:22+00:00,1992-06-19
97ab05a9097f862ad453a4f5928b1aee,VirusShare_00495,injector,8317440,exe,trojan,72.46,2021-10-31T19:17:40+00:00,1992-06-19
995d123f05f8154f465ddd9f0d67d205,VirusShare_00495,injector,16633856,exe,trojan,69.57,2021-11-03T03:27:34+00:00,1992-06-19
997e783039ec9b0e16eeefd61f351c8e,VirusShare_00495,injector,8317440,exe,trojan,75.36,2021-11-02T23:56:05+00:00,1992-06-19
9987dc2a8490980fcb5d7009047afae3,VirusShare_00495,injector,18677760,exe,trojan,71.01,2021-11-08T10:30:34+00:00,1992-06-19
99920a687062dc3bcd6bcd0431152663,VirusShare_00495,injector,18677760,exe,trojan,73.91,2021-11-08T08:14:47+00:00,1992-06-19
99fa845e8521f88f23da58e415b5c415,VirusShare_00495,injector,16634880,exe,trojan,73.53,2021-11-07T13:55:38+00:00,1992-06-19
9a0c305c057aee6915f5f27e1b96a4f8,VirusShare_00495,injector,18677760,exe,trojan,73.53,2021-11-07T11:16:34+00:00,1992-06-19
9a89441b187d350606d1c583ff678e42,VirusShare_00495,injector,16633856,exe,trojan,72.73,2021-11-03T19:52:57+00:00,1992-06-19
9a96813ac68a45af3b0544dd2b93b1f2,VirusShare_00495,injector,8317440,exe,trojan,71.64,2021-11-08T05:51:23+00:00,1992-06-19
9aa5d9d50e32d9fa97662c5ff97948a7,VirusShare_00495,injector,8316928,exe,trojan,75.0,2021-11-08T13:02:03+00:00,1992-06-19
9ac9277cccd26686503b23ffc4cda747,VirusShare_00495,injector,4158464,exe,trojan,75.36,2021-11-04T15:03:26+00:00,1992-06-19
9ae8b98b16967f91f4bfeddd18e8a0ea,VirusShare_00495,injector,16634880,exe,trojan,72.06,2021-11-04T08:42:18+00:00,1992-06-19
9b10ce9c66e27cd555e92eac0066144a,VirusShare_00495,injector,8317440,exe,trojan,73.53,2021-11-07T15:22:44+00:00,1992-06-19
9b33838fa5d140a242a9abcda6cd4344,VirusShare_00495,injector,16634880,exe,trojan,72.06,2021-11-03T07:17:27+00:00,1992-06-19
9b691596e2645a6ed4a79da17be32594,VirusShare_00495,injector,8316928,exe,trojan,73.91,2021-11-03T01:03:26+00:00,1992-06-19
9b6cde9c08b5d0bb979174d83c44d2ce,VirusShare_00495,injector,9338880,exe,trojan,73.91,2021-11-03T04:12:19+00:00,1992-06-19
9b9c0ccdd4472b41577c618892ce7c5d,VirusShare_00495,injector,9338880,exe,trojan,73.53,2021-10-31T14:23:24+00:00,1992-06-19
9bb410be04e7fe8ada446547b6c8498e,VirusShare_00495,injector,8317440,exe,trojan,75.0,2021-11-02T22:22:12+00:00,1992-06-19
9bb796215abbfbbceb79a6d46c125d81,VirusShare_00495,injector,18677760,exe,trojan,72.46,2021-11-07T17:42:51+00:00,1992-06-19
9bd3b4201998cff6fd0b647f85080b37,VirusShare_00495,injector,9338880,exe,trojan,72.46,2021-11-02T20:01:04+00:00,1992-06-19
9bdce6efb4ddfec40c42040ec490f061,VirusShare_00495,injector,8317440,exe,trojan,75.0,2021-11-04T03:55:00+00:00,1992-06-19
9c06c07dc84dbc0559c2cad5a87c7ae1,VirusShare_00495,injector,16634880,exe,trojan,73.13,2021-11-07T13:25:50+00:00,1992-06-19
9c4df622d78ae38002151f594cbbcc03,VirusShare_00495,injector,9338880,exe,trojan,72.46,2021-11-07T21:12:57+00:00,1992-06-19
9c52baa841836e0a4cabd7a728132e08,VirusShare_00495,injector,7143424,exe,trojan,67.65,2021-11-03T11:44:36+00:00,1992-06-19
9c6da15f83d40777c204b4f7845ea588,VirusShare_00495,injector,16634880,exe,trojan,72.46,2021-11-05T02:54:11+00:00,1992-06-19
9c7317042e1faaba5ca20fd3c866f6c7,VirusShare_00495,injector,12222464,exe,trojan,59.68,2021-11-04T00:20:00+00:00,1992-06-19
9cb6e43db46e341d709db56bb31f6823,VirusShare_00495,injector,8316928,exe,trojan,73.91,2021-11-04T03:09:59+00:00,1992-06-19
9d2caf20a0d672bf1771412d2f3f5795,VirusShare_00495,injector,16634880,exe,trojan,73.91,2021-11-04T15:44:07+00:00,1992-06-19
9d4d2298938426ccf68de8ca22a1afb7,VirusShare_00495,injector,8317440,exe,trojan,73.53,2021-11-04T08:41:12+00:00,1992-06-19
9d8208755e00ac2cd2ae77760ebb08ce,VirusShare_00495,injector,16634880,exe,trojan,72.46,2021-11-08T16:53:36+00:00,1992-06-19
9d83cef1f6a3da4bc6a54ef15e73c40d,VirusShare_00495,injector,14554624,exe,trojan,70.59,2021-11-08T10:27:53+00:00,1992-06-19
9d95fcf69957c5a2c67d76109420d218,VirusShare_00495,injector,16633856,exe,trojan,70.59,2021-11-05T02:14:06+00:00,1992-06-19
9d98fe43ff6e66e107ff0a2aab633f59,VirusShare_00495,injector,12475392,exe,trojan,71.01,2021-11-07T08:45:04+00:00,1992-06-19
9d9911cb9ac9c3cef5fbe3f5d6f756ab,VirusShare_00495,injector,8317440,exe,trojan,75.36,2021-11-04T16:26:43+00:00,1992-06-19
9d9b11dcb33d001efa56f02488ddb2ca,VirusShare_00495,injector,16633856,exe,trojan,70.59,2021-11-04T14:17:59+00:00,1992-06-19
9dad60d9a21795f495a6e19a05aa1619,VirusShare_00495,injector,16633856,exe,trojan,72.46,2021-11-07T04:09:51+00:00,1992-06-19
9ddd87ba97e9566da2d66cde90842ebc,VirusShare_00495,injector,8317440,exe,trojan,76.81,2021-11-06T21:24:05+00:00,1992-06-19
9e003cedd038aedc9638c3f8ba8bc532,VirusShare_00495,injector,16634880,exe,trojan,73.91,2021-11-07T05:05:48+00:00,1992-06-19
9e12ee5891437109b4d82b73177341cc,VirusShare_00495,injector,9338880,exe,trojan,77.27,2021-11-01T00:51:40+00:00,1992-06-19
9e292a6f9643e60e6bf8f064ee7aa6d5,VirusShare_00495,injector,16187392,exe,trojan,67.21,2021-11-06T22:36:33+00:00,1992-06-19
9e3a9a4e174feab9fe239aee83ce47bc,VirusShare_00495,injector,8316928,exe,trojan,71.88,2021-11-03T07:25:29+00:00,1992-06-19
9e6c99e7459ed69347493276a6b1a79c,VirusShare_00495,injector,18677760,exe,trojan,75.36,2021-11-06T17:06:25+00:00,1992-06-19
9e88773dba0b920b336ea3db37a0422c,VirusShare_00495,injector,16634880,exe,trojan,73.53,2021-11-07T17:45:21+00:00,1992-06-19
9ef1bb9ea9e6260734c31d3a965af57c,VirusShare_00495,injector,9338880,exe,trojan,73.33,2021-11-08T04:32:04+00:00,1992-06-19
9f2852dc3d2ef4d33466b21eeaad58ff,VirusShare_00495,injector,16634880,exe,trojan,72.06,2021-11-02T06:35:05+00:00,1992-06-19
9f55d1226cd3a2c97186c1a62c70c419,VirusShare_00495,injector,8317440,exe,trojan,75.0,2021-11-04T14:48:43+00:00,1992-06-19
9f6103a483b2551bd2a97f12972da451,VirusShare_00495,injector,8317440,exe,trojan,73.91,2021-11-04T12:57:42+00:00,1992-06-19
9fefa715594b36c7ea0d8b8549adb563,VirusShare_00495,injector,8317440,exe,trojan,74.63,2021-11-08T07:58:37+00:00,1992-06-19
a008594bb7a26979ea7d0291c9ad7f67,VirusShare_00495,injector,9338880,exe,trojan,69.57,2021-11-07T22:57:16+00:00,1992-06-19
a04b1c45a0a2c604e9c246e68daed52a,VirusShare_00495,injector,8316928,exe,trojan,73.91,2021-11-05T00:33:34+00:00,1992-06-19
a065a156afb58bbcfdbfbe7b558e3df2,VirusShare_00495,injector,16634880,exe,trojan,72.73,2021-11-04T01:52:26+00:00,1992-06-19
a06cbc71d93e1d3cb9e504c1cc9147f7,VirusShare_00495,injector,8317440,exe,trojan,73.91,2021-11-03T11:18:43+00:00,1992-06-19
a09cff526b8d0bcd25b0cc7d16ea9861,VirusShare_00495,injector,9338880,exe,trojan,75.0,2021-11-07T01:58:35+00:00,1992-06-19
a0daa20f37b7937b3072ac2704b07e6d,VirusShare_00495,injector,8317440,exe,trojan,75.36,2021-10-31T14:09:19+00:00,1992-06-19
a1039802753c78a4c8734d9393b600ff,VirusShare_00495,injector,8317440,exe,trojan,73.53,2021-11-04T18:20:46+00:00,1992-06-19
a19d2e92689f95bcf6b26bc6a2a51e0d,VirusShare_00495,injector,16634880,exe,trojan,74.63,2021-11-07T10:07:53+00:00,1992-06-19
a20f62e88497e757769ee94dfc3ff8d0,VirusShare_00495,injector,12910592,exe,trojan,69.57,2021-11-04T16:10:47+00:00,1992-06-19
a23802841411f7f09aa98f10453d1f35,VirusShare_00495,injector,8316928,exe,trojan,76.47,2021-11-04T13:24:40+00:00,1992-06-19
a244e58fd9cc86e547b8592d72bac420,VirusShare_00495,injector,14237696,exe,trojan,68.66,2021-11-08T12:26:34+00:00,1992-06-19
a251970f3a190d7e46ed626b63a06db9,VirusShare_00495,injector,18677760,exe,trojan,73.91,2021-11-02T23:27:30+00:00,1992-06-19
a29dd75d39e9588a20cc892d0098425e,VirusShare_00495,injector,16633856,exe,trojan,73.91,2021-11-04T18:40:55+00:00,1992-06-19
a2f41a0f6d20be0fabacc592686b7382,VirusShare_00495,injector,8316928,exe,trojan,75.36,2021-11-03T23:32:41+00:00,1992-06-19
a39bc582be99c590d76a22a3abe6c543,VirusShare_00495,injector,16633856,exe,trojan,71.88,2021-11-02T20:03:08+00:00,1992-06-19
a3a08d08ddc1ea0b903b0b0f36716e80,VirusShare_00495,injector,8317440,exe,trojan,75.36,2021-11-06T22:51:18+00:00,1992-06-19
a3f62c7b271465692d79ed100f1e5b3b,VirusShare_00495,injector,8317440,exe,trojan,75.0,2021-11-04T16:10:08+00:00,1992-06-19
a3f76b1ab19192b0b9a2f38f7edeb7f6,VirusShare_00495,injector,12255232,exe,trojan,70.15,2021-11-03T23:55:03+00:00,1992-06-19
a41cf65fa2982145aeac21fbabff0024,VirusShare_00495,injector,16633856,exe,trojan,71.64,2021-11-06T22:27:31+00:00,1992-06-19
a461c42724f3fe0847c8b196bba65552,VirusShare_00495,injector,8317440,exe,trojan,76.47,2021-11-02T22:57:15+00:00,1992-06-19
a489da5b8af7226be21be211970ef118,VirusShare_00495,injector,9338880,exe,trojan,72.06,2021-11-05T12:11:11+00:00,1992-06-19
a50f23b51a01f4e794df13ab40699f05,VirusShare_00495,injector,16634880,exe,trojan,73.91,2021-11-04T19:29:57+00:00,1992-06-19
a5a7e724e2830299a95097e399db09fa,VirusShare_00495,injector,8317440,exe,trojan,73.91,2021-10-31T18:37:31+00:00,1992-06-19
a5c5b7ec995e17416fa321521ad68999,VirusShare_00495,injector,8940224,exe,trojan,70.59,2021-11-07T07:57:44+00:00,1992-06-19
a6b62104540bcbad21812bbd1a8e78d8,VirusShare_00495,injector,8316928,exe,trojan,73.91,2021-11-04T08:28:13+00:00,1992-06-19
a6cf5c33a604679ab661f60295f237c7,VirusShare_00495,injector,8317440,exe,trojan,75.36,2021-11-01T22:54:21+00:00,1992-06-19
a6e1ce06376ff36d143c4e22209fc11d,VirusShare_00495,injector,16634880,exe,trojan,73.91,2021-10-31T14:32:35+00:00,1992-06-19
a6f3bc1785bb4395e4aa6c1cca91c2c0,VirusShare_00495,injector,18677760,exe,trojan,72.73,2021-11-05T12:34:57+00:00,1992-06-19
a75250e1ad7d8a827ab6225a8a7fd45d,VirusShare_00495,injector,8317440,exe,trojan,75.0,2021-11-04T03:56:12+00:00,1992-06-19
a7ac371df9c2134d5c956dc3de9fc701,VirusShare_00495,injector,8317440,exe,trojan,73.91,2021-10-25T22:19:06+00:00,1992-06-19
a7c876b8ac1d762aed91d248e79e9758,VirusShare_00495,injector,12222464,exe,trojan,71.01,2021-11-04T20:13:14+00:00,1992-06-19
a7eea83d7b97dea699bb9ee2fada8b72,VirusShare_00495,injector,933888,exe,trojan,60.29,2021-11-08T18:02:37+00:00,1992-06-19
a7f37882e6d8c982152b23c7b3944fd8,VirusShare_00495,injector,8317440,exe,trojan,75.76,2021-11-07T03:27:39+00:00,1992-06-19
a7fe7e7b5a1f053dbee6b40d28fcbc8e,VirusShare_00495,injector,18677760,exe,trojan,73.13,2021-11-05T12:03:20+00:00,1992-06-19
a80e8c1a340d7e76e1023bbfef22ef80,VirusShare_00495,injector,8317440,exe,trojan,73.91,2021-11-02T23:55:13+00:00,1992-06-19
a812f01c2ce3612f9e6efbd411d5c16e,VirusShare_00495,injector,9338880,exe,trojan,79.71,2021-11-03T02:06:02+00:00,1992-06-19
a8401c369098a1d78288fb141a426112,VirusShare_00495,injector,16187392,exe,trojan,70.59,2021-11-07T18:41:51+00:00,1992-06-19
a85a8bcfe28325d67361f820e908cb0c,VirusShare_00495,injector,16634880,exe,trojan,75.36,2021-11-04T00:39:22+00:00,1992-06-19
a8a8ffff860b26923ac8e933832ebbcb,VirusShare_00495,injector,8317440,exe,trojan,74.24,2021-11-08T05:54:46+00:00,1992-06-19
a8b1d3cd1b7c0c164061141e082c33f0,VirusShare_00495,injector,18677760,exe,trojan,73.53,2021-11-08T12:48:55+00:00,1992-06-19
a9165e0d03c6cdbf7ceae384306d25fe,VirusShare_00495,injector,8317440,exe,trojan,74.24,2021-11-04T13:34:18+00:00,1992-06-19
a94ea1459b52808afa78f8baad135a5e,VirusShare_00495,injector,8317440,exe,trojan,75.36,2021-11-01T09:26:55+00:00,1992-06-19
a957170cd44229c89c39e15fcb5d596b,VirusShare_00495,injector,16634880,exe,trojan,73.91,2021-11-03T13:49:40+00:00,1992-06-19
a96f395b933cc3a61f516b9da5187ff2,VirusShare_00495,injector,16634880,exe,trojan,70.59,2021-10-26T15:37:56+00:00,1992-06-19
a9741710ee9e3ec9aacdcb4f7628acd5,VirusShare_00495,injector,16634880,exe,trojan,73.91,2021-11-04T12:24:32+00:00,1992-06-19
a9bafb67ae06822e448b18030eb7d9e6,VirusShare_00495,injector,18677760,exe,trojan,72.06,2021-11-07T06:25:41+00:00,1992-06-19
a9c2816022619a66b72105feae38dd14,VirusShare_00495,injector,16634880,exe,trojan,71.21,2021-11-04T21:49:51+00:00,1992-06-19
a9e3302b771fd7211662627c5b8e13f2,VirusShare_00495,injector,8317440,exe,trojan,76.47,2021-11-05T00:43:04+00:00,1992-06-19
a9e3adf7251080f2ebec7ba2cbba8331,VirusShare_00495,injector,8317440,exe,trojan,78.26,2021-11-03T23:04:54+00:00,1992-06-19
a9ee1b01603989da4530d51e73ea08a4,VirusShare_00495,injector,16634880,exe,trojan,73.91,2021-11-03T15:54:44+00:00,1992-06-19
aaa538d69efaa4127054389621b1b0ce,VirusShare_00495,injector,16634880,exe,trojan,60.34,2021-11-07T08:04:53+00:00,1992-06-19
aab0c640a1f4d5ba885b0e5daea10792,VirusShare_00495,injector,16633856,exe,trojan,72.06,2021-11-01T02:17:08+00:00,1992-06-19
aabac739b28b3254117fbedaf28f7f1d,VirusShare_00495,injector,18677760,exe,trojan,73.91,2021-11-04T23:52:55+00:00,1992-06-19
aafc745140e321413e8e4a99c3275f07,VirusShare_00495,injector,1081860,exe,trojan,30.43,2021-11-04T16:45:10+00:00,1992-06-19
ab03edd34ae5e911b9464f612410dc5b,VirusShare_00495,injector,8317440,exe,trojan,73.91,2021-11-07T16:41:02+00:00,1992-06-19
ab2f2e195c8c861fbd7d47229b05f1a2,VirusShare_00495,injector,16634880,exe,trojan,73.91,2021-11-01T16:04:21+00:00,1992-06-19
ab46dd8aba26f2a72d251df6cc17f3e0,VirusShare_00495,injector,8316928,exe,trojan,75.36,2021-11-02T22:44:11+00:00,1992-06-19
ab646d9007d1af627fc8a25e7e95d4fe,VirusShare_00495,injector,18677760,exe,trojan,73.91,2021-11-06T23:06:48+00:00,1992-06-19
ab7d447995a4eb105e9ca0512b51122b,VirusShare_00495,injector,8317440,exe,trojan,74.24,2021-11-08T10:13:53+00:00,1992-06-19
ab7f2ec967ba937463d7a76a3aa360a3,VirusShare_00495,injector,3555328,exe,trojan,71.21,2021-11-03T15:11:57+00:00,1992-06-19
ab849c707afdc04ea58495bc3604699a,VirusShare_00495,injector,18677760,exe,trojan,73.91,2021-10-31T13:57:38+00:00,1992-06-19
abdffa30eff6235c509fdbb8c01ddb74,VirusShare_00495,injector,12550144,exe,trojan,69.12,2021-11-04T10:10:15+00:00,1992-06-19
abe99eb66f780905a518f54078bd87e7,VirusShare_00495,injector,8316928,exe,trojan,73.13,2021-11-02T18:16:19+00:00,1992-06-19
abfa843e515957fe5e546c7dc6bce735,VirusShare_00495,injector,12475392,exe,trojan,71.01,2021-11-04T20:12:55+00:00,1992-06-19
ac2f306b8489989a08e3a63555c5c1fd,VirusShare_00495,injector,2079232,exe,trojan,72.73,2021-11-04T12:59:54+00:00,1992-06-19
ac6d94d543b934f92e3d3a0b1161425b,VirusShare_00495,injector,18677760,exe,trojan,73.53,2021-11-04T10:53:41+00:00,1992-06-19
ad1369c82d55f237b4a38bbf45b9d961,VirusShare_00495,injector,16634880,exe,trojan,72.46,2021-11-02T18:22:13+00:00,1992-06-19
ad273644f0e89b1bf12c3140d3868788,VirusShare_00495,injector,8093696,exe,trojan,71.64,2021-10-30T17:29:34+00:00,1992-06-19
ad722f234858364aa2301cedb0a2e141,VirusShare_00495,injector,18284544,exe,trojan,71.01,2021-11-01T05:06:10+00:00,1992-06-19
ad851fadca2ebe3bc75895e56b938d22,VirusShare_00495,injector,9338880,exe,trojan,72.06,2021-11-07T14:29:44+00:00,1992-06-19
ad8d9fa42bfa6cd59f752aeea00185a7,VirusShare_00495,injector,16634880,exe,trojan,71.64,2021-11-02T18:58:15+00:00,1992-06-19
ae0c01c9f77d9310472bca6243cac867,VirusShare_00495,injector,8317440,exe,trojan,75.0,2021-11-03T05:52:21+00:00,1992-06-19
ae31ac633eefda29ea5fb6c22fc95fef,VirusShare_00495,injector,16634880,exe,trojan,72.46,2021-11-07T17:47:42+00:00,1992-06-19
ae46888b756c96d4c4f82d08b9cd784a,VirusShare_00495,injector,18677760,exe,trojan,70.97,2021-11-07T12:45:51+00:00,1992-06-19
ae5414fc609af06b548fe8d93ecfc678,VirusShare_00495,injector,12475392,exe,trojan,69.12,2021-11-04T04:08:36+00:00,1992-06-19
ae96dd3b4b16d8e0d95a63c1ec0eb7a3,VirusShare_00495,injector,8317440,exe,trojan,73.13,2021-10-31T22:05:21+00:00,1992-06-19
aedfd699736ca222910d959c26a38e66,VirusShare_00495,injector,16634880,exe,trojan,72.46,2021-11-05T14:31:22+00:00,1992-06-19
af150a71fe2d7c4d77a37ed66a5ebff8,VirusShare_00495,injector,16187392,exe,trojan,71.01,2021-10-31T19:32:56+00:00,1992-06-19
af4e06549e34387946e9524fa588039d,VirusShare_00495,injector,9338880,exe,trojan,72.46,2021-11-03T19:08:31+00:00,1992-06-19
afef9905a0ac4c0453332c00e487ce57,VirusShare_00495,injector,8317440,exe,trojan,73.91,2021-11-02T21:37:07+00:00,1992-06-19
b038aeb519f90643e0899e22bf3187b6,VirusShare_00495,injector,16634880,exe,trojan,72.06,2021-10-31T03:27:01+00:00,1992-06-19
b06dbc90f5fb3b81c9a7aebf0aaabfcf,VirusShare_00495,injector,16634880,exe,trojan,72.46,2021-11-02T03:36:40+00:00,1992-06-19
b07fd40163451b0ea30847a8b6f20180,VirusShare_00495,injector,9338880,exe,trojan,73.02,2021-11-04T10:32:16+00:00,1992-06-19
b082cb31844c7fd797df687870a7d84d,VirusShare_00495,injector,16634880,exe,trojan,72.06,2021-11-03T15:01:17+00:00,1992-06-19
b1384287b9896c9a703028a3167b53e5,VirusShare_00495,injector,9338880,exe,trojan,75.0,2021-10-26T11:29:26+00:00,1992-06-19
b1431f201b707e9337fcb011371288d9,VirusShare_00495,injector,16634880,exe,trojan,73.91,2021-11-04T12:19:09+00:00,1992-06-19
b148e1348d0dc887d85cdc6323910bdc,VirusShare_00495,injector,9338880,exe,trojan,72.06,2021-11-08T11:36:45+00:00,1992-06-19
b14c236c6cee9d49a24a85198e8212a1,VirusShare_00495,injector,16634880,exe,trojan,72.46,2021-11-07T03:09:48+00:00,1992-06-19
b159bedde1b65026b9479755c4246d23,VirusShare_00495,injector,8317440,exe,trojan,73.91,2021-11-03T16:01:36+00:00,1992-06-19
b180aebf456d98a7d9543404fc9d586d,VirusShare_00495,injector,8317440,exe,trojan,73.53,2021-11-04T00:39:17+00:00,1992-06-19
b1850c3be0f1abb4e28982cc7379de26,VirusShare_00495,injector,9338880,exe,trojan,72.06,2021-11-04T00:18:26+00:00,1992-06-19
b1a90f831799e22eba6a126051225606,VirusShare_00495,injector,8317440,exe,trojan,73.53,2021-11-06T18:55:24+00:00,1992-06-19
b1ae5dc03a99e9e26a3380e28dc959d0,VirusShare_00495,injector,9338880,exe,trojan,73.91,2021-11-03T00:42:11+00:00,1992-06-19
b21e1db04f01c425fc8d3c66041b083a,VirusShare_00495,injector,16634880,exe,trojan,73.91,2021-11-04T15:33:52+00:00,1992-06-19
b27adf051364a6476ac0e2b0155425b8,VirusShare_00495,injector,8317440,exe,trojan,75.36,2021-11-04T12:39:17+00:00,1992-06-19
b281cc4aa48be49e0d2ff589a62707ef,VirusShare_00495,injector,11337728,exe,trojan,68.12,2021-11-07T16:29:31+00:00,1992-06-19
b28e7302d381e5b94f6180f825a92b4d,VirusShare_00495,injector,16634880,exe,trojan,71.64,2021-11-08T09:35:54+00:00,1992-06-19
b2a5a13d3f8015e7d48d9b5fb0ebe214,VirusShare_00495,injector,8777145,exe,trojan,69.57,2021-11-02T21:49:21+00:00,1992-06-19
b2b3e1a4d7cce9d57c89aa455fc78a06,VirusShare_00495,injector,8317440,exe,trojan,73.53,2021-11-01T00:39:45+00:00,1992-06-19
b30da42720aa7ace551121daafed5bd1,VirusShare_00495,injector,8316928,exe,trojan,74.24,2021-11-03T15:32:12+00:00,1992-06-19
b33fbc2baf0f3a77278c08a40dda1953,VirusShare_00495,injector,8317440,exe,trojan,72.46,2021-11-02T23:57:10+00:00,1992-06-19
b3dd337028158dfa0d677b3d3bb65915,VirusShare_00495,injector,9338880,exe,trojan,72.46,2021-11-07T15:38:49+00:00,1992-06-19
b3ffb4037a617157a308c79b37a926d9,VirusShare_00495,injector,9338880,exe,trojan,72.46,2021-11-08T00:14:14+00:00,1992-06-19
b412a50b4d1b41f5b3b08cf1d0d896c6,VirusShare_00495,injector,8317440,exe,trojan,75.36,2021-11-04T16:38:58+00:00,1992-06-19
b42d97b81257638d1b7db8bdfddc05ab,VirusShare_00495,injector,9338880,exe,trojan,73.91,2021-11-07T18:08:49+00:00,1992-06-19
b43ad04e0874fc7d5db8ca9788b1ba35,VirusShare_00495,injector,16634880,exe,trojan,75.36,2021-10-30T22:11:03+00:00,1992-06-19
b45b80d6d1d52623e2890dc023de8ce2,VirusShare_00495,injector,16634880,exe,trojan,73.13,2021-11-07T05:48:41+00:00,1992-06-19
b464cb313d755edb20c6435845175f91,VirusShare_00495,injector,16633856,exe,trojan,72.06,2021-11-02T16:56:11+00:00,1992-06-19
b4a765f7499f87ea05b36b9e98f7b74a,VirusShare_00495,injector,12550144,exe,trojan,72.46,2021-11-07T16:47:13+00:00,1992-06-19
b4a7e8018793e4b3b8e81723afe0b8c9,VirusShare_00495,injector,16634880,exe,trojan,73.13,2021-11-03T06:40:56+00:00,1992-06-19
b51e434c401837e1ea642496a57835e5,VirusShare_00495,injector,8093696,exe,trojan,75.36,2021-11-03T02:15:09+00:00,1992-06-19
b5872708aaad642381c0aa371a2cc7c5,VirusShare_00495,injector,16634880,exe,trojan,73.91,2021-11-05T15:25:23+00:00,1992-06-19
b5957b904a65d7e8e797a518f8e03110,VirusShare_00495,injector,18677760,exe,trojan,69.23,2021-11-06T11:32:37+00:00,1992-06-19
b5b7f22836702d4f904cf31d7b35a710,VirusShare_00495,injector,18677760,exe,trojan,72.46,2021-11-03T00:49:49+00:00,1992-06-19
b5d579f5ec99d0a80f552a1a6710f67d,VirusShare_00495,injector,18677760,exe,trojan,72.06,2021-11-04T05:44:33+00:00,1992-06-19
b670836364067809517710ae11ab6efd,VirusShare_00495,injector,16634880,exe,trojan,73.91,2021-11-02T17:22:05+00:00,1992-06-19
b67f2966d9e8d66cfd852ed1b5cb5b93,VirusShare_00495,injector,16634880,exe,trojan,72.06,2021-11-07T17:47:27+00:00,1992-06-19
b681a69fdda5b974556410d081e483de,VirusShare_00495,injector,8317440,exe,trojan,73.53,2021-11-04T09:12:00+00:00,1992-06-19
b6de11d504ac0c3cc998d42f8df2c210,VirusShare_00495,injector,8093696,exe,trojan,76.81,2021-11-07T19:54:49+00:00,1992-06-19
b7657286105ba3b6328044b4a72e81f7,VirusShare_00495,injector,9338880,exe,trojan,70.59,2021-11-07T09:46:53+00:00,1992-06-19
b79316a98ee4a57511327061b196d959,VirusShare_00495,injector,8317440,exe,trojan,75.0,2021-11-03T03:05:21+00:00,1992-06-19
b7c3af7adb9e574d06546e703ffc93b2,VirusShare_00495,injector,16634880,exe,trojan,73.91,2021-11-02T00:11:37+00:00,1992-06-19
b7f5002a3368cc69ed768693532acab7,VirusShare_00495,injector,8317440,exe,trojan,70.0,2021-11-03T05:52:20+00:00,1992-06-19
b8276a782dc79d718f942386ad936dc2,VirusShare_00495,injector,12475392,exe,trojan,69.57,2021-11-05T00:33:53+00:00,1992-06-19
b88b794434d873d0867534e95daf5664,VirusShare_00495,injector,8317440,exe,trojan,73.13,2021-11-07T03:12:25+00:00,1992-06-19
b8b365ec17f5b692aa6ca96b8cafd0fc,VirusShare_00495,injector,18677760,exe,trojan,73.91,2021-11-01T09:52:11+00:00,1992-06-19
b964d40765fc87b0836ffbcfa53a2d3c,VirusShare_00495,injector,9338880,exe,trojan,73.53,2021-11-01T07:46:54+00:00,1992-06-19
b9768196149e9201c96e0579314f5b11,VirusShare_00495,injector,18677760,exe,trojan,73.53,2021-11-03T23:23:11+00:00,1992-06-19
b996a049214dfa01d1e94e06848bb046,VirusShare_00495,injector,8317440,exe,trojan,72.06,2021-11-03T13:50:33+00:00,1992-06-19
b9c969b03591e0c31b6ddee2352cf387,VirusShare_00495,injector,18677760,exe,trojan,74.63,2021-11-07T07:58:43+00:00,1992-06-19
b9d018d705278c15cf1d2acc5df0a639,VirusShare_00495,injector,8317440,exe,trojan,75.36,2021-11-04T16:10:17+00:00,1992-06-19
b9e628fd7a1cba9d067f6627fb3c214c,VirusShare_00495,injector,16634880,exe,trojan,72.46,2021-11-01T14:28:13+00:00,1992-06-19
b9e70d88a3e17e374643114606431d63,VirusShare_00495,injector,16634880,exe,trojan,71.64,2021-11-06T18:26:09+00:00,1992-06-19
ba14691eed9a5a37ff30938f6e4b95f9,VirusShare_00495,injector,9338880,exe,trojan,72.73,2021-11-03T00:13:06+00:00,1992-06-19
ba412d8521f6877204cb7222393fbfeb,VirusShare_00495,injector,8317440,exe,trojan,72.31,2021-11-04T09:28:42+00:00,1992-06-19
ba54e78563f6a25f3c4a85499a2f29ac,VirusShare_00495,injector,18677760,exe,trojan,69.57,2021-11-06T02:10:41+00:00,1992-06-19
ba946de09fcbb891fe2ab0a354f32f10,VirusShare_00495,injector,8317440,exe,trojan,73.13,2021-11-01T23:16:18+00:00,1992-06-19
ba98fcbf69966b5adb91e996127b5943,VirusShare_00495,injector,16634880,exe,trojan,73.91,2021-11-07T18:46:57+00:00,1992-06-19
bac02237e919a8ec6003a6ceff2e37cb,VirusShare_00495,injector,16634880,exe,trojan,73.91,2021-11-07T23:55:18+00:00,1992-06-19
bac5cdb16c1952ad8a63fedc34615ec4,VirusShare_00495,injector,16633856,exe,trojan,72.46,2021-11-03T02:36:15+00:00,1992-06-19
bad114d082b1953008f42d42e1aaa126,VirusShare_00495,injector,16634880,exe,trojan,70.15,2021-11-05T07:24:59+00:00,1992-06-19
bb14656ff78ceb590039c7d48cf8cec7,VirusShare_00495,injector,16634880,exe,trojan,73.13,2021-10-31T00:30:15+00:00,1992-06-19
bb49bf69d0891aa37d8b8b8ac6baf1ab,VirusShare_00495,injector,9338880,exe,trojan,70.15,2021-11-01T16:40:18+00:00,1992-06-19
bbbd54f2abb4d33708718602387972a5,VirusShare_00495,injector,16634880,exe,trojan,72.06,2021-11-03T19:23:13+00:00,1992-06-19
bbc1c67905d17e993311d27c7331f212,VirusShare_00495,injector,16634880,exe,trojan,71.01,2021-11-04T18:51:42+00:00,1992-06-19
bbe59ccac6ee588d6cb62118db495dcf,VirusShare_00495,injector,9338880,exe,trojan,72.46,2021-11-07T03:21:40+00:00,1992-06-19
bbf4051b75184dd27cb6cf8f4c28d6a7,VirusShare_00495,injector,8317440,exe,trojan,68.12,2021-11-07T03:38:27+00:00,1992-06-19
bc7b732d672606b1197e053c62d2f7bb,VirusShare_00495,injector,8317440,exe,trojan,73.91,2021-11-05T02:25:31+00:00,1992-06-19
bc8023028b98ed53547e9078370d0951,VirusShare_00495,injector,9338880,exe,trojan,72.06,2021-11-07T21:50:59+00:00,1992-06-19
bcb4eff44df65c4a9630d4d6b2bbbd37,VirusShare_00495,injector,9338880,exe,trojan,71.01,2021-11-08T02:15:32+00:00,1992-06-19
bce8c54dc4af16f18c67917542bf28dc,VirusShare_00495,injector,9338880,exe,trojan,72.46,2021-11-04T11:18:16+00:00,1992-06-19
bd2ab0a9eb163f1be130b5d20f98d492,VirusShare_00495,injector,9338880,exe,trojan,74.63,2021-11-03T20:28:12+00:00,1992-06-19
bd671fccfe8de7f9877988a90302759f,VirusShare_00495,injector,16634880,exe,trojan,73.91,2021-11-08T09:24:57+00:00,1992-06-19
bd75962fd4b5b0abb5288b69e8f42aaf,VirusShare_00495,injector,16634880,exe,trojan,74.63,2021-11-07T10:59:22+00:00,1992-06-19
bdc278a20655ff231332b999b8c5b0eb,VirusShare_00495,injector,9338880,exe,trojan,76.81,2021-11-05T04:54:01+00:00,1992-06-19
bdd5ce5a8fd433fd6a9625df724a486a,VirusShare_00495,injector,16634880,exe,trojan,73.53,2021-11-03T06:15:38+00:00,1992-06-19
bdd750065a042da44ff0e863991fc06a,VirusShare_00495,injector,18677760,exe,trojan,73.91,2021-11-01T01:45:49+00:00,1992-06-19
be28723972439bee147e06ff40785d86,VirusShare_00495,injector,18677760,exe,trojan,73.53,2021-11-04T02:04:29+00:00,1992-06-19
be2bbcfc965deada9d85c43e34c4f6fd,VirusShare_00495,injector,16634880,exe,trojan,73.91,2021-11-02T03:35:40+00:00,1992-06-19
be5453061b729dcffe6bd3db5dde673e,VirusShare_00495,injector,8388608,exe,trojan,70.59,2021-11-03T11:26:27+00:00,1992-06-19
be5bdb344fc7c8262a99af91e5371096,VirusShare_00495,injector,8316928,exe,trojan,73.91,2021-11-07T00:43:35+00:00,1992-06-19
bea0660714f650239652f0d8b92f3140,VirusShare_00495,injector,9338880,exe,trojan,75.36,2021-11-02T22:22:25+00:00,1992-06-19
bea9c2bddfd1e3f31cf883c46930332f,VirusShare_00495,injector,16634880,exe,trojan,73.91,2021-10-30T23:17:51+00:00,1992-06-19
bed1cecc946f6ac85cfaae6ab00c0973,VirusShare_00495,injector,16633856,exe,trojan,75.36,2021-11-04T13:58:14+00:00,1992-06-19
beeac09b51440823eaf8adc07b0cea51,VirusShare_00495,injector,16634880,exe,trojan,72.46,2021-11-03T23:33:13+00:00,1992-06-19
bf4d29e32fe7390c3d7c4368073b9533,VirusShare_00495,injector,9338880,exe,trojan,73.91,2021-11-02T23:57:11+00:00,1992-06-19
bf6503362440fae818898464ed03a72d,VirusShare_00495,injector,16634880,exe,trojan,73.91,2021-11-04T16:52:51+00:00,1992-06-19
bf8c843c31d55d319bd60cc89af09ea7,VirusShare_00495,injector,16634880,exe,trojan,73.91,2021-11-01T14:44:09+00:00,1992-06-19
bfb7b2030c3df9582270785b62afbf6c,VirusShare_00495,injector,16634880,exe,trojan,73.91,2021-10-31T09:58:24+00:00,1992-06-19
bfd25de2acae048944dbaa1ed4945755,VirusShare_00495,injector,10360320,exe,trojan,76.47,2021-11-01T08:23:52+00:00,1992-06-19
bfd2fb482076676c74667138fe0ca973,VirusShare_00495,injector,9338880,exe,trojan,76.81,2021-11-01T22:36:11+00:00,1992-06-19
bfdb346aa8d9309870fe9fff562ce36f,VirusShare_00495,injector,8316928,exe,trojan,73.91,2021-11-03T12:15:21+00:00,1992-06-19
c03f9a0e215eee92a5f988d85ea451d2,VirusShare_00495,injector,5180160,exe,trojan,75.0,2021-11-06T18:41:32+00:00,1992-06-19
c051c0e0838e1d1efb57f4e358659aff,VirusShare_00495,injector,8317440,exe,trojan,75.0,2021-11-05T10:34:02+00:00,1992-06-19
c071302c92cea44762e66464162ee8d0,VirusShare_00495,injector,16634880,exe,trojan,69.84,2021-11-02T11:27:56+00:00,1992-06-19
c0964cdc87189a78d631dab6d55cbad8,VirusShare_00495,injector,18677760,exe,trojan,69.57,2021-11-04T05:17:41+00:00,1992-06-19
c099ab0ca0e9ea8fa25a101c8c7a89f6,VirusShare_00495,injector,8316928,exe,trojan,74.63,2021-11-04T16:24:27+00:00,1992-06-19
c0b62d6c93c3b8917ed007e0a0b39b6f,VirusShare_00495,injector,18677760,exe,trojan,69.12,2021-11-08T13:03:02+00:00,1992-06-19
c0c931140c42476b61a6045503ceb8be,VirusShare_00495,injector,12222464,exe,trojan,70.59,2021-11-03T08:13:24+00:00,1992-06-19
c0e559ab8776a2c7f1d8820d39a7cbf3,VirusShare_00495,injector,16634880,exe,trojan,73.13,2021-11-04T10:16:26+00:00,1992-06-19
c0f602ded397e59d6b96181d28d56da1,VirusShare_00495,injector,16633856,exe,trojan,72.06,2021-11-07T18:47:02+00:00,1992-06-19
c11e571face07e0d5824e37757189466,VirusShare_00495,injector,9338880,exe,trojan,70.59,2021-10-31T17:35:45+00:00,1992-06-19
c13c7f34bc2e818d26ab49f3f8ce58b0,VirusShare_00495,injector,9338880,exe,trojan,73.53,2021-11-07T10:19:40+00:00,1992-06-19
c13cbdabdcc63fdeefae7faef31ca3eb,VirusShare_00495,injector,16634880,exe,trojan,73.91,2021-11-07T03:32:56+00:00,1992-06-19
c13ee5bc278c1e9231c52d9d31044438,VirusShare_00495,injector,16634880,exe,trojan,71.64,2021-11-07T12:34:52+00:00,1992-06-19
c141efd7edf5185f8fd7e14a789ddb34,VirusShare_00495,injector,16634880,exe,trojan,68.85,2021-11-08T11:07:45+00:00,1992-06-19
c16113afbea76ff6116684bcaf303b6f,VirusShare_00495,injector,8317440,exe,trojan,73.91,2021-11-02T23:42:09+00:00,1992-06-19
c16ddfed9b174f0e30dbc3676eb48f5c,VirusShare_00495,injector,8093696,exe,trojan,75.0,2021-11-03T07:33:54+00:00,1992-06-19
c1cdf2fe7a6c1bae63169fbb0240dd09,VirusShare_00495,injector,8317440,exe,trojan,73.91,2021-10-30T19:05:53+00:00,1992-06-19
c21931c8ec05f2ea0ffe50f01240b2dc,VirusShare_00495,injector,8316928,exe,trojan,76.47,2021-11-04T15:13:45+00:00,1992-06-19
c22aca83c4bc9dd811f2fcf639d999ee,VirusShare_00495,injector,18677760,exe,trojan,72.46,2021-11-05T03:20:28+00:00,1992-06-19
c23eba8f3bdeac3a37dd5f46c1e2f5ef,VirusShare_00495,injector,16187392,exe,trojan,69.57,2021-11-03T10:08:06+00:00,1992-06-19
c2483d90977827e4cb9b52ad07a7cf02,VirusShare_00495,injector,1659936,exe,trojan,71.21,2021-11-08T22:17:20+00:00,1992-06-19
c279d9f7473d70141056f14cb0084d60,VirusShare_00495,injector,18677760,exe,trojan,73.91,2021-11-07T20:30:00+00:00,1992-06-19
c28aa69eeaf7cca605ee7727db9c0a19,VirusShare_00495,injector,9338880,exe,trojan,72.06,2021-11-07T03:28:48+00:00,1992-06-19
c299b41f43f56034c4b7928225c4dce1,VirusShare_00495,injector,9928704,exe,trojan,72.46,2021-11-03T14:18:51+00:00,1992-06-19
c2bfae01b0829ac56ef0259f004aa292,VirusShare_00495,injector,16634880,exe,trojan,73.91,2021-11-04T12:03:14+00:00,1992-06-19
c2e35bd0e5a9be2ea1a547238dd27c96,VirusShare_00495,injector,16634880,exe,trojan,73.53,2021-11-05T16:58:22+00:00,1992-06-19
c2f9b397fb49c4faa50079217693ecbf,VirusShare_00495,injector,16634880,exe,trojan,72.46,2021-11-08T04:58:51+00:00,1992-06-19
c32940c14bb5cc983e22520d26ed090b,VirusShare_00495,injector,8316928,exe,trojan,73.53,2021-11-08T06:34:15+00:00,1992-06-19
c35dc8f3e2c4064d3769b5c69262b928,VirusShare_00495,injector,18677760,exe,trojan,72.46,2021-11-07T23:11:34+00:00,1992-06-19
c362086e475596fe2a50a2892fb97b4a,VirusShare_00495,injector,8317440,exe,trojan,74.63,2021-11-07T06:13:50+00:00,1992-06-19
c37015549e5e8388d3c0261948fcf7fd,VirusShare_00495,injector,9338880,exe,trojan,73.91,2021-11-05T12:04:59+00:00,1992-06-19
c3dac1a048772bd3d21ef9cef28a3008,VirusShare_00495,injector,9338880,exe,trojan,72.06,2021-11-05T02:03:54+00:00,1992-06-19
c44ba562918624c803f7e986f560774e,VirusShare_00495,injector,8317440,exe,trojan,73.13,2021-11-05T09:56:25+00:00,1992-06-19
c457f21c9bdbb3393eb77015c47ed528,VirusShare_00495,injector,1659904,exe,trojan,40.0,2021-11-05T07:25:08+00:00,1992-06-19
c465a2b90ada45413481127261288c78,VirusShare_00495,injector,16633856,exe,trojan,72.46,2021-11-03T14:00:40+00:00,1992-06-19
c47f76c78e62817994ef58fc2873665b,VirusShare_00495,injector,16634880,exe,trojan,70.59,2021-11-01T05:19:59+00:00,1992-06-19
c4a6e4412da6e08e803bb43afbfc4a91,VirusShare_00495,injector,10360320,exe,trojan,73.53,2021-10-31T10:59:14+00:00,1992-06-19
c4c4a7d5c4a91b165439ee652db213f7,VirusShare_00495,injector,8317440,exe,trojan,75.36,2021-11-03T17:14:03+00:00,1992-06-19
c5764f1e5f7f51e86a1fd524c000ba0d,VirusShare_00495,injector,16634880,exe,trojan,72.46,2021-11-08T10:30:23+00:00,1992-06-19
c5c4303df398db88a9de1fc526839a17,VirusShare_00495,injector,8317440,exe,trojan,73.13,2021-11-01T14:01:03+00:00,1992-06-19
c60eb38536b51465760976923a17b30b,VirusShare_00495,injector,8093696,exe,trojan,71.01,2021-11-01T12:00:57+00:00,1992-06-19
c65817f2576c0db1b993fa7772089897,VirusShare_00495,injector,16634880,exe,trojan,73.53,2021-11-04T03:20:33+00:00,1992-06-19
c66b36620fe77b1de9d1d5d16984f488,VirusShare_00495,injector,18677760,exe,trojan,59.26,2021-11-04T15:14:51+00:00,1992-06-19
c6b1fa820ce717ee50ea6a3baf337e8f,VirusShare_00495,injector,8316928,exe,trojan,72.06,2021-11-03T20:52:54+00:00,1992-06-19
c6bc4def5b502a6dab5a4d31541ce023,VirusShare_00495,injector,6237696,exe,trojan,70.69,2021-11-09T05:02:17+00:00,1992-06-19
c6dca44089ab453dc023b197371b4fba,VirusShare_00495,injector,8317440,exe,trojan,73.91,2021-11-03T16:30:28+00:00,1992-06-19
c6f5027f584b303ffda8c1ec09fa0335,VirusShare_00495,injector,5832704,exe,trojan,72.06,2021-11-04T00:10:28+00:00,1992-06-19
c7150746a90260274f4242fd96e73c8e,VirusShare_00495,injector,8317440,exe,trojan,73.91,2021-11-07T02:33:59+00:00,1992-06-19
c71665ee09539461b6bf7bc80dc4d209,VirusShare_00495,injector,9338880,exe,trojan,72.46,2021-11-03T22:04:24+00:00,1992-06-19
c78e5163a7508d283b8055332fbc82de,VirusShare_00495,injector,16634880,exe,trojan,73.53,2021-11-03T08:32:53+00:00,1992-06-19
c792632fba9d9d94ce8b198a14b54a1a,VirusShare_00495,injector,24444928,exe,trojan,71.64,2021-11-02T12:32:13+00:00,1992-06-19
c79d29bdd535a0bf32e0c312afc2a670,VirusShare_00495,injector,9338880,exe,trojan,73.13,2021-11-02T21:59:11+00:00,1992-06-19
c7fad8cc74f466d1a7d563d7717f6402,VirusShare_00495,injector,8732672,exe,trojan,71.64,2021-11-08T01:37:20+00:00,1992-06-19
c809dcf39f36ead759af2f4617d918b8,VirusShare_00495,injector,8317440,exe,trojan,73.91,2021-11-06T18:48:12+00:00,1992-06-19
c86c9dc6ed1d3ba2e790ec026c42a200,VirusShare_00495,injector,16634880,exe,trojan,72.06,2021-11-06T23:35:19+00:00,1992-06-19
c8a045cad1b26d41b7c2b7bae769af63,VirusShare_00495,injector,18677760,exe,trojan,70.59,2021-11-04T12:43:48+00:00,1992-06-19
c8a5bee93b63a2aef667994efb21b63b,VirusShare_00495,injector,8317440,exe,trojan,76.47,2021-11-01T08:23:04+00:00,1992-06-19
c8aaf08d5bd50e6df3de3d228a8fb052,VirusShare_00495,injector,9338880,exe,trojan,75.0,2021-11-02T22:21:21+00:00,1992-06-19
c8cf3361f8bdfc313a62b913813fcc44,VirusShare_00495,injector,8317440,exe,trojan,73.53,2021-11-05T08:32:16+00:00,1992-06-19
c90ade3b6aac25a680afcbf9a8788447,VirusShare_00495,injector,16634880,exe,trojan,71.43,2021-11-06T14:26:20+00:00,1992-06-19
c92cfd24204a17232b06c11082fa982b,VirusShare_00495,injector,16633856,exe,trojan,73.53,2021-11-07T12:49:07+00:00,1992-06-19
c9bf5fc41f74a6aa87b36b2e64c6cf54,VirusShare_00495,injector,11567104,exe,trojan,70.59,2021-11-07T17:33:08+00:00,1992-06-19
c9cfe040b46284e0c669c9326c5480ee,VirusShare_00495,injector,8316928,exe,trojan,72.46,2021-11-04T21:22:31+00:00,1992-06-19
c9f17ff05076a032bcfea08cf0836ac9,VirusShare_00495,injector,8316928,exe,trojan,75.36,2021-11-03T13:57:31+00:00,1992-06-19
ca0494de94215e2ebf1868c3d09ce8ee,VirusShare_00495,injector,18677760,exe,trojan,72.46,2021-11-01T00:41:05+00:00,1992-06-19
ca650e7d711b1f9abffbb7ba47976a7e,VirusShare_00495,injector,18677760,exe,trojan,70.15,2021-11-08T10:30:18+00:00,1992-06-19
cae3305117b3f4018bcbf1ac2d5a71c6,VirusShare_00495,injector,8317440,exe,trojan,73.91,2021-10-31T03:44:11+00:00,1992-06-19
caedd954f468960f6748149dacd83e5a,VirusShare_00495,injector,16634880,exe,trojan,72.46,2021-11-05T20:20:33+00:00,1992-06-19
cafe607f150b6c9bb29223abee07b649,VirusShare_00495,injector,8317440,exe,trojan,75.0,2021-11-07T12:17:05+00:00,1992-06-19
cb0ca33351b2fa04a70add7d3c9fa415,VirusShare_00495,injector,8316928,exe,trojan,74.63,2021-11-07T15:27:45+00:00,1992-06-19
cb223bba9a396bef9bf7f49c88e802af,VirusShare_00495,injector,12475392,exe,trojan,70.59,2021-11-08T00:54:22+00:00,1992-06-19
cb3451ca8098b3abe50a4bc214073eca,VirusShare_00495,injector,12222464,exe,trojan,71.01,2021-11-06T23:35:23+00:00,1992-06-19
cb3c7410775cf709a2572275b9c17963,VirusShare_00495,injector,18677760,exe,trojan,73.91,2021-11-02T23:41:30+00:00,1992-06-19
cb48c2fbb19ede52745b7db22a5b4bab,VirusShare_00495,injector,16634880,exe,trojan,73.53,2021-11-04T03:05:11+00:00,1992-06-19
cb72cf350ddb4834d6351957a68ea4e4,VirusShare_00495,injector,18677760,exe,trojan,71.64,2021-11-02T21:56:33+00:00,1992-06-19
cbad381c1957e7fdddc3ab9447e9b346,VirusShare_00495,injector,9338880,exe,trojan,75.0,2021-11-05T03:18:31+00:00,1992-06-19
cbf18739191667f08f10ecf2e0bd7990,VirusShare_00495,injector,9338880,exe,trojan,72.06,2021-11-07T17:20:53+00:00,1992-06-19
cbf62c204f4c721f8f1b5ab33479717a,VirusShare_00495,injector,9338880,exe,trojan,75.76,2021-11-07T08:00:43+00:00,1992-06-19
cbff3f29dfecd80f16c29cd4211f6e6a,VirusShare_00495,injector,18677760,exe,trojan,73.91,2021-11-04T13:17:47+00:00,1992-06-19
cc05bd9f2115b3776ade09157c997a45,VirusShare_00495,injector,8317440,exe,trojan,74.63,2021-11-03T18:37:06+00:00,1992-06-19
cc5151bf2bf36b79e5d5aa2a9d782352,VirusShare_00495,injector,8316928,exe,trojan,73.91,2021-10-31T00:54:19+00:00,1992-06-19
cc8436ba63e6597f50f20e0b7a9820f1,VirusShare_00495,injector,8316928,exe,trojan,73.53,2021-11-01T18:22:05+00:00,1992-06-19
cd0cbd1d6b2a93b8f1671d91b5a1bd6c,VirusShare_00495,injector,8317440,exe,trojan,72.31,2021-11-06T21:51:26+00:00,1992-06-19
cd1e661a647677c9fa1140d67521ae14,VirusShare_00495,injector,12222464,exe,trojan,69.64,2021-11-09T07:12:41+00:00,1992-06-19
cd21c53adb955861fffb5cd48b105bfc,VirusShare_00495,injector,11272192,exe,trojan,67.65,2021-11-02T18:19:25+00:00,1992-06-19
cd712474f4f4e6101a9c89a412ed21b4,VirusShare_00495,injector,8317440,exe,trojan,74.24,2021-10-31T23:18:12+00:00,1992-06-19
cd920a283021ba38c2ff6b270e0da8f4,VirusShare_00495,injector,16634880,exe,trojan,68.66,2021-11-08T09:33:44+00:00,1992-06-19
cdf94093454b7d46e7287a15d575524a,VirusShare_00495,injector,9338880,exe,trojan,70.15,2021-11-04T13:11:29+00:00,1992-06-19
ce2c971d2c06c5a29cbecfddee79b33c,VirusShare_00495,injector,18677760,exe,trojan,72.46,2021-11-08T17:21:52+00:00,1992-06-19
ce771921911622f994007c298bbbc48f,VirusShare_00495,injector,17465344,exe,trojan,72.46,2021-11-06T20:56:39+00:00,1992-06-19
ceada704c17b2348d039da4304adef83,VirusShare_00495,injector,16634880,exe,trojan,69.57,2021-11-03T01:45:24+00:00,1992-06-19
cee7ceb1acd6301455312e3e1cea4a34,VirusShare_00495,injector,9338880,exe,trojan,76.12,2021-11-02T23:04:14+00:00,1992-06-19
cf216ea6baf642c5d81d7dc96165ba65,VirusShare_00495,injector,16633856,exe,trojan,72.06,2021-11-04T19:22:53+00:00,1992-06-19
cf31d1d74e64dd431a260a5d23726211,VirusShare_00495,injector,940032,exe,trojan,56.52,2021-11-03T16:23:11+00:00,1992-06-19
cf8d1b7ae63bf5fd8656d81e7674690f,VirusShare_00495,injector,9338880,exe,trojan,73.91,2021-11-07T04:32:34+00:00,1992-06-19
cf90add44ae46e5736dff50a13b01216,VirusShare_00495,injector,9338880,exe,trojan,73.91,2021-11-04T12:12:57+00:00,1992-06-19
cfb973492b3274294c380eb75ea5ba7f,VirusShare_00495,injector,9338880,exe,trojan,72.73,2021-11-04T17:59:32+00:00,1992-06-19
cff013bbcecf6f556a3dceb78c6392a9,VirusShare_00495,injector,8317440,exe,trojan,73.91,2021-11-03T05:40:27+00:00,1992-06-19
d0132ffa122e9d06868159cdc2778a5f,VirusShare_00495,injector,9338880,exe,trojan,73.53,2021-11-08T16:24:06+00:00,1992-06-19
d02c02fe6ad5157b76b34a44eb902bcf,VirusShare_00495,injector,8317440,exe,trojan,75.36,2021-11-02T23:55:13+00:00,1992-06-19
d049bd06ada3272a1f7ede2a0f3eabad,VirusShare_00495,injector,8317440,exe,trojan,73.91,2021-11-03T15:11:54+00:00,1992-06-19
d062c89f270fae4aa23b524790c52176,VirusShare_00495,injector,8317440,exe,trojan,73.91,2021-11-07T04:53:52+00:00,1992-06-19
d089d7a1c6cc995ef62904f3a54bbf9f,VirusShare_00495,injector,9338880,exe,trojan,72.46,2021-11-03T08:54:48+00:00,1992-06-19
d0905d08cf0acef87db82eeed81a452b,VirusShare_00495,injector,16634880,exe,trojan,75.0,2021-11-05T02:51:16+00:00,1992-06-19
d138548b9f3103fdd616cc20e22edf3e,VirusShare_00495,injector,16634880,exe,trojan,73.53,2021-11-02T03:17:08+00:00,1992-06-19
d1530f443b41e7227340df9e31eb0525,VirusShare_00495,injector,16634880,exe,trojan,69.7,2021-11-05T02:36:31+00:00,1992-06-19
d1574458e39136c68483f1a7c686c465,VirusShare_00495,injector,8317440,exe,trojan,73.53,2021-11-05T07:54:52+00:00,1992-06-19
d15d9154ddc4045c46d44d5d4db70929,VirusShare_00495,injector,9338880,exe,trojan,71.01,2021-11-04T09:12:06+00:00,1992-06-19
d174bddf86d0e45cc54fca5c1f0f7541,VirusShare_00495,injector,9338880,exe,trojan,71.67,2021-11-04T01:18:03+00:00,1992-06-19
d1b55884e3f5cae7269fa01ad7beabb2,VirusShare_00495,injector,16634880,exe,trojan,73.91,2021-11-07T22:33:42+00:00,1992-06-19
d20aa0a8313c6f7b6043e3cf9eec8d34,VirusShare_00495,injector,8777145,exe,trojan,73.91,2021-11-01T13:42:23+00:00,1992-06-19
d241642c4363938d7e1944bf7ebe306e,VirusShare_00495,injector,9338880,exe,trojan,72.73,2021-11-08T01:26:06+00:00,1992-06-19
d244d5bb67cefaae1328bc21975792ca,VirusShare_00495,injector,9338880,exe,trojan,76.81,2021-11-01T22:49:25+00:00,1992-06-19
d253790f818f997b949fb61c4a1516f1,VirusShare_00495,injector,8317440,exe,trojan,73.53,2021-11-07T08:32:35+00:00,1992-06-19
d28044b444f9dbf95e35bfcaa801d176,VirusShare_00495,injector,8317440,exe,trojan,76.47,2021-11-07T11:28:36+00:00,1992-06-19
d29609846012354d3322fcd2dc9d921a,VirusShare_00495,injector,18677760,exe,trojan,75.0,2021-11-04T16:27:08+00:00,1992-06-19
d2b9529882dfb57bc11e81f27f6ee4a2,VirusShare_00495,injector,16634880,exe,trojan,68.25,2021-11-05T12:12:35+00:00,1992-06-19
d2ce3e8c7c8fb914d680731b4b45c056,VirusShare_00495,injector,18677760,exe,trojan,70.31,2021-11-04T12:57:55+00:00,1992-06-19
d30058d24c410fa4b7c224c82ac533c0,VirusShare_00495,injector,16634880,exe,trojan,72.46,2021-11-08T03:08:17+00:00,1992-06-19
d31a83b41e3237821fd4db11ec527ef6,VirusShare_00495,injector,16634880,exe,trojan,75.36,2021-11-03T00:34:20+00:00,1992-06-19
d344a11335d448d49ae76df2203dab4d,VirusShare_00495,injector,8317440,exe,trojan,75.36,2021-11-01T02:12:48+00:00,1992-06-19
d3984b037ebcdf51f00087360080d0c2,VirusShare_00495,injector,18677760,exe,trojan,72.46,2021-11-01T22:55:41+00:00,1992-06-19
d3a78f8ea60ea8041a0e6518032bae90,VirusShare_00495,injector,16634880,exe,trojan,72.46,2021-11-01T02:27:49+00:00,1992-06-19
d3d0ffbe828f92a36bf0c01336b3b75f,VirusShare_00495,injector,8316928,exe,trojan,73.13,2021-11-05T02:06:41+00:00,1992-06-19
d3f99ba7ab59cbebe66998a8e01ddab5,VirusShare_00495,injector,8317440,exe,trojan,75.36,2021-11-03T13:07:35+00:00,1992-06-19
d3fa845c932d42beef81b58b1d8412eb,VirusShare_00495,injector,9338880,exe,trojan,71.64,2021-11-03T20:32:05+00:00,1992-06-19
d429bac4812c70075d5842687d083d2e,VirusShare_00495,injector,9338880,exe,trojan,72.06,2021-11-05T04:11:15+00:00,1992-06-19
d46dff00f311f09bd27252daf66c3b37,VirusShare_00495,injector,16633856,exe,trojan,70.59,2021-10-31T11:50:18+00:00,1992-06-19
d4f26fd1cb3f365c90330005eb07919e,VirusShare_00495,injector,8732672,exe,trojan,77.97,2021-11-05T06:24:08+00:00,1992-06-19
d527dcf2c1e9b919f88aab7460db9e45,VirusShare_00495,injector,16634880,exe,trojan,75.36,2021-11-01T10:01:04+00:00,1992-06-19
d5501d2481327268c69ff808bf5d9695,VirusShare_00495,injector,14974976,exe,trojan,69.57,2021-11-03T15:14:55+00:00,1992-06-19
d57c3c0d71036d9716d7fd82f335589f,VirusShare_00495,injector,9338880,exe,trojan,73.91,2021-11-08T15:32:04+00:00,1992-06-19
d57c4d22efcce1bc2334b8207e2d9ec2,VirusShare_00495,injector,18677760,exe,trojan,73.53,2021-11-04T06:58:32+00:00,1992-06-19
d587599421538bdbc2a9e5c8806e203d,VirusShare_00495,injector,16634880,exe,trojan,71.01,2021-11-02T23:02:22+00:00,1992-06-19
d5eb000f91cdfc8ce9a874509e878bd3,VirusShare_00495,injector,16634880,exe,trojan,71.21,2021-11-03T15:01:06+00:00,1992-06-19
d5eec65dbf54ad97d9a01059df9ea004,VirusShare_00495,injector,18677760,exe,trojan,73.91,2021-11-07T03:44:51+00:00,1992-06-19
d62a2310d62da178131d3343241a9ac6,VirusShare_00495,injector,8317440,exe,trojan,73.13,2021-11-06T10:37:50+00:00,1992-06-19
d6622019805a935ab397b50c50abdeab,VirusShare_00495,injector,8316928,exe,trojan,72.46,2021-10-31T22:46:42+00:00,1992-06-19
d6629c6ef901d1227d94efe614c4af44,VirusShare_00495,injector,9338880,exe,trojan,63.77,2021-11-06T14:21:01+00:00,1992-06-19
d67143ac489c996b81aca17d30e1dbb1,VirusShare_00495,injector,8316928,exe,trojan,75.0,2021-11-08T16:54:52+00:00,1992-06-19
d6c7341d00232ed51cce401f88a47507,VirusShare_00495,injector,8317440,exe,trojan,72.46,2021-11-05T00:57:20+00:00,1992-06-19
d6d3fa969ece3261bf4a0b6bd908a94a,VirusShare_00495,injector,16634880,exe,trojan,72.46,2021-11-01T12:24:10+00:00,1992-06-19
d6d7e7728f6721c59ca16ea7340a16f3,VirusShare_00495,injector,16633856,exe,trojan,71.21,2021-11-01T22:59:29+00:00,1992-06-19
d6de5a6bf1e99909b68e8e4720025b22,VirusShare_00495,injector,8317440,exe,trojan,73.91,2021-11-07T18:33:52+00:00,1992-06-19
d6e7b9293e993f91f163b188c2561a57,VirusShare_00495,injector,16634880,exe,trojan,67.24,2021-11-04T15:55:42+00:00,1992-06-19
d76a5ef07768e0cdf017a33704c9fc95,VirusShare_00495,injector,8317440,exe,trojan,73.91,2021-11-03T15:34:14+00:00,1992-06-19
d779a356b1cca8cb0fb6424a63085ccc,VirusShare_00495,injector,16634880,exe,trojan,72.06,2021-11-08T03:56:38+00:00,1992-06-19
d780b83636d447c77d5ed1b1260fbc12,VirusShare_00495,injector,16634880,exe,trojan,73.91,2021-11-07T18:51:58+00:00,1992-06-19
d7b7997f8b752edaafbe8af39f5aba8a,VirusShare_00495,injector,9338880,exe,trojan,71.64,2021-11-04T16:52:40+00:00,1992-06-19
d7e2031e2308959e8a82491b51b7baa8,VirusShare_00495,injector,8317440,exe,trojan,75.36,2021-11-06T22:15:21+00:00,1992-06-19
d7f382e220004757bc47c30382d8b05a,VirusShare_00495,injector,16633856,exe,trojan,73.53,2021-11-08T09:34:51+00:00,1992-06-19
d7f4771066f6363f223e23f5b276e216,VirusShare_00495,injector,18677760,exe,trojan,66.15,2021-11-05T03:35:17+00:00,1992-06-19
d81d5b5d919413f082d1940ba1318e2d,VirusShare_00495,injector,8317440,exe,trojan,75.0,2021-11-01T07:24:01+00:00,1992-06-19
d84eaaac81a25c0151e9d8fc724c4a2d,VirusShare_00495,injector,9338880,exe,trojan,73.91,2021-11-06T18:31:06+00:00,1992-06-19
d87b33c2bd1e3e86df09e0d0c6972a53,VirusShare_00495,injector,9338880,exe,trojan,72.46,2021-11-06T17:20:11+00:00,1992-06-19
d8840ebe2c94dede11f402125d5df7fe,VirusShare_00495,injector,8317440,exe,trojan,73.53,2021-11-08T17:08:38+00:00,1992-06-19
d8860754e542fcd2f91cad3bedc9e764,VirusShare_00495,injector,8316928,exe,trojan,73.85,2021-11-05T16:15:55+00:00,1992-06-19
d89a96c13e5f7e0c5a95fea6855a9895,VirusShare_00495,injector,9338880,exe,trojan,72.06,2021-11-08T00:34:14+00:00,1992-06-19
d89e094f082138c722c2542919254973,VirusShare_00495,injector,11960320,exe,trojan,67.65,2021-11-04T06:38:16+00:00,1992-06-19
d8a1bf526db71e1224ddb70ed123ba04,VirusShare_00495,injector,16634880,exe,trojan,72.06,2021-11-03T23:35:57+00:00,1992-06-19
d8a6d27d24ed53a9f89d0c75517d0b96,VirusShare_00495,injector,8317440,exe,trojan,75.0,2021-11-08T15:35:25+00:00,1992-06-19
d8a7b02cbef364f1b004711aece4566e,VirusShare_00495,injector,18087936,exe,trojan,70.59,2021-10-31T04:01:04+00:00,1992-06-19
d8af539f8d28b3dece94c78c3b800fde,VirusShare_00495,injector,16634880,exe,trojan,72.46,2021-11-08T11:02:28+00:00,1992-06-19
d8e57a0a9e90b5b22773a47c8001026e,VirusShare_00495,injector,8732672,exe,trojan,73.53,2021-11-05T11:45:21+00:00,1992-06-19
d9214cbdffaf7b37d207c4a4d01da66d,VirusShare_00495,injector,8317440,exe,trojan,73.53,2021-11-04T03:35:24+00:00,1992-06-19
d966d9e059b2446d48eabca1439dfeb2,VirusShare_00495,injector,9338880,exe,trojan,76.47,2021-11-07T18:52:16+00:00,1992-06-19
d967768f7bd4c15a641ae1d70dc66368,VirusShare_00495,injector,18677760,exe,trojan,71.01,2021-11-07T14:38:34+00:00,1992-06-19
d9919cf77e5862c94a34e6959f420491,VirusShare_00495,injector,12910592,exe,trojan,72.06,2021-11-04T06:39:20+00:00,1992-06-19
d993ca7ce4ee5d81422701459df8de11,VirusShare_00495,injector,8317440,exe,trojan,74.63,2021-11-05T03:19:07+00:00,1992-06-19
d9af058e20818d3e848c99d6835c4b2d,VirusShare_00495,injector,8316928,exe,trojan,75.36,2021-11-05T06:59:13+00:00,1992-06-19
d9ca9eda7f857a09dbe53721421042f5,VirusShare_00495,injector,12550144,exe,trojan,71.21,2021-11-08T16:53:43+00:00,1992-06-19
da5fa87f5b81714d348a17f49a01c4a8,VirusShare_00495,injector,12517376,exe,trojan,68.12,2021-11-07T15:31:19+00:00,1992-06-19
da8eee46c2b3cd4326c80fdade7e0535,VirusShare_00495,injector,8317440,exe,trojan,73.91,2021-11-04T12:21:39+00:00,1992-06-19
db07ceed68a5ce8be4b46fe7a801edd5,VirusShare_00495,injector,8317440,exe,trojan,75.36,2021-11-07T16:31:13+00:00,1992-06-19
db2d1fd64a902cb66afd9fd23529df20,VirusShare_00495,injector,9338880,exe,trojan,72.06,2021-11-03T22:10:20+00:00,1992-06-19
db2d3b00ee840740c2046bfad39d55d4,VirusShare_00495,injector,8317440,exe,trojan,83.87,2021-11-05T23:35:46+00:00,1992-06-19
db383b284a94276ac40a2a929b0ed63b,VirusShare_00495,injector,18677760,exe,trojan,68.66,2021-11-01T09:24:51+00:00,1992-06-19
db6dae4a17fe49b6b1869589795c1fb7,VirusShare_00495,injector,8317440,exe,trojan,73.91,2021-11-02T21:37:12+00:00,1992-06-19
db6fc17890125e2222ccd1edaebcccb4,VirusShare_00495,injector,16633856,exe,trojan,73.13,2021-11-08T04:45:57+00:00,1992-06-19
db990819edb8be9063d5e3c8ccd80c4a,VirusShare_00495,injector,16634880,exe,trojan,72.06,2021-11-08T02:07:33+00:00,1992-06-19
dbd15ce907052a1a8b9d916b708c3fc9,VirusShare_00495,injector,8777145,exe,trojan,70.91,2021-11-09T07:12:39+00:00,1992-06-19
dc443363209cd49849c5c196ac440f62,VirusShare_00495,injector,18677760,exe,trojan,71.01,2021-11-08T04:44:55+00:00,1992-06-19
dc63073bf1fe3534752a48e6bd2911b0,VirusShare_00495,injector,14237696,exe,trojan,79.71,2021-11-06T12:10:30+00:00,1992-06-19
dc7f56178cbcb1b8edb23d6d50b8c4a3,VirusShare_00495,injector,8317440,exe,trojan,75.36,2021-11-03T14:16:02+00:00,1992-06-19
dd13b8ad3015e3f1243e21cfcce7aac9,VirusShare_00495,injector,16634880,exe,trojan,73.91,2021-11-02T22:57:11+00:00,1992-06-19
dd69466ef7bae7b8e7079cb752f79305,VirusShare_00495,injector,18677760,exe,trojan,73.91,2021-11-03T14:16:10+00:00,1992-06-19
ddec1abbe62517dd67f96a137ecd160b,VirusShare_00495,injector,16634880,exe,trojan,70.97,2021-11-02T23:08:21+00:00,1992-06-19
de104283234d6994ecc1aeaeb844c864,VirusShare_00495,injector,16634880,exe,trojan,72.46,2021-11-01T08:42:07+00:00,1992-06-19
de62364f16ee1decab503d0b332ed4b3,VirusShare_00495,injector,9338880,exe,trojan,72.46,2021-11-03T11:25:31+00:00,1992-06-19
de62fe8c1269fcaec16ddcec7368545d,VirusShare_00495,injector,8317440,exe,trojan,75.36,2021-11-02T18:19:51+00:00,1992-06-19
de8d5aa0aa7c0cd9277130d45ad55dd2,VirusShare_00495,injector,18677760,exe,trojan,71.01,2021-11-02T18:23:16+00:00,1992-06-19
deeef891eb6602cd97b0b137546f5c9e,VirusShare_00495,injector,18677760,exe,trojan,69.12,2021-11-03T08:15:43+00:00,1992-06-19
df22e7f7e63722da2f1f6bef35f11409,VirusShare_00495,injector,12475392,exe,trojan,70.59,2021-11-08T04:40:15+00:00,1992-06-19
df294e4607e382672c31093d163e5b81,VirusShare_00495,injector,8317440,exe,trojan,70.97,2021-11-05T02:25:25+00:00,1992-06-19
df2c257d1fda6d505123aa3a510a7749,VirusShare_00495,injector,16633856,exe,trojan,72.73,2021-11-08T05:10:22+00:00,1992-06-19
df383b734c0d6fb72cf0cffb943e31e2,VirusShare_00495,injector,16187392,exe,trojan,70.59,2021-11-04T07:35:38+00:00,1992-06-19
df43492eaafc486158a6c4ad551052ef,VirusShare_00495,injector,18677760,exe,trojan,72.06,2021-11-04T14:59:24+00:00,1992-06-19
df642995d9d42fd0288b7500e51ea66c,VirusShare_00495,injector,8317440,exe,trojan,73.91,2021-11-05T02:16:44+00:00,1992-06-19
df7d660c958c89fb942287494d215519,VirusShare_00495,injector,18677760,exe,trojan,72.86,2021-11-04T00:56:32+00:00,1992-06-19
dfb0ed6fbbe80774ca31e019bb4094ac,VirusShare_00495,injector,16634880,exe,trojan,72.46,2021-11-06T18:08:12+00:00,1992-06-19
dfb3bbe97826931171e1988971c5fc74,VirusShare_00495,injector,8317440,exe,trojan,75.0,2021-11-03T09:16:26+00:00,1992-06-19
dfc6f052c24c1f5f3b044bf2c783bc77,VirusShare_00495,injector,16634880,exe,trojan,72.46,2021-11-04T12:41:56+00:00,1992-06-19
dfc76f43fb3c40d3e83a6954edea233c,VirusShare_00495,injector,14554624,exe,trojan,72.46,2021-11-07T08:01:51+00:00,1992-06-19
dfed1a769377f4c2d151701ec70f1903,VirusShare_00495,injector,16634880,exe,trojan,73.91,2021-10-30T20:31:26+00:00,1992-06-19
e02847b23706c02aff3a231eb3b2bec4,VirusShare_00495,injector,9338880,exe,trojan,72.46,2021-11-01T02:23:40+00:00,1992-06-19
e07e8dc0f4de19ede118b246c49e941f,VirusShare_00495,injector,8317440,exe,trojan,73.91,2021-11-04T14:10:31+00:00,1992-06-19
e081213a680d56b37bb8b793a50c5055,VirusShare_00495,injector,1486336,exe,trojan,57.97,2021-11-06T00:06:06+00:00,1992-06-19
e11b666c2d3e567e632b6f9d79a43f1d,VirusShare_00495,injector,9338880,exe,trojan,72.46,2021-11-07T12:17:01+00:00,1992-06-19
e12d0e452eedf4cd0797b04655e004c2,VirusShare_00495,injector,9338880,exe,trojan,73.91,2021-11-04T17:16:07+00:00,1992-06-19
e1374418ffb34274cd11dd9edcdd3bb5,VirusShare_00495,injector,8317440,exe,trojan,73.53,2021-11-03T00:50:11+00:00,1992-06-19
e17bc994d43355b9181d38da43f14e2b,VirusShare_00495,injector,16634880,exe,trojan,71.64,2021-11-03T07:17:00+00:00,1992-06-19
e1a3782957c35dfc8768926eb1d06f5d,VirusShare_00495,injector,14237696,exe,trojan,69.57,2021-11-01T23:30:28+00:00,1992-06-19
e1a7b5181455b7ac0749b704d1500549,VirusShare_00495,injector,18677760,exe,trojan,67.74,2021-11-06T22:20:29+00:00,1992-06-19
e1cd0b22586e0a9d738a748b15c46111,VirusShare_00495,injector,18677760,exe,trojan,73.53,2021-11-08T14:48:44+00:00,1992-06-19
e1d3d3ffda720191e2463e262fe34b85,VirusShare_00495,injector,18677760,exe,trojan,73.91,2021-11-01T12:40:25+00:00,1992-06-19
e1fbed0743c05439ec1adf581fb96731,VirusShare_00495,injector,9338880,exe,trojan,73.53,2021-11-08T08:42:29+00:00,1992-06-19
e1fcc04457b7db5e8328e53459e67799,VirusShare_00495,injector,18677760,exe,trojan,73.91,2021-11-06T16:54:09+00:00,1992-06-19
e20d0d9c0954bb9b011dfc22809f8514,VirusShare_00495,injector,9338880,exe,trojan,71.21,2021-11-08T02:13:12+00:00,1992-06-19
e2360ec75ff9eb125b53dc3e66a0adb9,VirusShare_00495,injector,8317440,exe,trojan,75.36,2021-11-03T17:35:44+00:00,1992-06-19
e276cb44b87c37c15a60ba8cf0c8d81d,VirusShare_00495,injector,12550144,exe,trojan,69.57,2021-11-05T09:59:10+00:00,1992-06-19
e284811edfbfe5e7dae236036723c6dc,VirusShare_00495,injector,16633856,exe,trojan,72.46,2021-10-30T19:36:44+00:00,1992-06-19
e2880022ba1cc4a9ccc955aac75a2038,VirusShare_00495,injector,9338880,exe,trojan,77.61,2021-11-08T08:29:27+00:00,1992-06-19
e2cf4ed52816e0ccab1369a8c604c743,VirusShare_00495,injector,8317440,exe,trojan,73.91,2021-10-31T11:50:14+00:00,1992-06-19
e2dbb63e0aa4e00490983804cbed90bb,VirusShare_00495,injector,8317440,exe,trojan,75.36,2021-11-07T02:21:31+00:00,1992-06-19
e31940bc94449565b9cd6dbc23a15abf,VirusShare_00495,injector,9338880,exe,trojan,73.91,2021-11-04T11:52:20+00:00,1992-06-19
e332dcf0e0c3fb040b45ea66d5656688,VirusShare_00495,injector,16634880,exe,trojan,73.91,2021-10-31T21:42:47+00:00,1992-06-19
e36ea96867ef85fc1b719a2ede135cc3,VirusShare_00495,injector,11272192,exe,trojan,66.67,2021-11-08T04:44:48+00:00,1992-06-19
e3b6e32fc444075a89dcf60ba67f7360,VirusShare_00495,injector,16634880,exe,trojan,72.06,2021-11-04T15:49:32+00:00,1992-06-19
e42b548caa76c5913711afed46178d3a,VirusShare_00495,injector,18677760,exe,trojan,73.91,2021-11-07T05:33:57+00:00,1992-06-19
e42e17c48a8b40ff12c583d14c35566e,VirusShare_00495,injector,8317440,exe,trojan,73.91,2021-11-03T14:58:53+00:00,1992-06-19
e460c0eb4c7db4eb924898ca5cf2d689,VirusShare_00495,injector,16634880,exe,trojan,75.36,2021-11-02T23:59:15+00:00,1992-06-19
e46ca5e805fed057d1a83eb0c043e4b4,VirusShare_00495,injector,8317440,exe,trojan,71.64,2021-11-08T07:32:28+00:00,1992-06-19
e58aee38f212fd31dd8c4b82b024e08b,VirusShare_00495,injector,18677760,exe,trojan,73.53,2021-11-08T02:12:00+00:00,1992-06-19
e5d5ba8c5cc08438414cfc0b705af2c4,VirusShare_00495,injector,9338880,exe,trojan,72.06,2021-11-08T06:36:16+00:00,1992-06-19
e61a337bde607313717eea49409d1edd,VirusShare_00495,injector,8317440,exe,trojan,70.31,2021-11-05T07:54:50+00:00,1992-06-19
e6219a3aae336d536cb1e7641ffb4f01,VirusShare_00495,injector,8317440,exe,trojan,75.36,2021-11-06T18:10:44+00:00,1992-06-19
e63083087d333c77537055ff0091d186,VirusShare_00495,injector,16187392,exe,trojan,73.02,2021-11-07T15:32:18+00:00,1992-06-19
e65eccde7674a76f4adb32606a997305,VirusShare_00495,injector,8316928,exe,trojan,72.06,2021-11-04T05:43:16+00:00,1992-06-19
e6646e8ebfd3b8b8c8eb3c0da9a63b9f,VirusShare_00495,injector,8317440,exe,trojan,73.53,2021-11-04T06:45:41+00:00,1992-06-19
e66fe5eb3de3c3ae767964f521a1b02e,VirusShare_00495,injector,8777145,exe,trojan,70.59,2021-11-07T13:52:51+00:00,1992-06-19
e698e84b8a0d705c453f06b8e8ca285a,VirusShare_00495,injector,8316928,exe,trojan,73.91,2021-11-01T14:48:02+00:00,1992-06-19
e69c423d35ba33c6d314437f5dfe732c,VirusShare_00495,injector,16634880,exe,trojan,72.06,2021-11-07T09:48:46+00:00,1992-06-19
e6a668798cd733c1d8e7ed17468b2130,VirusShare_00495,injector,8317440,exe,trojan,70.59,2021-11-04T11:14:18+00:00,1992-06-19
e6bb18c63dd1d8cb0d5134fe85eeb9ef,VirusShare_00495,injector,8316928,exe,trojan,73.91,2021-11-08T04:57:34+00:00,1992-06-19
e6c071b5e043743f15a7ae1e09b01218,VirusShare_00495,injector,8317440,exe,trojan,73.53,2021-11-02T19:23:45+00:00,1992-06-19
e726266fe0bfd7d710c3e472957338c4,VirusShare_00495,injector,8317440,exe,trojan,75.36,2021-11-03T15:04:42+00:00,1992-06-19
e729aee91070620a8778b46c5ffa44fc,VirusShare_00495,injector,14554624,exe,trojan,70.59,2021-11-04T02:24:28+00:00,1992-06-19
e73d16f42b30bc041db33da4c4f89844,VirusShare_00495,injector,8317440,exe,trojan,73.53,2021-11-03T15:47:20+00:00,1992-06-19
e7cedc3611c893f74d5e55f40771b1ef,VirusShare_00495,injector,10360320,exe,trojan,73.91,2021-11-02T22:32:12+00:00,1992-06-19
e7f03d78b9074c4b254823a8ab72bb66,VirusShare_00495,injector,16634880,exe,trojan,71.64,2021-11-04T16:38:47+00:00,1992-06-19
e800c04024f001df2873871d8335c15c,VirusShare_00495,injector,16634880,exe,trojan,67.8,2021-11-04T07:43:39+00:00,1992-06-19
e80c80e92f981ffaecade6fca7889105,VirusShare_00495,injector,16634880,exe,trojan,73.91,2021-11-01T19:01:22+00:00,1992-06-19
e860db52e38714449dfca18025a9927b,VirusShare_00495,injector,28835840,exe,trojan,66.13,2021-11-02T14:01:32+00:00,1992-06-19
e879a764b77d5a8097c7b4c57e754a9a,VirusShare_00495,injector,12550144,exe,trojan,69.7,2021-11-04T17:33:28+00:00,1992-06-19
e87b469e41e81db80f02d0c2a1596a2d,VirusShare_00495,injector,16634880,exe,trojan,73.53,2021-11-03T10:18:54+00:00,1992-06-19
e884a53e52973429283f7ab2fde927d8,VirusShare_00495,injector,8316928,exe,trojan,75.0,2021-11-03T06:33:39+00:00,1992-06-19
e8b9caae344efde218cc293b9bbb1b72,VirusShare_00495,injector,16634880,exe,trojan,71.43,2021-11-06T21:35:11+00:00,1992-06-19
e8fa0a87e3ad55ee1cbc1a7ef0e21e45,VirusShare_00495,injector,18677760,exe,trojan,73.91,2021-11-05T11:30:11+00:00,1992-06-19
e90b49867f8890458ebc80069c0bab7d,VirusShare_00495,injector,16634880,exe,trojan,72.46,2021-10-31T21:31:58+00:00,1992-06-19
e922d2bffcb8b6fa56037ba0b1ed9420,VirusShare_00495,injector,9338880,exe,trojan,76.81,2021-11-03T09:09:54+00:00,1992-06-19
e94c66ae09dbd521a08dd9f407815f53,VirusShare_00495,injector,1011200,exe,trojan,67.16,2021-11-09T04:51:28+00:00,1992-06-19
e9c4c6ad0c0a2fca83ac12c6d4f7713f,VirusShare_00495,injector,16633856,exe,trojan,73.13,2021-11-04T00:20:33+00:00,1992-06-19
e9e2458ad7b9a15225d588f61f9364f8,VirusShare_00495,injector,8316928,exe,trojan,73.53,2021-11-08T07:32:22+00:00,1992-06-19
e9e8c32280d25f1bff3587190b2c957e,VirusShare_00495,injector,8316928,exe,trojan,71.64,2021-11-07T18:34:51+00:00,1992-06-19
ea0866dfdd9ba624deee853cf3a2f2fb,VirusShare_00495,injector,9338880,exe,trojan,73.53,2021-11-05T16:05:53+00:00,1992-06-19
ea3eed7b9c9683990ad39d6199f4a9cc,VirusShare_00495,injector,9764864,exe,trojan,68.12,2021-11-08T04:29:23+00:00,1992-06-19
ea9073839cb7057ddb18342fcaad5654,VirusShare_00495,injector,16634880,exe,trojan,71.01,2021-10-31T22:34:31+00:00,1992-06-19
eabf8cd9da301d3e8b5e6e7b5da0222b,VirusShare_00495,injector,14237696,exe,trojan,69.57,2021-11-02T22:21:17+00:00,1992-06-19
eaf2664da405be080a08aa25b1cebffe,VirusShare_00495,injector,16634880,exe,trojan,72.06,2021-11-01T00:53:36+00:00,1992-06-19
eaf93f74bf7c96f131a3394f777d7424,VirusShare_00495,injector,16634880,exe,trojan,71.01,2021-11-05T03:41:20+00:00,1992-06-19
eb3a049772ee9bbbcb9731a3dd58c8d8,VirusShare_00495,injector,8317440,exe,trojan,73.53,2021-11-08T15:45:44+00:00,1992-06-19
eb8cdbcb400289bc2983ead596bbe17d,VirusShare_00495,injector,18677760,exe,trojan,73.13,2021-11-06T18:09:40+00:00,1992-06-19
eba008f5bb01183288754ec82fb53680,VirusShare_00495,injector,1659936,exe,trojan,52.17,2021-11-05T14:45:49+00:00,1992-06-19
ebbe239eb6d0542c6e4efb195b72b9bd,VirusShare_00495,injector,8317440,exe,trojan,73.91,2021-11-02T00:36:35+00:00,1992-06-19
ebe08db5dcb9939cb45a190b251e5fdf,VirusShare_00495,injector,8317440,exe,trojan,73.53,2021-11-08T04:50:11+00:00,1992-06-19
ec0dab7901ff0e58a18e8b02750ecdd4,VirusShare_00495,injector,16633856,exe,trojan,71.21,2021-11-02T19:40:15+00:00,1992-06-19
ec2021568e09157eb0b8e9aa53427b31,VirusShare_00495,injector,8093696,exe,trojan,75.0,2021-11-04T02:49:13+00:00,1992-06-19
ec389124edf5c440b728d018a59434a1,VirusShare_00495,injector,8317440,exe,trojan,71.88,2021-10-30T17:56:44+00:00,1992-06-19
ec50e40e6b862dd444c84f73d5c693f3,VirusShare_00495,injector,16634880,exe,trojan,70.15,2021-11-08T03:21:18+00:00,1992-06-19
ec521da723a003e259d9eb60687ace4e,VirusShare_00495,injector,8317440,exe,trojan,73.91,2021-11-04T19:30:52+00:00,1992-06-19
ec627498494e44d5f9df152a06b98bd9,VirusShare_00495,injector,16187392,exe,trojan,69.57,2021-11-07T22:22:29+00:00,1992-06-19
ec73d62852b9d3f66f7294bb832fc135,VirusShare_00495,injector,9338880,exe,trojan,71.21,2021-11-02T23:53:08+00:00,1992-06-19
ec8bea7eb14f784b3a87ee430e0b1874,VirusShare_00495,injector,16634880,exe,trojan,73.13,2021-11-03T02:48:22+00:00,1992-06-19
ec9b515ea9237b08b071e3824071ac08,VirusShare_00495,injector,6193152,exe,trojan,72.46,2021-11-01T00:43:34+00:00,1992-06-19
ecdfe08ded66555cba33e2c75446e525,VirusShare_00495,injector,18677760,exe,trojan,75.0,2021-11-07T15:33:56+00:00,1992-06-19
ed07329080fb7e403a08afaaccd00d3f,VirusShare_00495,injector,8317440,exe,trojan,73.53,2021-11-07T07:53:53+00:00,1992-06-19
ed3e2eedbc4d88a48d4d14688f7b5969,VirusShare_00495,injector,18677760,exe,trojan,72.46,2021-11-08T11:45:44+00:00,1992-06-19
ed869ea0ea0bedcbf6ebaf0c42d8c125,VirusShare_00495,injector,18677760,exe,trojan,73.91,2021-11-08T04:58:58+00:00,1992-06-19
ed8eb4187fce788ff99b049ee766237a,VirusShare_00495,injector,9338880,exe,trojan,69.57,2021-11-08T17:10:33+00:00,1992-06-19
eda5cc50acd5ec98b7dcef0ffab17325,VirusShare_00495,injector,8316928,exe,trojan,73.91,2021-11-02T21:10:01+00:00,1992-06-19
ee33c50175356021780a028970d4dc0d,VirusShare_00495,injector,9338880,exe,trojan,72.46,2021-11-04T11:36:38+00:00,1992-06-19
ee67c4be0806a773466409bf9d2f79b2,VirusShare_00495,injector,16633856,exe,trojan,67.74,2021-11-02T14:24:51+00:00,1992-06-19
ee7c6735d9cd076cf6cdf93eb1c77bc2,VirusShare_00495,injector,8317440,exe,trojan,70.59,2021-11-02T21:19:10+00:00,1992-06-19
eeb2d9406b2ff7149ac0e9d8a6fca471,VirusShare_00495,injector,12475392,exe,trojan,72.46,2021-11-07T17:47:38+00:00,1992-06-19
eeb572fdd82bc459c7b32c0bf34905e4,VirusShare_00495,injector,8317440,exe,trojan,76.81,2021-11-08T09:15:35+00:00,1992-06-19
eee791234adb283638db9e383c073f88,VirusShare_00495,injector,6193152,exe,trojan,72.06,2021-10-30T23:18:48+00:00,1992-06-19
eef9f52e43d69549778443fabce76338,VirusShare_00495,injector,9338880,exe,trojan,75.0,2021-11-02T22:00:17+00:00,1992-06-19
ef5eb48fe013eef6814100c29684080b,VirusShare_00495,injector,9338880,exe,trojan,73.53,2021-11-07T06:57:40+00:00,1992-06-19
ef6722ed06b670d4e8516f916d81cd7c,VirusShare_00495,injector,16634880,exe,trojan,71.01,2021-11-03T06:54:35+00:00,1992-06-19
ef7e0b173859412dce40e12d902f902b,VirusShare_00495,injector,18677760,exe,trojan,71.43,2021-11-09T00:32:58+00:00,1992-06-19
efa07b03592a931284d65f16aac4dde3,VirusShare_00495,injector,16633856,exe,trojan,72.46,2021-11-03T16:30:23+00:00,1992-06-19
f0134642414ac1a0387439878f29ffb8,VirusShare_00495,injector,8317440,exe,trojan,74.63,2021-11-07T07:59:36+00:00,1992-06-19
f099e6e2349d9eb26e54e6d53cece2d1,VirusShare_00495,injector,8317440,exe,trojan,75.0,2021-11-03T07:31:23+00:00,1992-06-19
f10b9c781379c1bc960de701d2a636af,VirusShare_00495,injector,8317440,exe,trojan,73.91,2021-11-07T14:29:49+00:00,1992-06-19
f1169fdd1c1eb0f113e41d4ed4bc9e80,VirusShare_00495,injector,16634880,exe,trojan,72.46,2021-11-01T09:50:09+00:00,1992-06-19
f148616a6bc000d4cd6ec0d4de4299aa,VirusShare_00495,injector,16634880,exe,trojan,72.31,2021-10-31T00:27:58+00:00,1992-06-19
f17409184bbfe14e3afd7b72265916e1,VirusShare_00495,injector,8317440,exe,trojan,73.85,2021-11-04T13:34:10+00:00,1992-06-19
f180e01fbfca4223d46fe72721e2f088,VirusShare_00495,injector,8317440,exe,trojan,75.36,2021-11-02T23:34:13+00:00,1992-06-19
f1acab200236fe9a207acd8331f1fbb8,VirusShare_00495,injector,16634880,exe,trojan,71.01,2021-11-07T17:47:13+00:00,1992-06-19
f1af1cd7f3154fc608637f9406dd8671,VirusShare_00495,injector,8317440,exe,trojan,74.63,2021-11-06T20:03:35+00:00,1992-06-19
f1af59f5eb9f2cef0c80a71eff06e9e0,VirusShare_00495,injector,18284544,exe,trojan,70.15,2021-11-07T11:16:49+00:00,1992-06-19
f1baba351a4ea8b4e4767dc496f9e869,VirusShare_00495,injector,18677760,exe,trojan,74.63,2021-11-05T03:50:21+00:00,1992-06-19
f1d0b85c3069da7e2ea832524549199d,VirusShare_00495,injector,16634880,exe,trojan,72.06,2021-11-05T10:39:18+00:00,1992-06-19
f1d94278490b255a8040c480cf8db99b,VirusShare_00495,injector,9338880,exe,trojan,73.53,2021-11-08T03:39:40+00:00,1992-06-19
f1efe33f1c6a807e7d4f5544b83a861a,VirusShare_00495,injector,16633856,exe,trojan,82.61,2021-11-04T13:08:32+00:00,1992-06-19
f215c0fc2e69d26314081b5db39832ee,VirusShare_00495,injector,8317440,exe,trojan,73.91,2021-11-08T10:56:42+00:00,1992-06-19
f22bee5b4cefc15e08f4bd75d7775699,VirusShare_00495,injector,8317440,exe,trojan,72.06,2021-11-05T01:25:04+00:00,1992-06-19
f23049fed2a8f0830616ac24cf48685b,VirusShare_00495,injector,16634880,exe,trojan,74.63,2021-11-07T17:45:19+00:00,1992-06-19
f239acc3c6fc00d84cb0697023b40458,VirusShare_00495,injector,8317440,exe,trojan,73.53,2021-11-05T05:58:09+00:00,1992-06-19
f2560cf8568f34b3a64ca19ce6574ef5,VirusShare_00495,injector,16634880,exe,trojan,72.46,2021-11-02T23:26:15+00:00,1992-06-19
f293271175c65bf1d226414796e1b872,VirusShare_00495,injector,8317440,exe,trojan,75.36,2021-11-08T16:59:47+00:00,1992-06-19
f2c2884c00b8eaf7a9480f4320272387,VirusShare_00495,injector,16634880,exe,trojan,73.53,2021-11-08T03:21:17+00:00,1992-06-19
f2e7074b0b4144d5f3486a1c4fb128eb,VirusShare_00495,injector,16634880,exe,trojan,73.91,2021-11-01T00:52:43+00:00,1992-06-19
f3345c8f4625a03008460223a37ef8c9,VirusShare_00495,injector,18677760,exe,trojan,71.21,2021-11-01T00:15:29+00:00,1992-06-19
f36f924a20696637c1c0983a25740cff,VirusShare_00495,injector,9338880,exe,trojan,71.01,2021-11-03T00:05:47+00:00,1992-06-19
f3a01cb7e0532b79e51fbf4d91b44a56,VirusShare_00495,injector,9338880,exe,trojan,75.0,2021-11-02T21:35:09+00:00,1992-06-19
f3a6f7e57c95f485ca268ce34f943666,VirusShare_00495,injector,18677760,exe,trojan,68.18,2021-11-02T21:56:20+00:00,1992-06-19
f3b9dd83db137eea55d32c6b223359ef,VirusShare_00495,injector,9338880,exe,trojan,73.53,2021-11-04T19:25:11+00:00,1992-06-19
f3ba721a8518b16333e39de4eec2a9c8,VirusShare_00495,injector,16634880,exe,trojan,73.53,2021-10-31T23:17:59+00:00,1992-06-19
f3f3893e5b30aa62d1f805f886a660aa,VirusShare_00495,injector,16634880,exe,trojan,73.91,2021-11-01T04:33:41+00:00,1992-06-19
f42d313f56390c07bbff1c29a480fdc6,VirusShare_00495,injector,9338880,exe,trojan,72.31,2021-11-08T03:00:21+00:00,1992-06-19
f46957df5bd484ac81f63ea727533735,VirusShare_00495,injector,16634880,exe,trojan,73.53,2021-11-05T05:52:18+00:00,1992-06-19
f4ad2a34cefa66fd8925823ea324038c,VirusShare_00495,injector,8317440,exe,trojan,75.0,2021-11-08T04:49:13+00:00,1992-06-19
f4b482366ed19a380d8fd52d0700731c,VirusShare_00495,injector,16187392,exe,trojan,71.01,2021-11-07T03:42:34+00:00,1992-06-19
f552f77203b4e6ed9f4ba540fc4d5888,VirusShare_00495,injector,9338880,exe,trojan,73.53,2021-11-07T18:42:56+00:00,1992-06-19
f55d3a760ba9e20cb082253c427c4723,VirusShare_00495,injector,12222464,exe,trojan,72.73,2021-11-04T06:06:42+00:00,1992-06-19
f5922de969e543be39f71930f983676c,VirusShare_00495,injector,9338880,exe,trojan,70.15,2021-11-04T18:50:45+00:00,1992-06-19
f59953dc3e9cf646de13b48efbc35768,VirusShare_00495,injector,8317440,exe,trojan,75.36,2021-11-07T09:12:41+00:00,1992-06-19
f59c1089da074866d59f83cfd518a874,VirusShare_00495,injector,16187392,exe,trojan,71.01,2021-11-05T12:22:16+00:00,1992-06-19
f5b398e269194dba077b38a65026b57b,VirusShare_00495,injector,8317440,exe,trojan,69.35,2021-11-01T05:04:50+00:00,1992-06-19
f5b78d1b054eb9866da368aea6d21da2,VirusShare_00495,injector,14554624,exe,trojan,70.59,2021-11-04T17:27:54+00:00,1992-06-19
f5c34a32aef8e908f5223b0477413a81,VirusShare_00495,injector,16633856,exe,trojan,70.15,2021-11-02T20:39:15+00:00,1992-06-19
f6397f4bc5ab15d0338d24ece9fe441b,VirusShare_00495,injector,9338880,exe,trojan,70.97,2021-11-08T08:27:18+00:00,1992-06-19
f644fcf7f6ce137b4350392fc31cf423,VirusShare_00495,injector,10360320,exe,trojan,73.85,2021-11-07T08:28:47+00:00,1992-06-19
f6705edf62d418e52d524ef602872776,VirusShare_00495,injector,9338880,exe,trojan,71.21,2021-10-31T01:58:52+00:00,1992-06-19
f67666e25309ddd254e07f9a57955e0e,VirusShare_00495,injector,8316928,exe,trojan,72.06,2021-11-02T18:57:48+00:00,1992-06-19
f68e04285f1eaf534515bfbc6e558410,VirusShare_00495,injector,16633856,exe,trojan,75.36,2021-11-07T22:27:29+00:00,1992-06-19
f6997135e4dc389b84631caef21e3b59,VirusShare_00495,injector,8093696,exe,trojan,71.64,2021-11-02T22:20:15+00:00,1992-06-19
f69b9682f05e4d1259fada926bf770ac,VirusShare_00495,injector,16634880,exe,trojan,71.64,2021-11-08T11:57:57+00:00,1992-06-19
f6a79c995b796e4689dd825d478e4d42,VirusShare_00495,injector,1659936,exe,trojan,50.0,2021-11-05T15:01:36+00:00,1992-06-19
f6a84b12dd4a28c60a3e776e347e8c1e,VirusShare_00495,injector,8317440,exe,trojan,75.0,2021-11-08T08:12:18+00:00,1992-06-19
f6bd692b96ae8d3e3f1f9d32dc4d37c9,VirusShare_00495,injector,14554624,exe,trojan,72.31,2021-11-07T07:54:02+00:00,1992-06-19
f7781721f9e109000aa3868e4e47b1d9,VirusShare_00495,injector,8317440,exe,trojan,75.0,2021-11-05T14:17:07+00:00,1992-06-19
f79b63c8aea3626aa72fb2dc7e70b385,VirusShare_00495,injector,16634880,exe,trojan,66.67,2021-11-04T00:23:09+00:00,1992-06-19
f7ce6f705c86e8f51640e6a14a3894b1,VirusShare_00495,injector,14554624,exe,trojan,72.46,2021-11-04T20:12:52+00:00,1992-06-19
f7e459c20492ecd9dae1072892c4d620,VirusShare_00495,injector,8317440,exe,trojan,74.63,2021-11-06T18:59:41+00:00,1992-06-19
f7ecb450204911786ac3c485d65a7a06,VirusShare_00495,injector,16634880,exe,trojan,72.46,2021-11-07T18:48:03+00:00,1992-06-19
f804d76e6593166d727423c588235f49,VirusShare_00495,injector,16634880,exe,trojan,72.46,2021-11-01T14:05:31+00:00,1992-06-19
f825ae501f5b555b15e42ed0a1aa1be2,VirusShare_00495,injector,8317440,exe,trojan,72.46,2021-11-01T10:46:02+00:00,1992-06-19
f85cc08a8401fef99e5e6b9e3c69f6f3,VirusShare_00495,injector,8317440,exe,trojan,75.36,2021-10-30T19:34:38+00:00,1992-06-19
f870fe18f190e09ac9ffde0dfaae021a,VirusShare_00495,injector,8317440,exe,trojan,72.46,2021-11-07T02:37:26+00:00,1992-06-19
f8884cfdc11fcea7da08d8bc784afcca,VirusShare_00495,injector,8388608,exe,trojan,70.59,2021-11-04T11:52:22+00:00,1992-06-19
f88f2a2d8f37fb209d60983dd6e0f23e,VirusShare_00495,injector,16634880,exe,trojan,72.46,2021-11-05T00:55:09+00:00,1992-06-19
f8d2cbd7026de1686cd1787c74800bea,VirusShare_00495,injector,8317440,exe,trojan,75.36,2021-11-04T01:31:42+00:00,1992-06-19
f8dc161c00de976ab9c8382f1fa89b0e,VirusShare_00495,injector,16634880,exe,trojan,73.53,2021-11-08T05:15:40+00:00,1992-06-19
f8e9dbb7208d0d4aec4f53053db02c68,VirusShare_00495,injector,9338880,exe,trojan,73.53,2021-11-04T18:05:46+00:00,1992-06-19
f9064035fd6b0276277d70e8de79b306,VirusShare_00495,injector,8317440,exe,trojan,72.46,2021-11-08T05:00:14+00:00,1992-06-19
f93e4af1c41cf60b96d284342874e9d3,VirusShare_00495,injector,9338880,exe,trojan,73.91,2021-11-02T19:39:37+00:00,1992-06-19
f9558837ca453f8f89d1df66b234ad56,VirusShare_00495,injector,16634880,exe,trojan,69.12,2021-11-01T09:39:05+00:00,1992-06-19
f96d00c4360c608fcc0d8c2befb90207,VirusShare_00495,injector,8317440,exe,trojan,72.46,2021-11-01T14:59:26+00:00,1992-06-19
f973c9f4ea2ba93a38c09693601e1e26,VirusShare_00495,injector,18677760,exe,trojan,72.46,2021-11-01T07:15:08+00:00,1992-06-19
f9cfdce60c77e6a0a4e96ecb08ad9f23,VirusShare_00495,injector,16634880,exe,trojan,71.43,2021-11-05T19:39:43+00:00,1992-06-19
f9e9a930f8462525ecb532652a5c5bc5,VirusShare_00495,injector,8317440,exe,trojan,75.36,2021-11-04T02:19:58+00:00,1992-06-19
fa4015ded1b5c29415626606eee23340,VirusShare_00495,injector,16634880,exe,trojan,72.06,2021-11-01T02:26:54+00:00,1992-06-19
fa5655fb0a099a3c2e0e3e5ae62545b6,VirusShare_00495,injector,8317440,exe,trojan,75.0,2021-11-07T19:56:55+00:00,1992-06-19
fa58b1292a3d9b196800bff124ef5f9d,VirusShare_00495,injector,16633856,exe,trojan,72.46,2021-11-02T22:24:29+00:00,1992-06-19
fa76b3f1f021c4719c6ded3a60e88333,VirusShare_00495,injector,16634880,exe,trojan,72.46,2021-11-08T16:53:35+00:00,1992-06-19
fa8659bf8198fd05540d042f2871b30d,VirusShare_00495,injector,16634880,exe,trojan,79.41,2021-11-09T15:05:31+00:00,1992-06-19
fa9d07705b9bba5cabe685c6733677ac,VirusShare_00495,injector,16633856,exe,trojan,64.06,2021-10-31T20:29:15+00:00,1992-06-19
faaebfc7cf7299b10c5232c3bc8ca4fc,VirusShare_00495,injector,8317440,exe,trojan,71.43,2021-11-03T05:54:29+00:00,1992-06-19
fabdea941847dcb70f253bf457e46cf7,VirusShare_00495,injector,16634880,exe,trojan,73.91,2021-11-05T12:35:20+00:00,1992-06-19
fb486ff6767bba4ead9a7c427ca30540,VirusShare_00495,injector,9338880,exe,trojan,72.73,2021-11-03T01:44:31+00:00,1992-06-19
fb5b72897325af01ec2ff327db5504bb,VirusShare_00495,injector,8317440,exe,trojan,75.36,2021-11-03T09:47:26+00:00,1992-06-19
fba48c1a569e9a0a0c9dbe2b13eda6ee,VirusShare_00495,injector,8317440,exe,trojan,67.44,2021-11-08T06:04:29+00:00,1992-06-19
fbb9b91605932993f8519ca27d064b78,VirusShare_00495,injector,14237696,exe,trojan,69.12,2021-11-05T08:28:24+00:00,1992-06-19
fbf50d9c5310610a8847644630722556,VirusShare_00495,injector,8093696,exe,trojan,72.46,2021-11-08T03:24:24+00:00,1992-06-19
fbf90cdfc4b06cefc5784a2c073e1a35,VirusShare_00495,injector,8317440,exe,trojan,73.91,2021-11-07T23:12:09+00:00,1992-06-19
fbfcc20dcd5ad5085718f3bfdf1547c2,VirusShare_00495,injector,16634880,exe,trojan,73.91,2021-11-06T03:13:04+00:00,1992-06-19
fc1b6423f8a6d6fe17d827dfe340097f,VirusShare_00495,injector,16633856,exe,trojan,73.53,2021-11-04T15:13:23+00:00,1992-06-19
fc25bc709b5cd8956c40ac93f195f162,VirusShare_00495,injector,18677760,exe,trojan,72.46,2021-11-03T11:47:38+00:00,1992-06-19
fc25c7a590633faa199d8accc321c1e4,VirusShare_00495,injector,8317440,exe,trojan,75.36,2021-11-02T23:57:06+00:00,1992-06-19
fc64072ab66d22a9564f65638c4d3903,VirusShare_00495,injector,9338880,exe,trojan,75.0,2021-11-03T15:14:57+00:00,1992-06-19
fc67cb858f173f66dac6c34fcef1a8b6,VirusShare_00495,injector,9338880,exe,trojan,71.01,2021-11-06T22:49:29+00:00,1992-06-19
fc837526e72daf8b9671d093cafb6f52,VirusShare_00495,injector,8317440,exe,trojan,76.47,2021-11-04T21:46:56+00:00,1992-06-19
fc89e702570b16dfed7187310995d792,VirusShare_00495,injector,12550144,exe,trojan,70.59,2021-10-30T11:25:43+00:00,1992-06-19
fca2259b6711ec4901c47d997f51f234,VirusShare_00495,injector,8317440,exe,trojan,75.36,2021-11-07T02:41:25+00:00,1992-06-19
fd1dc4cb13a795fe79366baeb93a0494,VirusShare_00495,injector,9338880,exe,trojan,71.01,2021-11-04T08:02:23+00:00,1992-06-19
fd4d6903c1d230f2728afdc42319027f,VirusShare_00495,injector,8316928,exe,trojan,69.7,2021-11-08T04:24:11+00:00,1992-06-19
fd4ecd921d96e2a83bca08f0a209a1e9,VirusShare_00495,injector,16634880,exe,trojan,73.53,2021-11-03T19:42:01+00:00,1992-06-19
fd6eddbac6905010f9551b74d4ca641b,VirusShare_00495,injector,18677760,exe,trojan,73.91,2021-11-04T10:07:43+00:00,1992-06-19
fdd37cb81b17dd432024b6265781d5c0,VirusShare_00495,injector,16634880,exe,trojan,73.53,2021-11-03T15:27:41+00:00,1992-06-19
fe3ea743805af32465a9390ee0e4d73e,VirusShare_00495,injector,8317440,exe,trojan,71.64,2021-11-07T12:30:26+00:00,1992-06-19
fe50bf4f3babd986e5b466afec8209b8,VirusShare_00495,injector,9338880,exe,trojan,76.81,2021-11-01T10:43:34+00:00,1992-06-19
fe6c02bc82f6597941aeac367988725a,VirusShare_00495,injector,18677760,exe,trojan,71.01,2021-11-02T22:50:25+00:00,1992-06-19
fe6db04ed2f0f9fe37b3985eb42c4a30,VirusShare_00495,injector,8317440,exe,trojan,73.13,2021-11-03T02:20:25+00:00,1992-06-19
fe7c0bb30a78a5eb9a97bd78fa875a14,VirusShare_00495,injector,8317440,exe,trojan,73.13,2021-11-08T13:57:32+00:00,1992-06-19
fe8120f583248ea76aa351e3981fb723,VirusShare_00495,injector,9338880,exe,trojan,72.06,2021-11-05T12:00:22+00:00,1992-06-19
ff07d8078cfba7e052d50c5d84a3d896,VirusShare_00495,injector,8317440,exe,trojan,65.22,2021-11-07T02:58:33+00:00,1992-06-19
ff34e6e987d17f3cbfa8da7d797ced03,VirusShare_00495,injector,9338880,exe,trojan,70.18,2021-11-01T01:10:45+00:00,1992-06-19
fff776c91c0d838e0541be36f93033c7,VirusShare_00495,injector,8317440,exe,trojan,76.12,2021-11-08T04:22:14+00:00,1992-06-19
fff82cbe1d33839ea448e6fad67e0e72,VirusShare_00495,injector,9338880,exe,trojan,71.21,2021-11-04T17:50:35+00:00,1992-06-19
ffff49524f0c5a5a2501676b67cf37b1,VirusShare_00495,injector,16634880,exe,trojan,73.91,2021-11-05T07:10:24+00:00,1992-06-19
00e363d02b18da2820ace880d0e9b953,VirusShare_00499,injector,8317440,exe,trojan,72.73,2021-11-13T18:18:55+00:00,1992-06-19
0173953a2d9887d3c596e547427e1fe9,VirusShare_00499,injector,11960320,exe,trojan,58.06,2021-11-09T13:13:08+00:00,1992-06-19
01c3c6ac20cb3cb1c727754dccf16f4a,VirusShare_00499,injector,8317440,exe,trojan,70.15,2021-11-09T15:10:29+00:00,1992-06-19
01eb58a5560e86cd1a4981206aa34a00,VirusShare_00499,injector,8317440,exe,trojan,72.46,2021-11-09T21:13:34+00:00,1992-06-19
0415a204633d92a168023d2fb69e1777,VirusShare_00499,injector,8459776,exe,trojan,66.18,2021-11-08T21:18:42+00:00,1992-06-19
045ed72299a107522e035e3e7d7d9c96,VirusShare_00499,injector,8317440,exe,trojan,74.63,2021-11-08T22:33:43+00:00,1992-06-19
07570c33e9c70553ec1d63bab5c5bfe2,VirusShare_00499,injector,18677760,exe,trojan,73.85,2021-11-10T14:26:25+00:00,1992-06-19
079069fa163c53b70bb9df7d586558fe,VirusShare_00499,injector,8316928,exe,trojan,75.0,2021-11-10T15:24:03+00:00,1992-06-19
07f43fb6a35f4cc053be8fae977d35ce,VirusShare_00499,injector,16187392,exe,trojan,67.65,2021-11-11T14:42:35+00:00,1992-06-19
08b86cfb92fca2e3745493d3325b04d2,VirusShare_00499,injector,8317440,exe,trojan,72.06,2021-11-08T22:11:55+00:00,1992-06-19
0a1a8f8f3444115cdf26fb7d400b917f,VirusShare_00499,injector,18677760,exe,trojan,71.01,2021-11-09T15:35:23+00:00,1992-06-19
0a2a0b1d011db5ebdd27a99fa908f403,VirusShare_00499,injector,16634880,exe,trojan,69.23,2021-11-12T11:48:14+00:00,1992-06-19
0aa7e57c053a21dacd4d21084a15e2ff,VirusShare_00499,injector,16634880,exe,trojan,72.06,2021-11-11T11:46:41+00:00,1992-06-19
0ade8d9e6303e80d1311d5c3006bd472,VirusShare_00499,injector,8317440,exe,trojan,69.12,2021-11-09T06:16:11+00:00,1992-06-19
0c7c348259a12fdef6cc0469f5c2b41d,VirusShare_00499,injector,9338880,exe,trojan,73.53,2021-11-09T04:13:08+00:00,1992-06-19
0cddc18f04f3f04787798998c6e0c864,VirusShare_00499,injector,9338880,exe,trojan,72.06,2021-11-10T22:28:25+00:00,1992-06-19
0cf02b7797adfa78ca78359ad6db721b,VirusShare_00499,injector,8317440,exe,trojan,71.64,2021-11-14T09:47:56+00:00,1992-06-19
0d1b3701812014d8a4b4c703bfa1bcd8,VirusShare_00499,injector,16633856,exe,trojan,73.53,2021-11-07T19:41:04+00:00,1992-06-19
0d91fc39c15eb85bb6b1004d1baad8f6,VirusShare_00499,injector,9338880,exe,trojan,72.46,2021-11-08T19:20:42+00:00,1992-06-19
0e2f0dc2079e6484e6e1893957a82c16,VirusShare_00499,injector,9338880,exe,trojan,70.15,2021-11-14T05:55:48+00:00,1992-06-19
0e93ab11f34d26139c94c3ab613e2cde,VirusShare_00499,injector,16634880,exe,trojan,72.06,2021-11-14T17:08:00+00:00,1992-06-19
10280adf479417cfe626762bc079d4cd,VirusShare_00499,injector,16187392,exe,trojan,62.07,2021-11-12T06:46:20+00:00,1992-06-19
12a660140f3cb9516df4ff77c75df896,VirusShare_00499,injector,8777145,exe,trojan,69.12,2021-11-10T03:40:43+00:00,1992-06-19
15124d27eed39e4e506c30b041023f64,VirusShare_00499,injector,16634880,exe,trojan,69.12,2021-11-14T12:31:48+00:00,1992-06-19
15f503847b34c8c2db2266d6fa6721cd,VirusShare_00499,injector,16634880,exe,trojan,74.63,2021-11-11T09:12:56+00:00,1992-06-19
163323cb0b883c59e987f42ccc1a2ba0,VirusShare_00499,injector,8316928,exe,trojan,76.47,2021-11-10T22:31:21+00:00,1992-06-19
16f058e007faba994359ee9b2820a232,VirusShare_00499,injector,18677760,exe,trojan,67.65,2021-11-09T19:19:33+00:00,1992-06-19
1734238ea4dd15e3cc2490e10d7f4c0e,VirusShare_00499,injector,16634880,exe,trojan,73.53,2021-11-12T22:35:07+00:00,1992-06-19
1794904d6d020646e84d92e44f20d765,VirusShare_00499,injector,11272192,exe,trojan,66.18,2021-11-10T07:27:13+00:00,1992-06-19
1891965fb8a11fd83ef6ff8cbde2ef21,VirusShare_00499,injector,8093696,exe,trojan,76.47,2021-11-09T08:53:29+00:00,1992-06-19
1a3c901eca807c5b55144ae433a2bc4a,VirusShare_00499,injector,16634880,exe,trojan,68.66,2021-11-10T02:49:07+00:00,1992-06-19
1a4176fe84d54d60d3415bfdc782450f,VirusShare_00499,injector,8317440,exe,trojan,80.88,2021-11-15T13:39:48+00:00,1992-06-19
1a6f0495c715527525d23e25233d88ed,VirusShare_00499,injector,16187392,exe,trojan,68.66,2021-11-09T02:58:11+00:00,1992-06-19
1ace2f6977e7cf8ffd0534863e0cd4ce,VirusShare_00499,injector,8317440,exe,trojan,70.77,2021-11-08T18:11:51+00:00,1992-06-19
1d4d6087b5ef96dfa85ca0baf3944492,VirusShare_00499,injector,16633856,exe,trojan,73.02,2021-11-10T08:55:20+00:00,1992-06-19
1df0d6027c93ca0b018eec7cdb01ec16,VirusShare_00499,injector,12550144,exe,trojan,67.65,2021-11-12T11:47:45+00:00,1992-06-19
1e3dc990b076d3be9a785653abaa68fd,VirusShare_00499,injector,8093696,exe,trojan,72.46,2021-11-09T22:39:26+00:00,1992-06-19
1efb2228e95b7743994dadfb2454e795,VirusShare_00499,injector,4395008,exe,trojan,72.46,2021-11-08T18:36:08+00:00,1992-06-19
1f475c17deda25d64440e55e4f1eeb62,VirusShare_00499,injector,9338880,exe,trojan,73.13,2021-11-10T17:17:16+00:00,1992-06-19
2040c722a54c73cc1bf021b1d5d9c20f,VirusShare_00499,injector,16634880,exe,trojan,72.06,2021-11-09T04:50:17+00:00,1992-06-19
2064ff217542f58ec55295305340a538,VirusShare_00499,injector,8317440,exe,trojan,73.44,2021-11-11T10:21:28+00:00,1992-06-19
20f33ca0cd37a584f40c098dac4adc16,VirusShare_00499,injector,18087936,exe,trojan,69.12,2021-11-08T19:22:05+00:00,1992-06-19
214e84c4c706fd002c119c93e35ab44c,VirusShare_00499,injector,16634880,exe,trojan,69.7,2021-11-07T06:11:28+00:00,1992-06-19
21c5dfb407db15bbda13dd8d1254e282,VirusShare_00499,injector,18677760,exe,trojan,73.91,2021-11-08T21:04:57+00:00,1992-06-19
235c3c5d8874c8c4e6d716fcf8f910ca,VirusShare_00499,injector,16634880,exe,trojan,71.64,2021-11-10T23:47:29+00:00,1992-06-19
23f017286a9d751b72c71c3c681322b4,VirusShare_00499,injector,8317440,exe,trojan,82.09,2021-11-15T11:22:00+00:00,1992-06-19
25aaab6a8a84f986773950968e44c677,VirusShare_00499,injector,18677760,exe,trojan,61.76,2021-11-09T06:32:22+00:00,1992-06-19
25de2ec0d287a8c627d09297b0790956,VirusShare_00499,injector,16634880,exe,trojan,70.15,2021-11-14T05:00:17+00:00,1992-06-19
26518f642f77fdd5610a735ca4fefe8f,VirusShare_00499,injector,9338880,exe,trojan,71.01,2021-11-10T02:30:36+00:00,1992-06-19
2662afe5c38aeb7e5fe9da23e9415512,VirusShare_00499,injector,18677760,exe,trojan,70.15,2021-11-10T12:56:12+00:00,1992-06-19
270f960e152e1a3ac9494c28ee833a1f,VirusShare_00499,injector,12475392,exe,trojan,72.06,2021-11-08T23:39:45+00:00,1992-06-19
27b88d13dabe1d1526b3f816ac93f156,VirusShare_00499,injector,16633856,exe,trojan,72.06,2021-11-13T19:01:04+00:00,1992-06-19
283e900fddc0d600eaaba30e26827b80,VirusShare_00499,injector,9338880,exe,trojan,69.7,2021-11-12T10:40:34+00:00,1992-06-19
2900f716b594f6c7cb7939d34fe0a20f,VirusShare_00499,injector,9338880,exe,trojan,70.59,2021-11-09T05:07:02+00:00,1992-06-19
29453d5addd57924eb1f4fffe755a974,VirusShare_00499,injector,16633856,exe,trojan,73.91,2021-11-09T09:47:39+00:00,1992-06-19
2968fcc8f8c34971cd380ed80f80e16d,VirusShare_00499,injector,18677760,exe,trojan,69.7,2021-11-09T13:06:12+00:00,1992-06-19
2ac5c5eaf090639123cda15a76ae8adb,VirusShare_00499,injector,16634880,exe,trojan,71.01,2021-11-09T15:57:35+00:00,1992-06-19
2b552dfb91062f09ad2fd8faae97963a,VirusShare_00499,injector,18677760,exe,trojan,71.64,2021-11-10T09:21:30+00:00,1992-06-19
2b6ee5b48acd413b985e2a58782763e6,VirusShare_00499,injector,12222464,exe,trojan,72.73,2021-11-10T13:20:47+00:00,1992-06-19
2b722d9c913f138412533596b886d5f7,VirusShare_00499,injector,8316928,exe,trojan,73.91,2021-11-08T20:22:43+00:00,1992-06-19
2c90c2e312dd32de642bf217f542aed7,VirusShare_00499,injector,8317440,exe,trojan,72.73,2021-11-10T08:46:11+00:00,1992-06-19
2d8f5692796b394b00ad590d7594a6c3,VirusShare_00499,injector,8316928,exe,trojan,73.53,2021-11-09T08:37:23+00:00,1992-06-19
2dc9280c1ff3bd72cdf3412a9b759738,VirusShare_00499,injector,18677760,exe,trojan,72.73,2021-11-10T15:22:12+00:00,1992-06-19
2ed10f0bcfa434553ea8f931833587bd,VirusShare_00499,injector,12222464,exe,trojan,71.01,2021-11-09T17:08:46+00:00,1992-06-19
2fabbea67374677114a79719709b9109,VirusShare_00499,injector,8317440,exe,trojan,75.36,2021-11-08T19:49:39+00:00,1992-06-19
308fb1a0dc5fe568bee7e3b9385d34da,VirusShare_00499,injector,12475392,exe,trojan,71.21,2021-11-12T04:08:23+00:00,1992-06-19
30fbbb6afe29fffdf3ed9889c5307eb8,VirusShare_00499,injector,5455872,exe,trojan,72.46,2021-11-09T21:29:03+00:00,1992-06-19
31c4a379836a63dfaebaac67f88b5fc5,VirusShare_00499,injector,18677760,exe,trojan,68.75,2021-11-09T05:16:46+00:00,1992-06-19
3254afb995632f7ad5e5aeba37154435,VirusShare_00499,injector,16634880,exe,trojan,70.15,2021-11-09T04:40:21+00:00,1992-06-19
32e9d95b0393b4d6db239a8b20931baf,VirusShare_00499,injector,12475392,exe,trojan,82.09,2021-11-12T16:41:44+00:00,1992-06-19
32f7ad4a793fdcda4045563c3a9e125f,VirusShare_00499,injector,9338880,exe,trojan,71.64,2021-11-09T01:20:26+00:00,1992-06-19
3304eabee85bbc3659f921dd500ec0a5,VirusShare_00499,injector,8317440,exe,trojan,73.13,2021-11-10T11:57:06+00:00,1992-06-19
3324ce535c3fabdbfcce1d48c3aff9f9,VirusShare_00499,injector,16634880,exe,trojan,73.13,2021-11-11T08:01:03+00:00,1992-06-19
35a6e2feb6dcbec9a99a6f415415e648,VirusShare_00499,injector,16634880,exe,trojan,72.46,2021-11-09T20:20:34+00:00,1992-06-19
35eedc012a374666d3fda814aa716173,VirusShare_00499,injector,9338880,exe,trojan,71.01,2021-11-09T16:54:16+00:00,1992-06-19
369f50178c5286c789f145358f491cf3,VirusShare_00499,injector,1198080,exe,trojan,73.13,2021-11-12T17:25:47+00:00,1992-06-19
37919d26d32584b8b33f42d03defd7bc,VirusShare_00499,injector,8317440,exe,trojan,73.53,2021-11-10T16:37:12+00:00,1992-06-19
38b53908b0857a9741a5cf470fe606ec,VirusShare_00499,injector,16634880,exe,trojan,73.13,2021-11-10T16:23:18+00:00,1992-06-19
398f1cdb20d5d37031d385a0ddd7555a,VirusShare_00499,injector,16634880,exe,trojan,68.75,2021-11-10T01:03:44+00:00,1992-06-19
39f08a9d77b85628230bb980f8d5c68d,VirusShare_00499,injector,18677760,exe,trojan,68.18,2021-11-11T10:43:09+00:00,1992-06-19
3b7b1d8e795b7c1d8a2bfbeff20befe1,VirusShare_00499,injector,12475392,exe,trojan,72.46,2021-11-08T19:50:55+00:00,1992-06-19
3bfe407f8a91b0e2099d210cb6c8cf96,VirusShare_00499,injector,16633856,exe,trojan,73.13,2021-11-08T21:03:54+00:00,1992-06-19
3c857c821383046227b265f139475f08,VirusShare_00499,injector,1390080,exe,trojan,57.35,2021-11-15T14:11:17+00:00,1992-06-19
3cef158166bb13656424fda08b02cfb3,VirusShare_00499,injector,852480,exe,trojan,70.59,2021-11-16T18:20:53+00:00,1992-06-19
3dabbcea8feeb9f786b6e9decd6e26f0,VirusShare_00499,injector,18677760,exe,trojan,72.06,2021-11-14T07:30:12+00:00,1992-06-19
3e19c012a862f3ec9a94599bb771a595,VirusShare_00499,injector,16634880,exe,trojan,71.64,2021-11-13T14:16:31+00:00,1992-06-19
3ec4bc5e67e3dbe02d9c59bf9867d837,VirusShare_00499,injector,16633856,exe,trojan,72.46,2021-11-04T17:14:52+00:00,1992-06-19
3ee4fac638fd0cfa347758bd3e813afe,VirusShare_00499,injector,16634880,exe,trojan,73.13,2021-11-06T22:35:53+00:00,1992-06-19
3f47b1eca0c685d976a6a9af5f87525f,VirusShare_00499,injector,18677760,exe,trojan,70.59,2021-11-10T01:40:01+00:00,1992-06-19
4058fa292721192e57f62b04b325a33a,VirusShare_00499,injector,9338880,exe,trojan,72.06,2021-11-10T00:56:18+00:00,1992-06-19
409d9014e40b4d5432c90119ae6f0f38,VirusShare_00499,injector,9338880,exe,trojan,72.06,2021-11-10T19:11:21+00:00,1992-06-19
41c932c557118bc033d07d5d6b8dc7a3,VirusShare_00499,injector,8317440,exe,trojan,71.01,2021-11-09T07:28:23+00:00,1992-06-19
41ff21aa18a8b7d80692c3aab61c2610,VirusShare_00499,injector,16634880,exe,trojan,72.46,2021-11-09T20:41:51+00:00,1992-06-19
428f21633e557fd8364fe1d5105afd66,VirusShare_00499,injector,9338880,exe,trojan,73.53,2021-11-09T17:08:06+00:00,1992-06-19
42bb4fece220cf09d710f4cb6651aa40,VirusShare_00499,injector,16634880,exe,trojan,67.16,2021-11-12T06:38:34+00:00,1992-06-19
4396b9759ebebbbace14ae95aabcceb4,VirusShare_00499,injector,8317440,exe,trojan,72.06,2021-11-09T14:15:22+00:00,1992-06-19
45aa85cb3b466ba5ef8421f03b965230,VirusShare_00499,injector,16187392,exe,trojan,65.57,2021-11-09T16:37:40+00:00,1992-06-19
45fc6c30445fecc1d4c5cbeb02a31042,VirusShare_00499,injector,18677760,exe,trojan,72.06,2021-11-09T18:38:52+00:00,1992-06-19
47eab271e06d7e2b81c43cbbfce27f25,VirusShare_00499,injector,18677760,exe,trojan,73.91,2021-11-08T22:44:45+00:00,1992-06-19
48064d42c147ba806115902bd32778ee,VirusShare_00499,injector,8317440,exe,trojan,70.59,2021-11-12T09:25:20+00:00,1992-06-19
4838f1a5f884b15bc32175cab9a17285,VirusShare_00499,injector,16634880,exe,trojan,70.77,2021-11-10T02:29:47+00:00,1992-06-19
487db9fdbb8c88f22f8713a9f6abe7a9,VirusShare_00499,injector,9338880,exe,trojan,71.21,2021-11-10T12:32:10+00:00,1992-06-19
4944946215f07853ee7853d27f429e6e,VirusShare_00499,injector,18677760,exe,trojan,72.06,2021-11-09T12:39:45+00:00,1992-06-19
49c221823f498b3e30bafd1859bded37,VirusShare_00499,injector,18677760,exe,trojan,73.53,2021-11-10T23:22:25+00:00,1992-06-19
4ab0d6f254a000ef3e58e8c39702024b,VirusShare_00499,injector,18677760,exe,trojan,72.46,2021-11-06T11:10:29+00:00,1992-06-19
4b8a1457b1a783f8dd4f46dcbae6efe0,VirusShare_00499,injector,16634880,exe,trojan,72.06,2021-11-11T08:15:20+00:00,1992-06-19
4d4ffd0c7268e21c073ef34fd18e4ea2,VirusShare_00499,injector,8093696,exe,trojan,71.64,2021-11-13T22:41:17+00:00,1992-06-19
4e3c761225f4c77627cebc3eb93fac6f,VirusShare_00499,injector,16187392,exe,trojan,67.65,2021-11-09T15:18:20+00:00,1992-06-19
4e6171217a81c8bfdcbe6af38cbebcab,VirusShare_00499,injector,8317440,exe,trojan,72.06,2021-11-09T19:01:56+00:00,1992-06-19
4eb688616d9c908e88323f109b133e47,VirusShare_00499,injector,9338880,exe,trojan,71.93,2021-11-12T11:38:22+00:00,1992-06-19
4ecc63f1d6ff6d08ed041c2bbc0476ac,VirusShare_00499,injector,16633856,exe,trojan,73.13,2021-11-09T13:01:20+00:00,1992-06-19
5028d83fbd62ac5b73e9273afe66d181,VirusShare_00499,injector,24444928,exe,trojan,66.67,2021-11-14T03:25:17+00:00,1992-06-19
50710b5d8b5ac079e3397c9663b2c106,VirusShare_00499,injector,9338880,exe,trojan,63.24,2021-11-10T01:46:00+00:00,1992-06-19
508f71aca320961ae4b265fd1c284e10,VirusShare_00499,injector,16634880,exe,trojan,72.46,2021-11-10T01:48:53+00:00,1992-06-19
50f3e7aa5c6e0e16617c97995c4ca25a,VirusShare_00499,injector,8317440,exe,trojan,75.81,2021-11-08T18:11:55+00:00,1992-06-19
5107d2ef49d7726394d7f4f6df5f99a6,VirusShare_00499,injector,14417920,exe,trojan,72.46,2021-11-06T02:45:55+00:00,1992-06-19
515659b02de9a56366b5c226601f84a7,VirusShare_00499,injector,18677760,exe,trojan,72.06,2021-11-12T23:21:51+00:00,1992-06-19
5258584505cdf885bf2483b32200202a,VirusShare_00499,injector,8317440,exe,trojan,72.46,2021-11-10T01:23:30+00:00,1992-06-19
53aad4f79915b5bfd5d34ed4d4a1bb2b,VirusShare_00499,injector,16634880,exe,trojan,71.01,2021-11-08T20:47:07+00:00,1992-06-19
54001681923716dd8bf10a8701481381,VirusShare_00499,injector,9338880,exe,trojan,70.59,2021-11-10T04:43:06+00:00,1992-06-19
540cbd97b272287f6f07b7ae31353af0,VirusShare_00499,injector,9338880,exe,trojan,82.09,2021-11-16T21:05:53+00:00,1992-06-19
54a7b8f0809e03f670184e5889bc6912,VirusShare_00499,injector,2873856,exe,trojan,35.29,2021-11-14T14:07:47+00:00,1992-06-19
55ad4df3bc7ca1c8e4592f6da5daa7c2,VirusShare_00499,injector,16634880,exe,trojan,69.23,2021-11-09T22:20:04+00:00,1992-06-19
55d6e4d8901718e956888155fd4d096e,VirusShare_00499,injector,9338880,exe,trojan,70.15,2021-11-10T04:02:45+00:00,1992-06-19
56e4d4f776c7a417914ee079fcc94aba,VirusShare_00499,injector,8317440,exe,trojan,71.21,2021-11-12T10:41:31+00:00,1992-06-19
5729330b7d74ec6c28f3aa917f292ad3,VirusShare_00499,injector,16634880,exe,trojan,75.0,2021-11-09T21:15:52+00:00,1992-06-19
5798a9304830fd367ec64ef48ba831df,VirusShare_00499,injector,8317440,exe,trojan,71.64,2021-11-13T04:57:13+00:00,1992-06-19
589b754a66b7f788250745b92425debb,VirusShare_00499,injector,8317440,exe,trojan,73.13,2021-11-10T04:18:48+00:00,1992-06-19
58fb4b9e570e91d672bb3d6aa236fd8e,VirusShare_00499,injector,16634880,exe,trojan,70.59,2021-11-09T10:29:39+00:00,1992-06-19
5a08e78aa27fcd919df62b4cebb1c186,VirusShare_00499,injector,9633792,exe,trojan,77.61,2021-11-13T11:39:36+00:00,1992-06-19
5a278de16bc2e5fee910b4d1ebbf760a,VirusShare_00499,injector,18677760,exe,trojan,70.59,2021-11-08T18:57:47+00:00,1992-06-19
5a92b921a07800253d765daf0794ce3a,VirusShare_00499,injector,16634880,exe,trojan,72.06,2021-11-09T09:06:23+00:00,1992-06-19
5ae02a3299338ac972f98a61d507de2d,VirusShare_00499,injector,16634880,exe,trojan,70.59,2021-11-09T19:08:00+00:00,1992-06-19
5b2f1f3ce51f50eca0b62c7fce93385e,VirusShare_00499,injector,9338880,exe,trojan,71.21,2021-11-09T11:36:27+00:00,1992-06-19
5ba9a350fd6dd7910ce80737d30a0330,VirusShare_00499,injector,16634880,exe,trojan,71.64,2021-11-06T16:20:23+00:00,1992-06-19
5cf55140836e86d5375c1b2365c5154a,VirusShare_00499,injector,12222464,exe,trojan,69.57,2021-11-09T16:42:26+00:00,1992-06-19
62bef66b922d76ae4e8f20a06f494706,VirusShare_00499,injector,9338880,exe,trojan,73.13,2021-11-10T18:46:08+00:00,1992-06-19
636034a58cf33405bd78ef1ced106102,VirusShare_00499,injector,9338880,exe,trojan,69.7,2021-11-12T04:32:08+00:00,1992-06-19
63b4374d1a6f6f2ad8f970b221e77cab,VirusShare_00499,injector,8317440,exe,trojan,82.09,2021-11-15T10:52:27+00:00,1992-06-19
651a43eff307a7540f5b923d9a8bf710,VirusShare_00499,injector,8317440,exe,trojan,71.64,2021-11-10T10:01:49+00:00,1992-06-19
6711084384890661960d8127b068c4a3,VirusShare_00499,injector,16634880,exe,trojan,69.12,2021-11-12T19:25:47+00:00,1992-06-19
67b8df71d4d7552c051569c36588d56e,VirusShare_00499,injector,9338880,exe,trojan,73.13,2021-11-11T16:05:19+00:00,1992-06-19
688f8e6a1f548ccb1e8019d07dc4e25a,VirusShare_00499,injector,8317440,exe,trojan,72.06,2021-11-09T14:28:03+00:00,1992-06-19
694ee962fee4edffd22f2ab5ca7c45bb,VirusShare_00499,injector,16634880,exe,trojan,69.23,2021-11-08T21:03:52+00:00,1992-06-19
69ea1304b9c9fadc797ba6419e8ba1cb,VirusShare_00499,injector,2079232,exe,trojan,72.06,2021-11-12T21:22:30+00:00,1992-06-19
6a769d64de8242b184d0095443da66cc,VirusShare_00499,injector,8317440,exe,trojan,73.53,2021-11-09T21:16:35+00:00,1992-06-19
6b229d20c453cfa28c62ecb6d0e2db59,VirusShare_00499,injector,8317440,exe,trojan,74.24,2021-11-10T11:52:05+00:00,1992-06-19
6b4428fa430dfef0f8aa030b6bc5a26a,VirusShare_00499,injector,16634880,exe,trojan,83.82,2021-11-16T00:47:35+00:00,1992-06-19
6b4c6b9a66280202258d41260e32e949,VirusShare_00499,injector,9338880,exe,trojan,73.13,2021-11-11T01:59:36+00:00,1992-06-19
6c1c2eaf88ccd6349b7b34c44c53a09d,VirusShare_00499,injector,8317440,exe,trojan,72.06,2021-11-09T03:31:59+00:00,1992-06-19
6c7ec0491738e9ebf905a66dec7ad9ab,VirusShare_00499,injector,18677760,exe,trojan,70.77,2021-11-09T08:51:36+00:00,1992-06-19
6d02a427070dca108d397085e763c885,VirusShare_00499,injector,18677760,exe,trojan,72.73,2021-11-11T10:28:23+00:00,1992-06-19
6d2d473ea0185e5cd612a8ab2bfbfb06,VirusShare_00499,injector,8317440,exe,trojan,73.53,2021-11-09T02:55:52+00:00,1992-06-19
6e772f77f40c3194b9a280fef1c0c1c4,VirusShare_00499,injector,16634880,exe,trojan,72.06,2021-11-14T01:01:45+00:00,1992-06-19
6e9360b6e0d70716e1c85d14666826f3,VirusShare_00499,injector,18677760,exe,trojan,73.53,2021-11-09T04:30:34+00:00,1992-06-19
6ea50375e322f185816307feffad573c,VirusShare_00499,injector,16634880,exe,trojan,72.46,2021-11-09T18:22:02+00:00,1992-06-19
6ebc77da228a2efd9db216e54db61229,VirusShare_00499,injector,9338880,exe,trojan,71.01,2021-11-09T15:36:44+00:00,1992-06-19
70331845230665935cf86867a12c6afe,VirusShare_00499,injector,8317440,exe,trojan,72.06,2021-11-12T19:43:29+00:00,1992-06-19
708433f808c19982987165a2264ad550,VirusShare_00499,injector,16634880,exe,trojan,73.13,2021-11-08T20:05:41+00:00,1992-06-19
709a701ccc040d80fc66c1d451d812cc,VirusShare_00499,injector,16634880,exe,trojan,79.1,2021-11-15T09:31:23+00:00,1992-06-19
70a60f2f36d433410a90c84955437b2f,VirusShare_00499,injector,8316928,exe,trojan,75.0,2021-11-10T20:16:49+00:00,1992-06-19
72209a5f82595514d5cc73e909eeb7d7,VirusShare_00499,injector,16634880,exe,trojan,79.37,2021-11-15T10:06:01+00:00,1992-06-19
729379fdf127a41750564ddca6682ea1,VirusShare_00499,injector,8317440,exe,trojan,82.09,2021-11-16T00:22:01+00:00,1992-06-19
767ade9cb3d94acc97c058908e27c5dd,VirusShare_00499,injector,8317440,exe,trojan,71.43,2021-11-09T23:54:40+00:00,1992-06-19
768a2b43d93cd31dde10efbfa5a04812,VirusShare_00499,injector,16633856,exe,trojan,83.82,2021-11-10T16:05:04+00:00,1992-06-19
76cbc7245a0de167235b1d1f0b41ac25,VirusShare_00499,injector,18677760,exe,trojan,67.65,2021-11-11T17:44:07+00:00,1992-06-19
789803a266efa35c1db0c9b1a30f3fbc,VirusShare_00499,injector,8388608,exe,trojan,69.12,2021-11-09T14:14:15+00:00,1992-06-19
78c72e114d98933becba9e6f0d75594d,VirusShare_00499,injector,8316928,exe,trojan,76.47,2021-11-10T11:58:13+00:00,1992-06-19
78f6579bb5303441c11b4979c1c37b06,VirusShare_00499,injector,16634880,exe,trojan,72.46,2021-11-09T17:22:45+00:00,1992-06-19
79dcf93cc2a2a3547dab27c1ba2295f3,VirusShare_00499,injector,18677760,exe,trojan,70.59,2021-11-14T11:41:22+00:00,1992-06-19
7ab15bfed70b076d721e282247e16498,VirusShare_00499,injector,1198080,exe,trojan,74.24,2021-11-12T07:11:19+00:00,1992-06-19
7b52f8080977b592a01090025b3a27b7,VirusShare_00499,injector,18677760,exe,trojan,72.46,2021-11-09T00:38:38+00:00,1992-06-19
7d74b2b74ef725f3b7ca91e59553eb1c,VirusShare_00499,injector,16633856,exe,trojan,73.53,2021-11-11T04:28:28+00:00,1992-06-19
7eb6914427ccd2ee024e3d73d22a24a9,VirusShare_00499,injector,9338880,exe,trojan,69.23,2021-11-12T12:06:40+00:00,1992-06-19
7f86b14c03183a64ca670348ada3d9e0,VirusShare_00499,injector,8317440,exe,trojan,73.53,2021-11-09T13:10:25+00:00,1992-06-19
7fbf89b0b36ae33fa81b57275cbc93f0,VirusShare_00499,injector,18677760,exe,trojan,69.12,2021-11-11T13:28:52+00:00,1992-06-19
800909cb450b4ccbc3bc2469948c60bc,VirusShare_00499,injector,16187392,exe,trojan,67.65,2021-11-09T19:35:31+00:00,1992-06-19
8081aaaf70fa72bccdb3101c0a49a925,VirusShare_00499,injector,9338880,exe,trojan,72.06,2021-11-10T22:13:23+00:00,1992-06-19
81c88d86af39bde1040bfedec22b7365,VirusShare_00499,injector,9338880,exe,trojan,70.59,2021-11-10T03:18:40+00:00,1992-06-19
820632f126c901fce23b30fddccb5dd6,VirusShare_00499,injector,16634880,exe,trojan,82.09,2021-11-15T10:48:38+00:00,1992-06-19
821286a274fe8f741173a940244db3a1,VirusShare_00499,injector,16634880,exe,trojan,80.88,2021-11-15T13:57:26+00:00,1992-06-19
8221a52564181bef2120f26bb1cb5668,VirusShare_00499,injector,16634880,exe,trojan,71.21,2021-11-10T12:11:15+00:00,1992-06-19
8227e7ccd20cb962470c3f98b838978e,VirusShare_00499,injector,8316928,exe,trojan,76.12,2021-11-12T10:15:08+00:00,1992-06-19
82e2f287240d7531729c8654b1a41809,VirusShare_00499,injector,16634880,exe,trojan,72.46,2021-11-09T16:03:41+00:00,1992-06-19
83705f2137b8fe36c9a941a4f0d03a38,VirusShare_00499,injector,18677760,exe,trojan,68.33,2021-11-08T19:25:53+00:00,1992-06-19
84aaa2cca4313171676547cc578dcc55,VirusShare_00499,injector,16634880,exe,trojan,77.27,2021-11-15T11:32:32+00:00,1992-06-19
851cc57bc9973c3d522307d82b3fd6fa,VirusShare_00499,injector,9928704,exe,trojan,71.01,2021-11-04T05:42:17+00:00,1992-06-19
8608246b1cfefc78b13392d8fe9d7e00,VirusShare_00499,injector,12475392,exe,trojan,72.46,2021-11-06T05:51:04+00:00,1992-06-19
86495b9d3c3bab05971a382b3746b9e1,VirusShare_00499,injector,8317440,exe,trojan,73.91,2021-11-09T22:44:02+00:00,1992-06-19
86ef9f3ca6eeef9e3931769a1ac8da94,VirusShare_00499,injector,12475392,exe,trojan,68.52,2021-11-11T08:36:38+00:00,1992-06-19
871d5c13dbc2ffea007c5f7db02bd2c0,VirusShare_00499,injector,8316928,exe,trojan,76.47,2021-11-09T16:12:11+00:00,1992-06-19
8727bd0b623a4960346753f1d73f447e,VirusShare_00499,injector,8317440,exe,trojan,72.06,2021-11-13T03:35:54+00:00,1992-06-19
875c1726384ae688578a1189cfc7f32c,VirusShare_00499,injector,18677760,exe,trojan,67.65,2021-11-12T17:33:31+00:00,1992-06-19
877bb211690c6e75a9d813a9c8019557,VirusShare_00499,injector,16634880,exe,trojan,72.06,2021-11-06T05:05:08+00:00,1992-06-19
88fd3be8cf5a9821c0337bf995c38e3b,VirusShare_00499,injector,9338880,exe,trojan,72.46,2021-11-08T23:33:56+00:00,1992-06-19
8912651dbf4fc5d4cbf45d69462bbe24,VirusShare_00499,injector,18677760,exe,trojan,72.06,2021-11-10T10:14:52+00:00,1992-06-19
8b5fed6203ec0bcf42bc7af632ff681e,VirusShare_00499,injector,8317440,exe,trojan,70.97,2021-11-08T21:17:52+00:00,1992-06-19
8b677c49ed38e6ce0690f2efc64588d6,VirusShare_00499,injector,2396160,exe,trojan,73.53,2021-11-12T17:19:44+00:00,1992-06-19
8ba040f666ce416b83344fc71b59b780,VirusShare_00499,injector,9338880,exe,trojan,72.06,2021-11-08T22:31:54+00:00,1992-06-19
8bd4252acaa4020cdf83c19eb9018f62,VirusShare_00499,injector,16634880,exe,trojan,73.13,2021-11-10T13:55:24+00:00,1992-06-19
8cca5a2f6333aaadfcb91842b11b105b,VirusShare_00499,injector,8317440,exe,trojan,73.53,2021-11-09T08:37:17+00:00,1992-06-19
8ccd532e1c58d53f6bd70d3e29bb2063,VirusShare_00499,injector,8316928,exe,trojan,72.46,2021-11-08T18:25:45+00:00,1992-06-19
8d91183e273036831401c6e83041c784,VirusShare_00499,injector,18677760,exe,trojan,68.66,2021-11-11T03:46:35+00:00,1992-06-19
8e2b1ec6b7370231808bb917dd4523c3,VirusShare_00499,injector,9732096,exe,trojan,70.15,2021-11-09T15:55:22+00:00,1992-06-19
8e99b11c512fb5e3aa1d4b8be6508051,VirusShare_00499,injector,9338880,exe,trojan,71.01,2021-11-09T20:29:48+00:00,1992-06-19
8f7b7b9476764bab99522a50dc0c8453,VirusShare_00499,injector,8317440,exe,trojan,67.21,2021-11-10T06:03:42+00:00,1992-06-19
8fc3fb5bbf16ede6720c89eb1ca21dfc,VirusShare_00499,injector,2079232,exe,trojan,73.91,2021-11-08T19:25:07+00:00,1992-06-19
9002c93033e68ae785e857b7c7b1b54c,VirusShare_00499,injector,16633856,exe,trojan,73.91,2021-11-09T23:57:54+00:00,1992-06-19
903623685e2d70f0e7a0112cfe6b3398,VirusShare_00499,injector,13041664,exe,trojan,72.06,2021-11-09T05:47:22+00:00,1992-06-19
91e236841aab8d1c732c3b52408ba539,VirusShare_00499,injector,9338880,exe,trojan,72.06,2021-11-08T19:24:53+00:00,1992-06-19
91fee3f68bbba0ef6c91c0d3b130f2c3,VirusShare_00499,injector,16634880,exe,trojan,73.13,2021-11-10T16:01:57+00:00,1992-06-19
92389eb6b15d32c02b6e553d7ad78e64,VirusShare_00499,injector,16634880,exe,trojan,71.01,2021-11-09T13:32:07+00:00,1992-06-19
928032bb70ef3bc354bd94e960757c71,VirusShare_00499,injector,8317440,exe,trojan,73.91,2021-11-08T21:03:51+00:00,1992-06-19
92901bbc84ce172c4a81f8f7eda5a15d,VirusShare_00499,injector,8316928,exe,trojan,73.91,2021-11-09T21:13:33+00:00,1992-06-19
930d5ca8e027baf5873f8c8b04c80f9c,VirusShare_00499,injector,16634880,exe,trojan,70.59,2021-11-09T09:04:13+00:00,1992-06-19
93b9422effde5d091f9813715cc92cc1,VirusShare_00499,injector,16634880,exe,trojan,72.46,2021-11-09T23:55:56+00:00,1992-06-19
93c092c0b30fd2bad3a38a2676933e68,VirusShare_00499,injector,16633856,exe,trojan,70.59,2021-11-05T01:25:07+00:00,1992-06-19
9422cfa66ed29dfec5cfd8f10d35d471,VirusShare_00499,injector,9338880,exe,trojan,70.59,2021-11-09T13:07:26+00:00,1992-06-19
94996d337b560b1bfc7d7445f05f1f86,VirusShare_00499,injector,8317440,exe,trojan,70.59,2021-11-11T17:39:49+00:00,1992-06-19
94f4e4250783b4fcf5a2299455e0f513,VirusShare_00499,injector,12222464,exe,trojan,66.67,2021-11-10T03:10:07+00:00,1992-06-19
94f7110bb9c7c44f85c99ec606f479a1,VirusShare_00499,injector,14237696,exe,trojan,69.23,2021-11-10T11:40:12+00:00,1992-06-19
959bf46d13545233456b589d791ffcce,VirusShare_00499,injector,16633856,exe,trojan,74.63,2021-11-11T01:46:37+00:00,1992-06-19
9619e6f97d758b45e3bf59ad80530828,VirusShare_00499,injector,8316928,exe,trojan,75.36,2021-11-09T18:13:20+00:00,1992-06-19
96884e453880e4782d5ca0669224a4a4,VirusShare_00499,injector,16633856,exe,trojan,73.13,2021-11-09T02:59:10+00:00,1992-06-19
9820c801e6cd60f174e3b23991c7eb91,VirusShare_00499,injector,8317440,exe,trojan,72.73,2021-11-10T20:47:16+00:00,1992-06-19
98954a953600823eedaa5143357cf70a,VirusShare_00499,injector,16634880,exe,trojan,70.59,2021-11-09T11:46:50+00:00,1992-06-19
98b406bc61b26512d40acd8189d816c5,VirusShare_00499,injector,8317440,exe,trojan,82.09,2021-11-14T11:12:45+00:00,1992-06-19
99266aa6dc73ac650c1b48d78f51ed9b,VirusShare_00499,injector,16633856,exe,trojan,69.7,2021-11-05T09:59:28+00:00,1992-06-19
999cbf192b33eb38a59cb2582a817a53,VirusShare_00499,injector,9338880,exe,trojan,80.6,2021-11-15T10:54:39+00:00,1992-06-19
9a9d09fdab67a86d58cb4c48eb90069f,VirusShare_00499,injector,8317440,exe,trojan,72.46,2021-11-09T23:53:42+00:00,1992-06-19
9acb402b38d4c6fff350242563886278,VirusShare_00499,injector,8316928,exe,trojan,73.91,2021-11-09T00:50:45+00:00,1992-06-19
9ae6d9be0d8c13e97370656c5a41cba3,VirusShare_00499,injector,9338880,exe,trojan,70.59,2021-11-09T17:30:15+00:00,1992-06-19
9b0f9990748ca2e6e29805b676a10bc9,VirusShare_00499,injector,18677760,exe,trojan,70.59,2021-11-10T03:36:07+00:00,1992-06-19
9b4faadcdabc40c61eadc81cab76c188,VirusShare_00499,injector,18677760,exe,trojan,67.16,2021-11-10T01:28:51+00:00,1992-06-19
9bb13a01c389e1b5ae4102c0ba6f992b,VirusShare_00499,injector,16634880,exe,trojan,73.53,2021-11-10T16:38:54+00:00,1992-06-19
9bb6c27a1bb0d16e67c32076fe8afc45,VirusShare_00499,injector,16634880,exe,trojan,71.21,2021-11-09T05:06:16+00:00,1992-06-19
9cce4d49deccc6cde7e3e43bf3148ad1,VirusShare_00499,injector,8317440,exe,trojan,75.0,2021-11-09T11:36:32+00:00,1992-06-19
9e57a94a597622405a089515b5be0d72,VirusShare_00499,injector,10360320,exe,trojan,79.1,2021-11-15T08:57:36+00:00,1992-06-19
9e9c4ecd285945c7ca4109c1a6507162,VirusShare_00499,injector,16634880,exe,trojan,71.88,2021-11-09T09:27:23+00:00,1992-06-19
9f8eee2b57face0e0ed11b5aa35a655a,VirusShare_00499,injector,16634880,exe,trojan,72.46,2021-11-08T19:03:19+00:00,1992-06-19
a00d6bd53f90a02df800fb0a315b9765,VirusShare_00499,injector,16633856,exe,trojan,74.63,2021-11-10T10:40:08+00:00,1992-06-19
a02438b1f52f4aa3a6f83a371ec187b8,VirusShare_00499,injector,16634880,exe,trojan,72.06,2021-11-11T00:21:22+00:00,1992-06-19
a09d3ec793a10a2e769d854eca92a209,VirusShare_00499,injector,9338880,exe,trojan,68.66,2021-11-08T23:35:45+00:00,1992-06-19
a11d56e142dee911157a1414266174ea,VirusShare_00499,injector,16634880,exe,trojan,71.21,2021-11-10T02:29:45+00:00,1992-06-19
a31b2d0d178e56e10e4ed0a88ea865a5,VirusShare_00499,injector,16634880,exe,trojan,70.59,2021-11-12T11:47:56+00:00,1992-06-19
a3bd8ce2d9002a21f5a9b3bc0489a657,VirusShare_00499,injector,16634880,exe,trojan,71.01,2021-11-09T17:09:17+00:00,1992-06-19
a3c4201d2e10bd83f4da8d22c605f6d1,VirusShare_00499,injector,18677760,exe,trojan,70.15,2021-11-12T04:26:31+00:00,1992-06-19
a48b435774a13ba1426547780ac434b4,VirusShare_00499,injector,18677760,exe,trojan,71.64,2021-11-09T15:36:39+00:00,1992-06-19
a6a1ac994cf07f52c09f76efe608e6ef,VirusShare_00499,injector,8317440,exe,trojan,72.06,2021-11-09T12:49:03+00:00,1992-06-19
a6a8338861aa2a0b76d808c07e8525c1,VirusShare_00499,injector,16633856,exe,trojan,72.06,2021-11-07T03:29:50+00:00,1992-06-19
a71b8d0fb62d1ef9dae7198d18790ddd,VirusShare_00499,injector,8317440,exe,trojan,73.53,2021-11-09T11:04:16+00:00,1992-06-19
a7c484d28ce172ebbde7306162735cc1,VirusShare_00499,injector,1390080,exe,trojan,45.59,2021-11-11T22:05:16+00:00,1992-06-19
a88c9b00b0ea94618eeec17d484f62a0,VirusShare_00499,injector,8317440,exe,trojan,72.13,2021-11-09T23:54:40+00:00,1992-06-19
aa02c65e9b900e765d1af3ae64c4eeea,VirusShare_00499,injector,1198080,exe,trojan,76.47,2021-11-12T16:39:06+00:00,1992-06-19
aaf186d98a3af5a45e1e7ffa12f38cfd,VirusShare_00499,injector,9338880,exe,trojan,72.06,2021-11-10T07:23:47+00:00,1992-06-19
ab311d602fbb6c8fdcab4770f98e9e66,VirusShare_00499,injector,12550144,exe,trojan,69.57,2021-11-09T20:18:06+00:00,1992-06-19
ab6523e44f978c06ee02a5802a2477a5,VirusShare_00499,injector,16633856,exe,trojan,68.66,2021-11-09T10:30:27+00:00,1992-06-19
abcbcfc33a69ab638537aea87ad4b12a,VirusShare_00499,injector,9338880,exe,trojan,68.66,2021-11-13T05:54:28+00:00,1992-06-19
ad6977305279a9f001a595ae95361999,VirusShare_00499,injector,9338880,exe,trojan,70.59,2021-11-10T04:24:33+00:00,1992-06-19
ad6b32014c80c38b3ecf8dffd0fccb73,VirusShare_00499,injector,4158464,exe,trojan,73.91,2021-11-09T16:35:37+00:00,1992-06-19
ad7ee21c6215a67a8a5b024c45b933c4,VirusShare_00499,injector,16634880,exe,trojan,70.59,2021-11-09T18:56:36+00:00,1992-06-19
b00ee60eb9e2fbbc31cd31117e8b00eb,VirusShare_00499,injector,8317440,exe,trojan,72.06,2021-11-09T12:30:29+00:00,1992-06-19
b036db20ff3a37c3a7efee4ec3e8c63b,VirusShare_00499,injector,16634880,exe,trojan,70.59,2021-11-10T16:25:21+00:00,1992-06-19
b1650ad7140e722a53b9fa3849a3034d,VirusShare_00499,injector,8093696,exe,trojan,73.53,2021-11-09T20:56:36+00:00,1992-06-19
b29097e5ce177e68b2be77cd05a78e4a,VirusShare_00499,injector,16634880,exe,trojan,71.21,2021-11-10T13:25:04+00:00,1992-06-19
b2b2651496c7e18d37202263b21e34b3,VirusShare_00499,injector,9338880,exe,trojan,72.73,2021-11-10T04:25:09+00:00,1992-06-19
b2ddd942bb0af0f122a8e3b682853eb5,VirusShare_00499,injector,9338880,exe,trojan,72.46,2021-11-09T17:45:36+00:00,1992-06-19
b3f77c8ecb010f1359cdf9e73b152185,VirusShare_00499,injector,18677760,exe,trojan,72.46,2021-11-09T21:32:46+00:00,1992-06-19
b410270b71cf7d64f6c8cf311e855f5b,VirusShare_00499,injector,16634880,exe,trojan,71.64,2021-11-10T10:19:11+00:00,1992-06-19
b504101203651d154d5ab421a5ab0faa,VirusShare_00499,injector,11337728,exe,trojan,70.15,2021-11-10T09:08:00+00:00,1992-06-19
b58965e88d71caf274cb8f2946f56237,VirusShare_00499,injector,1198080,exe,trojan,76.47,2021-11-12T16:35:45+00:00,1992-06-19
b5abcb5fb166f7a5b5cb9eaf2fbf8aa3,VirusShare_00499,injector,16634880,exe,trojan,69.12,2021-11-12T19:44:44+00:00,1992-06-19
b60dd15e8889043f56739cb85441b6d4,VirusShare_00499,injector,2116224,exe,trojan,40.91,2021-11-16T12:35:23+00:00,1992-06-19
b6399a8008d7ae0be4c9d789e8daf474,VirusShare_00499,injector,8093696,exe,trojan,71.64,2021-11-09T21:30:35+00:00,1992-06-19
b793516877fd0fb217b3a60fccef83e0,VirusShare_00499,injector,16634880,exe,trojan,69.12,2021-11-12T04:33:20+00:00,1992-06-19
b79a33e836b5646ae1c30160a61dff5e,VirusShare_00499,injector,18677760,exe,trojan,72.06,2021-11-13T14:58:37+00:00,1992-06-19
b7c68ab700fcbf20b250a93e1a8b955a,VirusShare_00499,injector,18677760,exe,trojan,80.88,2021-11-16T01:08:10+00:00,1992-06-19
b7f41ba5454f3c64169e1ec1886f69fa,VirusShare_00499,injector,9338880,exe,trojan,70.59,2021-11-10T00:28:44+00:00,1992-06-19
b89cf323225297461f6a3dec447cfd71,VirusShare_00499,injector,9338880,exe,trojan,66.67,2021-11-10T15:58:17+00:00,1992-06-19
b93395a78141665cac02a46a64999203,VirusShare_00499,injector,18677760,exe,trojan,72.06,2021-11-10T23:16:14+00:00,1992-06-19
baafaf65275f2a993922b3bb9ebe1fa9,VirusShare_00499,injector,8940224,exe,trojan,77.61,2021-11-15T15:23:09+00:00,1992-06-19
baf3ab51b52f8845c9dbba2240d696dc,VirusShare_00499,injector,16633856,exe,trojan,73.91,2021-11-08T21:04:52+00:00,1992-06-19
bb15a3a8b8d046d51a85c84d5feb689d,VirusShare_00499,injector,8317440,exe,trojan,83.82,2021-11-15T13:42:09+00:00,1992-06-19
bb21d7d4c8d7b0708ac085693f114bc0,VirusShare_00499,injector,16634880,exe,trojan,83.58,2021-11-15T09:58:31+00:00,1992-06-19
bbb488b357c64f26356707c0dccee689,VirusShare_00499,injector,16633856,exe,trojan,75.0,2021-11-11T17:44:04+00:00,1992-06-19
bd923e4b14844a60c85d73eb60975d8e,VirusShare_00499,injector,18087936,exe,trojan,69.57,2021-11-09T18:20:53+00:00,1992-06-19
bea33d9e0df161d320cc0ef7f026de01,VirusShare_00499,injector,16634880,exe,trojan,72.06,2021-11-09T14:34:24+00:00,1992-06-19
bf2958cdbb9f6a2bfcc34b7f9975a0c0,VirusShare_00499,injector,8317440,exe,trojan,72.73,2021-11-13T10:50:38+00:00,1992-06-19
bf9671bae18836f0f2e15b0bf72245e4,VirusShare_00499,injector,16634880,exe,trojan,71.64,2021-11-12T09:44:33+00:00,1992-06-19
c023bd77ecbe123dc6d2029a642d8afb,VirusShare_00499,injector,8317440,exe,trojan,72.46,2021-11-09T07:28:18+00:00,1992-06-19
c194a0da92516215a59f43e073fcf9a7,VirusShare_00499,injector,17465344,exe,trojan,79.41,2021-11-15T12:39:37+00:00,1992-06-19
c264b0279ab2ccb78cee47263c2b90e9,VirusShare_00499,injector,8317440,exe,trojan,75.0,2021-11-10T10:39:01+00:00,1992-06-19
c2cb426c8e9d5f658ea9c85822d9164e,VirusShare_00499,injector,16634880,exe,trojan,69.57,2021-11-10T02:08:00+00:00,1992-06-19
c3244f55c3898014a387fff522f58973,VirusShare_00499,injector,8317440,exe,trojan,71.64,2021-11-08T21:49:04+00:00,1992-06-19
c356c525598a71b46dafa763e201ba15,VirusShare_00499,injector,12475392,exe,trojan,72.73,2021-11-09T11:19:16+00:00,1992-06-19
c3e26746d8352bfcbe1ccf12b92d69f7,VirusShare_00499,injector,16634880,exe,trojan,72.73,2021-11-10T14:58:11+00:00,1992-06-19
c3ecee7b0141899827414383b8ccdda3,VirusShare_00499,injector,8777145,exe,trojan,72.06,2021-11-09T14:40:11+00:00,1992-06-19
c5032ec043ade77eceb67bf101909262,VirusShare_00499,injector,16634880,exe,trojan,69.12,2021-11-12T11:47:32+00:00,1992-06-19
c5724f17d9cd5eaa7101c9c7af749324,VirusShare_00499,injector,9338880,exe,trojan,72.46,2021-11-09T17:42:35+00:00,1992-06-19
c5d876ae9d13ab5eb60dad18c9bcb798,VirusShare_00499,injector,17498112,exe,trojan,72.73,2021-11-12T09:17:52+00:00,1992-06-19
c5dbb525eecc8fcc9500c1c2c16658bc,VirusShare_00499,injector,9928704,exe,trojan,75.76,2021-11-09T22:38:32+00:00,1992-06-19
c6132e5c129f89050418e564cb1ac518,VirusShare_00499,injector,18677760,exe,trojan,72.06,2021-11-09T04:25:29+00:00,1992-06-19
c6ba9923b83003a6ef15c5fcf54cd04e,VirusShare_00499,injector,16633856,exe,trojan,69.57,2021-11-07T05:05:52+00:00,1992-06-19
c7628b4cf21959a24e6f334731c487fc,VirusShare_00499,injector,16634880,exe,trojan,72.46,2021-11-09T04:42:26+00:00,1992-06-19
c7b9d032d2242b9200fa41d56bc51f4e,VirusShare_00499,injector,18677760,exe,trojan,71.01,2021-11-08T20:06:56+00:00,1992-06-19
c7f68c5622bcb93c14e40dfb30eeb112,VirusShare_00499,injector,12475392,exe,trojan,71.01,2021-11-09T21:28:32+00:00,1992-06-19
cb37f385318b3ee054f1ae42d110486c,VirusShare_00499,injector,9338880,exe,trojan,70.15,2021-11-13T08:04:30+00:00,1992-06-19
cca64c6393459e32e0c7e872da917760,VirusShare_00499,injector,16634880,exe,trojan,73.53,2021-11-09T03:13:01+00:00,1992-06-19
cd0b2e8fdd446dfe23fb24a21f676526,VirusShare_00499,injector,9338880,exe,trojan,70.59,2021-11-09T14:40:18+00:00,1992-06-19
cd936b0cef642bdc83762109bc9edba1,VirusShare_00499,injector,16634880,exe,trojan,68.18,2021-11-12T06:39:46+00:00,1992-06-19
ce28782f7e7c217214145d72ad14abeb,VirusShare_00499,injector,9338880,exe,trojan,72.06,2021-11-09T07:25:58+00:00,1992-06-19
ce3c83ebe3082dd407c839df7b4ac864,VirusShare_00499,injector,16634880,exe,trojan,72.06,2021-11-09T11:20:32+00:00,1992-06-19
ced175d9990ebbaff988870cc2a7cb0d,VirusShare_00499,injector,16634880,exe,trojan,70.15,2021-11-12T06:23:30+00:00,1992-06-19
d11a165e32f4a40430636095841cb051,VirusShare_00499,injector,9338880,exe,trojan,69.57,2021-11-09T11:36:21+00:00,1992-06-19
d12a4730db287c656047de59b24fac1d,VirusShare_00499,injector,12910592,exe,trojan,71.01,2021-11-09T15:11:35+00:00,1992-06-19
d20eab249449ad9a61e69a09e087b070,VirusShare_00499,injector,8316928,exe,trojan,72.31,2021-11-10T10:36:28+00:00,1992-06-19
d2677654b965383a143e4a977ac237d3,VirusShare_00499,injector,16633856,exe,trojan,73.91,2021-11-09T14:33:16+00:00,1992-06-19
d2a0afd0a673e80e060774a161910007,VirusShare_00499,injector,16633856,exe,trojan,69.7,2021-11-09T07:11:25+00:00,1992-06-19
d30eb4943fd0a4791e2db4a574d71b9e,VirusShare_00499,injector,8316928,exe,trojan,75.0,2021-11-10T23:29:59+00:00,1992-06-19
d31b3809b30cd91d8e916623e6290b8c,VirusShare_00499,injector,8317440,exe,trojan,73.53,2021-11-12T09:53:42+00:00,1992-06-19
d379bb9f7014377e8a4978776c722c51,VirusShare_00499,injector,16634880,exe,trojan,71.43,2021-11-09T01:24:59+00:00,1992-06-19
d3b55be92d1dea6c3e0388f8b93088dd,VirusShare_00499,injector,8316928,exe,trojan,73.53,2021-11-08T21:35:10+00:00,1992-06-19
d3e28ec695778bf6eab524f58109481c,VirusShare_00499,injector,2079232,exe,trojan,76.12,2021-11-10T17:16:03+00:00,1992-06-19
d3ed8daf02f220c14d231876fc79b8cc,VirusShare_00499,injector,9338880,exe,trojan,74.63,2021-11-10T08:30:39+00:00,1992-06-19
d415c75fa392f410f868b8d370195ae2,VirusShare_00499,injector,9338880,exe,trojan,72.06,2021-11-11T17:20:08+00:00,1992-06-19
d4280183c7792b043edc0f32a0e1132b,VirusShare_00499,injector,18677760,exe,trojan,77.61,2021-11-15T10:28:58+00:00,1992-06-19
d49d9eaebbb9932c535397dea4ecd122,VirusShare_00499,injector,14974976,exe,trojan,65.62,2021-11-10T00:31:59+00:00,1992-06-19
d4b01260f4d6aed7a18e449d5149c460,VirusShare_00499,injector,9338880,exe,trojan,73.53,2021-11-12T11:36:45+00:00,1992-06-19
d5a134db8b4f183411c3d8e3f71273f8,VirusShare_00499,injector,8317440,exe,trojan,73.91,2021-11-09T11:43:53+00:00,1992-06-19
d6550162e145ab8215b149bcdd2b8435,VirusShare_00499,injector,18677760,exe,trojan,73.53,2021-11-10T12:55:28+00:00,1992-06-19
d6eb5f5fcb1dc3eb653f962e630bf9c8,VirusShare_00499,injector,9584640,exe,trojan,66.67,2021-11-12T17:11:20+00:00,1992-06-19
d7795976189500b4d6b3f61e6daf1934,VirusShare_00499,injector,8317440,exe,trojan,70.59,2021-11-12T09:58:20+00:00,1992-06-19
d7f6f4d8f7ef2ae5920674a041be8b4d,VirusShare_00499,injector,9338880,exe,trojan,75.0,2021-11-16T00:45:06+00:00,1992-06-19
d8addf35f1b50ea3612b4d61495004cf,VirusShare_00499,injector,16634880,exe,trojan,73.13,2021-11-10T16:23:18+00:00,1992-06-19
d9ee57115f9f1acf55a100d8d0b8247b,VirusShare_00499,injector,18677760,exe,trojan,70.49,2021-11-10T12:14:19+00:00,1992-06-19
da2cf9b4f891f8a29d72873e18596416,VirusShare_00499,injector,9338880,exe,trojan,69.35,2021-11-13T19:50:53+00:00,1992-06-19
dad53d8015506f4a7555f7c16f612149,VirusShare_00499,injector,16634880,exe,trojan,82.35,2021-11-15T12:31:06+00:00,1992-06-19
db18adbb21165f64c4c66fbbf588ea5d,VirusShare_00499,injector,9338880,exe,trojan,72.31,2021-11-09T04:19:59+00:00,1992-06-19
db4a1838a515f85b1f4c7e8c5a0b7ccf,VirusShare_00499,injector,9338880,exe,trojan,73.91,2021-11-08T20:18:55+00:00,1992-06-19
dbe82b0438554f1ff9ccdec3591d349d,VirusShare_00499,injector,9338880,exe,trojan,72.06,2021-11-09T03:30:57+00:00,1992-06-19
dbf5405521a7a44f470ed60f09a097dc,VirusShare_00499,injector,8317440,exe,trojan,76.47,2021-11-09T07:47:10+00:00,1992-06-19
dbfad60bc472a2d2a2f5e751d8163056,VirusShare_00499,injector,8317440,exe,trojan,79.41,2021-11-15T14:59:29+00:00,1992-06-19
dc3b0a687ba0cd9237132b2f3c364bdb,VirusShare_00499,injector,16187392,exe,trojan,69.7,2021-11-12T20:31:44+00:00,1992-06-19
dc73da4a945246f0ad36d99213215c11,VirusShare_00499,injector,16634880,exe,trojan,74.63,2021-11-09T08:33:19+00:00,1992-06-19
dca19d28ed8282dcc32e308d7189f3a9,VirusShare_00499,injector,12222464,exe,trojan,66.67,2021-11-12T05:59:12+00:00,1992-06-19
dd469b981574f2e6dc75398f4e00c214,VirusShare_00499,injector,9338880,exe,trojan,72.06,2021-11-10T22:54:58+00:00,1992-06-19
dd4a9339b6b7a8879e701416e328d4c8,VirusShare_00499,injector,18677760,exe,trojan,65.15,2021-11-12T05:01:33+00:00,1992-06-19
dd7e3bdfd1f914c3cfb793b33d41765c,VirusShare_00499,injector,9338880,exe,trojan,70.77,2021-11-11T12:00:33+00:00,1992-06-19
de22e635273c4355472ab12ee1f9c0c8,VirusShare_00499,injector,3866624,exe,trojan,69.12,2021-11-11T16:30:52+00:00,1992-06-19
debb528c6b76c78a104c5f231fc4f7e8,VirusShare_00499,injector,8316928,exe,trojan,72.46,2021-11-09T09:13:11+00:00,1992-06-19
df0aa5dc230e3681b8d68fe33d470f1f,VirusShare_00499,injector,16634880,exe,trojan,79.1,2021-11-15T19:42:35+00:00,1992-06-19
df455e4c4f229a53e735ea3754053553,VirusShare_00499,injector,8317440,exe,trojan,72.06,2021-11-09T01:41:06+00:00,1992-06-19
df53a201394fec29f65a3442de3c5ffa,VirusShare_00499,injector,16634880,exe,trojan,72.31,2021-11-10T19:48:16+00:00,1992-06-19
df8bd8b6c105434afa9a431c9555be04,VirusShare_00499,injector,8317440,exe,trojan,79.37,2021-11-15T10:37:57+00:00,1992-06-19
dffa08af92659e925660c730da1079d9,VirusShare_00499,injector,8317440,exe,trojan,73.91,2021-11-08T19:50:49+00:00,1992-06-19
e149f309ef3a1d5c4ad409207b146804,VirusShare_00499,injector,8317440,exe,trojan,72.46,2021-11-09T20:05:40+00:00,1992-06-19
e1d8871f4394e6e1875dac87aa5451f3,VirusShare_00499,injector,16634880,exe,trojan,65.22,2021-11-10T04:32:22+00:00,1992-06-19
e289897c1c3fa1a95d4ea719337e5395,VirusShare_00499,injector,1198080,exe,trojan,73.53,2021-11-14T17:51:35+00:00,1992-06-19
e29475ab076c6aee7718ec9148cdb1b4,VirusShare_00499,injector,9338880,exe,trojan,71.01,2021-11-09T16:12:14+00:00,1992-06-19
e3b05bf700b3f201cb15a8c89d57b25e,VirusShare_00499,injector,9338880,exe,trojan,71.64,2021-11-14T14:12:14+00:00,1992-06-19
e3ce92b4c7d6ce8f26b1d4372d431ce2,VirusShare_00499,injector,18677760,exe,trojan,72.46,2021-11-08T18:57:52+00:00,1992-06-19
e3df2905775a65cab515264fa2969b29,VirusShare_00499,injector,16634880,exe,trojan,70.59,2021-11-09T07:34:13+00:00,1992-06-19
e55bb6ac543fefad3b36d612737c0a4b,VirusShare_00499,injector,9338880,exe,trojan,72.31,2021-11-09T00:20:03+00:00,1992-06-19
e5ed5356d6d3944dfac6eccd13838dcd,VirusShare_00499,injector,12222464,exe,trojan,69.7,2021-11-09T08:34:53+00:00,1992-06-19
e613975292a07c995845f9b2988f590e,VirusShare_00499,injector,8093696,exe,trojan,72.46,2021-11-10T07:24:44+00:00,1992-06-19
e69c7d7b46ee044fb7bbe8d82778e5fc,VirusShare_00499,injector,8317440,exe,trojan,71.64,2021-11-12T10:30:44+00:00,1992-06-19
e6f8a60b839cff24ac6484f48c6ec5e2,VirusShare_00499,injector,9338880,exe,trojan,69.09,2021-11-08T21:03:52+00:00,1992-06-19
e72cf0d79473c2bbbbeee57c36e6f13d,VirusShare_00499,injector,16634880,exe,trojan,73.13,2021-11-11T06:50:01+00:00,1992-06-19
e734ed462bba27bed8e8a7059568552f,VirusShare_00499,injector,16634880,exe,trojan,74.6,2021-11-09T09:27:23+00:00,1992-06-19
e7d9f591de72c49d31050cf6a4ac13ca,VirusShare_00499,injector,16634880,exe,trojan,69.12,2021-11-11T09:47:58+00:00,1992-06-19
e81194c9a24a5ff3523e331cd4e814b1,VirusShare_00499,injector,18677760,exe,trojan,69.12,2021-11-08T20:05:34+00:00,1992-06-19
e897b6f2bd5a91e28c4d29548c30ceae,VirusShare_00499,injector,8316928,exe,trojan,72.06,2021-11-09T09:26:49+00:00,1992-06-19
e8f5691bdaa34fccd65da32909f693b4,VirusShare_00499,injector,8732672,exe,trojan,73.53,2021-11-09T21:09:47+00:00,1992-06-19
e95190eee99e486f9302a185584f9f2f,VirusShare_00499,injector,14237696,exe,trojan,69.12,2021-11-14T04:31:58+00:00,1992-06-19
e98f20698d499acd8636a602fb031ac9,VirusShare_00499,injector,16634880,exe,trojan,73.91,2021-11-08T21:02:07+00:00,1992-06-19
eb50e058861c1eb5957eddd802273785,VirusShare_00499,injector,16633856,exe,trojan,75.0,2021-11-11T02:30:34+00:00,1992-06-19
ebc28595186686c69a7caf4409f56ad4,VirusShare_00499,injector,14554624,exe,trojan,71.01,2021-11-10T00:57:05+00:00,1992-06-19
ebfd3d9b3a8f117a866cdfd428035594,VirusShare_00499,injector,8317440,exe,trojan,74.24,2021-11-09T09:05:04+00:00,1992-06-19
ec2141378345992bb5ba39b06b1b59e8,VirusShare_00499,injector,8317440,exe,trojan,72.46,2021-11-09T07:07:59+00:00,1992-06-19
ec9e0d1863698838e20b16840f996b09,VirusShare_00499,injector,8732672,exe,trojan,70.15,2021-11-14T01:36:42+00:00,1992-06-19
ee1ac03906d8b4cda13ef2429942ae82,VirusShare_00499,injector,10360320,exe,trojan,73.91,2021-11-06T23:15:04+00:00,1992-06-19
ef6b0f415addb4dcaba9c3a5dd5a3a4a,VirusShare_00499,injector,1326592,exe,trojan,63.64,2021-11-16T00:14:04+00:00,1992-06-19
f0c23e6d10277611f8c55d4e89c39325,VirusShare_00499,injector,9338880,exe,trojan,73.13,2021-11-09T09:07:36+00:00,1992-06-19
f0d01ab4e77ca3f3b7ce327cdfdc29af,VirusShare_00499,injector,8316928,exe,trojan,70.15,2021-11-09T05:05:01+00:00,1992-06-19
f120fd800b4e5055bedb3984ff0ee1f0,VirusShare_00499,injector,8316928,exe,trojan,74.63,2021-11-14T08:47:52+00:00,1992-06-19
f207d0e50c2be764e59c6b5c47cc7376,VirusShare_00499,injector,18677760,exe,trojan,73.91,2021-11-09T00:51:02+00:00,1992-06-19
f2b0b4f88c926f341136bb18dff86625,VirusShare_00499,injector,8317440,exe,trojan,69.7,2021-11-09T17:08:07+00:00,1992-06-19
f3545d891a75e6caf7710aea16a7eb49,VirusShare_00499,injector,16633856,exe,trojan,74.24,2021-11-08T20:06:51+00:00,1992-06-19
f3d31b5ca014f854a49ce127ae3886a5,VirusShare_00499,injector,9338880,exe,trojan,72.06,2021-11-09T10:25:30+00:00,1992-06-19
f44f694fe959638fecc357a140253118,VirusShare_00499,injector,16634880,exe,trojan,72.46,2021-11-08T20:05:05+00:00,1992-06-19
f4d6d54bfddeb670d1d2affdd52fa2c8,VirusShare_00499,injector,8317440,exe,trojan,73.13,2021-11-12T09:52:26+00:00,1992-06-19
f54aac5d6f0eb544444582e22aa36c92,VirusShare_00499,injector,16634880,exe,trojan,72.06,2021-11-11T01:46:52+00:00,1992-06-19
f56214a1d2cfcc1d3e76db4689665be7,VirusShare_00499,injector,18677760,exe,trojan,70.77,2021-11-09T14:08:51+00:00,1992-06-19
f66dbb1b6705c36f237c204185254dde,VirusShare_00499,injector,16634880,exe,trojan,67.69,2021-11-14T08:27:16+00:00,1992-06-19
f683f13a57b33148ea674d6c8382991e,VirusShare_00499,injector,16633856,exe,trojan,68.85,2021-11-09T09:27:11+00:00,1992-06-19
f6c1827adee592ad3ebcd4edb2ca582e,VirusShare_00499,injector,18677760,exe,trojan,72.06,2021-11-10T04:04:09+00:00,1992-06-19
f730f8168e4765f65169bc96109dfba9,VirusShare_00499,injector,9338880,exe,trojan,69.7,2021-11-12T06:15:30+00:00,1992-06-19
f8cced10bb68fa2a94c224131b0f803b,VirusShare_00499,injector,16633856,exe,trojan,73.91,2021-11-08T21:21:10+00:00,1992-06-19
f9a03c2548c715abb2c855c45fbd032c,VirusShare_00499,injector,9338880,exe,trojan,70.59,2021-11-13T23:32:03+00:00,1992-06-19
f9e15e359b67cf7387ef8051f7ac2cdb,VirusShare_00499,injector,2179072,exe,trojan,64.18,2021-11-16T09:22:13+00:00,1992-06-19
f9e47b7b1cbc1de2857d47a682c38d27,VirusShare_00499,injector,8317440,exe,trojan,73.91,2021-11-09T01:49:53+00:00,1992-06-19
fa9dc48d531264154253616a12286c5d,VirusShare_00499,injector,9338880,exe,trojan,73.91,2021-11-08T22:16:01+00:00,1992-06-19
fae07c4b5d212afa01a2e06150ffdaca,VirusShare_00499,injector,651734,exe,trojan,35.82,2021-11-14T19:15:08+00:00,1992-06-19
fb25ca31e89a7c18a58f914e7760d6e8,VirusShare_00499,injector,8317440,exe,trojan,71.43,2021-11-09T10:29:34+00:00,1992-06-19
fb63cb586b8220245435783ddf06f2ab,VirusShare_00499,injector,16634880,exe,trojan,72.06,2021-11-09T09:29:28+00:00,1992-06-19
fd8608d4e04019916427821cdb64e090,VirusShare_00499,injector,16634880,exe,trojan,70.59,2021-11-09T12:25:31+00:00,1992-06-19
fe66e7ae2356c85b65eead6297f3a6bf,VirusShare_00499,injector,16633856,exe,trojan,71.88,2021-11-09T15:37:17+00:00,1992-06-19
fec08a27fd41c8a960ab14693feddc40,VirusShare_00499,injector,16187392,exe,trojan,67.65,2021-11-12T04:33:18+00:00,1992-06-19
ffad3929fb3943ba063703890c176df7,VirusShare_00499,injector,8317440,exe,trojan,71.64,2021-11-09T10:28:17+00:00,1992-06-19
fff2dfe85cc16b47dd395f0359ed34cc,VirusShare_00499,injector,12222464,exe,trojan,71.64,2021-11-09T06:16:24+00:00,1992-06-19
54d92b2b007ebd159019feb713ac6710,VirusShare_00495,injector,120076,exe,trojan,14.93,2021-11-05T21:42:44+00:00,2003-03-03
11843392719a07aac451b16a680b6b5a,VirusShare_00499,injector,3312049,exe,virus,31.34,2021-11-14T21:41:20+00:00,2004-08-04
1c616820ce425a519b5871e178499f05,VirusShare_00499,injector,2674097,exe,trojan,39.71,2021-11-16T15:37:30+00:00,2004-08-04
2d0c063a81b110c86cdf5d247db8cf7f,VirusShare_00499,injector,2367785,exe,virus,29.85,2021-11-15T01:31:42+00:00,2004-08-04
bd8e41e144f2d164fd9bab2e5863bb50,VirusShare_00499,injector,4073561,exe,trojan,43.28,2021-11-16T08:35:29+00:00,2004-08-04
3f0bf45d7080abfcb24b87a125484968,VirusShare_00495,injector,23718,exe,trojan,75.0,2021-11-04T12:58:39+00:00,2004-10-02
432db091a06b72108f1113ce4d0f63d4,VirusShare_00495,injector,242172,exe,worm,31.34,2021-11-05T18:00:21+00:00,2008-09-27
7726ef68ef662440fa41b5297bc26a43,VirusShare_00495,injector,194922,exe,trojan,56.72,2021-10-25T12:36:11+00:00,2008-09-27
f2f65d2ff75e3703a1d535d1562e1e65,VirusShare_00495,injector,151164,exe,trojan,69.12,2021-11-04T20:39:25+00:00,2008-09-27
7fc8c5a503b8f138a8643595141168f0,VirusShare_00499,injector,320308,exe,worm,31.34,2021-11-10T03:34:46+00:00,2008-09-27
9a26abbab33f4d8111f635e166a2f82d,VirusShare_00499,injector,241956,exe,trojan,37.88,2021-11-15T09:46:32+00:00,2008-09-27
cd38686c6478dc06fcbcf39897dfb26a,VirusShare_00499,injector,242100,exe,worm,40.91,2021-11-17T06:18:43+00:00,2008-09-27
db5fe8a00dac496b96acf9ee157139d0,VirusShare_00499,injector,241956,exe,worm,33.85,2021-11-14T12:02:16+00:00,2008-09-27
f05e6f8079fba1e5b19733da53e96b82,VirusShare_00499,injector,320380,exe,trojan,32.84,2021-11-14T06:02:25+00:00,2008-09-27
01811ae4d52f6504f9c93116f06d666f,VirusShare_00499,injector,288533,exe,trojan,50.0,2021-11-15T18:59:16+00:00,2008-10-10
7a480bf2b79de3245536990c48820da6,VirusShare_00499,injector,324864,exe,trojan,50.75,2021-11-16T18:20:11+00:00,2008-10-10
7c875245a2618b56ad9f9ee5b11bc6c8,VirusShare_00499,injector,546307,exe,trojan,62.12,2021-11-18T09:36:24+00:00,2008-10-10
8b1eedd5f2ac4ae5a860ed63a21c6f93,VirusShare_00499,injector,493672,exe,trojan,53.73,2021-11-13T07:18:03+00:00,2008-10-10
985eb324063afdc318396d6e1dc583b2,VirusShare_00495,injector,783557,exe,trojan,66.67,2021-10-29T01:01:46+00:00,2011-03-06
1a61a9249b6b4141baa7ad2dfa15728f,VirusShare_00499,injector,20163,exe,trojan,36.76,2021-11-12T17:26:16+00:00,2011-09-01
732ff91ed81f81c9bbeb74b2f6f21555,VirusShare_00499,injector,59131,exe,trojan,40.3,2021-11-13T21:20:49+00:00,2011-09-01
2eaab5930809c74e2a1bcaa6da1ef5a0,VirusShare_00495,injector,207896,exe,trojan,44.93,2021-11-08T17:07:14+00:00,2014-10-07
ce341ff1d142a9e7829d1241f01c935a,VirusShare_00495,injector,95888,exe,trojan,50.72,2021-11-08T12:41:31+00:00,2014-10-07
966435a94ae36680749c810b1569a0d5,VirusShare_00499,injector,148770,exe,trojan,64.18,2021-11-13T08:55:53+00:00,2014-12-21
ddcfbc8e19460832e4cf590281caa6ea,VirusShare_00499,injector,7056384,exe,trojan,69.12,2021-11-11T02:05:36+00:00,2014-12-31
2367029c854f5baa12e2cbf82f56534f,VirusShare_00495,injector,291016,exe,trojan,62.69,2021-11-09T02:44:30+00:00,2016-04-02
8b1f38980a439b18e27fccbfcd4293fa,VirusShare_00495,injector,291306,exe,trojan,62.32,2021-11-08T21:35:52+00:00,2016-04-02
6ee0bb24da543a23f21abfe9fa064455,VirusShare_00499,injector,383488,exe,trojan,63.24,2021-11-13T04:14:43+00:00,2017-10-04
7bda7b17146ab62d6a7e04493d63b8aa,VirusShare_00495,injector,77824,exe,trojan,63.24,2021-10-31T23:05:38+00:00,2018-05-02
02f5125292f8594097b24f4e9bedaffb,VirusShare_00499,injector,2591367,exe,trojan,65.67,2021-11-14T04:26:16+00:00,2019-07-14
02b26cf6ad5f8a58d11028d07311a448,VirusShare_00495,injector,1189550,exe,trojan,68.42,2021-11-08T06:05:20+00:00,2019-08-20
0594aef3943d0972dbcfaccef9185eef,VirusShare_00495,injector,2505125,exe,trojan,69.12,2021-11-05T17:39:54+00:00,2019-08-20
0aea94b6e7cc353cdf5a8b466d201d6f,VirusShare_00495,injector,2435392,exe,trojan,67.65,2021-11-08T16:39:23+00:00,2019-08-20
0b70435e7b92bff479b7830304ae6f94,VirusShare_00495,injector,2419050,exe,trojan,66.15,2021-11-07T17:17:38+00:00,2019-08-20
0c0921f31eb277d5023063a91cda04c0,VirusShare_00495,injector,1178005,exe,trojan,69.12,2021-11-06T17:19:14+00:00,2019-08-20
0c2086f33ee445fbfd58ce5180d945fa,VirusShare_00495,injector,1204639,exe,trojan,68.12,2021-11-06T18:03:51+00:00,2019-08-20
15a012f4df8a5e09f6f6b4db659cb641,VirusShare_00495,injector,1207892,exe,trojan,72.46,2021-11-08T16:38:53+00:00,2019-08-20
27e830dd47ec2b217c436cb18e825c67,VirusShare_00495,injector,1081615,exe,trojan,69.57,2021-11-04T17:12:36+00:00,2019-08-20
2b37546af8f0c78250f9e21cf560c870,VirusShare_00495,injector,2754047,exe,trojan,69.12,2021-11-04T17:44:37+00:00,2019-08-20
2f2f84556b55d99e84195756417373b7,VirusShare_00495,injector,2406475,exe,trojan,68.18,2021-11-05T08:01:05+00:00,2019-08-20
3548ed3aff17b799318f1430db886777,VirusShare_00495,injector,1058341,exe,trojan,69.12,2021-11-01T23:58:13+00:00,2019-08-20
35ccfc1dde4c9c5ac3c4e438ec8d6c65,VirusShare_00495,injector,2647856,exe,trojan,69.57,2021-11-03T17:11:21+00:00,2019-08-20
383fafb528e3c92099d12b6ce46531d4,VirusShare_00495,injector,1115719,exe,trojan,70.59,2021-11-05T01:59:12+00:00,2019-08-20
3a6e8222dfc3df28233cdd83bab0a99e,VirusShare_00495,injector,2653181,exe,trojan,69.57,2021-11-07T16:00:32+00:00,2019-08-20
3ae07c5fe5ebe54c2e8fec131ed7e29f,VirusShare_00495,injector,2445099,exe,trojan,67.65,2021-11-02T16:37:19+00:00,2019-08-20
3beefb3138287b8a32666e32180705bb,VirusShare_00495,injector,1094103,exe,trojan,69.57,2021-11-04T20:17:41+00:00,2019-08-20
3e3249f43e71c62d24d0f26270b07eb1,VirusShare_00495,injector,2669982,exe,trojan,69.12,2021-11-06T16:44:57+00:00,2019-08-20
3f457c9628d8a9da1481a8f8e5825e18,VirusShare_00495,injector,2393923,exe,trojan,75.36,2021-11-07T14:05:12+00:00,2019-08-20
3f9641598772365c82328d3c72d22beb,VirusShare_00495,injector,1141189,exe,trojan,68.12,2021-11-07T16:46:43+00:00,2019-08-20
422ad96379630b545523556a165ccb32,VirusShare_00495,injector,2651365,exe,trojan,69.57,2021-11-08T11:23:58+00:00,2019-08-20
4764e88dfa74a20ad4f1ffd4c6ca0e56,VirusShare_00495,injector,1486921,exe,trojan,76.12,2021-11-09T03:42:18+00:00,2019-08-20
4a03b016516de3c2a317c7e898b1fbd0,VirusShare_00495,injector,2639213,exe,trojan,66.18,2021-11-07T12:36:53+00:00,2019-08-20
4b3ace6dce01e2e942b267897b4cf333,VirusShare_00495,injector,1200306,exe,trojan,63.93,2021-11-08T14:40:47+00:00,2019-08-20
5073c218a8136e136b20b5e66743929b,VirusShare_00495,injector,2648782,exe,trojan,69.12,2021-11-04T18:18:04+00:00,2019-08-20
578af9e5d2664573958f56bbecbc090c,VirusShare_00495,injector,2620010,exe,trojan,67.65,2021-10-31T03:15:08+00:00,2019-08-20
5856633a8ad889c4fc3443d103abc5da,VirusShare_00495,injector,1068245,exe,trojan,69.57,2021-11-01T21:36:36+00:00,2019-08-20
5a3b25d08e344a9816843eac609cdf71,VirusShare_00495,injector,2413755,exe,trojan,69.57,2021-11-08T17:29:32+00:00,2019-08-20
5f56e079798d0af5d735cd7391ac4dee,VirusShare_00495,injector,1084919,exe,trojan,66.67,2021-10-31T17:00:04+00:00,2019-08-20
5f786bdc7f43d24369e4d6038a3e4057,VirusShare_00495,injector,1183967,exe,trojan,68.12,2021-11-07T17:04:33+00:00,2019-08-20
619bebcce8643ba31c176963380221af,VirusShare_00495,injector,2433519,exe,trojan,69.12,2021-11-03T23:43:30+00:00,2019-08-20
63d327e8db578b4fa3247473c2add245,VirusShare_00495,injector,1517099,exe,trojan,69.35,2021-11-08T01:02:18+00:00,2019-08-20
68d9b462baa606f9956feed61bdbec9e,VirusShare_00495,injector,1114464,exe,trojan,69.12,2021-11-05T10:49:02+00:00,2019-08-20
6c0b287283ef66e535fff9ab8aabc8ff,VirusShare_00495,injector,1102831,exe,trojan,68.12,2021-11-02T23:24:20+00:00,2019-08-20
6c857bf38807d90c32b7c8602715809f,VirusShare_00495,injector,1211720,exe,trojan,70.59,2021-11-08T16:36:02+00:00,2019-08-20
728fe3c54589d43ffd9b8e434cd65bcb,VirusShare_00495,injector,1173293,exe,trojan,65.22,2021-11-07T15:21:18+00:00,2019-08-20
7ffba9a84cea75ab11205fbdb953fa11,VirusShare_00495,injector,1173408,exe,trojan,71.01,2021-11-02T16:46:49+00:00,2019-08-20
81a2f1f15e4d059afee5ee860aca2657,VirusShare_00495,injector,1112949,exe,trojan,68.12,2021-11-04T17:31:40+00:00,2019-08-20
8578a9f734f5ace7747846fa9597305d,VirusShare_00495,injector,1119102,exe,trojan,69.57,2021-11-03T17:23:13+00:00,2019-08-20
88ed5dc378d36d8dce98f6269e375d13,VirusShare_00495,injector,1094265,exe,trojan,67.65,2021-11-07T22:29:24+00:00,2019-08-20
8923a0d9626e7d3c5fadfaadedcef229,VirusShare_00495,injector,2359243,exe,trojan,78.26,2021-11-04T18:38:07+00:00,2019-08-20
8d6aa5575224ade721574ee04a07b4fe,VirusShare_00495,injector,2740284,exe,trojan,68.12,2021-11-07T14:43:09+00:00,2019-08-20
8ddd3025397a24c5284655756481b93d,VirusShare_00495,injector,1168984,exe,trojan,72.46,2021-11-04T11:53:21+00:00,2019-08-20
9495109e27af9a1b00882297dae32644,VirusShare_00495,injector,1066147,exe,trojan,69.12,2021-10-31T16:48:19+00:00,2019-08-20
958a9b1b48ea874e25c596e92a22032b,VirusShare_00495,injector,1493751,exe,trojan,66.67,2021-10-31T16:52:46+00:00,2019-08-20
983c4cf90b35b3e4fe3d954aa6b4f726,VirusShare_00495,injector,1133386,exe,trojan,69.57,2021-11-06T16:27:45+00:00,2019-08-20
9898ed302f83e712797ea5c27e336b0c,VirusShare_00495,injector,2420694,exe,trojan,66.18,2021-11-07T01:08:02+00:00,2019-08-20
9945ce62cafe31ca8960905ee7971ccc,VirusShare_00495,injector,2385793,exe,trojan,69.12,2021-11-05T08:00:22+00:00,2019-08-20
9ae8a1df099514480802aa7ee5a6827d,VirusShare_00495,injector,2753646,exe,trojan,69.57,2021-11-06T20:52:26+00:00,2019-08-20
a1b5ee18e2afa0483701f07e7a5ee17f,VirusShare_00495,injector,2654032,exe,trojan,62.86,2021-11-08T17:18:22+00:00,2019-08-20
a2e00066171aca968f368ce3a75252bf,VirusShare_00495,injector,2645885,exe,trojan,68.12,2021-11-03T11:05:40+00:00,2019-08-20
a3252c099ed1d5125d398decd3943b60,VirusShare_00495,injector,1539915,exe,trojan,69.57,2021-11-07T17:57:33+00:00,2019-08-20
a51858c0639bba68ef66b7dbbd435572,VirusShare_00495,injector,1206929,exe,trojan,57.97,2021-11-07T14:09:33+00:00,2019-08-20
a5846c367c2e95d55a9cbfa6f52c14ae,VirusShare_00495,injector,2662310,exe,trojan,63.79,2021-11-08T17:27:02+00:00,2019-08-20
a5ae492d28abb2c512a34954e661fc45,VirusShare_00495,injector,1103084,exe,trojan,69.57,2021-11-06T16:45:09+00:00,2019-08-20
a9f23cd75c0d0a5774d02bd5cfd2bd1e,VirusShare_00495,injector,1138728,exe,trojan,69.57,2021-11-02T19:23:41+00:00,2019-08-20
aaabe28c096ea1a58e9f42b6e47ed65d,VirusShare_00495,injector,1201374,exe,trojan,70.15,2021-11-08T08:21:16+00:00,2019-08-20
accae3fa66273e078988ea0397f89621,VirusShare_00495,injector,1110688,exe,trojan,70.59,2021-11-03T17:12:15+00:00,2019-08-20
ad67bc9fc1f04e9798f6681f279ea0fe,VirusShare_00495,injector,1201047,exe,trojan,70.59,2021-11-05T16:33:20+00:00,2019-08-20
ad714669a15bfc99132151413be7beaa,VirusShare_00495,injector,1301293,exe,trojan,68.66,2021-11-07T17:07:41+00:00,2019-08-20
b1d020f01fcaa64d7622a957e595125b,VirusShare_00495,injector,2722485,exe,trojan,68.12,2021-11-06T16:38:01+00:00,2019-08-20
b546cb17108f8309809f2e314ea85672,VirusShare_00495,injector,1166110,exe,trojan,68.18,2021-11-07T17:51:47+00:00,2019-08-20
b58eb0c5d56ed5227d256d6b1f4d8e7e,VirusShare_00495,injector,1110888,exe,trojan,66.67,2021-11-04T17:40:37+00:00,2019-08-20
b681992422b960b2f263a2a575ed22e8,VirusShare_00495,injector,2632178,exe,trojan,78.26,2021-11-06T00:17:26+00:00,2019-08-20
b917e2682b92a6873f715d051f1f1c80,VirusShare_00495,injector,1157860,exe,trojan,69.57,2021-11-03T17:27:10+00:00,2019-08-20
bfc521575f4c75f9a9b6b0362c46b3d2,VirusShare_00495,injector,2657712,exe,trojan,66.18,2021-11-02T17:23:02+00:00,2019-08-20
c0ec5eaf9f7aac79a1f709300faaeeac,VirusShare_00495,injector,1180267,exe,trojan,68.66,2021-11-04T11:46:19+00:00,2019-08-20
c31f1d225f0c15820906a57e992d647d,VirusShare_00495,injector,2355183,exe,trojan,67.65,2021-11-05T18:05:37+00:00,2019-08-20
c5c27959352f91d069fefa7d34676b66,VirusShare_00495,injector,2627836,exe,trojan,71.01,2021-11-07T17:09:43+00:00,2019-08-20
c97bf2fef35c15b828fcd76d2481f833,VirusShare_00495,injector,485553,exe,trojan,64.71,2021-11-08T16:33:19+00:00,2019-08-20
ca9787855f5c0117a21c4758b387f620,VirusShare_00495,injector,2612124,exe,trojan,69.57,2021-11-04T19:42:40+00:00,2019-08-20
cae00acb87691eea3d89ca1445844620,VirusShare_00495,injector,2597727,exe,trojan,66.18,2021-11-04T17:55:49+00:00,2019-08-20
cd0e781ed39b9c245b119d9bd7d9adbf,VirusShare_00495,injector,1164382,exe,trojan,71.01,2021-11-08T17:45:18+00:00,2019-08-20
d03601dd10c9b000cffde09f3fc2b62d,VirusShare_00495,injector,2713729,exe,trojan,68.12,2021-11-06T18:03:23+00:00,2019-08-20
d1ab474aae94d87de04221cc63d3bb59,VirusShare_00495,injector,1103985,exe,trojan,68.12,2021-11-06T18:03:32+00:00,2019-08-20
d7459ff8a10f02dfcd119355a0bdccef,VirusShare_00495,injector,2443628,exe,trojan,66.67,2021-11-05T17:05:57+00:00,2019-08-20
da39ea617f7febbad411298bc45a7cfe,VirusShare_00495,injector,2842390,exe,trojan,68.12,2021-11-08T03:24:17+00:00,2019-08-20
dc75ffcefc80c75e33ca16eb624c604f,VirusShare_00495,injector,2377162,exe,trojan,68.12,2021-10-31T17:26:27+00:00,2019-08-20
de7c29cd5f657a6d0096715b8982d279,VirusShare_00495,injector,2479322,exe,trojan,66.18,2021-11-06T17:54:53+00:00,2019-08-20
e0f9901b905d782619588429d94817f8,VirusShare_00495,injector,1182454,exe,trojan,63.77,2021-11-01T13:41:18+00:00,2019-08-20
e50dfb2cb317d9d4173c74aee03b99f6,VirusShare_00495,injector,2653693,exe,trojan,66.18,2021-11-08T17:23:53+00:00,2019-08-20
e8313cf51d76490ae040d454ead91ac3,VirusShare_00495,injector,2597013,exe,trojan,68.12,2021-11-02T16:48:53+00:00,2019-08-20
eda1f0c5431cf52d282d69f05378768b,VirusShare_00495,injector,1158254,exe,trojan,66.67,2021-11-05T15:54:55+00:00,2019-08-20
f4fae0f41b0d6bead53c23da1474ecc7,VirusShare_00495,injector,1116625,exe,trojan,66.67,2021-11-08T17:32:54+00:00,2019-08-20
f5f5151ca014fc5b42d86c4970564ae3,VirusShare_00495,injector,1129719,exe,trojan,68.12,2021-11-04T18:00:50+00:00,2019-08-20
f7bdabb2ba50c67f3e19ed23e308ec96,VirusShare_00495,injector,1508708,exe,trojan,69.57,2021-11-03T14:26:27+00:00,2019-08-20
fc1497fe45a0187e08cde51723dfbd25,VirusShare_00495,injector,1275733,exe,trojan,66.67,2021-10-31T16:31:57+00:00,2019-08-20
fc9eb0f38053c911a67b16dba10e3bfc,VirusShare_00495,injector,1109770,exe,trojan,69.57,2021-11-01T04:22:11+00:00,2019-08-20
fd49b19ef81386eb1a2afb983b3c5674,VirusShare_00495,injector,1104827,exe,trojan,68.66,2021-11-04T18:26:40+00:00,2019-08-20
ff51e5228bcf83fba60e2ebe99c335c4,VirusShare_00495,injector,1122743,exe,trojan,69.57,2021-11-04T19:54:52+00:00,2019-08-20
0c2f3a1ec3907796abbd0b4054b660d3,VirusShare_00499,injector,1230218,exe,trojan,68.66,2021-11-13T17:08:22+00:00,2019-08-20
0cf3e9c7399535f0165f45bd0b721c84,VirusShare_00499,injector,1238692,exe,trojan,69.12,2021-11-13T17:35:15+00:00,2019-08-20
0daea8a778a2e085ea0cebfe768834d3,VirusShare_00499,injector,2865747,exe,trojan,70.59,2021-11-14T17:52:16+00:00,2019-08-20
0eec0d1561c20718e38d128ae59dd1ea,VirusShare_00499,injector,1294815,exe,trojan,72.06,2021-11-16T21:28:12+00:00,2019-08-20
100cb36282014b0439b82cf572d13d94,VirusShare_00499,injector,1237360,exe,trojan,69.57,2021-11-09T00:25:28+00:00,2019-08-20
103475a4efb7496b1000a28372296451,VirusShare_00499,injector,1145268,exe,trojan,69.12,2021-11-13T17:40:24+00:00,2019-08-20
10da7b51da7e651a05007f7e3cd8e54c,VirusShare_00499,injector,2684667,exe,trojan,69.12,2021-11-16T17:58:47+00:00,2019-08-20
11b2f1720f14b6f8116ca013fd1ce679,VirusShare_00499,injector,2814413,exe,trojan,70.59,2021-11-13T13:36:31+00:00,2019-08-20
11d3416650bc1223acb6b3ff5d27fa45,VirusShare_00499,injector,1190360,exe,trojan,70.59,2021-11-12T17:16:16+00:00,2019-08-20
12f4b00679651645fd403e245df1b7aa,VirusShare_00499,injector,1193042,exe,trojan,70.59,2021-11-10T16:47:04+00:00,2019-08-20
15e782da050747a9285bdb9777e33997,VirusShare_00499,injector,1084916,exe,trojan,70.59,2021-11-12T06:31:35+00:00,2019-08-20
19724a1d1e36731e6221046fd2db1a62,VirusShare_00499,injector,2664205,exe,trojan,70.15,2021-11-11T12:47:11+00:00,2019-08-20
1b16517dbea389a18b43a6e4287fbb53,VirusShare_00499,injector,575551,exe,trojan,69.12,2021-11-15T18:10:06+00:00,2019-08-20
1b828df2708fc82d4600d47b8238f4f0,VirusShare_00499,injector,1202584,exe,trojan,72.06,2021-11-14T09:41:50+00:00,2019-08-20
1eace061a2f0327cd6164d45156f72c6,VirusShare_00499,injector,2693969,exe,trojan,70.59,2021-11-14T16:56:46+00:00,2019-08-20
1fa01867450eef362da6d6f3fdf7f48f,VirusShare_00499,injector,2673884,exe,trojan,69.7,2021-11-13T06:23:02+00:00,2019-08-20
2133e26ebb5fa2f543933f80ace01952,VirusShare_00499,injector,1231595,exe,trojan,69.12,2021-11-13T14:51:58+00:00,2019-08-20
21e728d52076e25246d063cf47bc3014,VirusShare_00499,injector,2701758,exe,trojan,70.15,2021-11-14T00:19:19+00:00,2019-08-20
25035d970de30c386239fb8333f8708a,VirusShare_00499,injector,2748352,exe,trojan,70.15,2021-11-14T10:43:40+00:00,2019-08-20
2601d24db1dde4d9426f045ec3c0100c,VirusShare_00499,injector,2653851,exe,trojan,69.12,2021-11-11T17:56:07+00:00,2019-08-20
260eea02bd80b2f84a1f126bcd21ad5c,VirusShare_00499,injector,1660670,exe,trojan,75.0,2021-11-14T19:36:43+00:00,2019-08-20
2bda70d439b37f64455c0029f252be80,VirusShare_00499,injector,1278099,exe,trojan,67.16,2021-11-13T17:22:00+00:00,2019-08-20
2d6f1ce93ef7d1db798d3f6af44f6535,VirusShare_00499,injector,2652217,exe,trojan,70.59,2021-11-13T23:15:53+00:00,2019-08-20
2e78ba25ec44b6a1cea4db37df11e406,VirusShare_00499,injector,2774617,exe,trojan,70.59,2021-11-15T18:15:51+00:00,2019-08-20
2fd70c81088d1831688b777f84843409,VirusShare_00499,injector,1197551,exe,trojan,66.67,2021-11-09T00:40:16+00:00,2019-08-20
3035a2b128ea9339e138c7892721f310,VirusShare_00499,injector,2794794,exe,trojan,74.24,2021-11-17T04:11:53+00:00,2019-08-20
3272a8e1cc9ec62ea7edb1887578e6c7,VirusShare_00499,injector,2784413,exe,trojan,70.15,2021-11-15T17:37:33+00:00,2019-08-20
333ded5e82dc6a7b10f3f48f7086ad36,VirusShare_00499,injector,2439800,exe,trojan,66.18,2021-11-13T01:58:20+00:00,2019-08-20
3588cbe341fd10d6904140b7501d9034,VirusShare_00499,injector,2744828,exe,trojan,64.41,2021-11-15T17:39:00+00:00,2019-08-20
38ec55a0ca7cb669a56d3cbadb2a11ef,VirusShare_00499,injector,1097400,exe,trojan,69.12,2021-11-15T17:22:25+00:00,2019-08-20
3a435c85e8a9d33839259196cc18c284,VirusShare_00499,injector,2764913,exe,trojan,70.59,2021-11-15T17:10:08+00:00,2019-08-20
3b96fa456cd08dce4c85c5a60b153706,VirusShare_00499,injector,1240050,exe,trojan,69.12,2021-11-13T17:26:25+00:00,2019-08-20
3c9e7f4bfabcecb9c0f3245d35927642,VirusShare_00499,injector,2660186,exe,trojan,68.18,2021-11-13T16:36:32+00:00,2019-08-20
3cc50742eea5bf79de91b3c91131e629,VirusShare_00499,injector,2774801,exe,trojan,70.59,2021-11-12T04:34:41+00:00,2019-08-20
3dcdedec2dc45b6ba734705e2db853fe,VirusShare_00499,injector,2749912,exe,trojan,69.12,2021-11-14T16:59:12+00:00,2019-08-20
3dd098d2433c7ff93ed85831459b8775,VirusShare_00499,injector,1198029,exe,trojan,66.67,2021-11-13T17:43:24+00:00,2019-08-20
417fa5ed8c658f47365b1acf14e1697d,VirusShare_00499,injector,1250272,exe,trojan,69.12,2021-11-12T16:39:11+00:00,2019-08-20
428a7077680dd2392fe7d2f18f8f8537,VirusShare_00499,injector,1634590,exe,trojan,68.66,2021-11-12T10:58:14+00:00,2019-08-20
430bf0cb1a9025fd993effc042c0859c,VirusShare_00499,injector,1509913,exe,trojan,67.65,2021-11-10T17:53:34+00:00,2019-08-20
45fd019a5addebeb4cf324e1f44b76ce,VirusShare_00499,injector,2797300,exe,trojan,70.15,2021-11-13T17:23:28+00:00,2019-08-20
47c65fb23fa5f8e1d39d742e14ebf6e5,VirusShare_00499,injector,1092221,exe,trojan,69.12,2021-11-14T16:27:23+00:00,2019-08-20
48fa974aaba68f4c48025c9fc10794d8,VirusShare_00499,injector,2740204,exe,trojan,70.15,2021-11-13T17:09:35+00:00,2019-08-20
4b7fd5cb2fb68440dd7f61007d45e319,VirusShare_00499,injector,2641779,exe,trojan,70.59,2021-11-13T08:07:17+00:00,2019-08-20
4c630f0df080d383101161cf4177cc21,VirusShare_00499,injector,2714852,exe,trojan,69.12,2021-11-12T17:28:03+00:00,2019-08-20
4cfebe62f9884b08e7bff1f57d158d10,VirusShare_00499,injector,2775116,exe,trojan,68.66,2021-11-12T16:58:50+00:00,2019-08-20
4ef4e8361d1573469500b98843020d30,VirusShare_00499,injector,2713003,exe,trojan,66.13,2021-11-13T17:11:16+00:00,2019-08-20
505e1294e582b4d21159bb2a27943cce,VirusShare_00499,injector,2724055,exe,trojan,70.59,2021-11-15T17:43:48+00:00,2019-08-20
5112ae8979b1f2149cf581a697f58bd1,VirusShare_00499,injector,1279914,exe,trojan,70.59,2021-11-11T18:15:18+00:00,2019-08-20
534e5b476d84dadcf0eacda81dd98972,VirusShare_00499,injector,2706386,exe,trojan,73.13,2021-11-11T09:10:48+00:00,2019-08-20
540ee999198f406646a854ff472bc86c,VirusShare_00499,injector,1215985,exe,trojan,69.12,2021-11-13T18:07:16+00:00,2019-08-20
542d6629e4dda080ba2a8951cfdf3931,VirusShare_00499,injector,1191993,exe,trojan,69.12,2021-11-13T14:23:41+00:00,2019-08-20
54e4711f4aa22206a8105b4dba443ca5,VirusShare_00499,injector,1256133,exe,trojan,66.18,2021-11-10T03:06:19+00:00,2019-08-20
571e3503eb46cc1bb3543ed836fa8606,VirusShare_00499,injector,2762956,exe,trojan,63.24,2021-11-15T16:58:03+00:00,2019-08-20
574ece2360606692af6b41749807f9a1,VirusShare_00499,injector,2700203,exe,trojan,70.59,2021-11-12T17:28:27+00:00,2019-08-20
5780df184d64854cc9ead55023e9d473,VirusShare_00499,injector,1245339,exe,trojan,74.63,2021-11-17T05:40:45+00:00,2019-08-20
59b618d2b5f0c45a51f9ebabe98674df,VirusShare_00499,injector,1251467,exe,trojan,66.18,2021-11-11T15:36:18+00:00,2019-08-20
5cc0abf6146e1c8a8e2305e0ffd3ee7c,VirusShare_00499,injector,2656198,exe,trojan,70.59,2021-11-11T17:22:31+00:00,2019-08-20
61617f1f3ed93bab4ac2cf5463854b61,VirusShare_00499,injector,1190093,exe,trojan,68.66,2021-11-13T22:27:00+00:00,2019-08-20
616ec1d157dc700f6097379a9773bf73,VirusShare_00499,injector,1214746,exe,trojan,69.12,2021-11-14T16:47:28+00:00,2019-08-20
63f0a1ffff0cc6fea4f2ee7c6981ebf4,VirusShare_00499,injector,1221744,exe,trojan,68.66,2021-11-11T17:02:45+00:00,2019-08-20
64c75c281690bb83d944a96dd968a39a,VirusShare_00499,injector,1105867,exe,trojan,68.18,2021-11-13T16:40:15+00:00,2019-08-20
662f82b0746444dcdfcfc875124e9ffa,VirusShare_00499,injector,2740862,exe,trojan,69.12,2021-11-13T17:03:22+00:00,2019-08-20
6b5bdce8e6bf6f07ad93533dce71fa3d,VirusShare_00499,injector,1076357,exe,trojan,70.15,2021-11-13T16:55:03+00:00,2019-08-20
6cadb642a77bb888a2fa43a1b120c1b8,VirusShare_00499,injector,1097223,exe,trojan,70.59,2021-11-12T17:19:53+00:00,2019-08-20
71223cde8e8003d73934da4378b68144,VirusShare_00499,injector,1225985,exe,trojan,69.7,2021-11-13T17:48:23+00:00,2019-08-20
7519e374416996be5b3e5ab9f0f89422,VirusShare_00499,injector,2484771,exe,trojan,67.65,2021-11-15T17:01:38+00:00,2019-08-20
75ee6aed7783fa7d2b04147b02a3c53d,VirusShare_00499,injector,2775846,exe,trojan,67.65,2021-11-13T17:33:49+00:00,2019-08-20
764cc4734041ea6aaafdaca33a3dc84a,VirusShare_00499,injector,1196113,exe,trojan,66.15,2021-11-10T17:33:25+00:00,2019-08-20
786a0e41720e19dabfb69a5934407810,VirusShare_00499,injector,561630,exe,trojan,70.59,2021-11-14T17:36:13+00:00,2019-08-20
7dc8efbd5c02ce538515fb385a20d0e8,VirusShare_00499,injector,1232828,exe,trojan,70.59,2021-11-13T17:10:28+00:00,2019-08-20
7e1628d6141a1eca255e1070cd039549,VirusShare_00499,injector,1297047,exe,trojan,70.59,2021-11-13T16:56:58+00:00,2019-08-20
7ec5bca784efe1b361a1e1617be610f9,VirusShare_00499,injector,1218413,exe,trojan,68.18,2021-11-14T09:21:09+00:00,2019-08-20
80fa1c45f2335e9600d9786c8df91057,VirusShare_00499,injector,1206031,exe,trojan,70.59,2021-11-15T17:00:55+00:00,2019-08-20
817f2f5483ad4cb0960fa9faf80a4956,VirusShare_00499,injector,2511428,exe,trojan,69.12,2021-11-15T17:20:06+00:00,2019-08-20
8398658c9a76e5b656f7ed7b0b1e19d3,VirusShare_00499,injector,2660355,exe,trojan,69.12,2021-11-12T17:27:15+00:00,2019-08-20
857548b9a96c2e81d1b9a4ecce1e466d,VirusShare_00499,injector,1264732,exe,trojan,72.06,2021-11-13T16:31:26+00:00,2019-08-20
87a4ccc2a0236f32c69574e949c0187d,VirusShare_00499,injector,1178384,exe,trojan,67.16,2021-11-13T17:00:37+00:00,2019-08-20
8957840441609d893b55bc4b3fff4e4e,VirusShare_00499,injector,1260961,exe,trojan,69.12,2021-11-15T16:31:30+00:00,2019-08-20
8aca2d2dfe84cc400bbc904c7ac98a25,VirusShare_00499,injector,2539954,exe,trojan,73.53,2021-11-13T03:40:07+00:00,2019-08-20
8b2d20885f10df592c46cb0c9432dabb,VirusShare_00499,injector,1260091,exe,trojan,71.21,2021-11-13T17:17:08+00:00,2019-08-20
8eea40213f3f66d227cdeb13289ca1c0,VirusShare_00499,injector,1256486,exe,trojan,66.15,2021-11-12T21:30:44+00:00,2019-08-20
94b8741bf918646352dcd1f5ace274c8,VirusShare_00499,injector,2427502,exe,trojan,66.67,2021-11-09T17:43:38+00:00,2019-08-20
95b93716b2e390e4546b500cf76c50b5,VirusShare_00499,injector,2749059,exe,trojan,70.15,2021-11-12T18:13:26+00:00,2019-08-20
961797f8666d46722279e60f5bbe29d0,VirusShare_00499,injector,1198818,exe,trojan,70.15,2021-11-12T09:27:46+00:00,2019-08-20
9a886c7a3d319cf70b7d4198458e1a9d,VirusShare_00499,injector,543037,exe,trojan,70.15,2021-11-15T17:38:01+00:00,2019-08-20
9ddc10a6008c8d98da7177740dd59f08,VirusShare_00499,injector,1122155,exe,trojan,69.12,2021-11-12T18:00:39+00:00,2019-08-20
a88e1f1cd7f48e096686dad9243462c5,VirusShare_00499,injector,523945,exe,trojan,70.77,2021-11-12T17:32:46+00:00,2019-08-20
aa7c8e9a31104e7eac4228c9f9b74c5a,VirusShare_00499,injector,2826087,exe,trojan,66.18,2021-11-15T17:07:35+00:00,2019-08-20
aa8da7ebaf9fec317f9c037dce761534,VirusShare_00499,injector,2733931,exe,trojan,68.66,2021-11-13T07:24:58+00:00,2019-08-20
ab215ddd36b0480ce6cd5143cff1c98c,VirusShare_00499,injector,1217552,exe,trojan,68.66,2021-11-14T17:28:25+00:00,2019-08-20
ad75200717aed33b8afa19dc8116de46,VirusShare_00499,injector,2681406,exe,trojan,69.12,2021-11-12T17:00:37+00:00,2019-08-20
aebad746d4b5d266b0ff599847ec6866,VirusShare_00499,injector,2705866,exe,trojan,68.66,2021-11-11T18:56:19+00:00,2019-08-20
afd08d0600dcc69dbe5cf853bc9b6e18,VirusShare_00499,injector,1209454,exe,trojan,70.59,2021-11-14T17:41:45+00:00,2019-08-20
b3369ce6a46d99b122fc9924e39ab51b,VirusShare_00499,injector,1175549,exe,trojan,69.12,2021-11-09T17:42:47+00:00,2019-08-20
b51ec31d0325eed927280bb22d5811b7,VirusShare_00499,injector,2675915,exe,trojan,64.71,2021-11-13T14:08:06+00:00,2019-08-20
b5b1b9f2416d0b66b07a221900b38b99,VirusShare_00499,injector,545566,exe,trojan,70.59,2021-11-14T02:36:35+00:00,2019-08-20
b8625534d3ae6def805b306689e93df7,VirusShare_00499,injector,2767296,exe,trojan,69.12,2021-11-13T18:56:13+00:00,2019-08-20
bbe99ef62fdd269b4fb4ea659db5f9fa,VirusShare_00499,injector,611566,exe,trojan,70.15,2021-11-13T17:04:54+00:00,2019-08-20
bbeede58dea88d66a3a22637ead1d3f5,VirusShare_00499,injector,1500176,exe,trojan,67.65,2021-11-12T18:12:34+00:00,2019-08-20
bc3ce835d9094965042798285439cea3,VirusShare_00499,injector,2732984,exe,trojan,68.66,2021-11-13T17:56:50+00:00,2019-08-20
bc94d79b8ae44b8246b431e056823e2c,VirusShare_00499,injector,1199806,exe,trojan,68.66,2021-11-15T17:48:02+00:00,2019-08-20
c0485d08fd29951b3f0491936254fe48,VirusShare_00499,injector,2744330,exe,trojan,67.65,2021-11-14T17:24:44+00:00,2019-08-20
c059ca234231477705c139cf415d1cbc,VirusShare_00499,injector,1305916,exe,trojan,69.12,2021-11-15T17:01:37+00:00,2019-08-20
c0f1fcb3bcccf1148478ea8a1b582a3f,VirusShare_00499,injector,1248341,exe,trojan,70.59,2021-11-12T23:40:56+00:00,2019-08-20
c34c2cfba6c8f73a67978598db79ec81,VirusShare_00499,injector,1291791,exe,trojan,69.12,2021-11-13T17:30:06+00:00,2019-08-20
c713439f5dde480057ce33bf0888e783,VirusShare_00499,injector,2788607,exe,trojan,69.12,2021-11-15T16:56:58+00:00,2019-08-20
c72178527912a097409f547ba187cd6e,VirusShare_00499,injector,2759672,exe,trojan,70.15,2021-11-13T13:54:11+00:00,2019-08-20
c7d82f445c8240f88f109ca835be9a3d,VirusShare_00499,injector,1274557,exe,trojan,68.18,2021-11-12T11:23:17+00:00,2019-08-20
c87a8cc7a6583f1616d9856182720e18,VirusShare_00499,injector,2675574,exe,trojan,62.3,2021-11-12T04:58:17+00:00,2019-08-20
ca39690608306e51d7635b0d4bac118b,VirusShare_00499,injector,1639475,exe,trojan,69.12,2021-11-13T17:26:00+00:00,2019-08-20
cd6dee5a21dc00ac6c4ca40e45ec74d8,VirusShare_00499,injector,1225937,exe,trojan,65.22,2021-11-08T23:28:37+00:00,2019-08-20
ce31c932da9c9e334dcb3f0c08d51bd4,VirusShare_00499,injector,1241490,exe,trojan,70.59,2021-11-15T17:18:47+00:00,2019-08-20
d324d3767c7073a7843edf537738decc,VirusShare_00499,injector,2750418,exe,trojan,67.65,2021-11-10T04:27:32+00:00,2019-08-20
d42de82c52e9875e1bd40b228e3d64e2,VirusShare_00499,injector,1256435,exe,trojan,70.59,2021-11-10T19:01:26+00:00,2019-08-20
d75c6d37f0c434ea78f2641f190402aa,VirusShare_00499,injector,2761226,exe,trojan,67.65,2021-11-13T16:56:32+00:00,2019-08-20
d82649f640dad0e67bed4af8eb8d1580,VirusShare_00499,injector,1220737,exe,trojan,70.59,2021-11-12T17:58:42+00:00,2019-08-20
dd179b5444dc4c32f94a0f4153e4f292,VirusShare_00499,injector,1646747,exe,trojan,65.67,2021-11-13T17:16:45+00:00,2019-08-20
ddee85f03cd94c083dba35dfe1c5bbdd,VirusShare_00499,injector,2484708,exe,trojan,67.65,2021-11-14T05:14:03+00:00,2019-08-20
e122dedfbf9c38437a35d0b85ad03fa2,VirusShare_00499,injector,2665771,exe,trojan,70.59,2021-11-12T17:36:12+00:00,2019-08-20
e3d093c8f898423721fb49924677363f,VirusShare_00499,injector,2468201,exe,trojan,69.12,2021-11-13T17:17:30+00:00,2019-08-20
e702c6d7c5ccbbfc853fb8b61b63aadf,VirusShare_00499,injector,1202200,exe,trojan,67.16,2021-11-13T16:54:20+00:00,2019-08-20
e80114dd5ad9e19f02486a0090feb615,VirusShare_00499,injector,2769625,exe,trojan,69.12,2021-11-13T15:24:43+00:00,2019-08-20
e8b51f12bc2df84210f7f6cf8ae604f6,VirusShare_00499,injector,1224699,exe,trojan,69.12,2021-11-12T17:22:27+00:00,2019-08-20
ed7f2bdbc820ca91a1557faaf732e474,VirusShare_00499,injector,1241217,exe,trojan,69.7,2021-11-12T04:26:46+00:00,2019-08-20
ef5f8378d44d9a486e39cfe268fc370f,VirusShare_00499,injector,2699023,exe,trojan,69.12,2021-11-10T17:42:20+00:00,2019-08-20
f096fe440a5f90eaf0109e9a178b96c9,VirusShare_00499,injector,2728606,exe,trojan,69.12,2021-11-13T17:10:51+00:00,2019-08-20
f35b951006354c762659a9b98437d7a2,VirusShare_00499,injector,2385584,exe,trojan,67.16,2021-11-15T18:15:46+00:00,2019-08-20
f3e81b5ad366146b301ac8ab58f014e2,VirusShare_00499,injector,2693318,exe,trojan,69.12,2021-11-13T16:47:53+00:00,2019-08-20
f422850fee8ef9277d4375543c882919,VirusShare_00499,injector,2698633,exe,trojan,69.12,2021-11-13T17:37:49+00:00,2019-08-20
f90839860b93d8c487c6664042928660,VirusShare_00499,injector,558748,exe,trojan,72.06,2021-11-15T17:36:30+00:00,2019-08-20
fdf3522e74319cd6f46e38753b6373a5,VirusShare_00499,injector,1138888,exe,trojan,69.12,2021-11-10T17:50:41+00:00,2019-08-20
ff41ed3882f60ec0d812bbfa5911bc1b,VirusShare_00499,injector,1212410,exe,trojan,70.59,2021-11-13T16:54:27+00:00,2019-08-20
1469fe6523a1b002bfd27ba3e3f79087,VirusShare_00495,injector,196608,exe,trojan,43.48,2021-11-04T21:57:57+00:00,2020-04-07
4f1366b7565996886e49e974232809a2,VirusShare_00495,injector,196608,exe,trojan,40.3,2021-11-08T12:16:49+00:00,2020-04-07
54958f1e407595fade9d7614dd5fbf0b,VirusShare_00495,injector,196608,exe,trojan,38.98,2021-11-05T05:21:29+00:00,2020-04-07
65c66d9fc1ea00998ffbe52460df0551,VirusShare_00495,injector,196608,exe,trojan,39.68,2021-11-08T07:04:41+00:00,2020-04-07
77c915e0dd2f73bd438627f4e0ca9603,VirusShare_00495,injector,196608,exe,trojan,41.18,2021-11-04T11:32:36+00:00,2020-04-07
a588e2401fcada1127f589ae9f26fb10,VirusShare_00495,injector,196608,exe,trojan,40.3,2021-11-04T20:44:08+00:00,2020-04-07
b7c83bc5e45eb2db012bc6e2325336f1,VirusShare_00495,injector,196608,exe,trojan,52.17,2021-11-06T15:41:41+00:00,2020-04-07
d35474eec400924403fe5521f91b7d59,VirusShare_00495,injector,196608,exe,trojan,47.83,2021-11-05T03:05:49+00:00,2020-04-07
df07d418dfe57cd29a2fbe4bb81df128,VirusShare_00495,injector,196608,exe,trojan,44.12,2021-11-06T05:38:05+00:00,2020-04-07
f03f8fd17ccabdbe82817dd0c43d6e58,VirusShare_00495,injector,196608,exe,trojan,42.03,2021-11-06T19:44:06+00:00,2020-04-07
c7e4459dd8b7241893888f3e3d33e65d,VirusShare_00499,injector,196608,exe,trojan,43.28,2021-11-14T21:49:39+00:00,2020-04-07
3e85d82668bffe60afbb9aac455cfa78,VirusShare_00495,injector,1286285,exe,trojan,55.07,2021-11-04T10:35:07+00:00,2020-11-12
963a830a2a87ac361137e620d3ed7fcd,VirusShare_00499,injector,5632,exe,trojan,82.35,2021-11-10T03:42:06+00:00,2021-01-05
f93881c6e5a48fbce8e40cfe2792cbd6,VirusShare_00495,injector,2186710,exe,trojan,50.72,2021-11-08T22:38:28+00:00,2021-04-07
5400fc8e427e044352d414c784c89e9e,VirusShare_00499,injector,5632,exe,trojan,80.88,2021-11-10T19:13:31+00:00,2021-09-15
509a4e310232dd0ba79ac3745091f47c,VirusShare_00495,injector,4444160,exe,trojan,64.71,2021-11-08T04:38:06+00:00,2021-10-25
fbc6ec27235236dae859ba17221cfe70,VirusShare_00495,injector,780800,exe,trojan,59.7,2021-11-08T08:52:31+00:00,2021-11-03
30d408348944ca0e70dd304f7cb07374,VirusShare_00495,injector,1729024,exe,trojan,39.71,2021-11-09T10:35:30+00:00,2021-11-06
a3d7e0a8dab1ff4792ae75fa69bae83d,VirusShare_00495,injector,32768,exe,trojan,57.97,2021-11-09T15:13:44+00:00,2021-11-06
77c11a0843dc22b64b344b9e7dca93e2,VirusShare_00499,injector,545792,exe,trojan,29.41,2021-11-09T03:00:29+00:00,2021-11-08
b2edf83b76e6edd790088195c6ceb1cd,VirusShare_00499,injector,22528,exe,trojan,50.75,2021-11-17T03:14:03+00:00,2021-11-08
92d38ed5f823c0b559bcc86195bf239f,VirusShare_00499,injector,6488058,exe,sin_inferir,3.03,2021-11-10T19:47:00+00:00,2021-11-09
ca2e6f3ea7de151297ac7ea4e0d43675,VirusShare_00499,injector,233472,exe,trojan,69.12,2021-11-11T03:35:18+00:00,2021-11-09
cece6229bf949483be1964d7e4aacf02,VirusShare_00499,injector,380928,exe,worm,11.94,2021-11-09T23:49:29+00:00,2021-11-09
8cec5b455b359860f5a7aa647331783f,VirusShare_00499,injector,472576,exe,trojan,69.7,2021-11-17T08:14:05+00:00,2021-11-10
796053b882c32eb9f3ee4ae5d32d8a61,VirusShare_00499,injector,365000,exe,trojan,77.61,2021-11-17T14:09:10+00:00,2021-11-11
f2490a4b2059980af9fbde600007757f,VirusShare_00499,injector,485376,exe,trojan,65.67,2021-11-16T02:54:05+00:00,2021-11-11
194aeac468c5c32128d7466015412381,VirusShare_00499,injector,548352,exe,trojan,29.23,2021-11-13T00:02:24+00:00,2021-11-12
357524305be521b34dd888aed8efc48f,VirusShare_00499,injector,73432,exe,trojan,62.69,2021-11-17T17:38:30+00:00,2021-11-12
4b4c3b3d817df6513c04da54fea98b5d,VirusShare_00499,injector,69632,exe,trojan,61.19,2021-11-16T10:35:22+00:00,2021-11-12
a7a3b3f6be3494291960f8f83de0eedc,VirusShare_00499,injector,598016,exe,trojan,61.76,2021-11-17T03:54:20+00:00,2021-11-12
cd9c6746dce5467031b32d930a1912b3,VirusShare_00499,injector,547840,exe,trojan,39.39,2021-11-13T05:52:02+00:00,2021-11-12
46c8876e13d1f1234999b1e20eaf8a8e,VirusShare_00499,injector,480768,exe,trojan,52.24,2021-11-16T11:06:18+00:00,2021-11-13
58d8a54e22c8f6c564a640244fda3f14,VirusShare_00499,injector,102400,exe,trojan,59.7,2021-11-17T10:17:33+00:00,2021-11-13
bea32f980029859992be7db272bfca68,VirusShare_00499,injector,1017870,exe,trojan,51.47,2021-11-16T14:15:34+00:00,2021-11-13
fe9ba36848c9ebe9033c04b09c744acb,VirusShare_00499,injector,547840,exe,trojan,32.84,2021-11-14T09:26:38+00:00,2021-11-13
85359abbe20f47f1bc916751d01f2fc1,VirusShare_00499,injector,547328,exe,trojan,33.82,2021-11-14T20:48:11+00:00,2021-11-14
9bea5bef726cd4f2d13e25325e974846,VirusShare_00499,injector,546304,exe,trojan,29.41,2021-11-14T19:58:51+00:00,2021-11-14
fed66bdc40a9b19d96c361087b6cb2ac,VirusShare_00499,injector,12582912,exe,trojan,32.35,2021-11-14T20:48:22+00:00,2021-11-14
8a6843ccbd60ed60699f8a50b371ea09,VirusShare_00495,injector,126480,exe,sin_inferir,4.41,2021-11-03T14:29:23+00:00,2057-02-04
f8114573637c4d4226db068f5f5f94fa,VirusShare_00495,injector,6656,exe,trojan,10.29,2021-11-07T15:14:09+00:00,2069-06-12
f060fbfeba0e602145854d398bcda602,VirusShare_00499,injector,80384,exe,trojan,65.67,2021-11-17T00:44:28+00:00,2094-08-09
c0bf133ebb3cf8ab36d5cc19487767e8,VirusShare_00495,injector,464384,exe,trojan,71.01,2021-11-08T17:40:49+00:00,2103-09-19
04f8d07a76fa6fed9648cdde024e0d5f,VirusShare_00499,injector,464384,exe,trojan,59.02,2021-11-11T01:35:47+00:00,2103-09-19
