hash_md5,lote_origen,familia_probable,size,extension,tipo_probable,detection_percent,fecha_escaneo_vt,dia_creacion_archivo
0996618eb47d081fa0bb8a3c0946c255,VirusShare_00495,razy,2683349,exe,trojan,57.35,2021-11-09T00:06:02+00:00,
0a0db1e2d47d51db41f81136dc22a731,VirusShare_00495,razy,1704960,exe,trojan,47.76,2021-11-03T21:48:06+00:00,
0ad452f33f76bcd60a25e05d11b827af,VirusShare_00495,razy,1987451,exe,trojan,58.21,2021-11-09T17:04:53+00:00,
0e4a91ac133bacee38bdcf898a3ca5a5,VirusShare_00495,razy,513536,exe,trojan,68.18,2021-11-06T17:12:07+00:00,
0fb1ab0115e7226c789bc2591b135273,VirusShare_00495,razy,1704960,exe,trojan,71.01,2021-11-05T17:01:54+00:00,
1568aca9be883bcfd0746c1dabe1a563,VirusShare_00495,razy,86528,exe,trojan,54.41,2021-11-06T16:46:18+00:00,
23b28cb81ce70c4bb165a37a644f72d3,VirusShare_00495,razy,513536,exe,trojan,69.12,2021-11-05T17:00:39+00:00,
290199733441a6700fed08faa097561c,VirusShare_00495,razy,518145,exe,trojan,59.42,2021-11-08T17:46:51+00:00,
2a528e65a7507ba7eab20dd1ddb66d5e,VirusShare_00495,razy,86528,exe,trojan,56.52,2021-11-06T12:20:38+00:00,
33bf4b445a157bf33bf6dfc4de316893,VirusShare_00495,razy,513536,exe,trojan,69.57,2021-11-07T17:39:40+00:00,
388ab8b56f6b0a407be40204f239319b,VirusShare_00495,razy,108040,exe,trojan,58.82,2021-11-07T14:15:21+00:00,
399938a7a3c168106963f89b57d8edf5,VirusShare_00495,razy,1381862,exe,trojan,60.29,2021-11-09T13:42:44+00:00,
3d8a1760bd9d6c40d9cd81687e50f637,VirusShare_00495,razy,513536,exe,trojan,75.36,2021-11-09T11:17:17+00:00,
3f9e5eb2fc242a37ad323169fc774638,VirusShare_00495,razy,45672,exe,trojan,53.03,2021-11-05T19:25:19+00:00,
4756ba702bdfca1acda951c470de9453,VirusShare_00495,razy,455272,exe,trojan,76.12,2021-11-04T10:05:51+00:00,
49b89c68e80606cf000a558e33f88e5b,VirusShare_00495,razy,1234445,exe,trojan,63.24,2021-11-08T07:37:36+00:00,
4ca24250b4f082fbf108419b3e641920,VirusShare_00495,razy,86528,exe,trojan,67.16,2021-11-08T08:37:18+00:00,
4fbaf4a66475c7b3a1dfae932986f454,VirusShare_00495,razy,454144,exe,trojan,37.31,2021-11-05T19:35:46+00:00,
5c85b3e46fbeb79340f2e6014e394d4b,VirusShare_00495,razy,518145,exe,trojan,56.52,2021-11-08T16:42:57+00:00,
5c8d9227d26a626f9e2afad5be32d138,VirusShare_00495,razy,66152,exe,trojan,57.58,2021-11-08T18:54:10+00:00,
603ae6646e2a57e80cee63654b6e2dd6,VirusShare_00495,razy,1704960,exe,trojan,60.87,2021-11-07T18:08:14+00:00,
61587ec56dbd0910ccbbce8978d4b83e,VirusShare_00495,razy,518144,exe,trojan,68.12,2021-11-05T17:11:04+00:00,
64c122c731f7cc9867d684dbb126188d,VirusShare_00495,razy,66152,exe,trojan,63.24,2021-11-08T01:22:00+00:00,
651bb5f3de14844b64861c89763fdd03,VirusShare_00495,razy,57960,exe,trojan,49.25,2021-11-05T21:36:11+00:00,
675b9db53151cede0e5df6996e124117,VirusShare_00495,razy,50408,exe,worm,14.71,2021-11-05T19:32:14+00:00,
69c511626e6dda04fa1dd6c352c462d3,VirusShare_00495,razy,86528,exe,trojan,63.64,2021-11-08T09:44:06+00:00,
71bcaf79c447ab001383a1b4277b9882,VirusShare_00495,razy,57960,exe,trojan,50.75,2021-11-06T15:15:36+00:00,
72f825c0d7ffb4efe71c4000654d26dc,VirusShare_00495,razy,518144,exe,trojan,62.32,2021-11-03T22:41:09+00:00,
7bb38a88ee862815c9af356ab32167ef,VirusShare_00495,razy,86528,exe,trojan,52.17,2021-11-08T06:54:44+00:00,
82594e8806aa3aa27841cb1d3b9a3745,VirusShare_00495,razy,454144,exe,trojan,37.31,2021-11-05T19:35:41+00:00,
85c0aa640ca2c39ebf134c77c608ec4a,VirusShare_00495,razy,1704960,exe,trojan,69.57,2021-11-07T17:05:23+00:00,
8e4643cd868622412e9f377bb0b9f0b0,VirusShare_00495,razy,518145,exe,trojan,63.24,2021-11-08T17:31:12+00:00,
94cdede466fbdbedade8700bc0ee94c0,VirusShare_00495,razy,990208,exe,trojan,62.32,2021-11-05T13:27:26+00:00,
95cc9d02284dc43d4a316857e288f164,VirusShare_00495,razy,513536,exe,trojan,72.73,2021-11-10T08:35:11+00:00,
9a2cbc13c51789e2d1087ea664e9d5ac,VirusShare_00495,razy,1042218,exe,trojan,45.59,2021-11-05T07:05:13+00:00,
9ea6176ab6058a3435edf169fc547382,VirusShare_00495,razy,4281344,exe,trojan,63.77,2021-11-07T20:38:58+00:00,
adceedf154f3180090ae226b52c67d96,VirusShare_00495,razy,86528,exe,trojan,53.62,2021-11-07T17:30:39+00:00,
ae6ef55f68d81f2ac7d9ef60b6d25ad3,VirusShare_00495,razy,86528,exe,trojan,67.65,2021-11-04T15:37:43+00:00,
b47447f26fa0c3bf7859a1c9d66eb384,VirusShare_00495,razy,513536,exe,trojan,69.7,2021-11-09T10:57:18+00:00,
b491f783fb3b94a3506bf16716e9373e,VirusShare_00495,razy,513536,exe,trojan,62.32,2021-11-08T17:30:03+00:00,
b4a6cd285ee1a4883d0b64ab7ad6cd88,VirusShare_00495,razy,58368,exe,trojan,55.88,2021-11-07T17:31:41+00:00,
bd847342c32de8766781f33808cad1f2,VirusShare_00495,razy,213608,exe,trojan,73.91,2021-11-05T12:14:33+00:00,
bf88ef63a41f7c778ed8d50b4973ce6a,VirusShare_00495,razy,518145,exe,trojan,58.82,2021-11-07T17:08:14+00:00,
c23f32ac70266794f6b31e1e443df2eb,VirusShare_00495,razy,86528,exe,trojan,55.07,2021-11-07T16:54:45+00:00,
c4ec2d5cf9861214b1afb547b381366c,VirusShare_00495,razy,86528,exe,trojan,60.29,2021-11-07T17:56:35+00:00,
c517b24141acb393e12da3cff0111111,VirusShare_00495,razy,292072,exe,worm,17.65,2021-11-06T13:16:04+00:00,
c563f2abb56feca404ae060ccfb4f143,VirusShare_00495,razy,518145,exe,trojan,57.97,2021-11-05T17:30:59+00:00,
c85e52c92e20461e2d673742c9e07b69,VirusShare_00495,razy,513536,exe,trojan,66.67,2021-11-04T18:13:04+00:00,
cbd232f45400c319834c387663affafc,VirusShare_00495,razy,513536,exe,trojan,72.46,2021-11-07T20:35:01+00:00,
d96b891ae2de6a8875faca5b263a3de4,VirusShare_00495,razy,513536,exe,trojan,63.64,2021-11-07T18:07:17+00:00,
e01407903147162577b8ba21640d7772,VirusShare_00495,razy,86528,exe,trojan,75.36,2021-11-05T15:07:59+00:00,
e2401c3c3821b6f1f477e37fbbadcb86,VirusShare_00495,razy,484864,exe,trojan,65.62,2021-11-03T20:26:15+00:00,
e5524855620534e7caa26c9c43d1ff63,VirusShare_00495,razy,1027072,exe,trojan,71.01,2021-11-08T17:08:47+00:00,
e6b6b2546fe1a52d2b5051b67b1f71f1,VirusShare_00495,razy,58368,exe,trojan,55.07,2021-11-04T18:37:55+00:00,
ec68cd792f236cd00291551b37876c5d,VirusShare_00495,razy,66152,exe,trojan,52.24,2021-11-05T22:09:52+00:00,
eee9b400312c760430a328be5efa34ec,VirusShare_00495,razy,1027072,exe,trojan,69.57,2021-11-08T16:56:34+00:00,
fe6f06b8f799749a16502a300cec2872,VirusShare_00495,razy,86528,exe,trojan,72.46,2021-11-09T13:42:40+00:00,
ff61fca047c27cf614b119705a0cbff7,VirusShare_00495,razy,86528,exe,trojan,68.66,2021-11-09T04:13:51+00:00,
ffe45d5ede8cc96b15aa2024d04c3e70,VirusShare_00495,razy,86528,exe,trojan,53.62,2021-11-08T17:14:59+00:00,
031ff84e205e4ae22402e33d7e2cfdb5,VirusShare_00499,razy,1731272,exe,trojan,24.59,2021-11-15T15:36:18+00:00,
05f5916f6cfe59fa6c6a71a040908379,VirusShare_00499,razy,1027072,exe,trojan,69.12,2021-11-10T19:22:14+00:00,
0649caa30b421715c99c79340320aa43,VirusShare_00499,razy,86528,exe,trojan,62.12,2021-11-13T17:08:43+00:00,
08bbf3c6aeaa969d893a3c9cf68bc698,VirusShare_00499,razy,86528,exe,trojan,62.69,2021-11-15T17:24:02+00:00,
0918687d0c08da3a0d0772a11428c2be,VirusShare_00499,razy,86528,exe,trojan,77.05,2021-11-17T09:03:56+00:00,
0ab886e3423272f36e998391694a3f35,VirusShare_00499,razy,2392017,exe,trojan,27.87,2021-11-15T08:26:22+00:00,
0b827338f14762f1b76e7fea2edc846b,VirusShare_00499,razy,2402067,exe,trojan,25.0,2021-11-14T06:09:26+00:00,
0c0355d022566a7b598e375d23a2166f,VirusShare_00499,razy,86528,exe,trojan,55.88,2021-11-14T17:44:23+00:00,
0f5c27bb8543c1d2eb43beee591193bc,VirusShare_00499,razy,2912656,exe,trojan,47.76,2021-11-13T01:38:23+00:00,
10075ebd9baa8ff96439f442e4c7539b,VirusShare_00499,razy,2225371,exe,trojan,57.35,2021-11-13T23:36:07+00:00,
12622d2543219cca4252fea19f4b894e,VirusShare_00499,razy,173056,exe,trojan,57.35,2021-11-13T17:21:58+00:00,
12e38412dc2e123480d879c6ec9f1d6e,VirusShare_00499,razy,86528,exe,trojan,73.44,2021-11-17T07:19:53+00:00,
1ca4fa02201643547a3a1ece6bb227d5,VirusShare_00499,razy,1036290,exe,trojan,71.64,2021-11-15T12:55:45+00:00,
207a100caf06a024416233c23c35316d,VirusShare_00499,razy,86528,exe,trojan,73.53,2021-11-17T13:48:36+00:00,
209ff7321259096445173bb61794a2ba,VirusShare_00499,razy,86528,exe,trojan,69.23,2021-11-17T05:20:00+00:00,
2a81e5c6f77bcc0cb824df1fa6eeb690,VirusShare_00499,razy,86528,exe,trojan,57.35,2021-11-13T13:21:46+00:00,
2ad2fc485b9f3d94bc928380541e8ad9,VirusShare_00499,razy,86528,exe,trojan,72.06,2021-11-16T05:55:32+00:00,
3e029be4a76c914a4aa30b761a215520,VirusShare_00499,razy,86528,exe,trojan,68.75,2021-11-17T07:47:03+00:00,
44dbc00d9da23855ee9585b388938a60,VirusShare_00499,razy,518145,exe,trojan,65.67,2021-11-14T17:23:17+00:00,
468d961c51a5984410c0fce5961cb1b5,VirusShare_00499,razy,513536,exe,trojan,73.53,2021-11-13T13:15:59+00:00,
49a585cb21b901894d6dd9fe1eff7c99,VirusShare_00499,razy,168960,exe,trojan,73.44,2021-11-13T15:33:37+00:00,
4a0a64823424973d73ad0aa0cc41a3f9,VirusShare_00499,razy,1027072,exe,trojan,65.22,2021-11-08T20:42:20+00:00,
4b233db4aa01c2c16c278220d17e9dc5,VirusShare_00499,razy,86528,exe,trojan,68.66,2021-11-13T12:25:28+00:00,
4c84e177ffeb97d40d894ff020ae5760,VirusShare_00499,razy,86528,exe,trojan,55.88,2021-11-14T17:27:50+00:00,
523aba248bd2f6c7130e377c3f9989d5,VirusShare_00499,razy,86528,exe,trojan,55.88,2021-11-13T13:20:38+00:00,
525d1f83c9559ef2f7ff8672d06c8b18,VirusShare_00499,razy,209312,exe,trojan,56.92,2021-11-09T14:05:34+00:00,
5603d0de290fdc28d6952279cfcce59e,VirusShare_00499,razy,58098,exe,trojan,63.24,2021-11-13T05:29:25+00:00,
563ebcac67a8fedd956e781edbfe93fb,VirusShare_00499,razy,86528,exe,trojan,64.71,2021-11-10T19:21:47+00:00,
59c61f527d4bd6a8f7f17feb45ad3101,VirusShare_00499,razy,86528,exe,trojan,77.94,2021-11-17T01:22:33+00:00,
5b958dcfb4958336a57dcb66bb73cbca,VirusShare_00499,razy,173056,exe,trojan,60.29,2021-11-10T19:57:29+00:00,
5ee664236edc641db9a003e1ebe234ee,VirusShare_00499,razy,86528,exe,trojan,65.67,2021-11-15T11:36:35+00:00,
605218d0f3944ea013519501797327ff,VirusShare_00499,razy,86528,exe,trojan,55.88,2021-11-13T16:52:07+00:00,
6482cfc645627062e6e2be1557ccdfd6,VirusShare_00499,razy,918760,exe,sin_inferir,15.15,2021-11-14T16:29:11+00:00,
65400af81c4b5e7a1820aa8131fd9519,VirusShare_00499,razy,1027072,exe,trojan,67.65,2021-11-07T20:16:26+00:00,
6757c146e1ea0fc6bb8e1f4f27d690a4,VirusShare_00499,razy,513536,exe,trojan,70.59,2021-11-13T11:51:12+00:00,
6a2e333a686c6b2d1fc68c732faefd70,VirusShare_00499,razy,1027072,exe,trojan,74.63,2021-11-16T08:51:43+00:00,
6ad50be39827494aaaef997ad1d1a54b,VirusShare_00499,razy,518145,exe,trojan,61.76,2021-11-10T19:40:04+00:00,
6af35b663da4728280b1fef9891708d3,VirusShare_00499,razy,86528,exe,trojan,72.06,2021-11-15T09:56:03+00:00,
6bfae62939e01005c850ff16383074b4,VirusShare_00499,razy,86528,exe,trojan,57.58,2021-11-13T16:38:46+00:00,
70125f3cac123868aaf22ba14bfa0748,VirusShare_00499,razy,513536,exe,trojan,67.65,2021-11-13T16:30:04+00:00,
7772394397696a302c984f9533a5b11e,VirusShare_00499,razy,518145,exe,trojan,64.71,2021-11-09T19:10:41+00:00,
77abdb3a26f40a2a06278de71706a8d3,VirusShare_00499,razy,86528,exe,trojan,77.94,2021-11-17T06:43:48+00:00,
77e4bc7735b95ddb4847bc8d74a0788b,VirusShare_00499,razy,337920,exe,trojan,75.41,2021-11-17T05:15:00+00:00,
780fd0e8be37f2b8fa06248fdad242d2,VirusShare_00499,razy,86528,exe,trojan,55.88,2021-11-14T17:02:32+00:00,
78bbe2147161a21c1b1f13f8be425f66,VirusShare_00499,razy,86528,exe,trojan,71.64,2021-11-17T02:28:45+00:00,
7aa3ff78f3e249274ce5eed35a3350bc,VirusShare_00499,razy,86528,exe,trojan,57.35,2021-11-13T13:27:11+00:00,
7b3724370875d08bec686ffb89538422,VirusShare_00499,razy,272384,exe,trojan,63.24,2021-11-11T18:34:47+00:00,
7d257e538131133a80d5bd378482b7ff,VirusShare_00499,razy,86528,exe,trojan,64.18,2021-11-17T01:29:24+00:00,
7ff20b0237a7543cd9516982de716174,VirusShare_00499,razy,86528,exe,trojan,75.76,2021-11-17T05:56:35+00:00,
812ee2cc0b70c4c68794df7ada75f45f,VirusShare_00499,razy,86528,exe,trojan,65.67,2021-11-17T06:16:18+00:00,
814880820982e783fd7443dcae349e11,VirusShare_00499,razy,513536,exe,trojan,67.16,2021-11-13T17:12:58+00:00,
83c08340b7d331b0b6e5a62fae01c32c,VirusShare_00499,razy,86528,exe,trojan,64.71,2021-11-16T07:50:36+00:00,
84fb97d16758c8aa5afe765a5c8d7f86,VirusShare_00499,razy,7159840,exe,trojan,63.64,2021-11-12T18:08:18+00:00,
875d58d4b1aafd99b5f57dda42d3d3a8,VirusShare_00499,razy,86528,exe,trojan,56.14,2021-11-15T17:38:06+00:00,
88f697e4c4fc451aed3ec10223405364,VirusShare_00499,razy,518145,exe,trojan,64.18,2021-11-10T18:04:26+00:00,
8e3e090b24500fa69637bf7e32edf9c8,VirusShare_00499,razy,86528,exe,trojan,72.06,2021-11-17T12:45:56+00:00,
8e5ee614f2ceb918e20b09d971b19f2c,VirusShare_00499,razy,86528,exe,trojan,76.47,2021-11-17T12:46:43+00:00,
942062103d08c2a078f76c6b2f8c12e6,VirusShare_00499,razy,86528,exe,trojan,70.59,2021-11-16T04:47:31+00:00,
9d8f81a76aa37b538c82570f43695745,VirusShare_00499,razy,86528,exe,trojan,70.59,2021-11-17T10:09:58+00:00,
a7cba8457ce8b6430c23a552ed861557,VirusShare_00499,razy,86528,exe,trojan,70.15,2021-11-17T08:41:16+00:00,
a9b91a40f44eb0ee6cab4ecad6637b08,VirusShare_00499,razy,86528,exe,trojan,73.53,2021-11-13T03:00:07+00:00,
af9d952eaddcce767a9d3dac519e2380,VirusShare_00499,razy,86528,exe,trojan,68.18,2021-11-17T06:57:13+00:00,
b22d1b47e3a97c1d4501e2f6e5f90315,VirusShare_00499,razy,57503,exe,trojan,59.7,2021-11-14T17:26:11+00:00,
b3657d8947d592b2cf0a649c5327a268,VirusShare_00499,razy,518145,exe,trojan,75.0,2021-11-17T13:38:09+00:00,
b5a6ce2c1271d5032bf58b18ff11501f,VirusShare_00499,razy,86528,exe,trojan,79.41,2021-11-17T13:17:33+00:00,
b6e682497bb90817a2e37b446f177fa9,VirusShare_00499,razy,1095680,exe,trojan,77.94,2021-11-15T14:55:55+00:00,
b75b4f3afd9274ef9812e3f848f5b9d9,VirusShare_00499,razy,86528,exe,trojan,67.65,2021-11-15T03:40:37+00:00,
b970e45992c96fa54f58329862cbe170,VirusShare_00499,razy,58144,exe,trojan,67.65,2021-11-13T08:53:18+00:00,
bba1d0951fa38fb463d000fef2f9f81c,VirusShare_00499,razy,86528,exe,trojan,74.63,2021-11-16T03:02:13+00:00,
bdfd249e7fddb00999d9141f1f5a9f80,VirusShare_00499,razy,173056,exe,trojan,55.88,2021-11-10T19:03:10+00:00,
bf1674e80dc03cd6930d26c6cd728277,VirusShare_00499,razy,86528,exe,trojan,75.0,2021-11-17T01:42:56+00:00,
c7bcf6c901bf25f3ae51485e875ed264,VirusShare_00499,razy,86528,exe,trojan,55.88,2021-11-13T16:53:54+00:00,
c81e53614933e60b6fa572be0e2a11cc,VirusShare_00499,razy,86528,exe,trojan,57.35,2021-11-10T19:24:13+00:00,
c838b2c03e43924583dfdcf274645310,VirusShare_00499,razy,86528,exe,trojan,69.23,2021-11-17T05:18:38+00:00,
cab5a385b2780a19c2fdae600f4d2c11,VirusShare_00499,razy,86528,exe,trojan,61.76,2021-11-13T17:26:32+00:00,
cbeecfeca6c847de37abe5b9abd8002d,VirusShare_00499,razy,86528,exe,trojan,73.53,2021-11-16T03:48:23+00:00,
cd3fdaf5cea319b0822724472fb87038,VirusShare_00499,razy,86528,exe,trojan,67.16,2021-11-17T08:01:24+00:00,
cef8207dd4351212d08127e2e5b7d670,VirusShare_00499,razy,173056,exe,trojan,55.88,2021-11-12T13:35:50+00:00,
d2cdd3906373e253471a1bad77572834,VirusShare_00499,razy,56783,exe,trojan,73.13,2021-11-15T12:48:22+00:00,
d2dffe725984fed337930f0caffd9962,VirusShare_00499,razy,513536,exe,trojan,73.53,2021-11-15T14:22:16+00:00,
d385bb97f8718d09b07f5ae3419ff02a,VirusShare_00499,razy,86528,exe,trojan,61.19,2021-11-15T17:35:16+00:00,
d65042d4e80f9888e7ad586e614bd2dc,VirusShare_00499,razy,86528,exe,trojan,69.12,2021-11-17T12:30:43+00:00,
d6ecc95b93af3a0540267e141570c194,VirusShare_00499,razy,86528,exe,trojan,76.12,2021-11-17T05:56:31+00:00,
d8a7fc98d8ffc9fcd44df1bcb08d0ba1,VirusShare_00499,razy,1402227,exe,trojan,50.0,2021-11-15T11:36:39+00:00,
d9e2d030bf55c7894ca0360e90b41e9a,VirusShare_00499,razy,86528,exe,trojan,68.66,2021-11-13T13:55:01+00:00,
daa5c6d6ed0c2dd86ae541185e72ba5c,VirusShare_00499,razy,86528,exe,trojan,70.15,2021-11-17T04:08:20+00:00,
eb60bec9a0cde36c9168c2659ca79f18,VirusShare_00499,razy,86528,exe,trojan,53.97,2021-11-15T17:41:15+00:00,
ed9c34347f28e0f426244f7e62cf0fc8,VirusShare_00499,razy,86528,exe,trojan,70.59,2021-11-17T06:40:11+00:00,
f29abc5ddecab9b070009368561188d5,VirusShare_00499,razy,637088,exe,trojan,17.91,2021-11-14T16:12:49+00:00,
f3ddff6212fe64a299846b203b668c89,VirusShare_00499,razy,637088,exe,trojan,27.27,2021-11-16T06:35:00+00:00,
fe82ca9db47fe513f1553923966283a5,VirusShare_00499,razy,173056,exe,trojan,72.06,2021-11-17T13:01:07+00:00,
268095593e823ed35cbf99008bf642bc,VirusShare_00499,razy,232960,exe,trojan,76.19,2021-11-13T10:27:54+00:00,1970-01-29
5da9d38dee50cbbefb239e42f1487779,VirusShare_00499,razy,447720,exe,worm,19.7,2021-11-14T16:25:57+00:00,1970-03-30
0550a36281005b2e60843dc0684e8e30,VirusShare_00495,razy,56320,exe,trojan,48.53,2021-11-07T09:34:55+00:00,1984-04-18
066c5610d3f26f83ae8ab9e686b9b55f,VirusShare_00495,razy,56320,exe,trojan,47.62,2021-11-03T23:07:11+00:00,1984-04-18
0723e7272b79aed61ada44dc2ea8216d,VirusShare_00495,razy,56320,exe,trojan,51.47,2021-11-05T19:16:32+00:00,1984-04-18
0b6fa7e42ab73856a5220829aa92c731,VirusShare_00495,razy,56320,exe,trojan,51.47,2021-11-05T19:02:27+00:00,1984-04-18
0ca841d57ac1b4f1c026e5e004ed8d2d,VirusShare_00495,razy,56320,exe,trojan,55.88,2021-11-03T22:15:44+00:00,1984-04-18
0ef2c21464a37f9fe2be58a57991aefd,VirusShare_00495,razy,56320,exe,trojan,52.17,2021-11-05T21:06:46+00:00,1984-04-18
0f7bf73e421b2301be0bedb86a39e49e,VirusShare_00495,razy,56320,exe,trojan,56.45,2021-11-07T19:27:13+00:00,1984-04-18
10c842a9bba9e0aacd602c352132ad1f,VirusShare_00495,razy,56320,exe,trojan,50.72,2021-11-05T21:57:42+00:00,1984-04-18
119f04f228ff5c06da192701b8a3a04a,VirusShare_00495,razy,56320,exe,trojan,52.17,2021-11-05T19:10:39+00:00,1984-04-18
134399861cf56cbc3adf210e432e7dac,VirusShare_00495,razy,56320,exe,trojan,50.72,2021-11-05T18:24:52+00:00,1984-04-18
15d54ed03488fd90af98eb7d5f64ae09,VirusShare_00495,razy,56320,exe,trojan,51.47,2021-11-03T20:10:43+00:00,1984-04-18
15ea1f9deb2e9a616347474e64144c1e,VirusShare_00495,razy,56320,exe,trojan,54.55,2021-11-05T19:27:09+00:00,1984-04-18
17b6aa95aaa0d7ac3bab8225c419d5f2,VirusShare_00495,razy,56320,exe,trojan,52.17,2021-11-05T20:30:24+00:00,1984-04-18
17c8021ed2fd0e132d2d3b84f295c252,VirusShare_00495,razy,56320,exe,trojan,52.24,2021-11-03T23:08:00+00:00,1984-04-18
18b75a753235e011ae594e58e078601b,VirusShare_00495,razy,56320,exe,trojan,51.47,2021-11-05T21:16:23+00:00,1984-04-18
1b8e007ff6674aa2a584a35a5087fe28,VirusShare_00495,razy,56320,exe,trojan,52.17,2021-11-05T20:30:42+00:00,1984-04-18
1db723c0b772c576bbaf1732016d6993,VirusShare_00495,razy,56320,exe,trojan,53.62,2021-11-05T22:48:33+00:00,1984-04-18
1f4a973f6f5d2a0304ce447cd2357378,VirusShare_00495,razy,56320,exe,trojan,55.07,2021-11-05T20:22:03+00:00,1984-04-18
21affe4243f8191e0f7d4c91a1bb5d16,VirusShare_00495,razy,56320,exe,trojan,58.21,2021-11-05T18:05:04+00:00,1984-04-18
220db2a98142debf4f3bda5bb5475504,VirusShare_00495,razy,56320,exe,trojan,54.41,2021-11-05T19:35:03+00:00,1984-04-18
23c4ca8e86b7da81c727dd9f35e41966,VirusShare_00495,razy,56320,exe,trojan,55.88,2021-11-03T21:12:29+00:00,1984-04-18
2720037206648655ad9f7047fe57d98e,VirusShare_00495,razy,56320,exe,trojan,55.07,2021-11-05T17:11:07+00:00,1984-04-18
28288609d1ec33f0c1c70350d328bad5,VirusShare_00495,razy,56320,exe,trojan,50.72,2021-11-05T19:46:59+00:00,1984-04-18
2b5d816616fa7e8de515b96d6fc49f6a,VirusShare_00495,razy,56320,exe,trojan,58.82,2021-11-05T17:46:23+00:00,1984-04-18
2e56b4ea046e6ae1577ab59eb74e5080,VirusShare_00495,razy,56320,exe,trojan,51.47,2021-11-05T19:36:00+00:00,1984-04-18
3087dcb45ebd50f7f20efd0b5efd136d,VirusShare_00495,razy,56320,exe,trojan,52.17,2021-11-05T19:36:22+00:00,1984-04-18
30b58d1869ace5d5dbaf7d0feb3fa4f9,VirusShare_00495,razy,56320,exe,trojan,59.42,2021-11-05T17:47:10+00:00,1984-04-18
33029c885d01c3d0e37d5cd7761df795,VirusShare_00495,razy,56320,exe,trojan,54.41,2021-11-05T21:36:33+00:00,1984-04-18
33c144f2adc51123cd078edf6ff9013f,VirusShare_00495,razy,56320,exe,trojan,51.47,2021-11-03T21:33:34+00:00,1984-04-18
34e201e167c54badf8ffee689d55eb53,VirusShare_00495,razy,56320,exe,trojan,50.72,2021-11-05T19:47:07+00:00,1984-04-18
380614928de99f09b0dc9ebee4b2b239,VirusShare_00495,razy,56320,exe,trojan,56.06,2021-11-05T17:02:16+00:00,1984-04-18
39bccc9d3e26115c6fa3feb10a52b2f6,VirusShare_00495,razy,56320,exe,trojan,53.62,2021-11-05T20:40:21+00:00,1984-04-18
3a9b5baa95269c887d20090e024cf678,VirusShare_00495,razy,56320,exe,trojan,55.22,2021-11-05T21:18:55+00:00,1984-04-18
3bf7503f248312ef387a43298432dfeb,VirusShare_00495,razy,56320,exe,trojan,54.41,2021-11-03T21:56:06+00:00,1984-04-18
3d1507edbc06550d817cca2adfec4cc8,VirusShare_00495,razy,56320,exe,trojan,51.47,2021-11-05T19:10:45+00:00,1984-04-18
3d6b03a6d81d09b0157dbd9e4404c124,VirusShare_00495,razy,56320,exe,trojan,52.17,2021-11-05T22:08:26+00:00,1984-04-18
3ee9cea99a60f73a6de5081feedd0bdb,VirusShare_00495,razy,56320,exe,trojan,51.47,2021-11-05T18:34:00+00:00,1984-04-18
41c25cee3ad9d07f4e726e4331b9becd,VirusShare_00495,razy,56320,exe,trojan,50.72,2021-11-05T20:57:49+00:00,1984-04-18
41fcd40702f763a870e0e84d38e029ce,VirusShare_00495,razy,56320,exe,trojan,59.42,2021-11-05T17:11:30+00:00,1984-04-18
43acbba9bc0ec1fe759b0c31f30efaf1,VirusShare_00495,razy,56320,exe,trojan,51.47,2021-11-05T20:05:24+00:00,1984-04-18
44cdcfd330224962ce6b03353925247f,VirusShare_00495,razy,56320,exe,trojan,50.72,2021-11-05T19:47:33+00:00,1984-04-18
46a3f31b8a49abcff6d743101a585fdc,VirusShare_00495,razy,56320,exe,trojan,50.72,2021-11-05T20:40:14+00:00,1984-04-18
46b8822870ba88b3b8ad63162c92cd1f,VirusShare_00495,razy,56320,exe,trojan,53.62,2021-11-05T18:50:24+00:00,1984-04-18
48455358ca4ef43e407eabc7ab78bf84,VirusShare_00495,razy,56320,exe,trojan,51.47,2021-11-05T21:45:25+00:00,1984-04-18
4ce694ad4a64d7caea181565378b30e1,VirusShare_00495,razy,56320,exe,trojan,50.72,2021-11-03T20:02:16+00:00,1984-04-18
4d7a46793faa808c1f0b42cdc2c718a6,VirusShare_00495,razy,56320,exe,trojan,52.86,2021-11-03T22:27:42+00:00,1984-04-18
4e7698c03cef6ea073a41bc909d3bc73,VirusShare_00495,razy,56320,exe,trojan,53.62,2021-11-05T20:12:43+00:00,1984-04-18
529ff625982268c2edd231069a12a8ca,VirusShare_00495,razy,56320,exe,trojan,52.17,2021-11-03T20:35:27+00:00,1984-04-18
54d63461c485e6623711c0abd8ea3c02,VirusShare_00495,razy,56320,exe,trojan,51.47,2021-11-03T21:04:58+00:00,1984-04-18
55e54c899f57ce7e1403097bf12d0b4d,VirusShare_00495,razy,56320,exe,trojan,55.22,2021-11-05T21:37:10+00:00,1984-04-18
566cd1c2cd23bea2ca22a04c8ab3c7d1,VirusShare_00495,razy,56320,exe,trojan,52.94,2021-11-05T20:30:33+00:00,1984-04-18
56e3ecc13d39784a1675839880267ff2,VirusShare_00495,razy,56320,exe,trojan,50.72,2021-11-05T21:46:30+00:00,1984-04-18
5760b88f1122f4c15ae30f56cfb2e5b5,VirusShare_00495,razy,56320,exe,trojan,52.94,2021-11-03T20:37:08+00:00,1984-04-18
593a20b813b96cd32a681ae4b3fd1ac3,VirusShare_00495,razy,56320,exe,trojan,50.72,2021-11-05T19:16:33+00:00,1984-04-18
5a205f0d70a5e1c92f425438c139caa2,VirusShare_00495,razy,56320,exe,trojan,50.72,2021-11-05T19:54:19+00:00,1984-04-18
5ce7fc60c83bfadc673d294f3874df61,VirusShare_00495,razy,56320,exe,trojan,52.17,2021-11-05T20:29:49+00:00,1984-04-18
5f75e74038c8a0f2f1a6e8bb1ecca453,VirusShare_00495,razy,56320,exe,trojan,51.47,2021-11-03T22:28:08+00:00,1984-04-18
610bb076ca228cb9c3b615a7566217c7,VirusShare_00495,razy,56320,exe,trojan,55.07,2021-11-03T20:26:56+00:00,1984-04-18
66073e22dd997853d7c8fb65161d79eb,VirusShare_00495,razy,56320,exe,trojan,51.47,2021-11-05T19:18:18+00:00,1984-04-18
697471834394362ddcc47e92f823266e,VirusShare_00495,razy,56320,exe,trojan,51.47,2021-11-05T18:33:42+00:00,1984-04-18
6c8bb63ad2a39136bf848c011f1e5e46,VirusShare_00495,razy,56320,exe,trojan,58.21,2021-11-05T17:55:27+00:00,1984-04-18
6ca51786ed2cc4fc17379c7e8b81cabe,VirusShare_00495,razy,56320,exe,trojan,51.47,2021-11-03T22:06:14+00:00,1984-04-18
6e1ef4b38cfa2103786d8daff6e916bd,VirusShare_00495,razy,56320,exe,trojan,62.32,2021-11-05T17:30:03+00:00,1984-04-18
6e3525d37533c00873362eb4f4a20121,VirusShare_00495,razy,56320,exe,trojan,44.44,2021-11-05T21:56:24+00:00,1984-04-18
6fa2d02a15fedf94f418c11c82e2b6e3,VirusShare_00495,razy,56320,exe,trojan,59.42,2021-11-05T17:10:01+00:00,1984-04-18
71b7aeb903f9c2c33be36137281c1772,VirusShare_00495,razy,56320,exe,trojan,52.17,2021-11-05T21:29:10+00:00,1984-04-18
73e0b103e483eee0fcdda7348d9db038,VirusShare_00495,razy,56320,exe,trojan,60.87,2021-11-05T18:04:15+00:00,1984-04-18
752a5a12b8cb253df651c9ee2be11e96,VirusShare_00495,razy,56320,exe,trojan,52.17,2021-11-05T20:13:47+00:00,1984-04-18
795d10a60ff1bd10e9c539cef3e4049f,VirusShare_00495,razy,56320,exe,trojan,50.75,2021-11-03T23:06:59+00:00,1984-04-18
7fcf57045197a0ec2604288c96a228bd,VirusShare_00495,razy,56320,exe,trojan,52.17,2021-11-06T12:20:39+00:00,1984-04-18
82dfcca469d9e9c9cf6c9762a4ce9546,VirusShare_00495,razy,56320,exe,trojan,50.72,2021-11-05T20:04:55+00:00,1984-04-18
84093d5bfdab988536069ab32ce15d33,VirusShare_00495,razy,56320,exe,trojan,51.47,2021-11-03T21:48:13+00:00,1984-04-18
847e37d56987d8689a8a89b6623173f0,VirusShare_00495,razy,56320,exe,trojan,55.07,2021-11-03T21:35:00+00:00,1984-04-18
85112f68a55c5d135337be82ee156620,VirusShare_00495,razy,56320,exe,trojan,50.72,2021-11-03T20:27:40+00:00,1984-04-18
85bb68aa4fe34dcae16494fd1f129414,VirusShare_00495,razy,56320,exe,trojan,51.47,2021-11-05T18:52:23+00:00,1984-04-18
87478e61d7ee2227f6b7128e02e941a6,VirusShare_00495,razy,56320,exe,trojan,51.47,2021-11-03T21:13:01+00:00,1984-04-18
87b41426527b97498c57289743c66693,VirusShare_00495,razy,56320,exe,trojan,54.41,2021-11-03T20:44:58+00:00,1984-04-18
880eec43df544116a9407ce3be1e4577,VirusShare_00495,razy,56320,exe,trojan,54.69,2021-11-05T18:13:55+00:00,1984-04-18
88851dce0890962fcc23b8c758ef43b7,VirusShare_00495,razy,56320,exe,trojan,50.72,2021-11-05T20:31:19+00:00,1984-04-18
8976f7099c9cf486112aca4f91182a92,VirusShare_00495,razy,56320,exe,trojan,52.94,2021-11-05T19:35:36+00:00,1984-04-18
8a51b3619a0af27ebdfbbfe2cf70bb8d,VirusShare_00495,razy,56320,exe,trojan,50.72,2021-11-05T19:26:04+00:00,1984-04-18
8c430768926bd02ad76aeb9fade5b9f0,VirusShare_00495,razy,56320,exe,trojan,52.17,2021-11-05T20:29:28+00:00,1984-04-18
8c4d49d7c4e7ca0c1868848b6ac3ddf9,VirusShare_00495,razy,56320,exe,trojan,50.72,2021-11-05T20:21:47+00:00,1984-04-18
8d1a66e367f654145191272e6dd03ced,VirusShare_00495,razy,56320,exe,trojan,52.17,2021-11-05T20:30:47+00:00,1984-04-18
8dc6d27b20f5cb96cd3983eca90eef99,VirusShare_00495,razy,56320,exe,trojan,52.17,2021-11-05T21:18:39+00:00,1984-04-18
8eb223ef8d622270c661055d71145ab0,VirusShare_00495,razy,56320,exe,trojan,50.72,2021-11-05T20:57:53+00:00,1984-04-18
8f3056686a607c7c1eebb6e7b47aa351,VirusShare_00495,razy,56320,exe,trojan,52.94,2021-11-05T18:51:06+00:00,1984-04-18
8ff5bbacaca96a45fa651006612058e1,VirusShare_00495,razy,56320,exe,trojan,47.69,2021-11-05T19:34:36+00:00,1984-04-18
9077af1c32f16c523b9207f411173ed8,VirusShare_00495,razy,56320,exe,trojan,51.47,2021-11-03T20:01:55+00:00,1984-04-18
947ed4f29b4f0e9578f783d099138db4,VirusShare_00495,razy,56320,exe,trojan,51.47,2021-11-05T19:35:15+00:00,1984-04-18
947f2c05dd8d4bad87831557cfcc55d7,VirusShare_00495,razy,56320,exe,trojan,50.72,2021-11-05T18:22:28+00:00,1984-04-18
9782a35a5da48c094ac863d55176baa4,VirusShare_00495,razy,56320,exe,trojan,53.62,2021-11-05T20:39:42+00:00,1984-04-18
9838503a284586fcd4fa7e4fed8c12d9,VirusShare_00495,razy,56320,exe,trojan,52.17,2021-11-03T22:16:51+00:00,1984-04-18
9a3ff6e606f2d435648681f8693ab0d6,VirusShare_00495,razy,56320,exe,trojan,55.07,2021-11-05T20:39:54+00:00,1984-04-18
9ab831307b7a76f53f80236a3d6be2d8,VirusShare_00495,razy,56320,exe,trojan,52.94,2021-11-05T18:24:42+00:00,1984-04-18
9caecc8a0fcf2ed65018ff4176b28942,VirusShare_00495,razy,56320,exe,trojan,63.77,2021-11-05T18:04:06+00:00,1984-04-18
a0b51fa259e6ada7a32421296b120faa,VirusShare_00495,razy,56320,exe,trojan,53.62,2021-11-05T19:36:28+00:00,1984-04-18
a5ed8b9398da03c2d486a0e9bcd3d220,VirusShare_00495,razy,56320,exe,trojan,51.47,2021-11-05T20:57:37+00:00,1984-04-18
a7b6168d6c1706b50a9367d7b0c1e8a6,VirusShare_00495,razy,56320,exe,trojan,51.47,2021-11-03T21:13:21+00:00,1984-04-18
ae1d59f222aa36d4a4906585fca48c63,VirusShare_00495,razy,56320,exe,trojan,51.47,2021-11-05T20:58:45+00:00,1984-04-18
b249fbdcbdc96f69912d04429cf0c906,VirusShare_00495,razy,56320,exe,trojan,51.47,2021-11-05T19:01:30+00:00,1984-04-18
b323963f8c0e20d9dfcea6529c9792ad,VirusShare_00495,razy,56320,exe,trojan,51.47,2021-11-05T19:01:03+00:00,1984-04-18
b3e7093dcc2e4d653cd37ace06545f92,VirusShare_00495,razy,56320,exe,trojan,51.47,2021-11-05T20:05:13+00:00,1984-04-18
b736ea04f843e964949f6877ac35aedc,VirusShare_00495,razy,56320,exe,trojan,51.47,2021-11-05T19:10:34+00:00,1984-04-18
bc36bc5dfc6d30797a4352a9e4cf46bf,VirusShare_00495,razy,56320,exe,trojan,55.88,2021-11-03T22:41:28+00:00,1984-04-18
bc790bba526b6a614524142d8980b04e,VirusShare_00495,razy,56320,exe,trojan,53.62,2021-11-05T20:39:42+00:00,1984-04-18
bcca77d7850af0cfd1bebba7bb6915e0,VirusShare_00495,razy,56320,exe,trojan,50.72,2021-11-05T18:34:37+00:00,1984-04-18
c039af97fd29932c3a6ec7c59c010451,VirusShare_00495,razy,56320,exe,trojan,52.17,2021-11-03T22:40:52+00:00,1984-04-18
c5767575be9418b1ca61ccc3e0fc09ad,VirusShare_00495,razy,56320,exe,trojan,51.47,2021-11-03T22:55:27+00:00,1984-04-18
c688aec96cf55709fd08adbe972eadb0,VirusShare_00495,razy,56320,exe,trojan,50.72,2021-11-05T19:54:46+00:00,1984-04-18
c7121d609d4cd4cf76fe8ed6861eba3d,VirusShare_00495,razy,56320,exe,trojan,51.47,2021-11-03T22:55:08+00:00,1984-04-18
c9928504ecd2740630c6a184ac167c0e,VirusShare_00495,razy,56320,exe,trojan,51.47,2021-11-05T19:16:43+00:00,1984-04-18
cce95a3bc5b385c95b66c682966ad8aa,VirusShare_00495,razy,56320,exe,trojan,57.97,2021-11-05T18:04:06+00:00,1984-04-18
d01f3f65f18720b9d717be7a33cb7cac,VirusShare_00495,razy,56320,exe,trojan,50.72,2021-11-05T20:14:09+00:00,1984-04-18
d0695d74862cbf6e794c265eb85b8606,VirusShare_00495,razy,56320,exe,trojan,51.47,2021-11-05T18:43:17+00:00,1984-04-18
d1aebab138ffee5912e65dabc0c46809,VirusShare_00495,razy,56320,exe,trojan,51.47,2021-11-03T22:56:49+00:00,1984-04-18
d1e4ae248b77ca730a9604618ded1b25,VirusShare_00495,razy,56320,exe,trojan,51.47,2021-11-03T22:53:04+00:00,1984-04-18
d36bde0c0252b6b95cd62d0b4ba356c7,VirusShare_00495,razy,56320,exe,trojan,50.72,2021-11-05T20:12:58+00:00,1984-04-18
d5c3155fac9ebc079fc65004f5b51969,VirusShare_00495,razy,56320,exe,trojan,55.07,2021-11-05T22:34:29+00:00,1984-04-18
d5ed6f6e2d80d24ce2fee501ba6b2a19,VirusShare_00495,razy,56320,exe,trojan,59.42,2021-11-05T17:28:35+00:00,1984-04-18
d6dd334a593f86f331055696a74a517d,VirusShare_00495,razy,56320,exe,trojan,50.72,2021-11-05T20:14:20+00:00,1984-04-18
d72a4e52e6d7cb4e6677e31521dd1f96,VirusShare_00495,razy,56320,exe,trojan,51.47,2021-11-05T18:51:48+00:00,1984-04-18
d9e4c8210fd494969fc215a913e254ac,VirusShare_00495,razy,56320,exe,trojan,52.24,2021-11-06T15:59:39+00:00,1984-04-18
dccfb69832db64e5eb3fa7fb4f0385af,VirusShare_00495,razy,56320,exe,trojan,57.97,2021-11-06T19:04:50+00:00,1984-04-18
e02f433b9416f78f47c0d8b27a48fb41,VirusShare_00495,razy,56320,exe,trojan,51.47,2021-11-03T22:55:39+00:00,1984-04-18
e14c44614d76b04c8094aeaa30e02a6e,VirusShare_00495,razy,56320,exe,trojan,50.0,2021-11-05T19:17:23+00:00,1984-04-18
e15871b4f7520596a0ccd8bab9b49118,VirusShare_00495,razy,56320,exe,trojan,50.72,2021-11-05T19:00:56+00:00,1984-04-18
e262479aee99267aabd1460a76a79061,VirusShare_00495,razy,56320,exe,trojan,51.47,2021-11-03T20:12:16+00:00,1984-04-18
e309f99ae973407660f2219159b9d682,VirusShare_00495,razy,56320,exe,trojan,51.47,2021-11-05T19:00:53+00:00,1984-04-18
e596342ac436e737783b991da95a84bb,VirusShare_00495,razy,56320,exe,trojan,51.47,2021-11-05T19:36:27+00:00,1984-04-18
e6f223662a5adf469d0c5e0644d41599,VirusShare_00495,razy,56320,exe,trojan,50.72,2021-11-03T20:01:43+00:00,1984-04-18
e7f518b2c81e10f2df7398e374b3e71d,VirusShare_00495,razy,56320,exe,trojan,53.62,2021-11-05T22:34:33+00:00,1984-04-18
e97aa7531c76f39aa8002561bdd5b429,VirusShare_00495,razy,56320,exe,trojan,51.47,2021-11-03T22:54:14+00:00,1984-04-18
e9a7b3a3707edfb6ff9aaa65afcdd8d6,VirusShare_00495,razy,56320,exe,trojan,51.47,2021-11-03T23:06:14+00:00,1984-04-18
eb53e04ac83526503c7ba55f18eaf825,VirusShare_00495,razy,56320,exe,trojan,51.47,2021-11-03T20:12:24+00:00,1984-04-18
ec2dc352db53b8299c774be148998001,VirusShare_00495,razy,56320,exe,trojan,51.47,2021-11-03T22:56:44+00:00,1984-04-18
f219e2ba76c52a76729219ea6768d9d3,VirusShare_00495,razy,56320,exe,trojan,52.94,2021-11-03T22:54:09+00:00,1984-04-18
fcf9124b05fc8756401acf8c096dbb26,VirusShare_00495,razy,56320,exe,trojan,51.47,2021-11-03T22:56:48+00:00,1984-04-18
fdc0d7a855d7a1f092c01565143ac412,VirusShare_00495,razy,56320,exe,trojan,51.47,2021-11-03T22:53:51+00:00,1984-04-18
0db21f8cccf8ba953cd4e352b8c2c37a,VirusShare_00495,razy,114688,exe,trojan,37.68,2021-11-01T05:15:39+00:00,2000-02-26
b727185983cc7853b23271a606318df1,VirusShare_00495,razy,73728,exe,trojan,63.24,2021-11-05T17:17:00+00:00,2006-12-01
00deac843b05382162f69e82f97ba665,VirusShare_00495,razy,671825,exe,trojan,46.38,2021-11-08T02:27:24+00:00,2007-05-11
05e8cc905d31037a07657f4d942f4f6d,VirusShare_00495,razy,341616,exe,virus,45.59,2021-11-03T20:15:33+00:00,2007-05-11
08b32ac0aa228c85cfc907ab32effe1a,VirusShare_00495,razy,1660744,exe,trojan,44.12,2021-11-08T01:42:40+00:00,2007-05-11
0ad1b6aead9157120c48f0b729d25c0d,VirusShare_00495,razy,2567004,exe,trojan,55.88,2021-11-09T03:42:25+00:00,2007-05-11
0b16f767f1691655fa92ce13496d51d3,VirusShare_00495,razy,791284,exe,trojan,50.72,2021-11-08T02:59:19+00:00,2007-05-11
0b3a3de458043ba69f8b5cf4bbbda6c7,VirusShare_00495,razy,2870527,exe,trojan,66.67,2021-11-09T18:05:51+00:00,2007-05-11
0bd1e19df787c8463974d57417c1e0d4,VirusShare_00495,razy,1993660,exe,trojan,47.83,2021-11-08T02:31:39+00:00,2007-05-11
0ca0f3107ed1d8d83d727dd1d25d779e,VirusShare_00495,razy,1248537,exe,trojan,50.72,2021-11-08T02:14:35+00:00,2007-05-11
10677609da8efc80f49de79ef690ec2a,VirusShare_00495,razy,1331055,exe,trojan,44.12,2021-11-04T18:01:42+00:00,2007-05-11
108e66fa4faca96366558ef3ceb38937,VirusShare_00495,razy,2444185,exe,trojan,46.38,2021-11-04T18:05:42+00:00,2007-05-11
112e76492b8185c4ef2b9af908b19b34,VirusShare_00495,razy,1548711,exe,trojan,43.48,2021-11-04T18:21:04+00:00,2007-05-11
1167a8da9a1d1066ff6b54deaefd650a,VirusShare_00495,razy,1494830,exe,trojan,46.38,2021-11-04T17:12:40+00:00,2007-05-11
1227adc67beef1abbbcdf499040783fa,VirusShare_00495,razy,1514439,exe,trojan,49.28,2021-11-04T18:00:49+00:00,2007-05-11
4245e27c3333cc62e8e7a53c160eeb10,VirusShare_00495,razy,1684936,exe,trojan,41.18,2021-11-04T12:50:14+00:00,2007-05-11
5ebab406c4300638b63044aed69e9be6,VirusShare_00495,razy,1446252,exe,trojan,51.52,2021-11-03T19:46:30+00:00,2007-05-11
79db8b17577f0083d4aa0219e82ad29c,VirusShare_00495,razy,426737,exe,trojan,38.24,2021-11-03T12:57:42+00:00,2007-05-11
8917cc9bbd012205f60f8c59e580475a,VirusShare_00495,razy,341616,exe,virus,48.53,2021-11-03T22:08:09+00:00,2007-05-11
8fe22dc28b2d79563073eddbc32fff5e,VirusShare_00495,razy,378314,exe,trojan,40.58,2021-11-04T23:35:03+00:00,2007-05-11
b3a48688cdf694fd89884848fdd97f14,VirusShare_00495,razy,1168042,exe,trojan,53.73,2021-11-06T09:34:58+00:00,2007-05-11
bd872114984cae1dabbc5c69aba6e7fb,VirusShare_00495,razy,471322,exe,trojan,40.3,2021-11-05T16:20:05+00:00,2007-05-11
c4c9c24f319cf8ac4541eeab1cde508d,VirusShare_00495,razy,357477,exe,trojan,46.38,2021-11-04T18:24:53+00:00,2007-05-11
cc2267477607320e32c1f6b0c9afc219,VirusShare_00495,razy,341616,exe,virus,52.17,2021-11-05T20:16:48+00:00,2007-05-11
d8d8914bce95eaaf2cbe40aa8a4f9349,VirusShare_00495,razy,2791157,exe,trojan,39.13,2021-11-07T23:06:17+00:00,2007-05-11
e7fa2fdda3771435066c37449235ac50,VirusShare_00495,razy,341616,exe,trojan,40.0,2021-11-10T04:35:29+00:00,2007-05-11
f70e2619646a1edc2410d61b9b56bd6a,VirusShare_00495,razy,1769878,exe,trojan,50.0,2021-11-04T19:36:39+00:00,2007-05-11
f8a3e83b3ef02168ab7c366d1fee802b,VirusShare_00495,razy,341616,exe,virus,44.12,2021-11-03T23:10:23+00:00,2007-05-11
0980655aff4cf6553a44d3ab5611c18a,VirusShare_00499,razy,2699179,exe,trojan,50.0,2021-11-13T01:20:30+00:00,2007-05-11
25a029866f83012d03012f5615b757b4,VirusShare_00499,razy,3528583,exe,trojan,69.12,2021-11-13T22:07:57+00:00,2007-05-11
e945dbf184de9cd438a1c0137b75c67d,VirusShare_00499,razy,2257396,exe,trojan,52.24,2021-11-16T12:35:36+00:00,2007-05-11
cbc4221bff6d602ff3b22c172bd9dbe6,VirusShare_00499,razy,2401514,exe,trojan,63.24,2021-11-18T03:08:49+00:00,2008-09-08
bcd1b4e96d84f4e41e870a9d30faab7a,VirusShare_00495,razy,48128,exe,trojan,66.67,2021-10-31T05:22:07+00:00,2009-04-22
7dfebd4d74b240b1ad5900db69dc250c,VirusShare_00495,razy,98576,exe,trojan,73.53,2021-11-07T20:35:03+00:00,2009-06-01
fb6613c058a43e33e2531480a1faa4e1,VirusShare_00495,razy,92256,exe,trojan,65.22,2021-11-02T11:27:43+00:00,2009-06-01
2ecbd1cda1fd90a39f69f14bc53f4037,VirusShare_00499,razy,96192,exe,trojan,68.66,2021-11-11T19:54:42+00:00,2009-06-01
6152c49172898e4f614dd39cca8587c7,VirusShare_00499,razy,97184,exe,trojan,64.18,2021-11-10T10:30:52+00:00,2009-06-01
358911cb72e7ef44877fe2b558ed27f6,VirusShare_00495,razy,200616,exe,worm,58.82,2021-11-08T15:05:47+00:00,2009-07-13
76ed97ae118085573f292ee2b80278f2,VirusShare_00499,razy,200616,exe,trojan,20.9,2021-11-14T16:17:44+00:00,2009-07-13
405758c8e2fd6ebc5f54636320e7271a,VirusShare_00495,razy,56320,exe,trojan,60.87,2021-11-02T20:38:37+00:00,2009-09-08
6cf75899a2d7fa164821dc09584082ea,VirusShare_00499,razy,56320,exe,trojan,55.88,2021-11-12T17:40:19+00:00,2009-09-08
2a5ab3c1e7cfd50e2db8648fc8ff79bb,VirusShare_00495,razy,93280,exe,trojan,62.32,2021-11-04T19:07:09+00:00,2009-09-23
593d1358ccd001186b1b05bdc86b773c,VirusShare_00495,razy,90832,exe,trojan,64.71,2021-11-02T13:01:59+00:00,2009-09-25
542768cb8c4977f23eec086cc2e9dc30,VirusShare_00495,razy,98240,exe,trojan,63.24,2021-11-05T19:11:21+00:00,2010-01-18
bd6ed36f60d4462a7bded94af4bcaa30,VirusShare_00495,razy,90816,exe,trojan,60.32,2021-11-02T11:27:48+00:00,2010-01-18
f408d77f9fc5bc347029f40908e1ccfb,VirusShare_00495,razy,91792,exe,trojan,60.32,2021-11-02T13:02:54+00:00,2010-01-19
13f6d32362fd85171b36c7eee6c11e0c,VirusShare_00499,razy,95536,exe,trojan,68.66,2021-11-09T18:47:10+00:00,2010-01-19
8a9172b05b1996819d7c6ff04277904e,VirusShare_00499,razy,92000,exe,trojan,62.3,2021-11-10T19:01:04+00:00,2010-05-13
79522f9db8be44c0731552ffea990b02,VirusShare_00495,razy,97504,exe,trojan,59.42,2021-11-04T18:33:45+00:00,2010-05-15
ba389be72b3e6fbe1f7234d5a4e770a8,VirusShare_00495,razy,97856,exe,trojan,62.32,2021-11-04T12:19:06+00:00,2010-05-15
2e854f8ee7deac00bd76e169abf18ba8,VirusShare_00495,razy,90704,exe,trojan,67.65,2021-11-04T17:50:06+00:00,2010-09-05
9e83277efcc8efe0fbb2ad10b7c4e5b1,VirusShare_00499,razy,404088,exe,trojan,26.87,2021-11-16T02:05:16+00:00,2010-11-20
2f881554e7c324609c96c40f29969588,VirusShare_00495,razy,96224,exe,trojan,66.18,2021-11-05T18:09:09+00:00,2010-12-30
9166638a4b34c4e0e384a0ec1a456dbb,VirusShare_00495,razy,93168,exe,trojan,61.76,2021-11-05T09:41:44+00:00,2010-12-30
b2b4dea23bff06e6ba3c8c48b8ee273c,VirusShare_00495,razy,93856,exe,trojan,63.24,2021-11-02T13:03:54+00:00,2010-12-31
23fc25b02004551c9bf68649dcb2b256,VirusShare_00495,razy,93440,exe,trojan,78.46,2021-11-10T10:33:27+00:00,2011-01-01
7fe15373e50600f71ca84cebe6fd1b63,VirusShare_00495,razy,92496,exe,trojan,65.22,2021-11-02T11:18:33+00:00,2011-04-26
0f7dc0bc58585d6b24da49028b7ac2e9,VirusShare_00495,razy,93920,exe,trojan,62.32,2021-11-04T12:19:05+00:00,2011-04-27
fb70a540aadda831bc151a74e5c1c79d,VirusShare_00495,razy,92960,exe,trojan,65.22,2021-11-04T19:29:55+00:00,2011-04-27
2304367045f90596438a7429a70c104a,VirusShare_00495,razy,312832,exe,trojan,67.65,2021-10-31T11:15:52+00:00,2011-07-06
159bc87f321041bebb0955ea6816b6e4,VirusShare_00495,razy,95808,exe,trojan,65.15,2021-11-03T18:32:52+00:00,2011-08-20
8e5e3011d75f0f8255af670e772ae8b2,VirusShare_00495,razy,96112,exe,trojan,63.77,2021-11-05T18:17:02+00:00,2011-08-20
6323fccb7382f4794420d66a7b51a26c,VirusShare_00499,razy,32768,exe,trojan,67.65,2021-11-13T23:07:00+00:00,2011-09-06
6bcd583ce5ca41d0b01130716543dfa1,VirusShare_00499,razy,32768,exe,trojan,67.65,2021-11-14T23:11:36+00:00,2011-09-06
d900a66de4e8b70da69fa20d873e719d,VirusShare_00499,razy,32768,exe,trojan,66.18,2021-11-13T20:36:47+00:00,2011-09-06
da37f6256c1feff9fbfcd52c85fb2620,VirusShare_00499,razy,32768,exe,trojan,62.69,2021-11-14T19:49:14+00:00,2011-09-06
dcdedf1caa907625636801649ce3b211,VirusShare_00499,razy,34370,exe,trojan,70.15,2021-11-15T04:09:14+00:00,2011-09-06
dd0a36981e52ec5913be3c13785b10ea,VirusShare_00499,razy,34370,exe,trojan,63.24,2021-11-17T02:40:16+00:00,2011-09-06
2b7e850dc8f68fc9f61a0cd799acce51,VirusShare_00495,razy,91280,exe,trojan,63.77,2021-11-04T18:29:38+00:00,2011-12-14
f4a91f13a4e04d482fc56b528816f864,VirusShare_00495,razy,95840,exe,trojan,62.32,2021-11-02T11:16:35+00:00,2011-12-15
da5482efef8338e2d0aa3d19bfddeed7,VirusShare_00499,razy,92224,exe,trojan,63.08,2021-11-10T10:30:50+00:00,2012-04-07
fe5f1ecccf5e6d2724881cf1b671b5eb,VirusShare_00495,razy,94288,exe,trojan,73.53,2021-11-09T07:06:57+00:00,2012-04-08
5e3b46f643e5ec5cd1f1a95eb86e6c98,VirusShare_00499,razy,932864,exe,trojan,72.73,2021-11-18T17:07:23+00:00,2012-06-23
d19aff0a4758cf94728df41e0190bd5f,VirusShare_00499,razy,95376,exe,trojan,63.77,2021-11-09T11:01:20+00:00,2012-07-31
6ce90080167ec7f4a78b053725ea861e,VirusShare_00495,razy,98384,exe,trojan,75.36,2021-11-07T10:05:56+00:00,2012-08-02
32bedd0f2337277e6286f4a85f6f3711,VirusShare_00495,razy,91024,exe,trojan,63.24,2021-11-06T08:19:03+00:00,2012-11-25
f8b5835666876bea86822b50681d8275,VirusShare_00495,razy,97712,exe,trojan,65.67,2021-11-05T20:03:45+00:00,2012-11-25
b32c8dd7a26462e58f766c2a2ad489d2,VirusShare_00499,razy,178688,exe,trojan,69.35,2021-11-12T01:58:23+00:00,2012-12-16
18c197b94f3482ad052b0d60590270e3,VirusShare_00499,razy,236776,exe,worm,19.7,2021-11-14T16:05:15+00:00,2013-02-17
01b068be467bd85507e9b8632efe6852,VirusShare_00495,razy,95104,exe,trojan,61.19,2021-11-04T06:21:12+00:00,2013-03-21
0684dd04fd7e1badcbb86608a0095e7b,VirusShare_00499,razy,854478,exe,trojan,27.94,2021-11-13T18:02:11+00:00,2013-04-04
0e3a5cdde383e46c1e2ec5b227d886a6,VirusShare_00499,razy,6955898,exe,trojan,32.35,2021-11-15T19:42:33+00:00,2013-04-04
0e553b5fad25225da9c07abc5294545a,VirusShare_00499,razy,1434012,exe,trojan,31.67,2021-11-16T16:07:20+00:00,2013-04-04
0eeb0ce00c70568a73e9946a7d5dfe5b,VirusShare_00499,razy,1336314,exe,trojan,40.62,2021-11-17T08:23:19+00:00,2013-04-04
0f3f32fbb8d8f8866aa4d302665ea2c6,VirusShare_00499,razy,1334423,exe,sin_inferir,22.06,2021-11-14T11:07:41+00:00,2013-04-04
16269a9f4f450a97610ef5d926c8c856,VirusShare_00499,razy,3030829,exe,trojan,35.29,2021-11-16T16:07:23+00:00,2013-04-04
1775cc72d0a06a74a5c029ba583aa654,VirusShare_00499,razy,744309,exe,trojan,33.82,2021-11-15T19:42:28+00:00,2013-04-04
18466a563171fa1521cada8476124fa4,VirusShare_00499,razy,2429284,exe,trojan,34.92,2021-11-17T12:42:20+00:00,2013-04-04
1f6ae3a0be08a04d8bf83486b90b9557,VirusShare_00499,razy,7553391,exe,trojan,23.88,2021-11-14T11:42:57+00:00,2013-04-04
218e83f0ddbe1aa32a176447aeb3b804,VirusShare_00499,razy,1240364,exe,trojan,23.53,2021-11-14T11:01:48+00:00,2013-04-04
2df564aef9e38f3101bc40e8567765e9,VirusShare_00499,razy,842053,exe,trojan,33.82,2021-11-14T23:11:32+00:00,2013-04-04
31d2bb68963ae3ea06b47a2e088b8c86,VirusShare_00499,razy,2898552,exe,trojan,27.94,2021-11-14T14:37:21+00:00,2013-04-04
36375fa9670eee657ae573b174d5a555,VirusShare_00499,razy,6607202,exe,trojan,23.53,2021-11-14T11:08:41+00:00,2013-04-04
3af87d63cf1db7d9ed295eb19cf7e686,VirusShare_00499,razy,1011598,exe,trojan,26.87,2021-11-14T18:01:11+00:00,2013-04-04
3c6512bc7eaa5e8aa8f756035b3421f6,VirusShare_00499,razy,2413203,exe,trojan,29.41,2021-11-14T13:09:54+00:00,2013-04-04
4297ef4f79ddf2cd0908809bcc9c57b0,VirusShare_00499,razy,531616,exe,trojan,35.94,2021-11-14T08:10:09+00:00,2013-04-04
42bd6fb00cb5bb389059ebdc9364ce84,VirusShare_00499,razy,2522889,exe,trojan,34.33,2021-11-16T05:05:16+00:00,2013-04-04
42cdbc0d8757fc0eb2188dc1017584ae,VirusShare_00499,razy,412840,exe,trojan,30.3,2021-11-15T11:54:21+00:00,2013-04-04
4525d889f1d6425ca32be603520c0776,VirusShare_00499,razy,1270655,exe,trojan,31.34,2021-11-16T05:04:56+00:00,2013-04-04
4de39b20521f95c9ffc5200152ef1dba,VirusShare_00499,razy,504310,exe,trojan,34.43,2021-11-17T12:13:32+00:00,2013-04-04
4e6916e89cd07d408be618e0361f72bb,VirusShare_00499,razy,1217971,exe,trojan,38.24,2021-11-18T05:20:11+00:00,2013-04-04
5552873084efc122156692641cbeb5d6,VirusShare_00499,razy,1327433,exe,sin_inferir,22.06,2021-11-14T11:01:31+00:00,2013-04-04
572bb52286ac2a90c37617e8c5e8cc86,VirusShare_00499,razy,1637601,exe,trojan,23.88,2021-11-11T06:02:43+00:00,2013-04-04
57eba0cdbce9db8949baafbb7a426c2c,VirusShare_00499,razy,2417022,exe,trojan,29.85,2021-11-13T12:41:53+00:00,2013-04-04
58fbebc52a3c5e8b03554cac11be6cbb,VirusShare_00499,razy,955939,exe,trojan,35.82,2021-11-16T02:36:25+00:00,2013-04-04
684f632b0bd3e60b546d694167d63ddb,VirusShare_00499,razy,2967625,exe,trojan,35.82,2021-11-16T05:57:01+00:00,2013-04-04
6ad56f7019961eaa1f0196bc751b99d2,VirusShare_00499,razy,788734,exe,trojan,33.82,2021-11-14T02:12:01+00:00,2013-04-04
6c3f3723f704e0b87e1ff9bfadc32fa3,VirusShare_00499,razy,1905726,exe,trojan,34.33,2021-11-16T09:37:21+00:00,2013-04-04
6d845d14697a7677892479be3f3abd08,VirusShare_00499,razy,1269998,exe,trojan,29.85,2021-11-16T08:07:51+00:00,2013-04-04
6e81163311d0832a8ee7e41303193b81,VirusShare_00499,razy,3576505,exe,trojan,35.82,2021-11-15T10:15:49+00:00,2013-04-04
6f744e7cb849a68f35cf34df0d43b180,VirusShare_00499,razy,792135,exe,trojan,31.34,2021-11-14T12:09:42+00:00,2013-04-04
7c91bb21aa097282845da1fed4a5f1e6,VirusShare_00499,razy,7637588,exe,virus,28.33,2021-11-16T05:40:10+00:00,2013-04-04
7fcee5066c7d777546d22239f1ec130e,VirusShare_00499,razy,6588617,exe,trojan,32.35,2021-11-16T07:06:46+00:00,2013-04-04
80500818fb7d89193f5a7c3c60fc8e9f,VirusShare_00499,razy,556283,exe,trojan,34.85,2021-11-15T19:06:27+00:00,2013-04-04
86575ada48df6ed79cb7b142ec809fa5,VirusShare_00499,razy,2377778,exe,trojan,31.75,2021-11-17T08:27:47+00:00,2013-04-04
8c82983e7af2f35b212d9c5b35efcec0,VirusShare_00499,razy,444190,exe,trojan,27.94,2021-11-14T18:02:27+00:00,2013-04-04
8e6f75ceba8c6754869e0ce1ac4381c8,VirusShare_00499,razy,7529719,exe,trojan,23.53,2021-11-14T11:52:09+00:00,2013-04-04
9076624adbfa95843ffe5d010d68f036,VirusShare_00499,razy,1973864,exe,trojan,29.41,2021-11-13T18:02:11+00:00,2013-04-04
9149bd00616577327a1b2f7402c80848,VirusShare_00499,razy,7215032,exe,trojan,20.0,2021-11-11T02:06:27+00:00,2013-04-04
93fa73cf3dc63f21df75faa2dfaea2c7,VirusShare_00499,razy,555839,exe,trojan,31.34,2021-11-16T06:07:34+00:00,2013-04-04
9486946a334075b3d288ab1a748c1023,VirusShare_00499,razy,1875576,exe,trojan,24.24,2021-11-11T06:02:57+00:00,2013-04-04
94a4a9e9fd3a3282be499bbb7698c598,VirusShare_00499,razy,1835007,exe,sin_inferir,20.9,2021-11-12T16:13:37+00:00,2013-04-04
a08b09b2de3fd6c35a52e7f65af9dc14,VirusShare_00499,razy,1226266,exe,sin_inferir,22.39,2021-11-14T11:08:08+00:00,2013-04-04
a20aec9f0911a57669ef2af171505f6d,VirusShare_00499,razy,8241554,exe,trojan,34.33,2021-11-16T00:35:55+00:00,2013-04-04
a3b2dfdf6fa548dedc32556cb9e0685f,VirusShare_00499,razy,1314769,exe,trojan,32.35,2021-11-14T18:00:15+00:00,2013-04-04
aab50cd2f9571aaf1834b4599595d677,VirusShare_00499,razy,1824296,exe,trojan,32.35,2021-11-14T18:01:04+00:00,2013-04-04
aadd52264d487ea83fba42c3a474098e,VirusShare_00499,razy,2377779,exe,trojan,30.88,2021-11-14T14:36:58+00:00,2013-04-04
ab0cbe40131b69eae28f8196833d5255,VirusShare_00499,razy,1374539,exe,trojan,38.24,2021-11-17T10:21:58+00:00,2013-04-04
abe722e7478b22e33ac90fd3a5e4bef8,VirusShare_00499,razy,591328,exe,trojan,33.82,2021-11-16T04:12:17+00:00,2013-04-04
ac8d7dc77fe67897a1828ddae86c85df,VirusShare_00499,razy,853933,exe,trojan,29.03,2021-11-14T00:36:47+00:00,2013-04-04
ad72ca9cf0e58913b85b0f37671dfb7b,VirusShare_00499,razy,812581,exe,trojan,35.48,2021-11-16T10:38:08+00:00,2013-04-04
af72c9c970c99e35421617a4e83b73d0,VirusShare_00499,razy,7860879,exe,trojan,34.38,2021-11-16T15:05:39+00:00,2013-04-04
afbd2ea1110e1ee578d074fdd78c9235,VirusShare_00499,razy,1299930,exe,trojan,33.82,2021-11-14T18:01:38+00:00,2013-04-04
b163d7b64f69e0358ea795face25a7d8,VirusShare_00499,razy,2457081,exe,trojan,35.82,2021-11-16T08:15:59+00:00,2013-04-04
b1946e947d423a233028d79e0253ea71,VirusShare_00499,razy,1225218,exe,trojan,34.33,2021-11-16T11:04:56+00:00,2013-04-04
b33d37afb06033b55aeb851375e93849,VirusShare_00499,razy,939624,exe,trojan,36.76,2021-11-16T04:03:12+00:00,2013-04-04
b4eead0e752f9c7998667fcb4de66944,VirusShare_00499,razy,2383862,exe,trojan,29.41,2021-11-14T15:39:33+00:00,2013-04-04
b5130c6558d74e78a8c090765ebcd403,VirusShare_00499,razy,892325,exe,trojan,29.85,2021-11-14T15:13:21+00:00,2013-04-04
b606a7d22872be7a670c7fde7e5c8e79,VirusShare_00499,razy,1289967,exe,trojan,23.88,2021-11-14T11:02:12+00:00,2013-04-04
b7b93edcbf1a010dcc0dda505736e115,VirusShare_00499,razy,1993701,exe,trojan,33.82,2021-11-16T03:05:18+00:00,2013-04-04
b84a1efe94cd20448aeb4b42f2033478,VirusShare_00499,razy,1121412,exe,trojan,29.41,2021-11-14T18:00:28+00:00,2013-04-04
bc7491e4acc42ff8fc9de6e6a8bc2517,VirusShare_00499,razy,1918614,exe,trojan,31.82,2021-11-13T11:39:32+00:00,2013-04-04
beb5f5a30d6aabd072b69da7a0f0048d,VirusShare_00499,razy,1136414,exe,sin_inferir,20.59,2021-11-12T16:26:21+00:00,2013-04-04
c3f7753fe47f8d9cec88768abd4033e2,VirusShare_00499,razy,1452255,exe,trojan,33.82,2021-11-16T16:07:15+00:00,2013-04-04
c4bb11f6e29c9579ca3feda7c0a30910,VirusShare_00499,razy,2322828,exe,trojan,37.31,2021-11-15T13:33:34+00:00,2013-04-04
cbb2e5ba01ffba3f7ab5c0ae1697b22c,VirusShare_00499,razy,1956168,exe,trojan,28.36,2021-11-14T18:00:58+00:00,2013-04-04
ce2fc4cb5b99f67a43d220c24aaa1406,VirusShare_00499,razy,1469443,exe,trojan,36.76,2021-11-17T07:46:55+00:00,2013-04-04
d4a4dca7f8d5ab382fa5d8f9fad4a39b,VirusShare_00499,razy,1611702,exe,trojan,33.33,2021-11-16T16:07:24+00:00,2013-04-04
d609ad431db3f41395290301f3324eb8,VirusShare_00499,razy,1350178,exe,trojan,32.35,2021-11-16T14:36:59+00:00,2013-04-04
d64eb340b39431408b8c1e4bf4c7fc14,VirusShare_00499,razy,1220548,exe,trojan,36.36,2021-11-16T15:57:16+00:00,2013-04-04
d977697fbf1eae2285675e47b7e9353a,VirusShare_00499,razy,8368819,exe,trojan,23.53,2021-11-14T11:52:12+00:00,2013-04-04
dabad5af796d8c8500ab7521aaf0d3b3,VirusShare_00499,razy,626580,exe,trojan,37.31,2021-11-18T02:16:38+00:00,2013-04-04
dad20bd1918b2332a7b1136ab63ff6e2,VirusShare_00499,razy,332738,exe,trojan,32.35,2021-11-13T14:19:49+00:00,2013-04-04
de832ab5fe652768374398f0ae347bae,VirusShare_00499,razy,2593312,exe,virus,22.22,2021-11-13T01:13:15+00:00,2013-04-04
e30be697ff83bf62fd9e01ca050e37cc,VirusShare_00499,razy,42499,exe,trojan,30.88,2021-11-15T13:52:44+00:00,2013-04-04
e7a0a523f13ebad999d40368b081b3b8,VirusShare_00499,razy,6960460,exe,downloader,25.0,2021-11-14T14:03:25+00:00,2013-04-04
e86dc0f6ba064f2f6d0fd0a531841dea,VirusShare_00499,razy,2543335,exe,trojan,36.76,2021-11-18T01:14:40+00:00,2013-04-04
e907fcb084d7c39a45be6fc8261227af,VirusShare_00499,razy,2510204,exe,trojan,37.31,2021-11-16T10:26:04+00:00,2013-04-04
eb0d5c536120f13a533add9ba627e205,VirusShare_00499,razy,7804456,exe,downloader,25.0,2021-11-14T11:50:41+00:00,2013-04-04
ef30b644cf8de5202298464bb2b0959b,VirusShare_00499,razy,846242,exe,trojan,26.15,2021-11-11T06:01:11+00:00,2013-04-04
efafd7303507ca85b1a5407d51ad13d1,VirusShare_00499,razy,556310,exe,sin_inferir,22.73,2021-11-14T11:29:39+00:00,2013-04-04
f10fd9e52eb5d289e386b18aa39e230c,VirusShare_00499,razy,7013361,exe,trojan,34.33,2021-11-16T07:40:25+00:00,2013-04-04
f31f58f47261d1fc59323f7b0f60b4fa,VirusShare_00499,razy,837766,exe,trojan,31.34,2021-11-12T18:01:53+00:00,2013-04-04
f3ab605f4474f00d60e8716650c205c7,VirusShare_00499,razy,6613285,exe,trojan,34.85,2021-11-16T05:40:07+00:00,2013-04-04
f8123379eab9cb4732c83294fdcb6979,VirusShare_00499,razy,1431399,exe,trojan,23.53,2021-11-14T11:47:42+00:00,2013-04-04
f8862d59d428edfd63b1e34f7fad66b4,VirusShare_00499,razy,1476616,exe,trojan,36.51,2021-11-17T05:54:13+00:00,2013-04-04
f8f5a747160baa76637d8b329cc2e3b1,VirusShare_00499,razy,1345796,exe,trojan,26.87,2021-11-14T11:12:53+00:00,2013-04-04
f905d72c5e9489d7a86095ce4739916a,VirusShare_00499,razy,1061730,exe,trojan,30.3,2021-11-14T18:04:12+00:00,2013-04-04
fadcc87bf1146b7a6f2ba1d372e56b84,VirusShare_00499,razy,2990273,exe,trojan,33.82,2021-11-16T01:56:53+00:00,2013-04-04
fc5b0c06a90c040aff3db24f369be3bb,VirusShare_00499,razy,686657,exe,trojan,35.38,2021-11-14T07:12:07+00:00,2013-04-04
fd8f09f61c918d17f94f5f8886c17143,VirusShare_00499,razy,722899,exe,trojan,36.76,2021-11-18T01:48:43+00:00,2013-04-04
ffc70aa3d95128c36a4dc2a48671a107,VirusShare_00499,razy,7575690,exe,trojan,30.19,2021-11-16T02:36:21+00:00,2013-04-04
29661401272ddfb757a64776dfe8dc62,VirusShare_00495,razy,65536,exe,trojan,32.84,2021-11-07T07:36:20+00:00,2013-05-09
41f66fde60f0b6efaf5a008a355e0dd3,VirusShare_00499,razy,65536,exe,ransomware,21.05,2021-11-15T18:37:52+00:00,2013-05-09
44cda105e4a32d9875c3fb322a101d0a,VirusShare_00499,razy,65536,exe,trojan,38.81,2021-11-16T13:53:40+00:00,2013-05-09
651baec5f4a78a609e27f1bbc058d126,VirusShare_00499,razy,65536,exe,trojan,35.82,2021-11-14T16:05:51+00:00,2013-05-09
97834acc39ce0cf9d764a8bed404bb1f,VirusShare_00499,razy,65536,exe,pua,30.88,2021-11-14T16:15:32+00:00,2013-05-09
a581686e71652108ea36772bddaa211b,VirusShare_00499,razy,65536,exe,trojan,32.84,2021-11-16T05:40:07+00:00,2013-05-09
a7ec10f947e16e61071c7fc34d1dd2ca,VirusShare_00499,razy,65536,exe,trojan,25.76,2021-11-14T16:22:01+00:00,2013-05-09
a903112ab193556f037d56d4a7909298,VirusShare_00499,razy,65536,exe,trojan,41.79,2021-11-16T01:05:22+00:00,2013-05-09
ab698f0b91f05d03595aaef4be7b9c68,VirusShare_00499,razy,65536,exe,trojan,41.79,2021-11-15T20:35:41+00:00,2013-05-09
e8c583551cb0ee5469ab9146a2445515,VirusShare_00499,razy,65536,exe,ransomware,31.34,2021-11-14T00:36:44+00:00,2013-05-09
58f06a1f2404bce1bdaf20b033e51183,VirusShare_00495,razy,110592,exe,trojan,52.94,2021-11-03T14:23:55+00:00,2013-06-10
6f195c7f37e1df0cfecc472f45f1d221,VirusShare_00495,razy,92128,exe,trojan,64.18,2021-11-05T19:13:29+00:00,2013-07-14
f89ec080818b3d5e7e1966127310cf81,VirusShare_00495,razy,96768,exe,trojan,65.22,2021-11-03T03:04:04+00:00,2013-07-15
b417c41d785ce0cf770a142e03ce21d9,VirusShare_00495,razy,95296,exe,trojan,69.57,2021-11-02T11:19:38+00:00,2013-07-16
11a0d96560f3eb59364034f973261937,VirusShare_00499,razy,1169814,exe,trojan,43.28,2021-11-13T01:21:45+00:00,2013-10-08
b96aa7349de97c60994ee3ff0592488b,VirusShare_00495,razy,91376,exe,trojan,63.77,2021-11-06T18:08:42+00:00,2013-11-06
1227967558602fb38e319db632ed4709,VirusShare_00495,razy,96160,exe,trojan,64.71,2021-10-31T12:09:52+00:00,2013-11-07
4970ddd8e71069ca6362d8cdb8f73f87,VirusShare_00495,razy,95504,exe,trojan,66.67,2021-11-02T11:27:45+00:00,2013-11-07
8179c34f2016e09aa4247f5abc9f6a5c,VirusShare_00495,razy,92560,exe,trojan,67.69,2021-11-06T08:21:33+00:00,2013-11-07
1637638456ec303cbc19526c18a83dbb,VirusShare_00495,razy,94640,exe,trojan,62.32,2021-11-04T18:33:30+00:00,2013-11-08
04bf6c32f53f225d2f44a67fcd9501c1,VirusShare_00499,razy,39648,exe,trojan,80.0,2021-11-11T09:41:19+00:00,2014-01-07
062740aed812635bc8beb4894528e903,VirusShare_00495,razy,93136,exe,trojan,62.32,2021-10-31T09:23:54+00:00,2014-03-03
190de083a17edd786a8a89e1fd376b58,VirusShare_00495,razy,94496,exe,trojan,73.91,2021-11-02T04:35:22+00:00,2014-03-03
d995184d052d2c70765c58938415b96a,VirusShare_00495,razy,96368,exe,trojan,61.76,2021-11-03T17:58:31+00:00,2014-03-03
db4c07db9827c2fce6aeb680aa1942b6,VirusShare_00499,razy,95088,exe,trojan,66.67,2021-11-10T10:30:57+00:00,2014-03-04
4acd28eff27c63046fc097b26f417f40,VirusShare_00495,razy,1080184,exe,trojan,59.42,2021-11-08T22:02:28+00:00,2014-05-08
522826cd6ab8a178b688cb6703320eec,VirusShare_00495,razy,452756,exe,trojan,58.21,2021-11-05T18:21:04+00:00,2014-05-08
32ce9c1dcd91504e463020336b65781d,VirusShare_00495,razy,94320,exe,trojan,62.32,2021-11-04T18:51:39+00:00,2014-06-26
590d99bbc6458652e1e29aa6c15e7e1a,VirusShare_00495,razy,97552,exe,trojan,62.69,2021-11-07T22:06:08+00:00,2014-06-26
13e9bc0709fada243c3b20cc309a01ca,VirusShare_00495,razy,95456,exe,trojan,61.76,2021-11-04T07:11:04+00:00,2014-06-27
23dd522efe8d7e38637caf78ec890c1a,VirusShare_00495,razy,94224,exe,trojan,65.22,2021-11-08T16:23:50+00:00,2014-06-27
4328158f8ecc1b186931a649e53d0df1,VirusShare_00495,razy,93920,exe,trojan,66.67,2021-10-31T12:54:14+00:00,2014-06-27
c4bdf2f56b444700f9ab42e544485cad,VirusShare_00495,razy,98000,exe,trojan,62.69,2021-11-08T14:30:35+00:00,2014-06-27
c8e5377129d33005132c79fe5b5128dc,VirusShare_00495,razy,93056,exe,trojan,61.76,2021-10-31T09:24:56+00:00,2014-06-27
185e2f16b96d33df339e84c1076f7980,VirusShare_00499,razy,317910,exe,trojan,67.65,2021-11-13T15:40:06+00:00,2014-07-18
ddbedd346d3eb8f61ee287b99031b52f,VirusShare_00499,razy,307712,exe,trojan,69.12,2021-11-14T03:24:19+00:00,2014-08-03
5ed8dcb767350bccf6a1fa90d9dac916,VirusShare_00495,razy,98192,exe,trojan,64.62,2021-11-08T10:08:30+00:00,2014-10-21
be729aed762b5cb1a6dfc24b2f5aeebc,VirusShare_00495,razy,91360,exe,trojan,64.18,2021-10-31T12:51:07+00:00,2014-10-21
365000993b93151f5d351b339a65ef0f,VirusShare_00495,razy,92656,exe,trojan,65.22,2021-11-07T18:58:39+00:00,2014-10-22
d086ea330f78d5b09379999aa70d534b,VirusShare_00499,razy,2284886,exe,trojan,19.7,2021-11-14T01:20:06+00:00,2014-12-02
002f3b7bbf8f5fda3189fac8362f3efb,VirusShare_00499,razy,516239,exe,trojan,79.41,2021-11-12T17:17:17+00:00,2014-12-14
5255ef9159cc8994055f325c867eeca3,VirusShare_00499,razy,520324,exe,trojan,79.1,2021-11-12T17:50:59+00:00,2014-12-14
c15645e65f15e6da543c65eeecd82b32,VirusShare_00499,razy,516305,exe,trojan,79.41,2021-11-12T17:06:19+00:00,2014-12-14
db72df9f9dd2160487cb79e8ee5ac595,VirusShare_00499,razy,516228,exe,trojan,79.41,2021-11-11T17:39:10+00:00,2014-12-14
031eee99b0e5c721bab170121f72eded,VirusShare_00499,razy,35840,exe,trojan,79.1,2021-11-15T14:52:37+00:00,2015-01-06
1550e9c1752166e8da5c513dc130510e,VirusShare_00499,razy,35858,exe,trojan,64.18,2021-11-11T23:48:01+00:00,2015-01-06
19044d9678bcc0558f7ae875925b29e9,VirusShare_00499,razy,35858,exe,trojan,79.1,2021-11-15T14:59:54+00:00,2015-01-06
1cf7fcd213fc869a630893926b01a97a,VirusShare_00499,razy,35858,exe,trojan,62.5,2021-11-11T06:45:11+00:00,2015-01-06
210e67707cb8efe148a649395b49a68e,VirusShare_00499,razy,35858,exe,trojan,58.62,2021-11-10T08:36:57+00:00,2015-01-06
2fd871b5adfdcbf1cb1fe273bde6f5fc,VirusShare_00499,razy,35840,exe,trojan,64.71,2021-11-12T12:06:07+00:00,2015-01-06
326dc4590ef9f95bc9d407c40a4d7c5e,VirusShare_00499,razy,35858,exe,trojan,60.0,2021-11-10T14:13:07+00:00,2015-01-06
369ff90635e12fbbc4a615dc0b448032,VirusShare_00499,razy,35840,exe,trojan,75.81,2021-11-13T10:38:56+00:00,2015-01-06
3f71f448cfba88bbf92b6efcdba0151a,VirusShare_00499,razy,35858,exe,trojan,67.65,2021-11-12T02:23:03+00:00,2015-01-06
5ae6ccb227a4c56e325e3fda7a2bc498,VirusShare_00499,razy,35858,exe,trojan,78.33,2021-11-12T07:36:47+00:00,2015-01-06
6e7cbab9996b921090d0f710de7a9142,VirusShare_00499,razy,35858,exe,trojan,75.0,2021-11-13T06:01:22+00:00,2015-01-06
88f7b6f97385d8d13dd804f56ccc1741,VirusShare_00499,razy,35858,exe,trojan,62.69,2021-11-12T02:26:59+00:00,2015-01-06
95fec50de55cfbcc40807c199e78931e,VirusShare_00499,razy,35840,exe,trojan,76.12,2021-11-16T00:35:50+00:00,2015-01-06
bb22c03b8f2c029597f25ce9b7269225,VirusShare_00499,razy,35840,exe,trojan,71.01,2021-11-10T02:05:51+00:00,2015-01-06
bb4ca67327b24762f54409f84a35ce3c,VirusShare_00499,razy,35840,exe,trojan,77.61,2021-11-15T08:54:49+00:00,2015-01-06
c07dc45874bd0f7a93adb07fe0fb2c06,VirusShare_00499,razy,35840,exe,trojan,79.41,2021-11-15T14:11:51+00:00,2015-01-06
d5f9f7cbb05451a2f449e9556de27f27,VirusShare_00499,razy,35858,exe,trojan,73.85,2021-11-10T00:35:15+00:00,2015-01-06
dbac662829d0b68abe3e198d50165595,VirusShare_00499,razy,35858,exe,trojan,64.71,2021-11-12T13:08:12+00:00,2015-01-06
ef2d88cb8e518409c07cfe213d0026bf,VirusShare_00499,razy,35858,exe,trojan,79.41,2021-11-17T08:28:36+00:00,2015-01-06
ff5de84d2fae183825d837268ed5d650,VirusShare_00499,razy,35858,exe,trojan,74.63,2021-11-13T08:41:17+00:00,2015-01-06
7dad40e0c72b1020697ba3dbd136753b,VirusShare_00499,razy,50180,exe,trojan,79.41,2021-11-10T20:43:50+00:00,2015-01-12
397b9989ec849df2ee56a5134af61d46,VirusShare_00495,razy,549138,exe,trojan,78.26,2021-11-05T02:55:23+00:00,2015-02-01
b576920184dea857ffb32b65ef1da1a2,VirusShare_00499,razy,90112,exe,trojan,75.76,2021-11-12T15:34:20+00:00,2015-02-03
fdf7255f5c6b02cddf64971a26df6566,VirusShare_00495,razy,90112,exe,trojan,75.36,2021-11-08T00:42:09+00:00,2015-02-04
1b7bc38f478ae6130720944f41e324ba,VirusShare_00499,razy,90112,exe,trojan,76.47,2021-11-12T05:53:51+00:00,2015-02-04
1f60ee769e9f0325a52352239693da65,VirusShare_00499,razy,90112,exe,trojan,77.94,2021-11-13T04:51:21+00:00,2015-02-04
341a8aca2fd13301490c88c9bf57059a,VirusShare_00499,razy,90112,exe,trojan,79.1,2021-11-14T00:56:58+00:00,2015-02-04
5cd8275765542f96fafdda6c0716719d,VirusShare_00499,razy,90112,exe,trojan,76.47,2021-11-12T03:54:40+00:00,2015-02-04
7ee58e1f0b8b4c28938e03a78b0be9da,VirusShare_00499,razy,90112,exe,trojan,76.56,2021-11-14T02:58:56+00:00,2015-02-04
904afd1dbe2060fc0711d0deeba25f39,VirusShare_00499,razy,90112,exe,trojan,73.53,2021-11-13T00:50:59+00:00,2015-02-04
dcaf57f437b32aff28bcb545c0f03eec,VirusShare_00499,razy,90112,exe,trojan,75.0,2021-11-12T00:07:39+00:00,2015-02-04
f556c98f934060ffd41158b3e429f41c,VirusShare_00499,razy,90112,exe,trojan,76.47,2021-11-13T10:41:14+00:00,2015-02-04
98e0af86231294715f8cb476bbec0a5f,VirusShare_00495,razy,90112,exe,trojan,80.6,2021-11-05T07:47:58+00:00,2015-02-05
3ace4267fbc14cfa3e111bae82ff37ad,VirusShare_00499,razy,90112,exe,trojan,83.82,2021-11-13T09:47:57+00:00,2015-02-05
4af0c87f4270cea0cde369b91b0424b0,VirusShare_00499,razy,90112,exe,trojan,76.47,2021-11-13T01:43:02+00:00,2015-02-05
838d2f1f086f24b028acbf601aad4593,VirusShare_00499,razy,90112,exe,trojan,76.12,2021-11-13T13:04:09+00:00,2015-02-05
edb920169b1f9dd9e6e682a03720ed33,VirusShare_00499,razy,90112,exe,trojan,76.12,2021-11-13T09:39:33+00:00,2015-02-05
0dc7606adeacfea5d3e45782d84089e4,VirusShare_00495,razy,90112,exe,trojan,76.12,2021-11-07T19:35:12+00:00,2015-02-06
11001d1deadf6abc347544c1f9452cb9,VirusShare_00495,razy,90112,exe,trojan,73.53,2021-11-08T17:20:59+00:00,2015-02-06
192cec226bf0dd2c6b6b769b0e127376,VirusShare_00495,razy,90112,exe,trojan,85.51,2021-11-05T20:25:33+00:00,2015-02-06
1bc353218bd89c998bda5b8619aa87d8,VirusShare_00495,razy,90112,exe,trojan,73.13,2021-11-04T10:59:13+00:00,2015-02-06
23ee5e5011062ce0476fa1b9410ff050,VirusShare_00495,razy,90112,exe,trojan,82.61,2021-11-07T19:35:24+00:00,2015-02-06
30e9bcedf59497e32401719522182b2b,VirusShare_00495,razy,90112,exe,trojan,79.71,2021-11-07T22:36:41+00:00,2015-02-06
47c46376325800dc7e5cf882314dcf58,VirusShare_00495,razy,90112,exe,trojan,82.35,2021-11-03T15:28:33+00:00,2015-02-06
4fbfad452e540607fcba262b9dcb1602,VirusShare_00495,razy,90112,exe,trojan,76.81,2021-11-05T10:55:34+00:00,2015-02-06
63b77792959b7eece406d6c717df17ba,VirusShare_00495,razy,90112,exe,trojan,72.31,2021-11-03T22:41:34+00:00,2015-02-06
886836e78a38a7d76040db6ea1594484,VirusShare_00495,razy,90112,exe,trojan,72.06,2021-11-08T11:18:51+00:00,2015-02-06
bd8c159a367e1a6b91f58112ff9c10f3,VirusShare_00495,razy,90112,exe,trojan,73.53,2021-11-05T07:28:52+00:00,2015-02-06
c69d5cc230fd7291aaac44587f34e2f6,VirusShare_00495,razy,90112,exe,trojan,82.35,2021-11-09T12:13:22+00:00,2015-02-06
e34e10b141937987caabaec4afa5e4dc,VirusShare_00495,razy,90112,exe,trojan,73.13,2021-11-08T07:55:54+00:00,2015-02-06
f796c6a34de0e59b838d1aceb79458e1,VirusShare_00495,razy,90112,exe,trojan,76.47,2021-11-07T17:10:43+00:00,2015-02-06
003ca247bb3b910aec1b9e6d4097f8f0,VirusShare_00499,razy,90112,exe,trojan,77.59,2021-11-12T07:54:57+00:00,2015-02-06
362898fd6c9f873c1473c73f685239b3,VirusShare_00499,razy,90112,exe,trojan,75.36,2021-11-08T23:29:12+00:00,2015-02-06
674eb8f8347fc7c83fd3d8db01c0b3ee,VirusShare_00499,razy,90112,exe,trojan,77.94,2021-11-14T17:50:25+00:00,2015-02-06
9d7cbe8ec342afd48408d7b3eb5944b4,VirusShare_00499,razy,90112,exe,trojan,77.94,2021-11-14T20:03:32+00:00,2015-02-06
cb46765f72f1a5a29bf721336ef81f97,VirusShare_00499,razy,90112,exe,trojan,76.47,2021-11-11T19:36:04+00:00,2015-02-06
1c81f116f103aa8f5629ea791c0ef989,VirusShare_00495,razy,90112,exe,trojan,77.42,2021-11-08T15:53:27+00:00,2015-02-07
1ca7b11780addf3710993e47c42bcd92,VirusShare_00495,razy,90112,exe,trojan,73.91,2021-11-08T08:15:04+00:00,2015-02-07
5f5d6473b1326cd20fbac12c77992696,VirusShare_00495,razy,90112,exe,trojan,73.91,2021-11-04T09:22:23+00:00,2015-02-07
6390c48dbc11ce8b161927e6c21b1c4c,VirusShare_00495,razy,90112,exe,trojan,82.61,2021-11-08T02:33:43+00:00,2015-02-07
6cf5318302859dd87da1ca26a5970e3d,VirusShare_00495,razy,90112,exe,trojan,76.81,2021-11-06T01:37:53+00:00,2015-02-07
c4471bd4dbf1ecd11a4c6c9ebb01e685,VirusShare_00495,razy,90112,exe,trojan,72.13,2021-10-31T00:28:04+00:00,2015-02-07
013c23e9b44a509ba2fb7f94fafa10a4,VirusShare_00499,razy,90112,exe,trojan,77.94,2021-11-11T16:15:21+00:00,2015-02-07
38321a8da88a63492d5a11aa6c33e0bc,VirusShare_00499,razy,90112,exe,trojan,75.38,2021-11-14T04:26:24+00:00,2015-02-07
427d326eb4e81108ab9ecd1cdd8777a6,VirusShare_00499,razy,90112,exe,trojan,77.94,2021-11-12T17:31:55+00:00,2015-02-07
6793e93b2395e1a3b70747fc7e16f15c,VirusShare_00499,razy,90112,exe,trojan,75.76,2021-11-12T01:48:36+00:00,2015-02-07
7719b6fe4c1192d9044fb3d528f504ca,VirusShare_00499,razy,90112,exe,trojan,73.53,2021-11-10T01:35:03+00:00,2015-02-07
e34f5f0bbb430dd86631c32e9f406b23,VirusShare_00499,razy,90112,exe,trojan,83.82,2021-11-13T12:51:27+00:00,2015-02-07
f5962035960c970a94f9057977109add,VirusShare_00499,razy,90112,exe,trojan,76.12,2021-11-13T10:55:12+00:00,2015-02-07
8f6588b69853780c5fadc7128515d5d8,VirusShare_00495,razy,90112,exe,trojan,78.26,2021-11-06T00:38:39+00:00,2015-02-08
47b486dc7b69b1454a897fe49ea782d7,VirusShare_00499,razy,90112,exe,trojan,76.47,2021-11-12T21:57:51+00:00,2015-02-08
615eda72670848e05bdb3c4df48a161f,VirusShare_00499,razy,90112,exe,trojan,76.47,2021-11-14T16:15:25+00:00,2015-02-08
94c9438ae76c7a4b5bfb572e3fd483d6,VirusShare_00495,razy,90112,exe,trojan,73.53,2021-11-02T01:59:35+00:00,2015-02-09
97c484c700888cb22125c564cde86649,VirusShare_00499,razy,90112,exe,trojan,77.94,2021-11-14T10:48:05+00:00,2015-02-09
c63f77fb48a660522366f951f3fed8f3,VirusShare_00499,razy,426438,exe,trojan,78.26,2021-11-09T18:56:57+00:00,2015-07-16
06ea5420bb600b3204412d132b0308ae,VirusShare_00499,razy,610638,exe,trojan,38.24,2021-11-12T21:21:25+00:00,2015-12-17
01df34674ca83a99e8dbd3340c88b839,VirusShare_00499,razy,532680,exe,trojan,37.31,2021-11-17T07:05:17+00:00,2016-06-04
0ecad0255c534387bbdec2985b9bb0cd,VirusShare_00499,razy,532680,exe,trojan,33.33,2021-11-16T16:37:50+00:00,2016-06-04
2f7c1824fb36274c48200c57b10ea635,VirusShare_00499,razy,468168,exe,trojan,35.29,2021-11-15T23:42:10+00:00,2016-06-04
59498f29415262e8360134ec61c3e2b9,VirusShare_00499,razy,234004,exe,worm,19.7,2021-11-14T16:11:14+00:00,2016-06-04
bb02ed597cd2f260ee27f2fa9f2e8334,VirusShare_00499,razy,468168,exe,trojan,36.76,2021-11-15T19:42:45+00:00,2016-06-04
e212664780f3dad7904e63a091a2d877,VirusShare_00499,razy,532680,exe,trojan,38.46,2021-11-16T07:06:59+00:00,2016-06-04
4acfd5328079d167240e46bfb0f23da2,VirusShare_00499,razy,162304,exe,trojan,51.47,2021-11-10T18:15:23+00:00,2016-06-05
318e199946b0924c165fc5611beb87ae,VirusShare_00499,razy,428544,exe,trojan,72.73,2021-11-12T07:01:52+00:00,2016-12-19
c5c42837f509b7feb97f87fde4757a93,VirusShare_00499,razy,143496,exe,trojan,33.82,2021-11-16T14:37:04+00:00,2017-04-07
1304e4dd1922d9670acc68c93fb84d3f,VirusShare_00495,razy,807254,exe,trojan,19.12,2021-11-04T17:40:02+00:00,2017-05-15
b9e98c19f1e670387d3a7ff39340e779,VirusShare_00495,razy,884942,exe,trojan,25.37,2021-11-05T18:00:19+00:00,2017-05-15
71bb610712e61879ab079831a9724fb1,VirusShare_00495,razy,262148,exe,trojan,67.65,2021-11-02T21:45:01+00:00,2017-08-09
468321f766018727815d8a5ab8acf3aa,VirusShare_00499,razy,6197319,exe,trojan,66.67,2021-11-08T19:25:32+00:00,2017-08-20
2b04c3a702c8a25443a32adf5cc9f02c,VirusShare_00499,razy,24612,exe,trojan,60.61,2021-11-17T07:51:22+00:00,2017-11-10
75e2031438a36c71d69f3b3cf64f9169,VirusShare_00499,razy,58368,exe,trojan,67.16,2021-11-14T03:16:25+00:00,2018-01-05
32284b8d19330d65f8aaae2b0a46e69b,VirusShare_00499,razy,55296,exe,trojan,73.53,2021-11-17T10:16:46+00:00,2018-01-12
fdd8bb525a9ecb265621d041bc03d131,VirusShare_00495,razy,417792,exe,trojan,56.72,2021-11-08T18:20:28+00:00,2018-01-27
61297bf3290f47c08b504cbfcec539bb,VirusShare_00495,razy,1233715,exe,riskware,40.3,2021-11-05T11:05:01+00:00,2018-03-15
c2b16ef96d3d5d5d2fed7ec937100b3f,VirusShare_00499,razy,5301248,exe,trojan,50.0,2021-11-16T12:20:49+00:00,2018-03-23
96ddc5e752e2a4d252ac3eb092f02051,VirusShare_00495,razy,1043253,exe,trojan,62.32,2021-11-07T17:45:56+00:00,2018-04-19
8de5d48209355f5f356b5249f1e23ce1,VirusShare_00499,razy,171008,exe,trojan,75.0,2021-11-13T21:07:34+00:00,2018-05-23
4dae81a8ecdbfe8eab5646d39f13e393,VirusShare_00495,razy,492576,exe,trojan,66.67,2021-11-03T04:35:13+00:00,2018-06-24
3d1f6649df2a6401a6b97df340c37e07,VirusShare_00499,razy,45056,exe,trojan,67.16,2021-11-15T08:50:33+00:00,2018-10-31
143c7356ba68c96f9d0cd9381c84caa7,VirusShare_00499,razy,165376,exe,trojan,58.82,2021-11-12T20:02:12+00:00,2018-11-06
8f00af4da56162029c2b3ac5fdecd471,VirusShare_00495,razy,167936,exe,trojan,49.18,2021-11-04T04:10:12+00:00,2018-11-15
b3542daf0b16ccdb1f5c067342c57c88,VirusShare_00495,razy,192591,exe,trojan,77.94,2021-11-05T07:01:10+00:00,2019-01-12
e88abc644106b597e138614ed7e9a48c,VirusShare_00495,razy,192951,exe,trojan,71.64,2021-11-04T11:50:52+00:00,2019-04-26
01ebe4bc250949ab3be7a8c646a5e050,VirusShare_00495,razy,643072,exe,trojan,33.82,2021-11-06T13:34:59+00:00,2019-05-03
6c4e20e94f42240370926e8ab8fcfab8,VirusShare_00499,razy,381849,exe,trojan,35.29,2021-11-13T04:16:58+00:00,2019-06-09
4efa84a52973cb2de8abfc7dd577b5e2,VirusShare_00495,razy,118784,exe,trojan,44.93,2021-11-06T18:35:30+00:00,2019-06-12
12ff087658021ebd9068469d4942fb14,VirusShare_00499,razy,1872118,exe,trojan,67.65,2021-11-13T17:24:26+00:00,2019-08-29
164725972bf2672959daef747ef21cad,VirusShare_00499,razy,1154859,exe,trojan,73.53,2021-11-16T21:25:59+00:00,2019-08-29
1680decf729a6fc0ef97bf7fd41cd075,VirusShare_00499,razy,1169786,exe,trojan,73.53,2021-11-16T21:28:50+00:00,2019-08-29
12509d0a69e4247e3fa9b39a4ec6c99a,VirusShare_00495,razy,61845,exe,trojan,33.82,2021-11-07T08:29:37+00:00,2019-10-12
6f2aa1c4e59f8e6d9fc4f240c7008739,VirusShare_00495,razy,61845,exe,trojan,33.33,2021-11-05T15:47:26+00:00,2019-10-12
bd713cc18b93d604ab35566af5296bb3,VirusShare_00495,razy,65536,exe,trojan,31.88,2021-11-07T09:34:45+00:00,2019-10-12
8fab7c09b5c073cbf25855a6b3a5cbb9,VirusShare_00499,razy,61845,exe,trojan,35.82,2021-11-12T08:39:09+00:00,2019-10-12
aea8bf4523558adbfbec27f6ed96f882,VirusShare_00499,razy,61845,exe,trojan,35.29,2021-11-16T04:37:39+00:00,2019-10-12
c37638363c4525712801c5c7a421e4ed,VirusShare_00499,razy,61845,exe,trojan,35.59,2021-11-14T12:22:52+00:00,2019-10-12
de917d4053a3d9cdae9d91155cf81ca0,VirusShare_00499,razy,61845,exe,trojan,32.35,2021-11-12T18:01:40+00:00,2019-10-12
0a3768b7273ff123b63d78006077b6fb,VirusShare_00495,razy,56832,exe,trojan,50.72,2021-11-03T22:40:00+00:00,2019-11-21
126f8d3a771fd7df19c5b6bb29e32e8f,VirusShare_00495,razy,56832,exe,trojan,52.17,2021-11-03T21:34:05+00:00,2019-11-21
1730c552caf1b395bdf673acb24c1dbd,VirusShare_00495,razy,56832,exe,trojan,55.07,2021-11-03T22:40:15+00:00,2019-11-21
1a2eda30d99b7b7e890907abddc0c77a,VirusShare_00495,razy,56832,exe,trojan,57.35,2021-11-05T21:09:42+00:00,2019-11-21
2614d836528fe623995f7fde76ae2287,VirusShare_00495,razy,56832,exe,trojan,50.72,2021-11-05T20:56:45+00:00,2019-11-21
3be4b824a7c1f2ba21fbe106b2e79b27,VirusShare_00495,razy,56832,exe,trojan,51.47,2021-11-05T19:18:37+00:00,2019-11-21
5dc888d066c69281470697022b90e935,VirusShare_00495,razy,56832,exe,trojan,52.17,2021-11-03T20:11:43+00:00,2019-11-21
7835c04ca4f106f773ec4f98c92bfb0b,VirusShare_00495,razy,56832,exe,trojan,51.47,2021-11-05T21:58:39+00:00,2019-11-21
78d0b6aa8900d37039fb67d243086067,VirusShare_00495,razy,56832,exe,trojan,54.55,2021-11-03T22:40:03+00:00,2019-11-21
7ad74d4c34f227d082fd43b94452e161,VirusShare_00495,razy,56832,exe,trojan,52.17,2021-11-03T20:19:37+00:00,2019-11-21
a9b9345465281e2569b3c9a482dee77f,VirusShare_00495,razy,56832,exe,trojan,55.07,2021-11-07T13:10:38+00:00,2019-11-21
b65186e350a59991af686d62c940bdff,VirusShare_00495,razy,56832,exe,trojan,50.72,2021-11-05T20:21:04+00:00,2019-11-21
be6be1caf40109be2c600ba5d9d746d8,VirusShare_00495,razy,56832,exe,trojan,50.72,2021-11-03T23:07:28+00:00,2019-11-21
cb20386381a056e8a3478fcce7df28d5,VirusShare_00495,razy,56832,exe,trojan,52.94,2021-11-06T15:58:25+00:00,2019-11-21
df874fde3c45c21911164639731ebc3f,VirusShare_00495,razy,56832,exe,trojan,59.42,2021-11-05T17:37:11+00:00,2019-11-21
e978986639c9bcbaa99d74e1feea9f9e,VirusShare_00495,razy,56832,exe,trojan,53.62,2021-11-07T20:47:36+00:00,2019-11-21
63ddcb93d58959ea31d69ab0282dfbd3,VirusShare_00495,razy,434582,exe,trojan,38.24,2021-11-08T12:23:39+00:00,2020-01-10
e6260d1b01d78b1ca8a7c0f1eafb119c,VirusShare_00495,razy,2521088,exe,trojan,38.24,2021-11-07T15:48:42+00:00,2020-01-31
2a7eb131c253916f67710df8b366051f,VirusShare_00495,razy,2436698,exe,trojan,23.88,2021-11-04T08:34:57+00:00,2020-04-22
15cb60e692daf9bce0380d266996bd99,VirusShare_00495,razy,65536,exe,trojan,36.76,2021-11-05T12:01:14+00:00,2020-11-06
0105323515690349f1cd8e5505368837,VirusShare_00495,razy,803344,exe,trojan,60.87,2021-11-06T16:59:58+00:00,2020-11-21
012b2cbea2d3993353248c0be6af7fdc,VirusShare_00495,razy,323600,exe,trojan,60.87,2021-11-07T22:13:12+00:00,2020-11-21
038ec106c0a08f04a72865f0f090d1c5,VirusShare_00495,razy,323600,exe,trojan,60.87,2021-11-07T02:51:13+00:00,2020-11-21
05075fef2ac05de3a01c9670b49ca874,VirusShare_00495,razy,2097168,exe,trojan,62.32,2021-11-02T17:19:48+00:00,2020-11-21
06312024c65ce2add835545394956a79,VirusShare_00495,razy,323600,exe,trojan,60.29,2021-11-02T04:44:19+00:00,2020-11-21
06576b1d1ebb419b1572e4eecbaeeb92,VirusShare_00495,razy,499728,exe,trojan,63.77,2021-11-07T22:13:09+00:00,2020-11-21
07a999bf376b7fe7f1cd518da143c189,VirusShare_00495,razy,499728,exe,trojan,66.18,2021-11-07T07:13:40+00:00,2020-11-21
07b50b39124ce32ff596180ceebb93be,VirusShare_00495,razy,323600,exe,trojan,60.87,2021-11-01T20:20:53+00:00,2020-11-21
098a9e1791316ce7a7d30db9b88f2dd0,VirusShare_00495,razy,499728,exe,trojan,67.16,2021-11-02T19:57:55+00:00,2020-11-21
0cacc6d58cfd6f9fb2b9faf9f6ffa670,VirusShare_00495,razy,803344,exe,trojan,62.32,2021-11-07T16:34:31+00:00,2020-11-21
0e2808c25a199a93b9ea0ef890f8c1f5,VirusShare_00495,razy,323600,exe,trojan,62.32,2021-11-04T22:20:28+00:00,2020-11-21
0eab71741d5a729009a6ed12be78b6ed,VirusShare_00495,razy,323600,exe,trojan,60.61,2021-11-03T18:11:54+00:00,2020-11-21
0ec1cdee2279b5e7a0f58e309696820b,VirusShare_00495,razy,323600,exe,trojan,73.91,2021-11-06T12:37:00+00:00,2020-11-21
0fb742234ab1f7cf135dcf15bb52b03c,VirusShare_00495,razy,323600,exe,trojan,63.24,2021-11-02T19:13:47+00:00,2020-11-21
0ffb9fb3454855e7e68610efaa0394e1,VirusShare_00495,razy,323600,exe,trojan,60.87,2021-11-06T10:41:33+00:00,2020-11-21
1353471f3da33a8663ed3229b3b557ba,VirusShare_00495,razy,803344,exe,trojan,63.24,2021-11-07T17:24:15+00:00,2020-11-21
14262108753712c1e103e4235ab27474,VirusShare_00495,razy,323600,exe,trojan,60.29,2021-11-08T15:55:34+00:00,2020-11-21
15604401162856047bbed47707c8d4ea,VirusShare_00495,razy,803344,exe,trojan,62.32,2021-11-07T18:07:54+00:00,2020-11-21
16131c4459e84b417f2eba45fb699dc2,VirusShare_00495,razy,323600,exe,trojan,60.87,2021-11-07T17:00:29+00:00,2020-11-21
1876d67758cf968e2c1a14b004707656,VirusShare_00495,razy,323600,exe,trojan,63.77,2021-11-07T20:13:00+00:00,2020-11-21
192d4bda685428dcf44d455c7fc09aee,VirusShare_00495,razy,803344,exe,trojan,60.87,2021-11-04T17:29:55+00:00,2020-11-21
19f10d6c3310890cbcfad8feb90b43e5,VirusShare_00495,razy,2097168,exe,trojan,62.32,2021-11-03T17:50:24+00:00,2020-11-21
1a550a297eda6623b529311861888735,VirusShare_00495,razy,499728,exe,trojan,63.77,2021-11-06T20:10:27+00:00,2020-11-21
1ce03d6d30056a1b83e2334a98e2a1e8,VirusShare_00495,razy,323600,exe,trojan,60.87,2021-11-04T21:44:27+00:00,2020-11-21
1d243ad6c4102aed8b8e288c803fe94b,VirusShare_00495,razy,323600,exe,trojan,59.42,2021-11-08T01:59:11+00:00,2020-11-21
2010aa76aa29cb0703ce63a4fa1a6e25,VirusShare_00495,razy,499728,exe,trojan,66.67,2021-11-06T01:26:19+00:00,2020-11-21
20689ef8af3be8017e006e7b75dc28e5,VirusShare_00495,razy,323600,exe,trojan,64.62,2021-11-08T06:33:07+00:00,2020-11-21
20a97d2bc338d47241ae724b1a04ecfa,VirusShare_00495,razy,323600,exe,trojan,62.32,2021-11-04T23:38:24+00:00,2020-11-21
231b6c5705fbbe894a4b6964fb5fcc1c,VirusShare_00495,razy,323600,exe,trojan,76.47,2021-11-04T23:34:59+00:00,2020-11-21
24c88401242a361b26fd2972b7cc0f48,VirusShare_00495,razy,323600,exe,trojan,59.42,2021-11-04T17:46:17+00:00,2020-11-21
2533a0347f0dc82b97eb1c6dc049dc4b,VirusShare_00495,razy,323600,exe,trojan,60.61,2021-11-07T17:14:59+00:00,2020-11-21
264144be42937967cd5d301a18913404,VirusShare_00495,razy,499728,exe,trojan,63.77,2021-11-07T19:14:47+00:00,2020-11-21
286aaaa9986f0e833d6947d02cb78c43,VirusShare_00495,razy,499728,exe,trojan,63.64,2021-11-07T21:22:10+00:00,2020-11-21
2962b6dd9b265df3243eabb98c067b4c,VirusShare_00495,razy,803344,exe,trojan,60.29,2021-11-07T17:42:58+00:00,2020-11-21
29dd5a36311d1b7eb3f8890ca18b785a,VirusShare_00495,razy,323600,exe,trojan,62.32,2021-11-07T22:13:32+00:00,2020-11-21
2aedcde0d2ef08d149753dec6d00d5cd,VirusShare_00495,razy,803344,exe,trojan,62.32,2021-11-07T17:55:31+00:00,2020-11-21
2b2d326263ee7c33d09b9f0e6beac8cd,VirusShare_00495,razy,323600,exe,trojan,60.29,2021-11-02T22:58:53+00:00,2020-11-21
2ccef1818ec6307618a98da552050d17,VirusShare_00495,razy,323600,exe,trojan,61.54,2021-11-06T23:28:22+00:00,2020-11-21
2cdb43d819fda7cf774b7e4f92cccba8,VirusShare_00495,razy,499728,exe,trojan,63.77,2021-11-08T17:56:24+00:00,2020-11-21
2cf662b3ca422b7d5c4b9f98d7d2cfbf,VirusShare_00495,razy,803344,exe,trojan,62.32,2021-11-07T18:02:11+00:00,2020-11-21
2dfba18729da8bb15a4d653e834fd7b3,VirusShare_00495,razy,540688,exe,trojan,72.06,2021-11-06T13:03:54+00:00,2020-11-21
2e20dfd9ed31833256b7b854988da226,VirusShare_00495,razy,1638416,exe,trojan,62.32,2021-11-07T17:35:29+00:00,2020-11-21
2e3032a488d5dbfa1ed1ad9b8ceac601,VirusShare_00495,razy,323600,exe,trojan,63.77,2021-11-03T00:51:15+00:00,2020-11-21
2e527466bf2aa1ba6debd3202e727e03,VirusShare_00495,razy,323600,exe,trojan,61.76,2021-11-07T21:30:52+00:00,2020-11-21
31d74901d4093115b8b1de9a062277a8,VirusShare_00495,razy,499728,exe,trojan,65.22,2021-11-03T02:29:08+00:00,2020-11-21
3498e960ab90f318bf8a3d17ebd42c42,VirusShare_00495,razy,323600,exe,trojan,61.76,2021-11-08T07:29:04+00:00,2020-11-21
35c4333dce9b2ed2ad072f5482c0164a,VirusShare_00495,razy,323600,exe,trojan,62.32,2021-11-04T19:10:57+00:00,2020-11-21
360e986ebff4b0b516203a876a792fdd,VirusShare_00495,razy,323600,exe,trojan,62.32,2021-11-06T18:15:07+00:00,2020-11-21
37b96f28e7c58e5cbad1dc608be3ad67,VirusShare_00495,razy,323600,exe,trojan,61.19,2021-11-08T03:04:42+00:00,2020-11-21
380333cb0f65c0be477128feb84298cc,VirusShare_00495,razy,323600,exe,trojan,61.67,2021-11-02T05:46:29+00:00,2020-11-21
39d7af196a32847363e10cfd3f08537c,VirusShare_00495,razy,499728,exe,trojan,62.32,2021-11-06T22:03:00+00:00,2020-11-21
3b0248c826c3bcb728c16a39bdd14948,VirusShare_00495,razy,499728,exe,trojan,64.71,2021-11-07T17:23:12+00:00,2020-11-21
3b5d1bbfac9a1f7922101fc41bb4e4a3,VirusShare_00495,razy,323600,exe,trojan,63.77,2021-11-02T05:22:17+00:00,2020-11-21
3ddbfb94ba6c8ce6258630d225930190,VirusShare_00495,razy,323600,exe,trojan,72.46,2021-11-07T05:09:59+00:00,2020-11-21
3e484c56977490e3fd40ab90ce2f97a5,VirusShare_00495,razy,499728,exe,trojan,63.77,2021-11-03T17:00:15+00:00,2020-11-21
401090caf86416e7adbdc7dd5eace6ac,VirusShare_00495,razy,803344,exe,trojan,63.77,2021-11-05T16:37:21+00:00,2020-11-21
4198f1f6c831dd17df2002097de4e496,VirusShare_00495,razy,499728,exe,trojan,63.77,2021-11-07T22:53:00+00:00,2020-11-21
41d1102a44126a388debda52660bd7f8,VirusShare_00495,razy,323600,exe,trojan,60.61,2021-11-06T17:23:38+00:00,2020-11-21
41d7036e12d74eecb5f8f4702cb20556,VirusShare_00495,razy,499728,exe,trojan,63.77,2021-11-03T22:42:29+00:00,2020-11-21
428452c189705d4fddbf805378e91368,VirusShare_00495,razy,499728,exe,trojan,73.91,2021-11-06T07:39:26+00:00,2020-11-21
42eea0f49851c10a47fefbd1c77b4b8d,VirusShare_00495,razy,499728,exe,trojan,64.71,2021-11-03T18:47:56+00:00,2020-11-21
4566fd0a30a57c1f4b7a69812c20a913,VirusShare_00495,razy,557072,exe,trojan,73.53,2021-11-08T19:05:32+00:00,2020-11-21
45e748b6aa3970970cc8182f5ea87a51,VirusShare_00495,razy,557072,exe,trojan,65.22,2021-11-04T18:27:46+00:00,2020-11-21
4648d02ae954fc5e7564bbfc05570d04,VirusShare_00495,razy,323600,exe,trojan,59.42,2021-11-08T18:20:41+00:00,2020-11-21
46df42bb10b229bdea381393c239f8e2,VirusShare_00495,razy,499728,exe,trojan,68.12,2021-11-07T21:52:08+00:00,2020-11-21
487f17fd49f301137d4c6aad8d19944d,VirusShare_00495,razy,323600,exe,trojan,65.22,2021-11-02T20:40:02+00:00,2020-11-21
48d6f8b3fbec59fdf95d3e3a11e9a4c0,VirusShare_00495,razy,5402640,exe,trojan,62.32,2021-11-04T18:29:44+00:00,2020-11-21
4902f6d35527ea6c075f40e729a5b636,VirusShare_00495,razy,323600,exe,trojan,60.0,2021-11-07T02:18:13+00:00,2020-11-21
4c934c28de80ab5a43fd94e09f3eb50f,VirusShare_00495,razy,323600,exe,trojan,60.87,2021-11-05T21:38:22+00:00,2020-11-21
4ca74d9e58b0d877b56f1cb23f8954de,VirusShare_00495,razy,499728,exe,trojan,65.22,2021-11-07T21:28:48+00:00,2020-11-21
4cf853ad8829a6b86a772bc843774f42,VirusShare_00495,razy,499728,exe,trojan,65.22,2021-11-07T20:16:41+00:00,2020-11-21
4e2fcb2916c1d174b129a974d72d8eca,VirusShare_00495,razy,803344,exe,trojan,62.32,2021-11-04T17:59:06+00:00,2020-11-21
4f7a4d01872f27c7309abc4d6153563c,VirusShare_00495,razy,323600,exe,trojan,60.87,2021-11-02T19:01:09+00:00,2020-11-21
51c69b2c8cfe22dec7b56ef61a0ea88a,VirusShare_00495,razy,323600,exe,trojan,63.24,2021-11-04T17:42:01+00:00,2020-11-21
52324f1cd8dc1ee5f6905173de8d581b,VirusShare_00495,razy,323600,exe,trojan,58.21,2021-11-07T20:33:43+00:00,2020-11-21
52eecfa7e2fa13568d74b225310d54ff,VirusShare_00495,razy,323600,exe,trojan,60.61,2021-11-07T20:59:27+00:00,2020-11-21
5330328a3c7b4ccbae77dc046b2ce529,VirusShare_00495,razy,499728,exe,trojan,78.79,2021-11-09T08:35:28+00:00,2020-11-21
54bfe3795f4ed9742d1de08c923592ab,VirusShare_00495,razy,499728,exe,trojan,61.76,2021-11-07T16:24:42+00:00,2020-11-21
54c75dd7eb8435bb06a6595eda21c992,VirusShare_00495,razy,499728,exe,trojan,65.22,2021-11-04T17:57:17+00:00,2020-11-21
55215eaa3b96945e6662373b3dfcc372,VirusShare_00495,razy,323600,exe,trojan,60.87,2021-11-06T23:46:17+00:00,2020-11-21
559d4268c72c76f64e1f704307c45a59,VirusShare_00495,razy,323600,exe,trojan,59.7,2021-11-02T17:02:41+00:00,2020-11-21
55d3c253d53f9c723fc23505fb9aae92,VirusShare_00495,razy,323600,exe,trojan,61.19,2021-11-07T20:34:45+00:00,2020-11-21
55da8e17b68878720c1d3a1774a29596,VirusShare_00495,razy,323600,exe,trojan,77.94,2021-11-06T07:01:57+00:00,2020-11-21
56ad18d7b556a991f5d7e3e81079189b,VirusShare_00495,razy,803344,exe,trojan,62.32,2021-11-07T16:43:30+00:00,2020-11-21
57f287de635b5c0ee2aa9b4d5e108dc2,VirusShare_00495,razy,499728,exe,trojan,65.15,2021-11-08T08:38:11+00:00,2020-11-21
5811d80db41438c803f0b3b2eee060dd,VirusShare_00495,razy,323600,exe,trojan,63.77,2021-11-07T19:51:38+00:00,2020-11-21
5829d8a43886324861e98003c762b923,VirusShare_00495,razy,323600,exe,trojan,71.64,2021-11-05T05:05:27+00:00,2020-11-21
5933ab1f8458eb94916b779589e4b18c,VirusShare_00495,razy,323600,exe,trojan,62.32,2021-11-05T00:03:32+00:00,2020-11-21
599200c7cbfb34f4455773e949694126,VirusShare_00495,razy,323600,exe,trojan,60.29,2021-11-07T22:13:35+00:00,2020-11-21
5a81286972b649c59aab99cd29f9ae4b,VirusShare_00495,razy,2097168,exe,trojan,63.77,2021-11-05T17:48:06+00:00,2020-11-21
5c0a067d1f2c90fcef96adc489fa4924,VirusShare_00495,razy,803344,exe,trojan,62.32,2021-11-06T17:50:17+00:00,2020-11-21
5c49576be14afbf4064ea3d18255a842,VirusShare_00495,razy,323600,exe,trojan,62.32,2021-11-08T06:26:20+00:00,2020-11-21
5c73302329da0b0cf4ee3888ff51403f,VirusShare_00495,razy,499728,exe,trojan,63.64,2021-11-08T16:41:32+00:00,2020-11-21
5cb2d54c8a3a87c1d36ac07be57efe3d,VirusShare_00495,razy,323600,exe,trojan,61.76,2021-11-04T08:37:57+00:00,2020-11-21
5f02d18464de7a3ef6b6dde04e875641,VirusShare_00495,razy,323600,exe,trojan,63.08,2021-11-04T10:29:06+00:00,2020-11-21
603a6d8427688642d16a24fea9b9f81e,VirusShare_00495,razy,499728,exe,trojan,67.65,2021-11-03T23:23:12+00:00,2020-11-21
62602852e8a0189297fce6b23e1e6b9d,VirusShare_00495,razy,803344,exe,trojan,63.08,2021-11-08T17:24:09+00:00,2020-11-21
6328abf02c65fa7cf637623515cb2c3e,VirusShare_00495,razy,323600,exe,trojan,59.42,2021-11-02T18:18:54+00:00,2020-11-21
633db00eb9f31ddaf79a991c88c3535e,VirusShare_00495,razy,323600,exe,trojan,62.32,2021-11-05T16:50:36+00:00,2020-11-21
6413b524352aa414496417fdb5a2fcf4,VirusShare_00495,razy,323600,exe,trojan,63.77,2021-11-02T17:30:41+00:00,2020-11-21
6483e8c82ddcd35cd6bf944cdb3ab7df,VirusShare_00495,razy,323600,exe,trojan,72.06,2021-11-05T06:57:27+00:00,2020-11-21
64ebc223d5b4966965a5a8d5ae156a0e,VirusShare_00495,razy,499728,exe,trojan,66.18,2021-11-04T23:17:46+00:00,2020-11-21
65ea88388ac1617ba3caaed79df3cafe,VirusShare_00495,razy,323600,exe,trojan,62.32,2021-11-02T16:25:47+00:00,2020-11-21
6950b9944e2bbbff708496ccd6696bba,VirusShare_00495,razy,323600,exe,trojan,63.24,2021-11-05T16:31:31+00:00,2020-11-21
6a0c371cc0558e166958bef90c3dccd8,VirusShare_00495,razy,5373968,exe,trojan,57.14,2021-11-09T02:32:43+00:00,2020-11-21
6d2f25806a54c2e52951fbb1aab3560f,VirusShare_00495,razy,323600,exe,trojan,60.87,2021-11-07T20:32:01+00:00,2020-11-21
6de4af48686593607886380e603a0dff,VirusShare_00495,razy,5402640,exe,trojan,65.22,2021-11-07T17:19:56+00:00,2020-11-21
6efe6b5ae4a74f22f805bc465fb28e23,VirusShare_00495,razy,499728,exe,trojan,63.77,2021-11-07T03:01:24+00:00,2020-11-21
703da20dd7cb3168cf9175baf773d565,VirusShare_00495,razy,323600,exe,trojan,61.76,2021-11-07T22:52:58+00:00,2020-11-21
71340b2a5d001d227134ac874f1a848c,VirusShare_00495,razy,323600,exe,trojan,64.18,2021-11-08T10:33:03+00:00,2020-11-21
72483c78c538682512a650c9f4557c77,VirusShare_00495,razy,323600,exe,trojan,59.42,2021-11-02T18:08:56+00:00,2020-11-21
72664634b1a95efcf63e018d83d86819,VirusShare_00495,razy,323600,exe,trojan,62.32,2021-11-08T18:35:32+00:00,2020-11-21
72c74c1f093bef82ec3a0bb462e6f4e5,VirusShare_00495,razy,540688,exe,trojan,63.77,2021-11-06T16:37:43+00:00,2020-11-21
74ee77982119e144112ba2a97bbdd532,VirusShare_00495,razy,323600,exe,trojan,60.29,2021-11-08T15:07:17+00:00,2020-11-21
7568ec32cde6fbddb96d3b3c5146803a,VirusShare_00495,razy,323600,exe,trojan,61.76,2021-11-05T17:14:25+00:00,2020-11-21
793352d6ff353d26c7eccf5b6eafc0e6,VirusShare_00495,razy,323600,exe,trojan,61.19,2021-11-03T19:38:58+00:00,2020-11-21
79644af0f8ce46c34adcbf99fd1de82b,VirusShare_00495,razy,323600,exe,trojan,63.77,2021-11-06T17:53:42+00:00,2020-11-21
79b315ed55c76d62d9ea0a3c25fa2aca,VirusShare_00495,razy,323600,exe,trojan,68.66,2021-11-05T18:01:45+00:00,2020-11-21
7b0dc0e02378133cdc5a0bb808a9f565,VirusShare_00495,razy,323600,exe,trojan,60.87,2021-11-03T03:04:09+00:00,2020-11-21
7c877aff015fc0dd64b2a638f507a8f9,VirusShare_00495,razy,323600,exe,trojan,60.29,2021-11-07T19:34:50+00:00,2020-11-21
7dc18111c18dbb2911ccdbc425e0de24,VirusShare_00495,razy,323600,exe,trojan,61.76,2021-11-07T05:46:20+00:00,2020-11-21
80112f0e40ecc3f341e8a5c4729cb591,VirusShare_00495,razy,499728,exe,trojan,65.22,2021-11-06T21:25:09+00:00,2020-11-21
801534466a713581c23fd22467f9fcb8,VirusShare_00495,razy,323600,exe,trojan,60.87,2021-11-07T22:12:51+00:00,2020-11-21
803157df32e26b011cc4bcd6f65cfbd3,VirusShare_00495,razy,323600,exe,trojan,58.21,2021-11-03T07:21:13+00:00,2020-11-21
8121416843b5efd5a9e13e8e06926945,VirusShare_00495,razy,499728,exe,trojan,78.79,2021-11-07T06:27:39+00:00,2020-11-21
81a2dbd00714e5ee25b4b11b738c0edc,VirusShare_00495,razy,323600,exe,trojan,61.02,2021-11-06T18:01:42+00:00,2020-11-21
82cbb053fb9a9bc402ae04d05a3df13f,VirusShare_00495,razy,540688,exe,trojan,65.22,2021-11-08T17:25:47+00:00,2020-11-21
832983fb7c83caab6258f090c4c9b9f1,VirusShare_00495,razy,499728,exe,trojan,65.67,2021-11-05T19:39:10+00:00,2020-11-21
83838e258043c2da6d816819ff5b7957,VirusShare_00495,razy,323600,exe,trojan,61.76,2021-11-07T17:29:45+00:00,2020-11-21
8491eda7bdd326209a15696d4a46ae73,VirusShare_00495,razy,323600,exe,trojan,67.16,2021-11-02T17:20:39+00:00,2020-11-21
87b56a3b79382ff4e74449bead193c5c,VirusShare_00495,razy,540688,exe,trojan,65.22,2021-11-03T16:28:34+00:00,2020-11-21
8971dee4b308b475fc6f144708794226,VirusShare_00495,razy,323600,exe,trojan,70.31,2021-11-05T05:25:50+00:00,2020-11-21
8a16f67948f2669866eb736b65607e7b,VirusShare_00495,razy,323600,exe,trojan,60.29,2021-11-05T19:18:18+00:00,2020-11-21
8b044e18c61f226dc76bb3c1ba5e3476,VirusShare_00495,razy,499728,exe,trojan,64.71,2021-11-07T19:59:39+00:00,2020-11-21
8ba6eeef9d721a1194bbcf44e410e198,VirusShare_00495,razy,323600,exe,trojan,63.24,2021-11-02T23:12:13+00:00,2020-11-21
8bcb4589cc8fee6f15b07d74c337f737,VirusShare_00495,razy,323600,exe,trojan,65.22,2021-11-08T03:53:12+00:00,2020-11-21
8c0f4945e833013f78cba50e33fc92e2,VirusShare_00495,razy,803344,exe,trojan,61.76,2021-11-07T17:23:12+00:00,2020-11-21
8c1bb286dc2cc78eed5b7fbcfedb0bbb,VirusShare_00495,razy,323600,exe,trojan,63.24,2021-11-01T21:52:11+00:00,2020-11-21
8fcd57de218f72a11219cd7fd45dd4aa,VirusShare_00495,razy,323600,exe,trojan,61.76,2021-11-03T19:20:32+00:00,2020-11-21
9056d376823a4379baa96b8233e34e3c,VirusShare_00495,razy,803344,exe,trojan,61.76,2021-11-07T17:04:33+00:00,2020-11-21
90b61da7705cb5fa61d95c0fd6daa029,VirusShare_00495,razy,499728,exe,trojan,63.24,2021-11-02T01:20:13+00:00,2020-11-21
9112b7fbc19d0c8b6a41720b66f6eb43,VirusShare_00495,razy,540688,exe,trojan,64.18,2021-11-08T16:35:15+00:00,2020-11-21
941b110b2618d39639e29584cc00a95d,VirusShare_00495,razy,499728,exe,trojan,65.22,2021-11-04T20:19:35+00:00,2020-11-21
94e2f845f83d303cceb4d1efe6ba7b98,VirusShare_00495,razy,499728,exe,trojan,62.32,2021-11-07T22:13:07+00:00,2020-11-21
94f26e15da3c089429346a03d07fb124,VirusShare_00495,razy,803344,exe,trojan,63.77,2021-11-07T18:02:09+00:00,2020-11-21
95149eeab60114779c6099821209710b,VirusShare_00495,razy,499728,exe,trojan,65.15,2021-11-08T18:20:35+00:00,2020-11-21
970a633ab5bc6b06f22bdba06609c450,VirusShare_00495,razy,803344,exe,trojan,62.32,2021-11-03T17:26:53+00:00,2020-11-21
9737a41105b49a50dfa5da43e83708da,VirusShare_00495,razy,499728,exe,trojan,64.71,2021-11-05T17:08:35+00:00,2020-11-21
9a3e6c8555c65bfea9f8e9912ffd17d5,VirusShare_00495,razy,323600,exe,trojan,64.18,2021-11-02T01:31:17+00:00,2020-11-21
9a9e7ef0b9bd13f9e991da1f4e3328e1,VirusShare_00495,razy,323600,exe,trojan,62.32,2021-11-05T03:15:12+00:00,2020-11-21
9aaa40ee4db8a212b05b5ec68cb9c518,VirusShare_00495,razy,323600,exe,trojan,61.76,2021-11-07T23:36:29+00:00,2020-11-21
9b3acc6faf75a63b108c5bd2775f7171,VirusShare_00495,razy,499728,exe,trojan,65.15,2021-11-08T18:23:02+00:00,2020-11-21
9b8b031b9f13d3feddb0c11511dd6266,VirusShare_00495,razy,323600,exe,trojan,64.18,2021-11-04T02:06:43+00:00,2020-11-21
9c32f38cf6f17d6b31c2da659dbbac5f,VirusShare_00495,razy,323600,exe,trojan,60.87,2021-11-08T17:26:36+00:00,2020-11-21
9faa4126c1df1598f60d909aee41b3d3,VirusShare_00495,razy,499728,exe,trojan,63.24,2021-11-07T18:32:11+00:00,2020-11-21
a11e9622ddf363a81bb4f0bf276d0df7,VirusShare_00495,razy,540688,exe,trojan,67.65,2021-11-08T16:58:32+00:00,2020-11-21
a15140035bb86223675619bad31ef9da,VirusShare_00495,razy,323600,exe,trojan,62.32,2021-11-04T19:00:55+00:00,2020-11-21
a419aa3edfa4ffc6055885807f20a124,VirusShare_00495,razy,323600,exe,trojan,62.32,2021-11-07T16:52:57+00:00,2020-11-21
a6d6462e30106ac2c58f8a9db0371a32,VirusShare_00495,razy,803344,exe,trojan,60.87,2021-11-07T17:48:32+00:00,2020-11-21
a866c45782bda4236478dbb8cef94488,VirusShare_00495,razy,323600,exe,trojan,65.22,2021-11-04T21:02:31+00:00,2020-11-21
ad480bb357ffe776d8fee15cc3cef41f,VirusShare_00495,razy,557072,exe,trojan,63.77,2021-11-07T17:21:58+00:00,2020-11-21
add080ccc428c8561c324722529e39cc,VirusShare_00495,razy,2097168,exe,trojan,63.77,2021-11-02T17:26:43+00:00,2020-11-21
aec639cefb624f5b743195fb562b1f42,VirusShare_00495,razy,499728,exe,trojan,63.24,2021-11-04T17:41:05+00:00,2020-11-21
b03408422b2789f312f309ba0b1e71dc,VirusShare_00495,razy,2314256,exe,trojan,62.32,2021-11-05T17:56:22+00:00,2020-11-21
b09436a8e14bb842be080852927d640b,VirusShare_00495,razy,803344,exe,trojan,61.76,2021-11-07T17:04:38+00:00,2020-11-21
b0cac686b133da1dcffa88cff1f6d5fa,VirusShare_00495,razy,323600,exe,trojan,59.7,2021-11-04T18:40:18+00:00,2020-11-21
b1b723e5faed3ac99751b8a10b4ef820,VirusShare_00495,razy,323600,exe,trojan,63.77,2021-11-07T17:56:37+00:00,2020-11-21
b388c90890feb7991b8af7afcf2c2c7c,VirusShare_00495,razy,5373968,exe,trojan,65.08,2021-11-02T08:00:19+00:00,2020-11-21
b3bf92aaa31a79824539cb763ca88b79,VirusShare_00495,razy,323600,exe,trojan,63.24,2021-11-07T14:06:42+00:00,2020-11-21
b3d8328adf4d0850f16fe41aba0c08e1,VirusShare_00495,razy,323600,exe,trojan,62.32,2021-11-08T18:35:18+00:00,2020-11-21
b42c96807b808266d5aff09b940dadb7,VirusShare_00495,razy,803344,exe,trojan,60.29,2021-11-07T16:37:10+00:00,2020-11-21
b74a41c9a67c4bc5b0acb30d16a5abd7,VirusShare_00495,razy,323600,exe,trojan,60.87,2021-11-01T22:16:09+00:00,2020-11-21
b7a3dc612ad2a7b176bc04bb157fca59,VirusShare_00495,razy,323600,exe,trojan,62.32,2021-11-08T03:32:59+00:00,2020-11-21
b7bd92f81775731cb7ff55604c4ab063,VirusShare_00495,razy,803344,exe,trojan,59.42,2021-11-03T16:44:53+00:00,2020-11-21
b7c70dd2fd819dc26cab7ea7d118b854,VirusShare_00495,razy,499728,exe,trojan,63.24,2021-11-05T18:34:02+00:00,2020-11-21
b8095eff1e64cfbfdf4636d9a63a7ae9,VirusShare_00495,razy,803344,exe,trojan,55.07,2021-11-07T16:28:18+00:00,2020-11-21
b80eb7ffc3ccb98fa86b2706acd08c28,VirusShare_00495,razy,323600,exe,trojan,63.77,2021-11-06T23:01:06+00:00,2020-11-21
ba7fd31564f46e4591acde9f4eefff12,VirusShare_00495,razy,499728,exe,trojan,65.22,2021-11-05T20:17:35+00:00,2020-11-21
baa7f83c4ec65ffcab1f97f431a4c428,VirusShare_00495,razy,540688,exe,trojan,61.76,2021-11-02T16:45:43+00:00,2020-11-21
bc887195b4b9198bc35eb7ad90d12ac7,VirusShare_00495,razy,323600,exe,trojan,60.87,2021-11-06T20:53:32+00:00,2020-11-21
bce6306bd11bc54f187e3cb5be0d9eb6,VirusShare_00495,razy,323600,exe,trojan,60.87,2021-11-06T16:54:14+00:00,2020-11-21
bd78f1be64f7260116755f53fb0693ad,VirusShare_00495,razy,323600,exe,trojan,63.77,2021-11-02T20:30:13+00:00,2020-11-21
bda60f5465f4ea90f5fbdd74b9333db5,VirusShare_00495,razy,499728,exe,trojan,63.77,2021-11-08T04:38:13+00:00,2020-11-21
bdd016f7425d5e68c4adf2021fb736d8,VirusShare_00495,razy,323600,exe,trojan,60.29,2021-11-05T04:31:23+00:00,2020-11-21
bde8a68c559588a64b683efafe35f3e4,VirusShare_00495,razy,803344,exe,trojan,60.87,2021-11-07T17:09:58+00:00,2020-11-21
be78e6716483f5fd4874cb4e5cdc96b3,VirusShare_00495,razy,323600,exe,trojan,65.22,2021-11-02T19:35:25+00:00,2020-11-21
befb366449095dbfa58063ccdf57c1b1,VirusShare_00495,razy,323600,exe,trojan,62.32,2021-11-06T18:01:53+00:00,2020-11-21
c209827c6c6fc8b2598f6f7a7353104a,VirusShare_00495,razy,323600,exe,trojan,60.87,2021-11-05T04:29:49+00:00,2020-11-21
c29554e575c1d3283e49b7bad6a8a5d6,VirusShare_00495,razy,323600,exe,trojan,64.18,2021-11-07T06:05:29+00:00,2020-11-21
c295cf48f712b3f5f6eb2a911352b685,VirusShare_00495,razy,323600,exe,trojan,74.63,2021-11-10T03:47:02+00:00,2020-11-21
c6654dcb9dd8c2c04976d2c5bc70cf54,VirusShare_00495,razy,499728,exe,trojan,63.77,2021-11-07T17:59:38+00:00,2020-11-21
c8d173c1c528c46d5f7a13028062f813,VirusShare_00495,razy,323600,exe,trojan,63.24,2021-11-06T22:36:59+00:00,2020-11-21
cc380bd636196994823c0cd0911a6fbb,VirusShare_00495,razy,323600,exe,trojan,65.22,2021-11-07T20:32:01+00:00,2020-11-21
cc890ab681a65238b345f8bd678478d4,VirusShare_00495,razy,323600,exe,trojan,65.67,2021-11-04T09:59:19+00:00,2020-11-21
ccc21733aae6ee76d021af1f2d6eaaa1,VirusShare_00495,razy,499728,exe,trojan,68.12,2021-11-02T00:16:47+00:00,2020-11-21
cdab8b0b2395bf9f0651e83e00f6e666,VirusShare_00495,razy,323600,exe,trojan,61.76,2021-11-07T10:41:39+00:00,2020-11-21
cf372c9f8f3d9d25aff2b154c8acf8d2,VirusShare_00495,razy,499728,exe,trojan,63.77,2021-11-02T00:34:23+00:00,2020-11-21
d049175b3b8dc46047e5b82595183d31,VirusShare_00495,razy,323600,exe,trojan,62.32,2021-11-03T17:36:51+00:00,2020-11-21
d0b5a17f9b83dc1f073d5379da24bc35,VirusShare_00495,razy,323600,exe,trojan,59.42,2021-11-04T18:19:01+00:00,2020-11-21
d0f812775b12a83a1b72a6893ea067bc,VirusShare_00495,razy,499728,exe,trojan,63.77,2021-11-06T16:58:56+00:00,2020-11-21
d162c6b866b4a491073010bb42adb8b9,VirusShare_00495,razy,323600,exe,trojan,60.87,2021-11-05T20:11:07+00:00,2020-11-21
d17328e041efa0122e89990c5bbc2000,VirusShare_00495,razy,323600,exe,trojan,63.64,2021-11-05T08:14:29+00:00,2020-11-21
d20a592014dc409232a20789b3a26738,VirusShare_00495,razy,499728,exe,trojan,64.71,2021-11-08T17:42:31+00:00,2020-11-21
d24c415ad19fb2ea9f82f01ed4112efc,VirusShare_00495,razy,499728,exe,trojan,62.32,2021-11-07T17:25:57+00:00,2020-11-21
d431225e77c64095408f112e0ae231b2,VirusShare_00495,razy,499728,exe,trojan,61.19,2021-11-08T01:30:54+00:00,2020-11-21
d8732f352ee55c320afa54c7a4019050,VirusShare_00495,razy,323600,exe,trojan,62.32,2021-11-02T20:37:50+00:00,2020-11-21
d989751fd1f64d3d8428e754865737c1,VirusShare_00495,razy,323600,exe,trojan,60.87,2021-11-03T16:25:10+00:00,2020-11-21
da6dea63cd40a04bcb9830cbad0575d1,VirusShare_00495,razy,323600,exe,trojan,59.02,2021-11-08T19:32:54+00:00,2020-11-21
dadb7e800fd04ab32ed102960ee82905,VirusShare_00495,razy,323600,exe,trojan,60.87,2021-11-07T00:59:11+00:00,2020-11-21
dc4d58d27294a8fa9bf7ec328e395f13,VirusShare_00495,razy,803344,exe,trojan,65.22,2021-11-07T18:08:03+00:00,2020-11-21
dd101aa554b60163e013fb7df0c3409e,VirusShare_00495,razy,499728,exe,trojan,64.18,2021-11-08T18:37:57+00:00,2020-11-21
dd8f08687e840082fd1157d66911c0c9,VirusShare_00495,razy,323600,exe,trojan,60.87,2021-11-08T02:09:01+00:00,2020-11-21
e0f8bd27d338ec95facc62a5f028aa72,VirusShare_00495,razy,540688,exe,trojan,62.32,2021-11-02T17:19:33+00:00,2020-11-21
e41af489e052e49d82e96cc9d754d8a2,VirusShare_00495,razy,323600,exe,trojan,72.06,2021-11-09T11:05:10+00:00,2020-11-21
e427bda55103f3618bff716645f0c07a,VirusShare_00495,razy,803344,exe,trojan,64.71,2021-11-05T18:11:30+00:00,2020-11-21
e7fd2ea633af852efeba3d8458a0e3fe,VirusShare_00495,razy,323600,exe,trojan,75.36,2021-11-09T17:04:46+00:00,2020-11-21
e8d4a459ffb5c706d850c1c1d992c94b,VirusShare_00495,razy,323600,exe,trojan,63.77,2021-11-05T15:38:45+00:00,2020-11-21
e8eca7a11f55cede5cd977f572b09b30,VirusShare_00495,razy,499728,exe,trojan,65.22,2021-11-05T19:34:22+00:00,2020-11-21
ea84ebcdf74ec1b365644e566795a3be,VirusShare_00495,razy,323600,exe,trojan,63.77,2021-11-07T17:53:57+00:00,2020-11-21
ec7d6ad16a6b4fbf7d4447e83809a4a4,VirusShare_00495,razy,499728,exe,trojan,63.77,2021-11-04T18:28:21+00:00,2020-11-21
ed6c44ef40092c46da88546f558048b6,VirusShare_00495,razy,499728,exe,trojan,63.64,2021-11-05T18:21:27+00:00,2020-11-21
ed71456f6adb66d24d79d9de98beaf24,VirusShare_00495,razy,323600,exe,trojan,61.19,2021-11-05T19:33:22+00:00,2020-11-21
ee71e079ee3985f5455302e62f273a79,VirusShare_00495,razy,499728,exe,trojan,64.71,2021-11-03T23:44:58+00:00,2020-11-21
ef6ad8d28512d2144e044f68d0f5e113,VirusShare_00495,razy,323600,exe,trojan,64.18,2021-11-08T08:06:10+00:00,2020-11-21
f15407b6cabfe839b9c5d0ecbad984ee,VirusShare_00495,razy,499728,exe,trojan,64.71,2021-11-05T21:27:14+00:00,2020-11-21
f23aee6b12e7039e685c8a970170d445,VirusShare_00495,razy,323600,exe,trojan,59.42,2021-11-07T18:18:40+00:00,2020-11-21
f2cd62a9e12ad64fff16187aff279992,VirusShare_00495,razy,499728,exe,trojan,69.12,2021-11-05T20:41:20+00:00,2020-11-21
f38d68b905e8b8c7133089e4b2de3409,VirusShare_00495,razy,803344,exe,trojan,60.87,2021-11-07T17:15:08+00:00,2020-11-21
f43224fa57e5d4c5e0ac80959a37b06c,VirusShare_00495,razy,803344,exe,trojan,62.12,2021-11-04T17:58:45+00:00,2020-11-21
f4a0666db11b6d16e6c62e1acb0be572,VirusShare_00495,razy,323600,exe,trojan,63.77,2021-11-02T18:07:49+00:00,2020-11-21
f4a83649e1d5b54ebd8993a94f3da608,VirusShare_00495,razy,499728,exe,trojan,63.24,2021-11-07T18:32:11+00:00,2020-11-21
f55a202c99f4e193df2b5856afe56a1d,VirusShare_00495,razy,499728,exe,trojan,62.12,2021-11-08T01:33:05+00:00,2020-11-21
f9196a7b8b1a8f9cb80d00d4b1f5f94f,VirusShare_00495,razy,499728,exe,trojan,62.32,2021-11-05T04:50:37+00:00,2020-11-21
fa75dcabdf9d5d4b12c41c2495e3fd75,VirusShare_00495,razy,499728,exe,trojan,65.22,2021-11-07T23:03:59+00:00,2020-11-21
faab4e0ea3863a1e9ce9d993a4a3c194,VirusShare_00495,razy,323600,exe,trojan,62.32,2021-11-01T21:58:14+00:00,2020-11-21
fb9178cea445be057b2a286ef789f322,VirusShare_00495,razy,323600,exe,trojan,66.67,2021-11-03T17:05:18+00:00,2020-11-21
fbe16e3d22a6ba6d61e2b6b0266d4f06,VirusShare_00495,razy,803344,exe,trojan,62.32,2021-11-04T18:49:53+00:00,2020-11-21
fc325656a816d51a338a35cb54ee59d2,VirusShare_00495,razy,323600,exe,trojan,71.64,2021-11-08T13:34:59+00:00,2020-11-21
fc41e8e4dffb11cc2905794bfa6a1761,VirusShare_00495,razy,323600,exe,trojan,65.22,2021-11-05T20:25:01+00:00,2020-11-21
fdc8cc5b44b34adc446aa4a15e79afde,VirusShare_00495,razy,540688,exe,trojan,63.24,2021-11-03T17:28:13+00:00,2020-11-21
fdea8488627e41fb4e1ae9e0587b6588,VirusShare_00495,razy,323600,exe,trojan,61.76,2021-11-06T17:03:58+00:00,2020-11-21
fff0c7d200620cbf862e03d94d59d7ce,VirusShare_00495,razy,323600,exe,trojan,62.32,2021-11-02T01:31:13+00:00,2020-11-21
00708efa715ec98f804f1ba127a66c03,VirusShare_00499,razy,323600,exe,trojan,69.12,2021-11-18T01:52:52+00:00,2020-11-21
00af556b7ca303067e78b865bd7046f3,VirusShare_00499,razy,2097168,exe,trojan,63.77,2021-11-11T18:14:38+00:00,2020-11-21
00c896c2d7ba5f0ad1c862b9f80ba898,VirusShare_00499,razy,323600,exe,trojan,60.29,2021-11-13T16:42:15+00:00,2020-11-21
01cdf4875279e6ca787d76722a6c1e7c,VirusShare_00499,razy,2097168,exe,trojan,64.18,2021-11-10T19:12:09+00:00,2020-11-21
01e6cb45897ce67d094da1347f1d364e,VirusShare_00499,razy,323600,exe,trojan,62.69,2021-11-15T17:57:47+00:00,2020-11-21
022379de094704942aa5244938ec3443,VirusShare_00499,razy,499728,exe,trojan,66.67,2021-11-12T07:00:56+00:00,2020-11-21
02acc3e52d0ebbc466611eceefaf07e9,VirusShare_00499,razy,323600,exe,trojan,60.29,2021-11-13T01:29:53+00:00,2020-11-21
050bff86bd9dc5a491bd5c64d7b9b72a,VirusShare_00499,razy,323600,exe,trojan,63.24,2021-11-12T23:50:27+00:00,2020-11-21
064202ff90d029b901ef75ba2e0d2530,VirusShare_00499,razy,323600,exe,trojan,63.24,2021-11-12T18:00:26+00:00,2020-11-21
066e4190ce3dbcc535ecfd97ca714d74,VirusShare_00499,razy,323600,exe,trojan,65.62,2021-11-16T21:26:32+00:00,2020-11-21
06986ff78d52d9aa4f7a2f758ba9c97a,VirusShare_00499,razy,323600,exe,trojan,61.76,2021-11-13T17:09:23+00:00,2020-11-21
0704ebedde38fbc340c8ff43dd877526,VirusShare_00499,razy,323600,exe,trojan,63.24,2021-11-14T17:47:18+00:00,2020-11-21
071eb14bc5f1f91a7d87972cfe756e7c,VirusShare_00499,razy,323600,exe,trojan,63.24,2021-11-12T18:53:29+00:00,2020-11-21
091951d9c5c6a52ff05284a0f0fac12f,VirusShare_00499,razy,323600,exe,trojan,63.64,2021-11-15T17:38:47+00:00,2020-11-21
0946a879655c96e66c36e19bfea7b57f,VirusShare_00499,razy,323600,exe,trojan,64.71,2021-11-11T23:54:55+00:00,2020-11-21
09d7bb35a941c0d2349f852cce398e98,VirusShare_00499,razy,499728,exe,trojan,67.65,2021-11-14T03:08:03+00:00,2020-11-21
0a110435ffd8f595858126d68f9fafb4,VirusShare_00499,razy,323600,exe,trojan,62.12,2021-11-13T02:40:15+00:00,2020-11-21
0a70284db52cab44bbc017561a479100,VirusShare_00499,razy,323600,exe,trojan,62.69,2021-11-15T18:01:05+00:00,2020-11-21
0b281db9157483fd286b9af1c30c1e07,VirusShare_00499,razy,323600,exe,trojan,63.24,2021-11-13T07:12:35+00:00,2020-11-21
0b4b1d54405482a367d028ceb5016b93,VirusShare_00499,razy,323600,exe,trojan,63.24,2021-11-14T19:49:08+00:00,2020-11-21
0b583edff0c67c28b229707fba799e7c,VirusShare_00499,razy,323600,exe,trojan,63.24,2021-11-13T04:04:52+00:00,2020-11-21
0d041331773fe48522749ad1b2c16c9f,VirusShare_00499,razy,803344,exe,trojan,61.76,2021-11-12T16:43:26+00:00,2020-11-21
0d202891677734c053b684839f3f2db5,VirusShare_00499,razy,499728,exe,trojan,64.71,2021-11-12T23:35:16+00:00,2020-11-21
0da59dd45546515e90be6f2a437b4320,VirusShare_00499,razy,323600,exe,trojan,63.24,2021-11-13T04:41:23+00:00,2020-11-21
0ec76e6217f39b9b02b8f88dac930c10,VirusShare_00499,razy,323600,exe,trojan,62.12,2021-11-13T17:17:11+00:00,2020-11-21
0f97c401f75692285bb08d4665b45528,VirusShare_00499,razy,323600,exe,trojan,62.69,2021-11-13T17:41:23+00:00,2020-11-21
0f9ca5483e696e0fdc80ac2b2b7290cc,VirusShare_00499,razy,323600,exe,trojan,62.69,2021-11-13T22:20:10+00:00,2020-11-21
107a06061cf4391e0af23d515f0a43b2,VirusShare_00499,razy,2314256,exe,trojan,60.29,2021-11-10T19:43:55+00:00,2020-11-21
10c7b1485b5dd4363901fcba0d5cbd5d,VirusShare_00499,razy,323600,exe,trojan,61.76,2021-11-12T06:53:09+00:00,2020-11-21
10c921c1da75221393f38ba35e3a7501,VirusShare_00499,razy,499728,exe,trojan,66.18,2021-11-11T22:53:22+00:00,2020-11-21
1171ee184ba788e6f8ce5c5c533ae5ac,VirusShare_00499,razy,323600,exe,trojan,61.19,2021-11-13T11:05:31+00:00,2020-11-21
119406a60850ff829f2682bd9f1fb67e,VirusShare_00499,razy,323600,exe,trojan,61.19,2021-11-10T00:44:33+00:00,2020-11-21
11bbf399a17b901755800c7614b1146c,VirusShare_00499,razy,323600,exe,trojan,65.15,2021-11-11T20:20:49+00:00,2020-11-21
13d75c92d38d393d9d8805697d8f8bb9,VirusShare_00499,razy,323600,exe,trojan,62.32,2021-11-08T20:33:47+00:00,2020-11-21
13e0c0b32c310035f363f2a542883ecb,VirusShare_00499,razy,499728,exe,trojan,66.18,2021-11-13T17:01:51+00:00,2020-11-21
14389defa13b191c3141b62a542211f8,VirusShare_00499,razy,323600,exe,trojan,63.64,2021-11-12T18:35:03+00:00,2020-11-21
147ceca9fbb00ad282144c91c417a31f,VirusShare_00499,razy,323600,exe,trojan,61.76,2021-11-13T17:05:19+00:00,2020-11-21
15b0870ec6a675e3d8378e6ee76b6781,VirusShare_00499,razy,499728,exe,trojan,66.18,2021-11-12T01:33:42+00:00,2020-11-21
15e8bbe4803c76a01e5190e04adb6148,VirusShare_00499,razy,499728,exe,trojan,64.71,2021-11-13T18:59:18+00:00,2020-11-21
160a534f7fb2027f1d9d852793621a07,VirusShare_00499,razy,499728,exe,trojan,64.71,2021-11-12T18:36:28+00:00,2020-11-21
178b3495a7cf240b2199ae490e0ecea9,VirusShare_00499,razy,323600,exe,trojan,64.71,2021-11-12T11:33:28+00:00,2020-11-21
17951dbe5db3283fd5511816a9e7783b,VirusShare_00499,razy,499728,exe,trojan,64.71,2021-11-12T11:03:01+00:00,2020-11-21
193c27273a9e9d1da8270464ce37a857,VirusShare_00499,razy,5402640,exe,trojan,64.71,2021-11-15T18:11:29+00:00,2020-11-21
19911782d5706f9b39a9d966800d4c86,VirusShare_00499,razy,323600,exe,trojan,62.69,2021-11-11T22:27:09+00:00,2020-11-21
19b1b840ea225f47d39efe91530c5d34,VirusShare_00499,razy,499728,exe,trojan,64.71,2021-11-11T20:07:54+00:00,2020-11-21
1a16b3f9a5f9a8b10c23422228c8c66e,VirusShare_00499,razy,323600,exe,trojan,61.54,2021-11-13T16:31:53+00:00,2020-11-21
1abea079c12301cab4d783465a291ae0,VirusShare_00499,razy,323600,exe,trojan,64.18,2021-11-13T09:29:03+00:00,2020-11-21
1b336c00e000405621cf1e42b2ebaeb0,VirusShare_00499,razy,5373968,exe,trojan,63.24,2021-11-14T16:31:54+00:00,2020-11-21
1b64c99be1d249c9195955894a345da9,VirusShare_00499,razy,323600,exe,trojan,63.24,2021-11-14T03:31:44+00:00,2020-11-21
1cd6caf9db30b1f20164a7d0bfe4ee3b,VirusShare_00499,razy,323600,exe,trojan,61.76,2021-11-14T02:37:03+00:00,2020-11-21
1d0fda11d6131feee131e29e420fd3ff,VirusShare_00499,razy,323600,exe,trojan,61.19,2021-11-14T06:54:20+00:00,2020-11-21
1e27f8f97153d14f6657fc064a7cbef9,VirusShare_00499,razy,499728,exe,trojan,62.69,2021-11-13T12:18:45+00:00,2020-11-21
1f81b9987eb39c78a9fa3651d0127bfd,VirusShare_00499,razy,323600,exe,trojan,63.24,2021-11-12T22:28:25+00:00,2020-11-21
1f9803904ecef1228dee43fb38b5e6dc,VirusShare_00499,razy,323600,exe,trojan,62.32,2021-11-09T19:57:26+00:00,2020-11-21
1fe3dc8a4163c8de021f5529016964e8,VirusShare_00499,razy,803344,exe,trojan,58.73,2021-11-15T16:05:13+00:00,2020-11-21
1ff97a40baeb8e5fa2d21eb8ec80ae20,VirusShare_00499,razy,323600,exe,trojan,66.67,2021-11-13T09:25:27+00:00,2020-11-21
20e2251bbaf3f3c0855009616bb7e7db,VirusShare_00499,razy,803344,exe,trojan,63.24,2021-11-13T17:11:14+00:00,2020-11-21
21e836466a86ed57bc7fa91f8e3ec37f,VirusShare_00499,razy,499728,exe,trojan,63.24,2021-11-15T17:36:02+00:00,2020-11-21
22524f60b59488350f19e9d003db527b,VirusShare_00499,razy,499728,exe,trojan,63.24,2021-11-13T00:57:52+00:00,2020-11-21
238933c64fa1d857fa6def50ebb2f289,VirusShare_00499,razy,499728,exe,trojan,66.18,2021-11-12T03:22:51+00:00,2020-11-21
23fe0f77088ddb9916db8d7d71933a38,VirusShare_00499,razy,323600,exe,trojan,64.71,2021-11-13T23:28:32+00:00,2020-11-21
260f38d1f388fb8dae205de82de778f5,VirusShare_00499,razy,323600,exe,trojan,64.18,2021-11-13T17:59:43+00:00,2020-11-21
28302d3ec96c03c410fc1ba07528593b,VirusShare_00499,razy,499728,exe,trojan,62.12,2021-11-07T17:44:36+00:00,2020-11-21
28bfa3f7a1b5ac26dd0e6aa2ff54be1a,VirusShare_00499,razy,803344,exe,trojan,61.76,2021-11-14T17:21:04+00:00,2020-11-21
299919bdbd240e3bdccc3107cf8869f5,VirusShare_00499,razy,323600,exe,trojan,62.12,2021-11-15T17:22:22+00:00,2020-11-21
2a5a07ef91444482e07ad6f563465bb0,VirusShare_00499,razy,499728,exe,trojan,66.15,2021-11-12T08:43:18+00:00,2020-11-21
2b0fa20eaa0439cd87b6d1d462817656,VirusShare_00499,razy,803344,exe,trojan,59.7,2021-11-12T18:03:47+00:00,2020-11-21
2b40d0f1fae3e34b709edfd6eda19a6e,VirusShare_00499,razy,323600,exe,trojan,63.24,2021-11-12T13:03:23+00:00,2020-11-21
2bd5323231368cd52ea117f54ae43346,VirusShare_00499,razy,323600,exe,trojan,63.24,2021-11-14T16:55:30+00:00,2020-11-21
2de31a96d65f792ebc7166f03c8b6133,VirusShare_00499,razy,323600,exe,trojan,61.76,2021-11-13T14:16:34+00:00,2020-11-21
2e0995903875951bd6596780262a5825,VirusShare_00499,razy,323600,exe,trojan,63.24,2021-11-12T03:38:00+00:00,2020-11-21
2f11a717d872565c745d2869c11b7a07,VirusShare_00499,razy,499728,exe,trojan,64.62,2021-11-13T06:00:08+00:00,2020-11-21
2f6b37c671999a5abd987171d20a5414,VirusShare_00499,razy,323600,exe,trojan,62.69,2021-11-13T04:38:49+00:00,2020-11-21
2fc4089f95ef1f0da76ef750154aaddb,VirusShare_00499,razy,499728,exe,trojan,66.18,2021-11-09T02:56:02+00:00,2020-11-21
3064a4fbb3326bebd45b56ed92c127a3,VirusShare_00499,razy,499728,exe,trojan,66.18,2021-11-12T02:12:38+00:00,2020-11-21
313ba90bb75daa644cc5e7a15145752a,VirusShare_00499,razy,323600,exe,trojan,66.67,2021-11-14T09:13:10+00:00,2020-11-21
31f8e515b598a0150f2d58b9891fec05,VirusShare_00499,razy,323600,exe,trojan,64.18,2021-11-14T15:28:17+00:00,2020-11-21
3236fd53ed4c50cd67dce5ee0de8bf3a,VirusShare_00499,razy,499728,exe,trojan,66.18,2021-11-12T21:17:28+00:00,2020-11-21
329178c1a011687ffb6bfe1dc29b4b6e,VirusShare_00499,razy,323600,exe,trojan,61.19,2021-11-13T16:27:51+00:00,2020-11-21
340f72ddebe8fc34b49b20175a25febc,VirusShare_00499,razy,323600,exe,trojan,61.19,2021-11-12T17:50:15+00:00,2020-11-21
344a6ba924b491286919199b114bfa04,VirusShare_00499,razy,499728,exe,trojan,67.65,2021-11-14T18:07:27+00:00,2020-11-21
34e8ae43a121a3db7a92c2878ff071ad,VirusShare_00499,razy,499728,exe,trojan,64.71,2021-11-13T00:18:28+00:00,2020-11-21
34f751b7435994ed568605ef23d98f83,VirusShare_00499,razy,499728,exe,trojan,65.67,2021-11-11T02:11:46+00:00,2020-11-21
35ca8ede50f6e79ccb1debacffb95b4c,VirusShare_00499,razy,803344,exe,trojan,63.24,2021-11-12T17:51:50+00:00,2020-11-21
35ec31e0b9e2f588afedce36f459bf91,VirusShare_00499,razy,323600,exe,trojan,63.24,2021-11-13T07:11:15+00:00,2020-11-21
372929b76a47e54a08e8232b3c6a6b0c,VirusShare_00499,razy,323600,exe,trojan,63.24,2021-11-14T04:49:07+00:00,2020-11-21
39e2bf38768c48ad2354692d0db60db8,VirusShare_00499,razy,803344,exe,trojan,62.12,2021-11-14T17:57:54+00:00,2020-11-21
3b20b1c9cfb59d93c3cdac2a7f8b1a32,VirusShare_00499,razy,323600,exe,trojan,62.12,2021-11-12T18:46:17+00:00,2020-11-21
3b5e8c6005694114b95b6be4edf992b2,VirusShare_00499,razy,323600,exe,trojan,61.76,2021-11-09T11:47:08+00:00,2020-11-21
3bb59a7a88ca2332a7918ce444541a0b,VirusShare_00499,razy,499728,exe,trojan,63.24,2021-11-12T18:24:32+00:00,2020-11-21
3bc623b8985d18912945484f0921b3ce,VirusShare_00499,razy,323600,exe,trojan,63.24,2021-11-12T19:32:19+00:00,2020-11-21
3bd6aa76c0623370f40e05274e521874,VirusShare_00499,razy,499728,exe,trojan,64.18,2021-11-13T16:28:43+00:00,2020-11-21
3c0901a638da66dc9a5bc29912d61f6e,VirusShare_00499,razy,499728,exe,trojan,66.18,2021-11-14T20:18:36+00:00,2020-11-21
3c4679baf9d16566684708da95eb338e,VirusShare_00499,razy,323600,exe,trojan,61.76,2021-11-13T19:44:23+00:00,2020-11-21
3d45fa79768963748fdd9f65b12abb38,VirusShare_00499,razy,499728,exe,trojan,66.67,2021-11-14T09:16:06+00:00,2020-11-21
3dbeb9215024d968466f9b632a175457,VirusShare_00499,razy,499728,exe,trojan,64.71,2021-11-14T12:49:54+00:00,2020-11-21
3f7bc706ea20d7ae60773c6e72e101dc,VirusShare_00499,razy,2097168,exe,trojan,63.24,2021-11-14T16:32:19+00:00,2020-11-21
401f45506d6ac26df9e692ba66598d19,VirusShare_00499,razy,323600,exe,trojan,63.24,2021-11-12T22:28:22+00:00,2020-11-21
40a74a13cf46f38a53511a7040ab0892,VirusShare_00499,razy,499728,exe,trojan,66.18,2021-11-14T19:03:46+00:00,2020-11-21
4201e767c3cbfa0a20ac717fbfb1302b,VirusShare_00499,razy,323600,exe,trojan,61.76,2021-11-14T18:07:31+00:00,2020-11-21
4219bafe156f2043da7b64b4c2601183,VirusShare_00499,razy,323600,exe,trojan,58.21,2021-11-12T23:03:38+00:00,2020-11-21
437cf7352c87bb987835be36be9ab2dc,VirusShare_00499,razy,499728,exe,trojan,64.71,2021-11-13T03:57:54+00:00,2020-11-21
43c1fd663e7ffe7c02b1af783219781a,VirusShare_00499,razy,323600,exe,trojan,62.69,2021-11-10T09:02:39+00:00,2020-11-21
45342b5c12353492eacac3458b180b1f,VirusShare_00499,razy,323600,exe,trojan,62.69,2021-11-13T08:20:52+00:00,2020-11-21
4646e1f163054b8cc5b0d9b1a2a607b9,VirusShare_00499,razy,323600,exe,trojan,61.76,2021-11-15T17:26:33+00:00,2020-11-21
48c08b950bd7ba3381b13ff814685b29,VirusShare_00499,razy,323600,exe,trojan,60.61,2021-11-13T17:40:51+00:00,2020-11-21
495cfecf546ccc42b3ec612d1e1296c6,VirusShare_00499,razy,323600,exe,trojan,62.69,2021-11-13T17:17:51+00:00,2020-11-21
4a544e23738a58ed450fbfe1f7563fbd,VirusShare_00499,razy,323600,exe,trojan,61.76,2021-11-11T23:54:56+00:00,2020-11-21
4ba25fbdd7e54bc4d7b3b3f3beb37ec7,VirusShare_00499,razy,803344,exe,trojan,61.76,2021-11-15T17:41:43+00:00,2020-11-21
4bbbb3565b0abba59fb737cc2aa5e787,VirusShare_00499,razy,323600,exe,trojan,61.19,2021-11-13T18:00:47+00:00,2020-11-21
4c18a840ecadd032ade5f9e4c0828725,VirusShare_00499,razy,323600,exe,trojan,62.12,2021-11-13T08:22:02+00:00,2020-11-21
4d8d97088a998833c109a99b9c34de5a,VirusShare_00499,razy,323600,exe,trojan,61.19,2021-11-12T03:58:57+00:00,2020-11-21
50bd4841c12be1f0bcb3fdac20a9bba5,VirusShare_00499,razy,803344,exe,trojan,62.69,2021-11-13T16:32:56+00:00,2020-11-21
510ea4ee4c826cb7d34984cfde658dee,VirusShare_00499,razy,323600,exe,trojan,62.69,2021-11-15T17:17:48+00:00,2020-11-21
5187c686cc1da5f1b22a7bed0df914ed,VirusShare_00499,razy,323600,exe,trojan,60.29,2021-11-14T15:10:48+00:00,2020-11-21
51edc1a6003b8b6b3c109adf54958706,VirusShare_00499,razy,499728,exe,trojan,61.76,2021-11-11T17:44:20+00:00,2020-11-21
51fd98a95ee827b3578260464c88147c,VirusShare_00499,razy,499728,exe,trojan,66.18,2021-11-14T05:32:22+00:00,2020-11-21
53edb3c3e4df84fc73b2fce2bfae5a10,VirusShare_00499,razy,499728,exe,trojan,64.71,2021-11-13T17:21:15+00:00,2020-11-21
566ed4c10e4c0cc60e3a88ca5c9f4a14,VirusShare_00499,razy,323600,exe,trojan,62.07,2021-11-12T07:32:57+00:00,2020-11-21
5698e53f3a4710063e3494bef90896eb,VirusShare_00499,razy,499728,exe,trojan,64.71,2021-11-11T23:56:10+00:00,2020-11-21
580e4bfb387611178a6b158462d93255,VirusShare_00499,razy,323600,exe,trojan,58.82,2021-11-12T11:22:08+00:00,2020-11-21
598a116817de548d23b0c1218b06d953,VirusShare_00499,razy,323600,exe,trojan,61.76,2021-11-10T19:01:33+00:00,2020-11-21
5ae2f176d74e446fa27b5301807e9385,VirusShare_00499,razy,323600,exe,trojan,61.54,2021-11-14T16:06:54+00:00,2020-11-21
5d08c180d1d595a4e6a63d86f2f71a53,VirusShare_00499,razy,499728,exe,trojan,63.24,2021-11-14T14:56:28+00:00,2020-11-21
5d2a4d33c6911b138fc8f7c51fbe048e,VirusShare_00499,razy,323600,exe,trojan,77.94,2021-11-17T03:38:36+00:00,2020-11-21
5e04ab496fd1c919f125dbea7b03028d,VirusShare_00499,razy,323600,exe,trojan,63.24,2021-11-13T16:47:13+00:00,2020-11-21
5e43cd45f653f7f82609304ff9b0f32b,VirusShare_00499,razy,323600,exe,trojan,60.29,2021-11-11T16:35:15+00:00,2020-11-21
5ea1d8779132a2877e9f87000aac3191,VirusShare_00499,razy,323600,exe,trojan,62.69,2021-11-14T19:06:26+00:00,2020-11-21
5fceb02c025398f765f670c078085205,VirusShare_00499,razy,499728,exe,trojan,62.9,2021-11-14T16:50:08+00:00,2020-11-21
6053ff3ffd2eb02204d85552ff48d4ea,VirusShare_00499,razy,323600,exe,trojan,63.24,2021-11-13T17:04:14+00:00,2020-11-21
611d5f21dabc6f2ecd6cd33eeb1803fe,VirusShare_00499,razy,323600,exe,trojan,61.19,2021-11-14T00:10:50+00:00,2020-11-21
61dc3da714fe023f34b6b4a31307f6e5,VirusShare_00499,razy,540688,exe,trojan,61.76,2021-11-13T17:10:09+00:00,2020-11-21
61ddc0c2631645bb99e52e02b3d09042,VirusShare_00499,razy,499728,exe,trojan,64.18,2021-11-14T13:22:50+00:00,2020-11-21
627ab263e57306000073674eae7b9c21,VirusShare_00499,razy,323600,exe,trojan,67.69,2021-11-12T09:40:21+00:00,2020-11-21
629120c4f42d8d82b205f513ebce618a,VirusShare_00499,razy,323600,exe,trojan,61.76,2021-11-13T18:17:40+00:00,2020-11-21
6305c0716fe8bd4962c5a944faf8c7a3,VirusShare_00499,razy,499728,exe,trojan,63.24,2021-11-13T16:37:34+00:00,2020-11-21
647e3db7102f6fb4484823997f4e78de,VirusShare_00499,razy,499728,exe,trojan,66.18,2021-11-13T04:29:57+00:00,2020-11-21
64b09025ab00f1789861d773734014ec,VirusShare_00499,razy,499728,exe,trojan,64.71,2021-11-12T03:58:00+00:00,2020-11-21
6599bd31508aaa908f56e7d02c097ebc,VirusShare_00499,razy,499728,exe,trojan,66.18,2021-11-12T01:53:43+00:00,2020-11-21
65dadb174cb3680adde64d5a28b15e37,VirusShare_00499,razy,323600,exe,trojan,63.24,2021-11-11T18:31:13+00:00,2020-11-21
65e87b43b167ce952c0d9a3f14c434b6,VirusShare_00499,razy,499728,exe,trojan,66.67,2021-11-14T17:48:25+00:00,2020-11-21
67d3dd4a61f47275e3456a824e54c2e9,VirusShare_00499,razy,499728,exe,trojan,64.71,2021-11-12T02:50:57+00:00,2020-11-21
68d285e80f293637b9dfc61108cea387,VirusShare_00499,razy,323600,exe,trojan,64.71,2021-11-12T18:24:17+00:00,2020-11-21
697d4bce58421115a6142ea140524352,VirusShare_00499,razy,323600,exe,trojan,62.69,2021-11-11T21:27:15+00:00,2020-11-21
69c4c40597dd1fcf844a5e6dfc730e5a,VirusShare_00499,razy,323600,exe,trojan,61.76,2021-11-13T21:33:34+00:00,2020-11-21
6cc033ed404a219390b67af38cd4fad8,VirusShare_00499,razy,499728,exe,trojan,64.71,2021-11-11T01:38:14+00:00,2020-11-21
6d1396d854f0947daf9049d6e26735c1,VirusShare_00499,razy,323600,exe,trojan,62.69,2021-11-14T18:07:33+00:00,2020-11-21
6e0b58bb3cfc3be391ac9c602ca559b1,VirusShare_00499,razy,499728,exe,trojan,64.71,2021-11-12T18:07:13+00:00,2020-11-21
6e5de7f4ee36d23125ca471d4dc0e550,VirusShare_00499,razy,323600,exe,trojan,61.76,2021-11-12T08:11:53+00:00,2020-11-21
6f38affe0fc9290076b8c59ff4649976,VirusShare_00499,razy,499728,exe,trojan,61.76,2021-11-13T18:45:08+00:00,2020-11-21
6fd7fad303d5ea4ecf83f6a045fcd464,VirusShare_00499,razy,540688,exe,trojan,64.71,2021-11-14T17:39:37+00:00,2020-11-21
709489c6ad4ea54fb7a45e6559f53e47,VirusShare_00499,razy,2097168,exe,trojan,64.06,2021-11-14T17:18:52+00:00,2020-11-21
719a827c385fac43f315a0caec6aafa8,VirusShare_00499,razy,499728,exe,trojan,50.75,2021-11-13T06:49:03+00:00,2020-11-21
71ab2c7291c9616f340ccc4efac66d10,VirusShare_00499,razy,803344,exe,trojan,61.76,2021-11-12T16:45:45+00:00,2020-11-21
720827510006e633b822f3fb59ea2846,VirusShare_00499,razy,323600,exe,trojan,62.12,2021-11-12T16:32:29+00:00,2020-11-21
72f27f83c296e553035c71244c381638,VirusShare_00499,razy,323600,exe,trojan,62.12,2021-11-13T03:04:50+00:00,2020-11-21
73c7b730f6ae748d035af61ab8837357,VirusShare_00499,razy,323600,exe,trojan,59.7,2021-11-13T18:03:25+00:00,2020-11-21
757b4db8119c962be0c9591dad970d29,VirusShare_00499,razy,323600,exe,trojan,73.13,2021-11-16T04:37:42+00:00,2020-11-21
775d1e20db87f760cedcdb94cf2bf003,VirusShare_00499,razy,499728,exe,trojan,64.71,2021-11-11T21:43:31+00:00,2020-11-21
77c17f3ffd5a00c44a1096c187323fb4,VirusShare_00499,razy,499728,exe,trojan,64.71,2021-11-13T16:35:07+00:00,2020-11-21
7ad9982af0c605fee93dc40f0a73fe64,VirusShare_00499,razy,323600,exe,trojan,59.38,2021-11-14T06:30:06+00:00,2020-11-21
7baa26bc7b040461aa886e9ca01d791e,VirusShare_00499,razy,499728,exe,trojan,64.71,2021-11-14T04:55:34+00:00,2020-11-21
7c198a4951dca129e6c22be1a86709bb,VirusShare_00499,razy,2097168,exe,trojan,67.65,2021-11-12T17:19:19+00:00,2020-11-21
7c92fb78a073a0beb73db341d28a914b,VirusShare_00499,razy,323600,exe,trojan,62.32,2021-11-10T02:05:25+00:00,2020-11-21
7caba48e14075c8d5f40a7a911fb7b32,VirusShare_00499,razy,499728,exe,trojan,63.24,2021-11-12T17:56:01+00:00,2020-11-21
7d46dda058eaf79d6cd22b9e95b57961,VirusShare_00499,razy,323600,exe,trojan,63.64,2021-11-11T19:59:53+00:00,2020-11-21
7e1e5e0876c22f0c8a89d1b2bbe2513f,VirusShare_00499,razy,499728,exe,trojan,64.71,2021-11-12T17:27:14+00:00,2020-11-21
7e7cae0592289bbd2877b0f5a37784cd,VirusShare_00499,razy,499728,exe,trojan,66.18,2021-11-14T16:56:18+00:00,2020-11-21
7ea52ef8297ce1a030113592c224064e,VirusShare_00499,razy,323600,exe,trojan,63.24,2021-11-11T20:31:26+00:00,2020-11-21
80d9983fbfc4badbf1268d826eae2209,VirusShare_00499,razy,323600,exe,trojan,61.76,2021-11-09T22:34:29+00:00,2020-11-21
81c77fcc83cfcbe1357d2e93c7df7a87,VirusShare_00499,razy,323600,exe,trojan,64.62,2021-11-12T08:23:12+00:00,2020-11-21
823a8c23fe0f42bb8c5b88b31404b4d0,VirusShare_00499,razy,2097168,exe,trojan,64.71,2021-11-13T17:36:58+00:00,2020-11-21
8311f22fd7e1c75745ee9537cc2850e6,VirusShare_00499,razy,323600,exe,trojan,63.24,2021-11-11T22:18:31+00:00,2020-11-21
83cd9bcfcd004cd7e879b6f2b3ea331c,VirusShare_00499,razy,1638416,exe,trojan,64.71,2021-11-15T16:31:30+00:00,2020-11-21
84571c837108307b0239e9090d2c1cd9,VirusShare_00499,razy,499728,exe,trojan,59.7,2021-11-10T00:58:24+00:00,2020-11-21
84bc304ce9ace851caf0643b4697e478,VirusShare_00499,razy,323600,exe,trojan,61.76,2021-11-15T16:56:56+00:00,2020-11-21
850b0c17e4d2f60f2240468dfef49a26,VirusShare_00499,razy,2097168,exe,trojan,61.76,2021-11-12T17:26:39+00:00,2020-11-21
8847ee6b0e3d83aac7c90c5d375246ad,VirusShare_00499,razy,540688,exe,trojan,63.77,2021-11-09T19:30:19+00:00,2020-11-21
889d9691d04a1356196388cd15e85208,VirusShare_00499,razy,323600,exe,trojan,60.61,2021-11-11T22:18:31+00:00,2020-11-21
88f9e343293aeedf96ba2b03ede1ed25,VirusShare_00499,razy,323600,exe,trojan,58.06,2021-11-12T22:23:11+00:00,2020-11-21
89602edf7bc092393f2cce9ef354b2ac,VirusShare_00499,razy,323600,exe,trojan,63.24,2021-11-14T18:58:23+00:00,2020-11-21
8ad9dc53fbf15e46c5a0e29939e694a2,VirusShare_00499,razy,323600,exe,trojan,63.24,2021-11-13T17:18:47+00:00,2020-11-21
8c253ef8d1685d9617f61a5b64d5454e,VirusShare_00499,razy,499728,exe,trojan,64.18,2021-11-13T06:13:02+00:00,2020-11-21
8de922777829358268ad1b24b7575e2c,VirusShare_00499,razy,323600,exe,trojan,61.54,2021-11-14T14:21:45+00:00,2020-11-21
8e402c94c9bfd8e40704af2e74641758,VirusShare_00499,razy,499728,exe,trojan,65.15,2021-11-14T11:57:58+00:00,2020-11-21
8ec06d1df9d64f7fd89f768499ba7a06,VirusShare_00499,razy,323600,exe,trojan,61.76,2021-11-12T17:13:15+00:00,2020-11-21
905664eeeaf1c1ef6d04856fa0088e2c,VirusShare_00499,razy,323600,exe,trojan,65.15,2021-11-10T09:42:15+00:00,2020-11-21
907e2deacafb8478c4152c601d72cfdc,VirusShare_00499,razy,323600,exe,trojan,61.76,2021-11-10T19:56:52+00:00,2020-11-21
90e60be740987cdf7c91b29bffb7d078,VirusShare_00499,razy,323600,exe,trojan,65.15,2021-11-11T20:36:02+00:00,2020-11-21
91af774264e2673ecdd5df04bdffd5ab,VirusShare_00499,razy,323600,exe,trojan,63.08,2021-11-14T09:51:26+00:00,2020-11-21
92f940b891e49c66bed2c6316f260580,VirusShare_00499,razy,323600,exe,trojan,63.24,2021-11-14T18:58:20+00:00,2020-11-21
9657cebff9a6fab8bc7ef209ed5aaf0d,VirusShare_00499,razy,323600,exe,trojan,60.29,2021-11-14T00:39:03+00:00,2020-11-21
98d1a1152a3751048e4cbef81a86b15f,VirusShare_00499,razy,323600,exe,trojan,60.29,2021-11-13T08:37:04+00:00,2020-11-21
98d3755c3ba12ecca2abcc5ce53d59c5,VirusShare_00499,razy,5402640,exe,trojan,64.71,2021-11-11T17:42:11+00:00,2020-11-21
99dce41650183098caae1fe916d494b9,VirusShare_00499,razy,323600,exe,trojan,60.61,2021-11-13T10:11:02+00:00,2020-11-21
9a2aede7fdfc165595902b0df0a4a63a,VirusShare_00499,razy,499728,exe,trojan,61.19,2021-11-12T00:01:46+00:00,2020-11-21
9a6eb0f884069110c4a51caaec250022,VirusShare_00499,razy,499728,exe,trojan,64.71,2021-11-13T20:10:03+00:00,2020-11-21
9b34b340035e93143a374c5f360547ea,VirusShare_00499,razy,499728,exe,trojan,63.24,2021-11-13T19:47:04+00:00,2020-11-21
9b8f108835163c0b34a8ff6311e62ce5,VirusShare_00499,razy,323600,exe,trojan,60.29,2021-11-09T22:18:18+00:00,2020-11-21
9c738afa2915ba9778b7e5eeddcff205,VirusShare_00499,razy,499728,exe,trojan,62.9,2021-11-13T04:42:04+00:00,2020-11-21
9db386d2b77e1067142e1719c6cc1d8f,VirusShare_00499,razy,323600,exe,trojan,61.76,2021-11-14T04:57:42+00:00,2020-11-21
a04d70afec5885ece1ff140d4f5e1129,VirusShare_00499,razy,499728,exe,trojan,66.18,2021-11-13T17:50:00+00:00,2020-11-21
a0df4e7bda88abca0f08940c347c256b,VirusShare_00499,razy,499728,exe,trojan,64.71,2021-11-14T21:13:16+00:00,2020-11-21
a1c3dfab2aa0bcb9634e7d438adb89c7,VirusShare_00499,razy,803344,exe,trojan,63.24,2021-11-13T17:07:42+00:00,2020-11-21
a35a7923f1dc8944a9a1393c59b42562,VirusShare_00499,razy,803344,exe,trojan,61.19,2021-11-15T17:43:08+00:00,2020-11-21
a37fd770e2c8ce88931d4da8282ea637,VirusShare_00499,razy,323600,exe,trojan,62.12,2021-11-14T18:23:36+00:00,2020-11-21
a8798bf01004d190ffd8f129d8870a30,VirusShare_00499,razy,323600,exe,trojan,64.18,2021-11-13T16:47:51+00:00,2020-11-21
aa71ae698b995645ab268af38807e785,VirusShare_00499,razy,2314256,exe,trojan,63.24,2021-11-15T16:56:51+00:00,2020-11-21
ab8f23d0c77d968ccf696d2b4ea166a2,VirusShare_00499,razy,323600,exe,trojan,62.12,2021-11-14T20:17:35+00:00,2020-11-21
abc2554cd51593966990583b7adfd4ac,VirusShare_00499,razy,803344,exe,trojan,63.24,2021-11-13T16:35:55+00:00,2020-11-21
ad0d7329be202d18f81a3e6ef34eb1c3,VirusShare_00499,razy,803344,exe,trojan,61.76,2021-11-12T17:47:31+00:00,2020-11-21
af4d7db146b739e4ee4c0eef620d0182,VirusShare_00499,razy,323600,exe,trojan,62.12,2021-11-15T16:25:58+00:00,2020-11-21
afe766df47f8c906a742e34c4d3b44ab,VirusShare_00499,razy,499728,exe,trojan,64.18,2021-11-12T17:52:03+00:00,2020-11-21
b44cb919aa5fa5757b820b537f8e7e2e,VirusShare_00499,razy,803344,exe,trojan,61.76,2021-11-12T17:44:58+00:00,2020-11-21
b58d961a0d806698700c4d7baca8fc12,VirusShare_00499,razy,323600,exe,trojan,72.06,2021-11-15T00:24:52+00:00,2020-11-21
b5b69508eb6f39ba39dc2f88d4ac5870,VirusShare_00499,razy,499728,exe,trojan,66.18,2021-11-12T17:28:20+00:00,2020-11-21
b5e57ece3d5f1fe44cdaeb020b6c956e,VirusShare_00499,razy,323600,exe,trojan,61.76,2021-11-14T03:31:40+00:00,2020-11-21
b5e652e586497f80e9e69780c4fa1ad1,VirusShare_00499,razy,323600,exe,trojan,75.0,2021-11-13T06:13:37+00:00,2020-11-21
b66ef2f378711764de23cca3faa24d25,VirusShare_00499,razy,323600,exe,trojan,63.24,2021-11-15T16:55:26+00:00,2020-11-21
b6d70091e8f9520762de73bb107d8c2e,VirusShare_00499,razy,323600,exe,trojan,62.69,2021-11-14T13:20:52+00:00,2020-11-21
b83bb81e82a9aef4ad53efb4b6e9979f,VirusShare_00499,razy,323600,exe,trojan,63.24,2021-11-13T05:53:55+00:00,2020-11-21
b85a1525914a11f61de2e582d0417a6a,VirusShare_00499,razy,803344,exe,trojan,63.24,2021-11-10T18:10:25+00:00,2020-11-21
b92e1f05deaa736f0149f871496d73af,VirusShare_00499,razy,323600,exe,trojan,59.7,2021-11-13T05:09:41+00:00,2020-11-21
bac4cf2b46fef3c27c02a2ef6930bdc2,VirusShare_00499,razy,323600,exe,trojan,63.24,2021-11-14T21:11:08+00:00,2020-11-21
bb171f84fb5d5b6b3f4c20058a9167ed,VirusShare_00499,razy,323600,exe,trojan,61.76,2021-11-12T01:41:20+00:00,2020-11-21
bb385fb4bccab0c04cfce69091582e19,VirusShare_00499,razy,323600,exe,trojan,62.12,2021-11-12T07:00:02+00:00,2020-11-21
bb446c9923e9f3d72bb740a5687968dc,VirusShare_00499,razy,499728,exe,trojan,64.71,2021-11-13T08:04:20+00:00,2020-11-21
bbb9575f62eecb248ac2605d648f67f6,VirusShare_00499,razy,499728,exe,trojan,64.71,2021-11-12T17:02:13+00:00,2020-11-21
bbff326384cdc39228cc03aa9b468c8a,VirusShare_00499,razy,323600,exe,trojan,60.87,2021-11-08T23:29:34+00:00,2020-11-21
bc70058d380682f4e246b7b3deafd183,VirusShare_00499,razy,323600,exe,trojan,61.19,2021-11-12T19:52:19+00:00,2020-11-21
bcf2e056448d3d1c697969db42233b5f,VirusShare_00499,razy,323600,exe,trojan,72.06,2021-11-15T04:41:02+00:00,2020-11-21
bd06524e3f619b685651b2527909b79e,VirusShare_00499,razy,323600,exe,trojan,62.69,2021-11-12T16:55:40+00:00,2020-11-21
bd32d26cf2898467a035ea9e074111e9,VirusShare_00499,razy,323600,exe,trojan,61.19,2021-11-14T14:12:57+00:00,2020-11-21
bd6f5b3d87ca2bd5bd35af593eb0525b,VirusShare_00499,razy,323600,exe,trojan,64.71,2021-11-14T11:25:20+00:00,2020-11-21
bf30ac75df7817e6a5c04753e88aa553,VirusShare_00499,razy,499728,exe,trojan,73.13,2021-11-14T11:12:53+00:00,2020-11-21
bff3c75d94118e8bde2b96039b2ae1a4,VirusShare_00499,razy,323600,exe,trojan,75.0,2021-11-13T22:08:04+00:00,2020-11-21
c0fc2345bca41cc9bc017f2717bddbda,VirusShare_00499,razy,323600,exe,trojan,76.47,2021-11-15T08:26:25+00:00,2020-11-21
c2a408df2dec5ea7f034e7d12ebb9df0,VirusShare_00499,razy,1638416,exe,trojan,73.53,2021-11-15T19:42:33+00:00,2020-11-21
c2a8b2a8f16076189e228d0417d039b1,VirusShare_00499,razy,323600,exe,trojan,61.76,2021-11-11T22:35:03+00:00,2020-11-21
c38bfea392b7034125603c62d742d792,VirusShare_00499,razy,499728,exe,trojan,66.18,2021-11-12T17:18:37+00:00,2020-11-21
c3dbadd473719e8c0d6405d3c8e58a61,VirusShare_00499,razy,323600,exe,trojan,60.87,2021-11-08T23:19:21+00:00,2020-11-21
c431f6a25770d8d0cc3070b3eb2fa28b,VirusShare_00499,razy,323600,exe,trojan,64.71,2021-11-13T04:29:54+00:00,2020-11-21
c469f85215d819d0b6fa926b2d0fc6cc,VirusShare_00499,razy,499728,exe,trojan,63.49,2021-11-14T16:54:47+00:00,2020-11-21
c4e78400717c0f7f6a6372376c82f3e2,VirusShare_00499,razy,323600,exe,trojan,62.12,2021-11-08T20:17:32+00:00,2020-11-21
c5b9f48ed38b57e2edf2a6bd3a5afe49,VirusShare_00499,razy,499728,exe,trojan,64.18,2021-11-13T08:20:51+00:00,2020-11-21
c61f71a229f0073efc55e4f0c02f473b,VirusShare_00499,razy,2314256,exe,trojan,58.82,2021-11-15T17:04:14+00:00,2020-11-21
c6c94c9ffdce79bac52ce0ae6fc74845,VirusShare_00499,razy,5373968,exe,trojan,61.54,2021-11-15T13:11:08+00:00,2020-11-21
c71eeeb7c13589f5f23b9158a80df82d,VirusShare_00499,razy,323600,exe,trojan,59.68,2021-11-11T19:38:41+00:00,2020-11-21
c73326b0d957fc42990e4f57042fac5c,VirusShare_00499,razy,323600,exe,trojan,62.69,2021-11-13T16:25:14+00:00,2020-11-21
c7856d7628039edeafed63e5e9c8d187,VirusShare_00499,razy,323600,exe,trojan,61.76,2021-11-13T19:54:00+00:00,2020-11-21
c81f80d27a7e085854cbbbb63411a49b,VirusShare_00499,razy,323600,exe,trojan,61.76,2021-11-13T17:19:26+00:00,2020-11-21
c8912a36a39625e07c87684fd7a744d6,VirusShare_00499,razy,499728,exe,trojan,66.18,2021-11-11T20:00:56+00:00,2020-11-21
c9cef43159b9d1a235cc7af5f8a3c28b,VirusShare_00499,razy,499728,exe,trojan,64.18,2021-11-14T05:46:08+00:00,2020-11-21
ca7c0d6b159d8cb4ee4b9c17a8b46c9e,VirusShare_00499,razy,540688,exe,trojan,63.24,2021-11-13T17:28:16+00:00,2020-11-21
cac70fb7bb88d95e49474922e7d201e3,VirusShare_00499,razy,323600,exe,trojan,63.24,2021-11-13T19:13:39+00:00,2020-11-21
cb5525c9c213a617673c4a99569de378,VirusShare_00499,razy,323600,exe,trojan,64.18,2021-11-15T16:40:23+00:00,2020-11-21
cc0739a6955bf076029e11352248c37a,VirusShare_00499,razy,323600,exe,trojan,63.24,2021-11-14T03:45:33+00:00,2020-11-21
cdd3be8c6fabc1453f95817c8e8f40c7,VirusShare_00499,razy,323600,exe,trojan,62.69,2021-11-13T17:17:51+00:00,2020-11-21
cfb5172ea7fee85d37fed29c794c1ae8,VirusShare_00499,razy,499728,exe,trojan,66.18,2021-11-11T22:34:59+00:00,2020-11-21
d016f0b55d66c9b045ffb0ef17102f7d,VirusShare_00499,razy,323600,exe,trojan,61.76,2021-11-13T16:28:10+00:00,2020-11-21
d05371905635ca8092ceb64ec07599fe,VirusShare_00499,razy,323600,exe,trojan,62.12,2021-11-13T05:09:12+00:00,2020-11-21
d1b4ec380d1962edc626babfbc200a39,VirusShare_00499,razy,323600,exe,trojan,61.19,2021-11-14T14:51:20+00:00,2020-11-21
d22830d7d65edac7a3ce1b1ff6b6022c,VirusShare_00499,razy,323600,exe,trojan,62.69,2021-11-13T19:12:49+00:00,2020-11-21
d24cae07dfdbea152e685e4b5b347529,VirusShare_00499,razy,323600,exe,trojan,63.64,2021-11-12T05:32:12+00:00,2020-11-21
d3f487cf2fc832bbb36dc87c4478b2e3,VirusShare_00499,razy,499728,exe,trojan,64.18,2021-11-11T16:23:49+00:00,2020-11-21
d4b2a05be5b219bbc44bfe281c20d3a0,VirusShare_00499,razy,323600,exe,trojan,61.76,2021-11-15T16:42:21+00:00,2020-11-21
d54be328ffbe3e2378940261cc07f1df,VirusShare_00499,razy,323600,exe,trojan,61.76,2021-11-13T23:55:49+00:00,2020-11-21
d57a9c222505081d4f2e0c0b5636d1ba,VirusShare_00499,razy,803344,exe,trojan,61.76,2021-11-13T16:26:24+00:00,2020-11-21
d5a806f4343a22bc6577a1059730b84e,VirusShare_00499,razy,323600,exe,trojan,61.19,2021-11-14T18:31:02+00:00,2020-11-21
d786ed2681e218096f2bfd4696c87ab9,VirusShare_00499,razy,5402640,exe,trojan,73.53,2021-11-16T18:05:27+00:00,2020-11-21
d7feb02ede17f18af4205977e583db8c,VirusShare_00499,razy,323600,exe,trojan,64.71,2021-11-14T16:55:28+00:00,2020-11-21
d8540fb582a77f598a32776c728661ed,VirusShare_00499,razy,323600,exe,trojan,66.18,2021-11-11T18:43:37+00:00,2020-11-21
d863ae5b0a59c7c3778051baa83295d9,VirusShare_00499,razy,499728,exe,trojan,61.19,2021-11-13T12:58:06+00:00,2020-11-21
d93f1a97303537533e6f9102ed9e12d1,VirusShare_00499,razy,803344,exe,trojan,61.19,2021-11-13T17:45:21+00:00,2020-11-21
da797e8d97b806d45f76a09c880530ea,VirusShare_00499,razy,323600,exe,trojan,61.19,2021-11-12T17:37:15+00:00,2020-11-21
db0b611430524fdc35371c9e87b705ca,VirusShare_00499,razy,323600,exe,trojan,58.93,2021-11-15T10:49:53+00:00,2020-11-21
db73f12dbf1caf4207087640d1b64c14,VirusShare_00499,razy,499728,exe,trojan,66.18,2021-11-13T18:59:17+00:00,2020-11-21
dbea02144b8e3a2d2db296976ee5867b,VirusShare_00499,razy,5402640,exe,trojan,64.71,2021-11-13T17:17:21+00:00,2020-11-21
dc10070841bce9f0cacc82298e6afaa5,VirusShare_00499,razy,323600,exe,trojan,62.69,2021-11-11T21:53:44+00:00,2020-11-21
dc934a116fe386d922b543281a53121b,VirusShare_00499,razy,323600,exe,trojan,76.12,2021-11-13T12:09:15+00:00,2020-11-21
dc9b6ab4642641f7596e1fbf431e0849,VirusShare_00499,razy,323600,exe,trojan,63.24,2021-11-12T22:10:24+00:00,2020-11-21
dcf4ab827fa0f870d2a1204bda9c939d,VirusShare_00499,razy,323600,exe,trojan,63.24,2021-11-12T16:57:13+00:00,2020-11-21
dd2db1bdeaa4091d1924a0096b8edd3b,VirusShare_00499,razy,323600,exe,trojan,60.87,2021-11-08T20:33:47+00:00,2020-11-21
de60d39e61e6ee7f7d6cf8e7bd0ce617,VirusShare_00499,razy,323600,exe,trojan,62.32,2021-11-10T02:55:32+00:00,2020-11-21
de791f981aab8968cbb560b88f0cb46a,VirusShare_00499,razy,323600,exe,trojan,61.76,2021-11-12T18:40:27+00:00,2020-11-21
deaa9941db5559af91a4ce027ee7c1e4,VirusShare_00499,razy,323600,exe,trojan,60.94,2021-11-11T23:46:48+00:00,2020-11-21
df2abcc29c5312559c3f7a12637f724f,VirusShare_00499,razy,323600,exe,trojan,60.29,2021-11-14T08:29:08+00:00,2020-11-21
df51627babd1c7782562a70847b1cd11,VirusShare_00499,razy,499728,exe,trojan,64.71,2021-11-11T23:08:42+00:00,2020-11-21
df80f9fca7b2a09b6ca4ecdbb8753d2f,VirusShare_00499,razy,323600,exe,trojan,61.76,2021-11-12T22:23:11+00:00,2020-11-21
e114c21120b305bd34efbaa4db673862,VirusShare_00499,razy,323600,exe,trojan,62.12,2021-11-13T02:40:15+00:00,2020-11-21
e40baf724b14a9b7dbe994796fa47e50,VirusShare_00499,razy,499728,exe,trojan,64.71,2021-11-11T23:08:41+00:00,2020-11-21
e4eff084f9085f8a1fcaf215aa1ffb32,VirusShare_00499,razy,323600,exe,trojan,61.19,2021-11-12T17:32:25+00:00,2020-11-21
e536821bb89ea059e364ddf63f6188df,VirusShare_00499,razy,323600,exe,trojan,63.24,2021-11-14T17:40:39+00:00,2020-11-21
e59ab94b85e0977d3274e1863543f262,VirusShare_00499,razy,323600,exe,trojan,60.29,2021-11-14T05:56:37+00:00,2020-11-21
e5b164f2cf8ef3d9aebd086e7b599d4c,VirusShare_00499,razy,499728,exe,trojan,63.24,2021-11-13T12:41:05+00:00,2020-11-21
e679e01287d5a9b68e660b1f23ccf8ef,VirusShare_00499,razy,803344,exe,trojan,60.61,2021-11-13T16:27:58+00:00,2020-11-21
e6d58987472baf94aab0560a4d402cdd,VirusShare_00499,razy,323600,exe,trojan,61.76,2021-11-13T01:48:48+00:00,2020-11-21
e7339a6fbb1e6fc94cc922bf0f71a2c0,VirusShare_00499,razy,803344,exe,trojan,60.29,2021-11-13T17:51:42+00:00,2020-11-21
e74df48f9344924c2ee660fd469a7d41,VirusShare_00499,razy,323600,exe,trojan,59.09,2021-11-14T03:46:38+00:00,2020-11-21
e776c0c134770fec2a650fcde34c2e8f,VirusShare_00499,razy,323600,exe,trojan,63.24,2021-11-13T16:50:33+00:00,2020-11-21
e84211d1bbbdc36cf94ecf0d2d001eed,VirusShare_00499,razy,323600,exe,trojan,61.76,2021-11-14T02:37:34+00:00,2020-11-21
e918fdca46f618fc6c605721a687f0ba,VirusShare_00499,razy,323600,exe,trojan,64.18,2021-11-13T21:37:41+00:00,2020-11-21
e936e23a26c2ce9f698e9558c9b8d292,VirusShare_00499,razy,5373968,exe,trojan,63.24,2021-11-14T17:02:47+00:00,2020-11-21
eabe78142610e83812c397f33fb24aba,VirusShare_00499,razy,323600,exe,trojan,62.12,2021-11-13T06:09:54+00:00,2020-11-21
ebbac69548e9ae6b45287f34a79c30ae,VirusShare_00499,razy,323600,exe,trojan,76.12,2021-11-11T03:05:15+00:00,2020-11-21
ec6bfcea1029edeea61df9bab03a5263,VirusShare_00499,razy,323600,exe,trojan,61.19,2021-11-11T18:44:55+00:00,2020-11-21
ecd1bfa45bbf8dfdef6289b76d64352d,VirusShare_00499,razy,499728,exe,trojan,64.18,2021-11-13T02:42:34+00:00,2020-11-21
ef7122b7390e97a087a69a0deb7f7b00,VirusShare_00499,razy,323600,exe,trojan,75.76,2021-11-16T09:37:18+00:00,2020-11-21
efae007ca37d5b778940f8cfe5a88d59,VirusShare_00499,razy,323600,exe,trojan,60.0,2021-11-14T16:54:43+00:00,2020-11-21
efc1830b5906e99b1f327c875bfc5965,VirusShare_00499,razy,323600,exe,trojan,61.19,2021-11-10T04:24:10+00:00,2020-11-21
efe4aa8c1176c11d4e5526cff1513078,VirusShare_00499,razy,540688,exe,trojan,62.12,2021-11-15T17:22:34+00:00,2020-11-21
f0392f540de571b245f36fb57368559f,VirusShare_00499,razy,323600,exe,trojan,61.76,2021-11-12T03:22:50+00:00,2020-11-21
f084268b45b622c71523eac58ed43941,VirusShare_00499,razy,499728,exe,trojan,66.18,2021-11-14T20:20:55+00:00,2020-11-21
f0f7663b17ffc28974305fbc5e2ec3d2,VirusShare_00499,razy,499728,exe,trojan,63.77,2021-11-09T00:53:47+00:00,2020-11-21
f11ddeeb7a5ff237cd309f3414ed18e4,VirusShare_00499,razy,499728,exe,trojan,65.67,2021-11-14T07:21:38+00:00,2020-11-21
f1c8eaf9d9f08d6fa84a005a61098415,VirusShare_00499,razy,499728,exe,trojan,58.82,2021-11-12T10:39:20+00:00,2020-11-21
f25a70df6f452b0caf71896442cde679,VirusShare_00499,razy,323600,exe,trojan,64.71,2021-11-12T17:50:43+00:00,2020-11-21
f3f1562e03ef1dae1339b839d29bd175,VirusShare_00499,razy,557072,exe,trojan,64.71,2021-11-13T17:20:59+00:00,2020-11-21
f439798829e342610f40f68ac9aa4500,VirusShare_00499,razy,323600,exe,trojan,59.7,2021-11-13T08:50:04+00:00,2020-11-21
f4e7174acea7a6e7bda2018005c0a2fd,VirusShare_00499,razy,323600,exe,trojan,63.24,2021-11-11T17:17:15+00:00,2020-11-21
f5f35954412a41e6e68afa8df94a715d,VirusShare_00499,razy,499728,exe,trojan,65.67,2021-11-13T03:10:50+00:00,2020-11-21
f6139802209a8de279fc0b4ef388b123,VirusShare_00499,razy,323600,exe,trojan,63.24,2021-11-13T16:30:30+00:00,2020-11-21
f723730f33593f6478a486aa4c189224,VirusShare_00499,razy,323600,exe,trojan,61.76,2021-11-12T23:24:18+00:00,2020-11-21
f7443395de51313612527cf3d99d9e1f,VirusShare_00499,razy,499728,exe,trojan,64.18,2021-11-12T02:53:57+00:00,2020-11-21
f82dd75df01bcb63680f9c9a5f4523e4,VirusShare_00499,razy,323600,exe,trojan,66.67,2021-11-09T08:34:14+00:00,2020-11-21
f88863146b9c39727b461de359ab9bf4,VirusShare_00499,razy,499728,exe,trojan,64.71,2021-11-11T18:08:17+00:00,2020-11-21
f993f3bad18488c9ee5dd2d2d0db5622,VirusShare_00499,razy,323600,exe,trojan,63.24,2021-11-14T03:57:34+00:00,2020-11-21
fd64ee99a5246b4467947d5afd84ac21,VirusShare_00499,razy,323600,exe,trojan,63.24,2021-11-15T18:07:30+00:00,2020-11-21
fd6ad99bee670d01000bbf01910737ad,VirusShare_00499,razy,499728,exe,trojan,64.18,2021-11-14T05:23:01+00:00,2020-11-21
fe74195fc8ce2287a2e8c569388f7ef2,VirusShare_00499,razy,323600,exe,trojan,63.24,2021-11-14T16:59:19+00:00,2020-11-21
feb663fdde43c74a10faee1d444129bf,VirusShare_00499,razy,323600,exe,trojan,60.32,2021-11-15T17:55:55+00:00,2020-11-21
834952d10de08931e8021dc8c01f2639,VirusShare_00499,razy,3843072,exe,trojan,36.92,2021-11-17T06:03:29+00:00,2021-02-03
f434be3bf52ba90cfcd66c2e4a23eba7,VirusShare_00495,razy,4492704,exe,trojan,71.01,2021-11-06T11:19:52+00:00,2021-03-15
e5bbde913ab535e76f9523fb9fe0f274,VirusShare_00495,razy,64512,exe,sin_inferir,23.88,2021-11-05T18:02:28+00:00,2021-03-24
bd0614826d6368f237458658776f50da,VirusShare_00499,razy,165888,exe,trojan,73.13,2021-11-11T00:28:29+00:00,2021-04-16
8d447f3d1086070c7624633af6d9221b,VirusShare_00499,razy,997848,exe,trojan,18.33,2021-11-14T16:09:25+00:00,2021-05-08
4c58861b2739f2c484b663180e2eea34,VirusShare_00499,razy,5678030,exe,trojan,43.28,2021-11-13T04:38:37+00:00,2021-05-17
31251cdcd687ed47d9f54c69e9764fed,VirusShare_00495,razy,1165312,exe,trojan,47.06,2021-11-01T13:21:01+00:00,2021-07-10
3abc73b7d35cfdd3926079dbfa0368ba,VirusShare_00495,razy,1165312,exe,trojan,43.94,2021-11-04T02:27:44+00:00,2021-07-10
6818607a4bf3d058312d1bdd8d9b699e,VirusShare_00495,razy,1165824,exe,trojan,46.27,2021-11-02T23:36:11+00:00,2021-07-10
73dad94c69662bae1a8213b96b730943,VirusShare_00495,razy,1165824,exe,trojan,46.27,2021-11-07T12:06:17+00:00,2021-07-10
869b09e6639fe5999664409ac0aa5704,VirusShare_00495,razy,1165824,exe,trojan,49.25,2021-11-03T08:06:16+00:00,2021-07-10
e19c5dc779d9df7e1bf0b5f1042b375e,VirusShare_00495,razy,1169920,exe,trojan,47.76,2021-11-04T02:20:46+00:00,2021-07-10
02148c938962150cfa888ec4cda614a5,VirusShare_00499,razy,36567,exe,trojan,72.06,2021-11-12T16:39:17+00:00,2021-07-17
d2cac5bf13400fd4c80c265f9c635426,VirusShare_00499,razy,38220,exe,trojan,72.73,2021-11-13T18:34:25+00:00,2021-07-17
114e68d786c4a63d32a4a1770563f8af,VirusShare_00495,razy,1063384,exe,sin_inferir,15.15,2021-11-06T15:12:15+00:00,2021-07-30
2425b3966faabe6e91e8cc21615e4350,VirusShare_00495,razy,1063384,exe,trojan,23.53,2021-11-05T17:34:44+00:00,2021-07-30
5a41770e8a0a9052b3194b727e5a9b74,VirusShare_00495,razy,1063384,exe,sin_inferir,13.24,2021-11-06T15:01:48+00:00,2021-07-30
abab02049d4fe3b8fef26d9d543ce1d3,VirusShare_00495,razy,1063384,exe,trojan,25.0,2021-11-05T17:51:51+00:00,2021-07-30
e1f810c4a0f343e31cf7aab7b2516c82,VirusShare_00495,razy,1063384,exe,sin_inferir,11.94,2021-11-06T13:55:43+00:00,2021-07-30
60f1992245c9785ef1224267d7fbf5ce,VirusShare_00499,razy,1063384,exe,trojan,19.4,2021-11-14T16:12:16+00:00,2021-07-30
62a639028b2f067eb92d405acb2be048,VirusShare_00499,razy,796160,exe,trojan,42.65,2021-11-14T17:33:41+00:00,2021-08-11
32bcea1d7b5404b7d3990ac3a207aabb,VirusShare_00495,razy,1063384,exe,trojan,24.24,2021-11-05T18:01:52+00:00,2021-08-13
51b7614b0934ed7d51ff2509b9208560,VirusShare_00499,razy,1063384,exe,trojan,16.67,2021-11-14T16:17:14+00:00,2021-08-13
8b25b6fcc10e4681c4ffde94ec32e075,VirusShare_00499,razy,77824,exe,trojan,29.85,2021-11-17T01:09:44+00:00,2021-08-23
18b756b5214fd8ea0c3f015d70d5e7e5,VirusShare_00495,razy,16384,exe,trojan,69.57,2021-11-07T00:58:23+00:00,2021-08-26
b94d4ea3c3bf3ca28d46be2b99e99c49,VirusShare_00495,razy,391168,exe,trojan,56.52,2021-11-07T11:34:26+00:00,2021-08-27
750c5b1df10727008b0d05c8b141bd49,VirusShare_00499,razy,137216,exe,trojan,59.7,2021-11-14T14:39:06+00:00,2021-08-30
5662c66fb9c39d454c25089ea94e188c,VirusShare_00495,razy,515072,exe,trojan,63.77,2021-11-05T17:35:37+00:00,2021-09-01
5432da00838df06ead47de95b0e2be2b,VirusShare_00495,razy,482817,exe,trojan,52.24,2021-11-05T18:43:23+00:00,2021-09-03
733ebea55482525295ad4fdc245d705a,VirusShare_00499,razy,7520256,exe,trojan,66.67,2021-11-16T11:00:55+00:00,2021-09-10
9d3649ba58125b92b9d67f5622161740,VirusShare_00499,razy,253952,exe,trojan,34.85,2021-11-11T00:42:48+00:00,2021-09-11
071500b11ae543173db51866bfc50edc,VirusShare_00495,razy,3631632,exe,trojan,50.82,2021-10-31T07:23:21+00:00,2021-09-22
ce8099290d9ea2fc7370523745343d58,VirusShare_00499,razy,16395991,exe,trojan,39.39,2021-11-14T14:46:31+00:00,2021-10-02
a7ce95f2a0a48e548fa7aa60bd1b659c,VirusShare_00495,razy,6648336,exe,trojan,34.33,2021-10-25T12:10:55+00:00,2021-10-03
cb2c2f6b7ce916c17638ec2a3ad49c24,VirusShare_00495,razy,6577168,exe,trojan,36.76,2021-10-31T15:23:19+00:00,2021-10-03
2f392675b74fe83c43b51a5934ff2c1f,VirusShare_00499,razy,392192,exe,trojan,61.19,2021-11-14T01:40:30+00:00,2021-10-06
2dcd1a03df7ae4923109d407968c0279,VirusShare_00495,razy,324608,exe,trojan,57.35,2021-11-07T20:02:53+00:00,2021-10-07
e85e03ebe5c164b710896376edb5c835,VirusShare_00495,razy,493056,exe,trojan,60.87,2021-11-03T07:44:43+00:00,2021-10-07
4034de5f22250ee34d9a0626e5903c30,VirusShare_00495,razy,3524361,exe,trojan,41.18,2021-11-01T05:14:00+00:00,2021-10-08
9b6757516ac95666e39b0bffc84cc036,VirusShare_00495,razy,3532661,exe,trojan,36.76,2021-11-07T06:12:04+00:00,2021-10-08
a8af9dfd48fefda64354f3aab5b292eb,VirusShare_00495,razy,2589696,exe,trojan,23.53,2021-11-08T16:24:18+00:00,2021-10-11
5ecfcf70c590b79b8d66ab2d9f4eb5a5,VirusShare_00495,razy,3490816,exe,trojan,43.28,2021-11-08T06:06:11+00:00,2021-10-15
7c31c49c8bb94a0817e0e7175e8106be,VirusShare_00499,razy,22528,exe,stealer,32.76,2021-11-17T05:00:12+00:00,2021-10-18
31377ae0fc9441d20d29596b1ad52cf0,VirusShare_00499,razy,708608,exe,trojan,71.64,2021-11-18T04:12:45+00:00,2021-10-22
b0c059ea371ebed4e3aeba7010836ebb,VirusShare_00495,razy,4483072,exe,trojan,44.12,2021-10-25T18:27:41+00:00,2021-10-23
ca03a77a22bd12519841fe0a2d09f6c4,VirusShare_00495,razy,2841279,exe,trojan,41.79,2021-11-07T14:58:08+00:00,2021-10-24
0a9a2b49021b1486b01f67f97b74541f,VirusShare_00495,razy,3551744,exe,trojan,68.12,2021-10-31T03:21:09+00:00,2021-10-25
4dffa9839ad62ccd2c1b9ec492119408,VirusShare_00495,razy,3602448,exe,trojan,37.68,2021-10-31T14:13:08+00:00,2021-10-25
7d748659d60f6cd8a365477584c12d5b,VirusShare_00495,razy,1953180,exe,trojan,66.18,2021-11-08T18:13:23+00:00,2021-10-26
2a43236f9390479471b65d1b5b50f5e1,VirusShare_00499,razy,521216,exe,trojan,48.53,2021-11-14T13:18:49+00:00,2021-10-26
2832bb1efdeeabf9d31f0a5fa67adb90,VirusShare_00495,razy,1075200,exe,trojan,71.01,2021-11-04T16:34:49+00:00,2021-10-27
4d143eb72af95f1e5aa409aad150a3a8,VirusShare_00495,razy,1075200,exe,trojan,69.12,2021-11-04T00:35:12+00:00,2021-10-27
c9631426279750a1698d0fa18eb84feb,VirusShare_00499,razy,3253704,exe,trojan,44.78,2021-11-17T20:35:58+00:00,2021-10-27
31c5e7671791e3131d88dc65be3b2ade,VirusShare_00495,razy,1626992,exe,trojan,63.77,2021-11-05T21:34:59+00:00,2021-10-29
3cdede14a9ea9b5fffb851108a008ce2,VirusShare_00495,razy,1749448,exe,trojan,63.77,2021-11-05T11:21:22+00:00,2021-10-29
461780bb0ea398208eaefcdf5e7ffd42,VirusShare_00495,razy,1853480,exe,trojan,38.81,2021-11-03T11:42:22+00:00,2021-10-29
4f7af64c16e066d07ee2f56c8a68280a,VirusShare_00495,razy,1739720,exe,trojan,65.22,2021-11-05T17:05:32+00:00,2021-10-29
559379ed9b260e2e963839c5ed47f75a,VirusShare_00495,razy,983040,exe,backdoor,50.72,2021-11-03T14:00:34+00:00,2021-10-29
99fb3ec87fc87757af38b32a2def48ea,VirusShare_00495,razy,1633224,exe,trojan,59.7,2021-11-02T08:42:28+00:00,2021-10-29
d099d137a47f50bf7ad3d50db54bb5d9,VirusShare_00495,razy,1446344,exe,trojan,71.01,2021-11-04T11:35:46+00:00,2021-10-29
fde8880f1be1542b30e72a5f04187822,VirusShare_00495,razy,1430984,exe,trojan,66.67,2021-11-01T22:36:52+00:00,2021-10-29
cafdbb91a2c271ef453c5eb4923c90da,VirusShare_00495,razy,1212928,exe,trojan,31.75,2021-11-07T23:34:41+00:00,2021-10-30
a131c0e6a98b0d2425a10ee792ccd208,VirusShare_00499,razy,1802240,exe,trojan,47.06,2021-11-14T12:08:09+00:00,2021-10-30
c884dbd19d1385735be921d6a3d29cb6,VirusShare_00499,razy,220672,exe,trojan,43.28,2021-11-11T01:06:12+00:00,2021-10-30
0f46fc7366e82f798951fbc77392e25e,VirusShare_00495,razy,1741824,exe,trojan,37.68,2021-11-04T09:18:11+00:00,2021-10-31
346c9f5927aed1b2e44cc60057f42daf,VirusShare_00495,razy,222936,exe,trojan,42.03,2021-11-01T17:15:48+00:00,2021-10-31
37fa7162a89a1bfef8a2f6b84b27e239,VirusShare_00495,razy,3551744,exe,trojan,59.42,2021-10-31T15:10:55+00:00,2021-10-31
3a543acf664e049df8b70ca291ac4fd8,VirusShare_00495,razy,4723866,exe,trojan,51.47,2021-10-31T12:37:45+00:00,2021-10-31
46a3b3ec1d17a21843b596d11d5b7c07,VirusShare_00495,razy,3551744,exe,trojan,62.32,2021-10-31T16:45:53+00:00,2021-10-31
6569daa58adc9c2054121bf9c0e240b4,VirusShare_00495,razy,3551744,exe,trojan,65.22,2021-10-31T16:30:03+00:00,2021-10-31
6db5e4e8d8a7c2dff70d1c7374a8b020,VirusShare_00495,razy,249856,exe,trojan,43.48,2021-11-07T19:31:43+00:00,2021-10-31
d67c2b4c190d7ef65231360cc480976b,VirusShare_00499,razy,6442512,exe,trojan,38.24,2021-11-09T23:53:52+00:00,2021-10-31
4b660fd053a137d696747a5bd873c7c7,VirusShare_00495,razy,3552256,exe,trojan,62.32,2021-11-03T01:06:22+00:00,2021-11-01
9217bd8d5e9a6fd7b61354fc8da732f4,VirusShare_00495,razy,3551744,exe,trojan,58.82,2021-11-04T03:34:11+00:00,2021-11-01
050ae79afebcb79ef2bec75a13228749,VirusShare_00495,razy,1091584,exe,trojan,50.0,2021-11-07T13:43:42+00:00,2021-11-02
439f5d5272c6a564322d6aa589a4716c,VirusShare_00495,razy,1704450,exe,trojan,67.65,2021-11-08T07:12:58+00:00,2021-11-02
7ce09fb9f54420b79aa06f55ad14405c,VirusShare_00495,razy,34304,exe,trojan,17.91,2021-11-02T11:57:49+00:00,2021-11-02
811725cb539653800a98a66dc2530f18,VirusShare_00495,razy,366592,exe,trojan,27.94,2021-11-07T12:06:13+00:00,2021-11-02
93d041fb672d30bc3a0e5c5bc21ec625,VirusShare_00495,razy,1091584,exe,trojan,59.42,2021-11-05T20:35:01+00:00,2021-11-02
a79fa7042bdd909121c003a239a93e2c,VirusShare_00495,razy,1091584,exe,trojan,51.47,2021-11-08T07:19:15+00:00,2021-11-02
cba8ad288e99c3a9a4c2dc9e3f70916c,VirusShare_00495,razy,8285200,exe,trojan,57.35,2021-11-09T12:36:07+00:00,2021-11-02
d5cb1613c0580f95bbe13b3cbbc3a82d,VirusShare_00495,razy,3097600,exe,trojan,61.76,2021-11-04T19:39:00+00:00,2021-11-02
fa81936c53cce485f91cfd55dbe1dbcf,VirusShare_00495,razy,1091584,exe,trojan,58.82,2021-11-07T10:06:08+00:00,2021-11-02
473c4d145ff19171af62da9aecc611bb,VirusShare_00499,razy,1091584,exe,trojan,71.21,2021-11-17T06:38:36+00:00,2021-11-02
830f61d5a00218735fd69915cdbd62d6,VirusShare_00499,razy,1091584,exe,trojan,56.06,2021-11-13T07:00:28+00:00,2021-11-02
be4bd1a3321b53c344e9fd4484558860,VirusShare_00495,razy,59904,exe,trojan,35.29,2021-11-03T17:39:58+00:00,2021-11-03
c2f4aa7475fef354f6d8be54487a7d0a,VirusShare_00495,razy,118784,exe,trojan,48.53,2021-11-03T18:13:03+00:00,2021-11-03
d22893a8246e986c95866e2e095a1c24,VirusShare_00495,razy,1490464,exe,trojan,57.97,2021-11-05T14:20:51+00:00,2021-11-03
ff61de215de748ea66b9b49b703e958c,VirusShare_00495,razy,437760,exe,trojan,37.31,2021-11-03T01:21:52+00:00,2021-11-03
0904d23b124351a446fd767814969f64,VirusShare_00495,razy,1519104,exe,trojan,70.59,2021-11-07T07:01:16+00:00,2021-11-04
495bd5fb25b6e456aa8cc7c0070228d9,VirusShare_00495,razy,1519136,exe,trojan,61.76,2021-11-05T12:01:38+00:00,2021-11-04
621c0400ec50b6ba95b3a60ef01461b9,VirusShare_00495,razy,1519104,exe,trojan,77.94,2021-11-08T11:35:11+00:00,2021-11-04
74dfe04e82694ea881e82851159e1308,VirusShare_00495,razy,1518112,exe,trojan,63.77,2021-11-05T12:41:34+00:00,2021-11-04
7c3d55f6ac5657f59ed8be309a3a1bc2,VirusShare_00495,razy,222424,exe,trojan,40.58,2021-11-04T10:35:50+00:00,2021-11-04
7ffdb47714e4edbd6de350b359407c91,VirusShare_00495,razy,170496,exe,trojan,52.94,2021-11-07T22:50:06+00:00,2021-11-04
b782b32834fe8b7131b2068ba664a48f,VirusShare_00495,razy,1518112,exe,trojan,62.32,2021-11-05T13:52:16+00:00,2021-11-04
bf351a027c00e42e90ebb5b61bd27bf0,VirusShare_00495,razy,919040,exe,trojan,56.52,2021-11-06T02:35:08+00:00,2021-11-04
bf754c036e1224ec20501ad30f46f85e,VirusShare_00495,razy,453632,exe,trojan,49.28,2021-11-07T16:06:29+00:00,2021-11-04
ee012bd46e5911a642237836f6af23e2,VirusShare_00495,razy,93696,exe,trojan,40.0,2021-11-06T04:06:28+00:00,2021-11-04
de6a52cddda1d7645165710d20c48204,VirusShare_00495,razy,1051648,exe,trojan,48.53,2021-11-05T14:50:05+00:00,2021-11-05
dfdd35082591c9b092884835cfa47572,VirusShare_00495,razy,144384,exe,trojan,56.52,2021-11-07T17:40:08+00:00,2021-11-05
8a7f66bd6e67fc89ac82b8f15a2bc171,VirusShare_00495,razy,1516544,exe,trojan,55.07,2021-11-07T04:05:15+00:00,2021-11-06
656e15af807c79a9e910c88c532910ec,VirusShare_00499,razy,26775552,exe,trojan,64.71,2021-11-17T03:12:24+00:00,2021-11-06
15a127f9d466274570546d8372ac9eff,VirusShare_00495,razy,632832,exe,trojan,52.17,2021-11-08T13:55:17+00:00,2021-11-07
c2e441701b380d29f2bd4bd000578623,VirusShare_00495,razy,195584,exe,trojan,50.72,2021-11-07T22:02:34+00:00,2021-11-07
045211235710017ee4868670ea371063,VirusShare_00499,razy,73728,exe,trojan,52.94,2021-11-12T04:42:07+00:00,2021-11-07
1156f2794b34ee653faeccf2df6dec3b,VirusShare_00499,razy,2978304,exe,trojan,55.88,2021-11-11T15:23:55+00:00,2021-11-07
7033caf671184e352263b453f56086df,VirusShare_00499,razy,60928,exe,trojan,50.75,2021-11-12T05:24:08+00:00,2021-11-07
7847fc9afe45c1e72f9bde1f0a4888ea,VirusShare_00499,razy,6441480,exe,trojan,57.81,2021-11-12T06:52:44+00:00,2021-11-07
795c78ac9fc27fbd74134d3bf3247fa8,VirusShare_00499,razy,60928,exe,trojan,50.0,2021-11-12T04:38:28+00:00,2021-11-07
8060778a7ffbe83bc21579c9fc992bed,VirusShare_00499,razy,76288,exe,trojan,55.22,2021-11-12T04:42:33+00:00,2021-11-07
dc36b297afbb82d471bba6ba117130ed,VirusShare_00499,razy,102400,exe,trojan,46.27,2021-11-12T04:40:56+00:00,2021-11-07
8163b12e1899b9ea78cce04336a2601c,VirusShare_00495,razy,669184,exe,trojan,45.59,2021-11-08T15:13:51+00:00,2021-11-08
d1db941152587bf75821fbcaa9f47911,VirusShare_00495,razy,81920,exe,trojan,56.72,2021-11-08T10:34:50+00:00,2021-11-08
132fb09e0d758b91a6e33208e4ff3083,VirusShare_00499,razy,3552256,exe,trojan,62.69,2021-11-13T19:52:02+00:00,2021-11-08
87f43988f01c70d65be74425efa36ac1,VirusShare_00499,razy,178688,exe,backdoor,72.73,2021-11-18T19:36:00+00:00,2021-11-08
91e168d560d54fd844ecc759e643874e,VirusShare_00499,razy,58880,exe,trojan,29.85,2021-11-08T20:05:56+00:00,2021-11-08
308734adafcf450166250e4e8a21be53,VirusShare_00499,razy,3551744,exe,trojan,60.29,2021-11-08T22:29:10+00:00,2021-11-09
731aae12af25ead9491c932a4859c73e,VirusShare_00499,razy,357376,exe,trojan,62.69,2021-11-18T01:35:04+00:00,2021-11-10
a42e95fb7e34f4e5cd49c888b1cb4c75,VirusShare_00499,razy,455168,exe,trojan,63.64,2021-11-17T06:43:49+00:00,2021-11-10
acdcb02da02ae3ed7201f1ab9de5a781,VirusShare_00499,razy,1490432,exe,trojan,61.19,2021-11-10T16:28:13+00:00,2021-11-10
edffe75d5f8e6ac7f5b3f3898dd8d51f,VirusShare_00499,razy,724360,exe,trojan,44.78,2021-11-12T09:48:19+00:00,2021-11-10
7fd4ec5f6b983c16c2a8070851ec76d2,VirusShare_00499,razy,404992,exe,trojan,41.18,2021-11-14T13:04:36+00:00,2021-11-11
a53004ededb98b3953bebb306dbb87be,VirusShare_00499,razy,393728,exe,trojan,38.81,2021-11-14T17:25:14+00:00,2021-11-11
fe0fced36181781e6f3a91131bc498d6,VirusShare_00499,razy,30411792,exe,trojan,51.47,2021-11-17T15:34:16+00:00,2021-11-11
0d94a5a883b5a213d048370df3531cc1,VirusShare_00499,razy,7374848,exe,trojan,36.36,2021-11-14T10:21:18+00:00,2021-11-12
1ad3b9d0d6ee2236b01274515dbfe0ed,VirusShare_00499,razy,5432832,exe,trojan,73.53,2021-11-17T15:51:15+00:00,2021-11-12
4a01725a028cd9ea9ffd56bb53d6bd4a,VirusShare_00499,razy,181248,exe,trojan,58.82,2021-11-12T12:39:10+00:00,2021-11-12
65ed6ed6416e149865bda7de80d2fb18,VirusShare_00499,razy,8234,exe,trojan,53.03,2021-11-13T10:29:26+00:00,2021-11-12
7783d484f06513a99759e74c0a877a4d,VirusShare_00499,razy,445952,exe,exploit,47.06,2021-11-17T13:16:15+00:00,2021-11-12
dbac14499da5a61bb10fb6e03daff237,VirusShare_00499,razy,212992,exe,trojan,67.65,2021-11-17T02:20:39+00:00,2021-11-12
e06114b618144498d04886f180e0715a,VirusShare_00499,razy,8081,exe,trojan,49.25,2021-11-13T16:54:03+00:00,2021-11-12
2d448a4ae4f4123044a01ba36e33462b,VirusShare_00499,razy,202240,exe,trojan,53.73,2021-11-13T19:53:06+00:00,2021-11-13
4b0bcb440474ce98ffd16d4960cf8dfe,VirusShare_00499,razy,7343536,exe,trojan,24.53,2021-11-13T15:48:21+00:00,2021-11-13
4eeb56c9aa840d1d5633162a9343e383,VirusShare_00499,razy,56832,exe,trojan,67.65,2021-11-17T01:04:55+00:00,2021-11-13
ac4d3e0ed095e67fdfae709e9aa8d0d8,VirusShare_00499,razy,124416,exe,trojan,31.82,2021-11-13T04:14:30+00:00,2021-11-13
033cdf987d8ac0af067f98f734d25372,VirusShare_00499,razy,3011072,exe,trojan,58.21,2021-11-14T14:27:57+00:00,2021-11-14
114a167c6fa4e72242c211b5ffdc22a1,VirusShare_00499,razy,157184,exe,trojan,50.75,2021-11-14T15:59:00+00:00,2021-11-14
53e741c36ba118ee7776878a155509d9,VirusShare_00499,razy,140800,exe,trojan,47.06,2021-11-18T01:51:26+00:00,2021-11-14
6290a90b2abdffc8d05f3a1dcba1e795,VirusShare_00499,razy,165888,exe,dropper,45.45,2021-11-17T06:05:32+00:00,2021-11-14
7474cf6b0e7e471b3bdc3863aed940ed,VirusShare_00499,razy,3700224,exe,trojan,50.0,2021-11-17T15:09:41+00:00,2021-11-14
c668e96c0f38f5aef01e12284c9ff6d2,VirusShare_00499,razy,8139792,exe,trojan,42.65,2021-11-14T15:08:49+00:00,2021-11-14
f8f1565b30f5882aca02276dd084022f,VirusShare_00499,razy,1501696,exe,trojan,70.59,2021-11-18T02:24:22+00:00,2021-11-14
039ee91d9ac326e5f28b94112416077c,VirusShare_00495,razy,46592,exe,trojan,55.88,2021-11-05T19:16:24+00:00,2023-07-29
51807d2c7ec8ac9d7df8f66449f027d8,VirusShare_00495,razy,46592,exe,trojan,56.52,2021-11-05T18:23:26+00:00,2023-07-29
6ff5848618ce4737bdc1fc7e1257cb51,VirusShare_00495,razy,46592,exe,trojan,53.62,2021-11-06T12:49:20+00:00,2023-07-29
aa84128d0698e2cfee5d3047c35169a7,VirusShare_00495,razy,46592,exe,trojan,55.07,2021-11-05T20:30:30+00:00,2023-07-29
e5739d828189646543fff58deb5a1682,VirusShare_00495,razy,46592,exe,trojan,56.52,2021-11-05T20:14:22+00:00,2023-07-29
ec5c1fd0d4de680fbc2bafc29ae17075,VirusShare_00495,razy,46592,exe,trojan,52.17,2021-11-03T20:19:18+00:00,2023-07-29
b00c739e5312d8837a37a94933878413,VirusShare_00495,razy,70888,exe,ransomware,27.54,2021-11-08T08:27:03+00:00,2028-09-17
745e7a86fa0562623d6ec9aec204edda,VirusShare_00499,razy,54504,exe,trojan,19.4,2021-11-14T16:17:28+00:00,2028-09-17
008261a5e01104c8c0452332656f9e6a,VirusShare_00495,razy,57344,exe,trojan,53.62,2021-11-05T18:22:28+00:00,2036-08-19
04054b5ab3d62c13114f88bb6f6f7623,VirusShare_00495,razy,57344,exe,trojan,52.17,2021-11-03T22:05:58+00:00,2036-08-19
083dc319103baa8988cdbcfa3f6b857d,VirusShare_00495,razy,57344,exe,trojan,56.52,2021-11-05T21:07:51+00:00,2036-08-19
0d9647833f8359c40720d8fb25d02d8e,VirusShare_00495,razy,57344,exe,trojan,52.17,2021-11-05T19:18:27+00:00,2036-08-19
0e9878eb8d0158c0ee31a453fa61e13b,VirusShare_00495,razy,57344,exe,trojan,52.94,2021-11-06T15:58:30+00:00,2036-08-19
106f7b9fe292745bdf1799054e7f5718,VirusShare_00495,razy,57344,exe,trojan,59.42,2021-11-05T17:47:09+00:00,2036-08-19
15c1df453e4575c0c90044a46389d8ba,VirusShare_00495,razy,57344,exe,trojan,57.97,2021-11-03T21:48:18+00:00,2036-08-19
16f3036fca54bd9a473f3a01ac644fb2,VirusShare_00495,razy,57344,exe,trojan,53.62,2021-11-05T22:37:55+00:00,2036-08-19
1788b0427df1a63cbbab23490ce7d439,VirusShare_00495,razy,57344,exe,trojan,52.17,2021-11-03T22:28:06+00:00,2036-08-19
1ae63b22fa18efffc71828d187ed7aa6,VirusShare_00495,razy,57344,exe,trojan,69.57,2021-11-09T01:06:47+00:00,2036-08-19
2497c1970976984a81834f8214636051,VirusShare_00495,razy,57344,exe,trojan,66.67,2021-11-09T00:45:01+00:00,2036-08-19
28c35ae2fa04db34f45a3520dfec543c,VirusShare_00495,razy,57344,exe,trojan,55.88,2021-11-05T19:55:21+00:00,2036-08-19
3a1717180c6b29c57fc9dd279d9e10c2,VirusShare_00495,razy,57344,exe,trojan,57.35,2021-11-05T21:30:47+00:00,2036-08-19
43115c4b51fc7830956bc336cf6706a7,VirusShare_00495,razy,57344,exe,trojan,55.88,2021-11-03T21:23:17+00:00,2036-08-19
46749b719482089e56ba0aed98cfd79b,VirusShare_00495,razy,57344,exe,trojan,60.29,2021-11-05T20:58:40+00:00,2036-08-19
4c34763173ffbd21977d9cc2b15f98d9,VirusShare_00495,razy,57344,exe,trojan,72.06,2021-11-09T17:00:42+00:00,2036-08-19
53b44e7b9b57c36e1b320b7f04b7265c,VirusShare_00495,razy,57344,exe,trojan,51.47,2021-11-05T20:30:32+00:00,2036-08-19
57e92a3f98c049fb034cbf6fe9702891,VirusShare_00495,razy,57344,exe,trojan,52.17,2021-11-05T21:07:34+00:00,2036-08-19
58cea176619798f365870b9b4c0045ea,VirusShare_00495,razy,57344,exe,trojan,52.94,2021-11-03T21:05:03+00:00,2036-08-19
626c8747fc1a10b26f1dcdbc01cc817a,VirusShare_00495,razy,57344,exe,trojan,52.24,2021-11-06T12:20:51+00:00,2036-08-19
68015f0e29c16be38287d80cf07786db,VirusShare_00495,razy,57344,exe,trojan,55.07,2021-11-05T20:40:12+00:00,2036-08-19
6e563e4f938420992dd4c8a9b438967c,VirusShare_00495,razy,57344,exe,trojan,52.17,2021-11-03T20:46:18+00:00,2036-08-19
72471aebf1590e985a6396b73ab23eb9,VirusShare_00495,razy,57344,exe,trojan,52.94,2021-11-03T20:19:53+00:00,2036-08-19
77be01f44d7ad42852506295df1b9e09,VirusShare_00495,razy,57344,exe,trojan,52.94,2021-11-03T20:46:28+00:00,2036-08-19
7856582d9082b06a8ba4716da5fff3cd,VirusShare_00495,razy,57344,exe,trojan,57.35,2021-11-03T20:01:05+00:00,2036-08-19
7909fce5856ad91716101e59db355d67,VirusShare_00495,razy,57344,exe,trojan,52.94,2021-11-05T21:06:31+00:00,2036-08-19
79487d5e8d3afd7e933c865b76b0d9cb,VirusShare_00495,razy,57344,exe,trojan,52.94,2021-11-03T20:18:49+00:00,2036-08-19
7d5a62c993ab17c75704d95fb92cf892,VirusShare_00495,razy,57344,exe,trojan,61.19,2021-11-05T17:55:31+00:00,2036-08-19
7d71b1995e450c68e05f0063c515c733,VirusShare_00495,razy,57344,exe,trojan,52.17,2021-11-05T20:30:31+00:00,2036-08-19
7ddb74ad8f9a66253b21bf44d9e9c4ed,VirusShare_00495,razy,57344,exe,trojan,57.35,2021-11-03T22:06:06+00:00,2036-08-19
823d78d12915abed382742c56276b6cd,VirusShare_00495,razy,57344,exe,trojan,69.12,2021-11-09T00:03:13+00:00,2036-08-19
83cd9b420319c4fa5de6b8270d638757,VirusShare_00495,razy,57344,exe,trojan,50.72,2021-11-03T20:55:04+00:00,2036-08-19
8d6e515f58c3676e365e3e126f46abde,VirusShare_00495,razy,57344,exe,trojan,58.82,2021-11-03T21:55:44+00:00,2036-08-19
8d83decac151fda57b889c96def63588,VirusShare_00495,razy,57344,exe,trojan,52.24,2021-11-05T22:46:55+00:00,2036-08-19
8ef76e908e601d4087b3005033771fe9,VirusShare_00495,razy,57344,exe,trojan,52.17,2021-11-03T22:06:33+00:00,2036-08-19
8f01709467f32dad8695ef27ef7e3319,VirusShare_00495,razy,57344,exe,trojan,51.47,2021-11-03T22:41:02+00:00,2036-08-19
9189406a073b162c8eba4460d76f0ac6,VirusShare_00495,razy,57344,exe,trojan,55.88,2021-11-03T20:45:02+00:00,2036-08-19
97ca9fb2de6e758e02dfe12d5e9d9ab3,VirusShare_00495,razy,57344,exe,trojan,53.62,2021-11-03T20:36:09+00:00,2036-08-19
b876fcd988f0b3ad3cd22af4e6406675,VirusShare_00495,razy,57344,exe,trojan,52.17,2021-11-05T19:47:08+00:00,2036-08-19
b90348137cb1d574bb80ac9cbd8b12ce,VirusShare_00495,razy,57344,exe,trojan,50.72,2021-11-05T22:20:39+00:00,2036-08-19
bf8b41683838832822aabba8fca38a05,VirusShare_00495,razy,57344,exe,trojan,54.41,2021-11-03T22:41:11+00:00,2036-08-19
c733c7405e76564adcb282cb095222fc,VirusShare_00495,razy,57344,exe,trojan,52.94,2021-11-03T22:56:20+00:00,2036-08-19
cc368e33587908bd7a0742823ab4bbb6,VirusShare_00495,razy,57344,exe,trojan,51.43,2021-11-03T22:54:32+00:00,2036-08-19
cf574c2d6cbe37b323a7ba1d92131b59,VirusShare_00495,razy,57344,exe,trojan,52.94,2021-11-03T22:53:53+00:00,2036-08-19
dddaa2a4f641aee2c2a97000abd794fe,VirusShare_00495,razy,57344,exe,trojan,52.94,2021-11-03T22:52:32+00:00,2036-08-19
e6998969444f7cf4ea12cb43e2fb0a48,VirusShare_00495,razy,57344,exe,trojan,52.17,2021-11-03T22:53:03+00:00,2036-08-19
e90d2ef2f76ca3585d642d46773fd867,VirusShare_00495,razy,57344,exe,trojan,54.55,2021-11-03T22:56:26+00:00,2036-08-19
ff6177c5ace5d3df80d88af8bb165722,VirusShare_00495,razy,57344,exe,trojan,63.77,2021-11-07T20:47:13+00:00,2036-08-19
139599804e6f2a28674f17e8f299628a,VirusShare_00499,razy,57344,exe,trojan,53.62,2021-11-09T17:39:39+00:00,2036-08-19
37a9849c0760ea2269219f657c882fc9,VirusShare_00495,razy,338944,exe,trojan,32.84,2021-11-03T07:48:11+00:00,2038-02-25
02d728b1d8ef0366649556b0f102e97c,VirusShare_00499,razy,53248,exe,trojan,59.09,2021-11-14T10:37:46+00:00,2049-01-26
13dfdfc883eb96aa91881395a0a4c215,VirusShare_00495,razy,501760,exe,trojan,66.67,2021-11-08T13:51:23+00:00,2052-11-03
f1f54d0c95f24edd0442249c54f50bd8,VirusShare_00495,razy,77824,exe,trojan,42.65,2021-11-07T10:39:42+00:00,2057-05-23
dc84d5fa19f8730ae6b50671a40f2b1c,VirusShare_00495,razy,2283008,exe,trojan,48.53,2021-11-07T11:34:32+00:00,2065-01-15
cd506b970fc4f2be7ba7dfd2c490a838,VirusShare_00499,razy,3200072,exe,trojan,70.15,2021-11-17T07:42:00+00:00,2067-08-08
36f510e00971645d688041fb22e91a84,VirusShare_00495,razy,1380355,exe,trojan,51.47,2021-11-06T20:59:44+00:00,2070-05-04
9817572e8cc60707cac7978905e0ba6e,VirusShare_00495,razy,1380355,exe,trojan,47.83,2021-11-07T02:46:25+00:00,2070-05-04
b1c70a0539e674d8afcbdea7ac7f3613,VirusShare_00499,razy,285696,exe,trojan,43.94,2021-11-14T14:25:01+00:00,2071-04-04
8e8999663f9628cb607ae85ce530890c,VirusShare_00495,razy,7490560,exe,trojan,31.34,2021-11-04T04:46:18+00:00,2072-06-28
40ebe759b9e4ff62150d78b8c54cb244,VirusShare_00495,razy,616448,exe,trojan,46.38,2021-11-02T05:26:35+00:00,2077-01-27
a554150052ab90c1489ca724f6d25684,VirusShare_00499,razy,1616896,exe,trojan,44.78,2021-11-13T13:38:23+00:00,2078-02-20
4a86d14beb37e914009c7e6ea0b171fb,VirusShare_00495,razy,363008,exe,trojan,38.24,2021-11-03T19:52:09+00:00,2078-07-12
5272168de1e357791e7d421dbc9ac9c7,VirusShare_00495,razy,328704,exe,trojan,27.94,2021-11-06T14:05:04+00:00,2078-07-23
3c30bed317b99eb72bbd789c8d262b23,VirusShare_00499,razy,293376,exe,trojan,64.71,2021-11-11T12:21:46+00:00,2084-03-15
4bfc57cbd1deb4ab841232c80b4ada59,VirusShare_00495,razy,293376,exe,trojan,39.13,2021-11-04T12:01:43+00:00,2088-11-28
e2deb131c3b05f1e768a3be764dc67b8,VirusShare_00499,razy,266240,exe,trojan,55.22,2021-11-12T08:37:31+00:00,2090-09-06
39b14279ddf218a9c9d662ebbf269ac6,VirusShare_00495,razy,1083904,exe,trojan,45.45,2021-11-04T07:05:38+00:00,2093-09-12
c135edfe7f87e28ee5fc0d0a3748a3a3,VirusShare_00495,razy,283136,exe,trojan,69.57,2021-11-05T11:34:50+00:00,2094-02-11
a416ec163f3b2b862a33da2b3ea7f63e,VirusShare_00495,razy,28160,exe,trojan,49.28,2021-11-07T04:05:30+00:00,2094-07-15
e773a9ce1d2b274fabaa7b04ab18e475,VirusShare_00495,razy,292864,exe,trojan,47.83,2021-11-06T11:42:36+00:00,2097-05-29
0a55b99d20eca07f028888b7dfdf7f0f,VirusShare_00499,razy,3137530,exe,trojan,57.35,2021-11-14T03:03:20+00:00,2097-08-14
392b611af69fba9153c2f7bf10d574e1,VirusShare_00495,razy,427008,exe,trojan,63.24,2021-11-09T14:55:50+00:00,2098-06-13
19d3554abe31fea8de410e01d287be31,VirusShare_00495,razy,1065984,exe,trojan,62.32,2021-11-09T07:11:55+00:00,2098-11-08
74f3eb3028395cf391488a6c8f694a4b,VirusShare_00495,razy,1340416,exe,trojan,58.82,2021-11-05T17:55:43+00:00,2102-09-12
68a5f2c6fac9c14d1fef8cbbdb61db13,VirusShare_00495,razy,93448,exe,trojan,32.31,2021-11-05T12:49:33+00:00,2104-12-24
