hash_md5,lote_origen,familia_probable,size,extension,tipo_probable,detection_percent,fecha_escaneo_vt,dia_creacion_archivo
3ecbbdcf9e08bb30726c25533b769ea7,VirusShare_00495,strictor,703488,exe,trojan,25.81,2021-11-06T14:02:07+00:00,1992-06-19
69a0b9cd58a7c837e0549151b067dfa9,VirusShare_00495,strictor,415944,exe,trojan,84.85,2021-11-09T05:35:53+00:00,1992-06-19
fe34e25df3c29749512fc80201e01963,VirusShare_00495,strictor,685056,exe,trojan,40.3,2021-11-06T13:55:34+00:00,1992-06-19
b6e1a6304b28cbd2d408632c6ea91d15,VirusShare_00499,strictor,415944,exe,trojan,77.94,2021-11-09T08:55:22+00:00,1992-06-19
f145b1d7f3e80f9876b8220a97ef43d3,VirusShare_00499,strictor,385024,exe,worm,82.35,2021-11-10T21:54:02+00:00,2003-01-29
ff19a7ee98563d8653ab497db002fcc6,VirusShare_00499,strictor,385024,exe,worm,85.29,2021-11-11T21:03:25+00:00,2003-01-29
651a51935bd0ebbee8921b4210d5d28b,VirusShare_00499,strictor,252610,exe,trojan,77.94,2021-11-12T10:16:01+00:00,2010-08-31
023e149053c6bebe7166dff1d3574879,VirusShare_00499,strictor,2710878,exe,trojan,79.41,2021-11-17T14:43:33+00:00,2013-04-01
2275814ad49bb459eebbb728a317a602,VirusShare_00499,strictor,2711070,exe,trojan,64.71,2021-11-15T16:15:49+00:00,2013-04-01
22e919cd2af23d9e7a637ee0144c50e1,VirusShare_00499,strictor,2711007,exe,trojan,64.71,2021-11-15T16:15:16+00:00,2013-04-01
31c3a6ceddabf77fd28b0120abe82e15,VirusShare_00499,strictor,2710892,exe,trojan,79.1,2021-11-16T03:33:54+00:00,2013-04-01
4dd8c8e812e260c08c94aaee04e8c2c0,VirusShare_00499,strictor,2710929,exe,trojan,79.41,2021-11-17T04:23:15+00:00,2013-04-01
5501570b96c75e877dd5f7569badcd73,VirusShare_00499,strictor,2710983,exe,trojan,81.82,2021-11-17T09:15:44+00:00,2013-04-01
571d7fb5f6d06d957eb04144da1c842d,VirusShare_00499,strictor,2711048,exe,trojan,63.49,2021-11-15T16:15:45+00:00,2013-04-01
58303bb8c0b2851c50660267c099a0b7,VirusShare_00499,strictor,2711001,exe,trojan,66.18,2021-11-15T16:15:54+00:00,2013-04-01
5becb3fa074b2a5040b476c8fb936c21,VirusShare_00499,strictor,2710904,exe,trojan,62.69,2021-11-15T16:15:14+00:00,2013-04-01
6243a413b96feed1ed43a2ed37b25c20,VirusShare_00499,strictor,2711050,exe,trojan,79.1,2021-11-15T09:32:32+00:00,2013-04-01
79c1246ffb1c4379151af6212f5400e8,VirusShare_00499,strictor,2710855,exe,trojan,79.1,2021-11-15T15:24:13+00:00,2013-04-01
87bba6d3b73f7e114a00a4b7143b62b9,VirusShare_00499,strictor,2710935,exe,trojan,76.56,2021-11-17T03:08:34+00:00,2013-04-01
90b192ef08a0400cf36278a65bad1a45,VirusShare_00499,strictor,2710979,exe,trojan,64.71,2021-11-15T16:15:18+00:00,2013-04-01
980260136f63ad39a45718fd7f5a3a5a,VirusShare_00499,strictor,2710831,exe,trojan,79.41,2021-11-16T02:57:13+00:00,2013-04-01
99c6f7fee181a143339855251b8fef43,VirusShare_00499,strictor,2711041,exe,trojan,63.24,2021-11-15T16:15:23+00:00,2013-04-01
b32bf457bedda9ec4c5968f303a306de,VirusShare_00499,strictor,2711083,exe,trojan,77.61,2021-11-16T06:41:43+00:00,2013-04-01
c52ffbcb474ca585bff1f1bf0066333d,VirusShare_00499,strictor,2710914,exe,trojan,64.18,2021-11-15T16:15:11+00:00,2013-04-01
cebb5a4dd2d85e302f3896395f033d89,VirusShare_00499,strictor,2711016,exe,trojan,79.41,2021-11-16T09:27:04+00:00,2013-04-01
f02034912383524d96d6fdb9f0e96f2b,VirusShare_00499,strictor,2710881,exe,trojan,64.18,2021-11-15T16:15:23+00:00,2013-04-01
f778682d200dc02bbd6e2d0c32b329aa,VirusShare_00499,strictor,2710925,exe,trojan,77.61,2021-11-16T06:23:13+00:00,2013-04-01
fc166c69673cb4c83deeb5dca69e8771,VirusShare_00499,strictor,2711038,exe,trojan,66.18,2021-11-15T16:15:23+00:00,2013-04-01
fe9547c67f9a1cc02020919c47e5e4bf,VirusShare_00499,strictor,2711010,exe,trojan,64.71,2021-11-15T16:15:35+00:00,2013-04-01
2fe9e74f5080ab11718393c91ce145c4,VirusShare_00499,strictor,101888,exe,trojan,79.1,2021-11-17T02:17:53+00:00,2015-06-15
2f2cdb8605320ea3654fc82c673f0b7a,VirusShare_00499,strictor,112128,exe,trojan,55.88,2021-11-12T04:17:44+00:00,2015-07-05
a4ed2004f39050f44444ad52f126ca33,VirusShare_00499,strictor,2480928,exe,trojan,57.35,2021-11-11T00:40:44+00:00,2018-05-15
02094df0c428df5a44d7b2bcd80d2657,VirusShare_00495,strictor,393216,exe,trojan,68.66,2021-11-07T16:15:09+00:00,2018-05-24
03a8d21f76c20205527aa1b15857d6ca,VirusShare_00495,strictor,393216,exe,trojan,68.12,2021-11-05T01:31:31+00:00,2018-05-24
03b35bd1175a91946d1c51c5d888fbcf,VirusShare_00495,strictor,393216,exe,trojan,67.65,2021-11-07T16:15:06+00:00,2018-05-24
04637f0c21d8d6a1eea27cdffe515e85,VirusShare_00495,strictor,393216,exe,trojan,66.18,2021-11-07T16:15:17+00:00,2018-05-24
079e612b471252bf6daa9a508c1d5b0d,VirusShare_00495,strictor,393216,exe,trojan,71.01,2021-10-31T00:24:10+00:00,2018-05-24
12be3a55e76c7ef475ebf3290100a147,VirusShare_00495,strictor,393216,exe,trojan,68.12,2021-11-04T17:15:11+00:00,2018-05-24
14aa59a080acdf7433fd9d4b3e504a97,VirusShare_00495,strictor,393216,exe,trojan,69.57,2021-10-31T20:19:40+00:00,2018-05-24
1a13abeeb6f9fd57e6f8371a16a43e79,VirusShare_00495,strictor,393216,exe,trojan,67.69,2021-10-31T14:34:30+00:00,2018-05-24
281d415ff68cc6f5aff54e6bd6b9a931,VirusShare_00495,strictor,393216,exe,trojan,77.94,2021-11-03T13:23:59+00:00,2018-05-24
334944d28f7faa73b9b602da0418ecbf,VirusShare_00495,strictor,393216,exe,trojan,71.01,2021-11-04T14:04:06+00:00,2018-05-24
47cd7fa93144a1ef1eef234890e70bde,VirusShare_00495,strictor,393216,exe,trojan,75.81,2021-11-05T05:42:21+00:00,2018-05-24
585010dbec38b4b47de53099f140f8b5,VirusShare_00495,strictor,393216,exe,trojan,80.88,2021-11-05T10:20:34+00:00,2018-05-24
5898cb02a52a99357570c56f7412ecd2,VirusShare_00495,strictor,393216,exe,trojan,66.67,2021-10-31T01:29:50+00:00,2018-05-24
709078a218119b30b18ce62b1129ccae,VirusShare_00495,strictor,393216,exe,trojan,72.06,2021-11-03T05:40:50+00:00,2018-05-24
7cda0a04900551424c613bdbd0e0a164,VirusShare_00495,strictor,393216,exe,trojan,68.12,2021-11-02T16:15:12+00:00,2018-05-24
92ffedf03889c0884f3526030b4d1369,VirusShare_00495,strictor,393216,exe,trojan,69.12,2021-10-31T08:42:06+00:00,2018-05-24
96d1dc1497ec369a8131305fca0e792c,VirusShare_00495,strictor,393216,exe,trojan,69.57,2021-11-07T01:24:57+00:00,2018-05-24
97f7e2f20c6eba0de90eb44824d9e246,VirusShare_00495,strictor,393216,exe,trojan,78.46,2021-11-05T11:26:08+00:00,2018-05-24
9ad1b55192bb23bcceb8a21efaee24bc,VirusShare_00495,strictor,393216,exe,trojan,67.65,2021-11-03T16:15:13+00:00,2018-05-24
9d73be2ad402e72d5a1d7fce0db4e223,VirusShare_00495,strictor,393216,exe,trojan,68.12,2021-11-07T16:15:13+00:00,2018-05-24
a5510cc0ecbe30d6469ec1ef53854867,VirusShare_00495,strictor,393216,exe,trojan,69.57,2021-11-04T17:15:09+00:00,2018-05-24
b5160795b5fb975a1f4998047b48f770,VirusShare_00495,strictor,393216,exe,trojan,67.65,2021-10-31T17:39:05+00:00,2018-05-24
b5e136c9576e8f47eabc1c3ddab4c596,VirusShare_00495,strictor,393216,exe,trojan,71.01,2021-11-08T16:15:36+00:00,2018-05-24
b82faa35e0237369cd602ab570b6f526,VirusShare_00495,strictor,393216,exe,trojan,68.12,2021-11-07T09:00:53+00:00,2018-05-24
be4c722be82d2bbd7aeb437ff6642cbe,VirusShare_00495,strictor,393216,exe,trojan,68.12,2021-11-07T16:15:16+00:00,2018-05-24
c407da0e3c9b8e4ecb8903ffbfd92e34,VirusShare_00495,strictor,393216,exe,trojan,68.12,2021-11-02T01:15:43+00:00,2018-05-24
d36d91e4474674f3c7f70930a9cc2fad,VirusShare_00495,strictor,393216,exe,trojan,69.57,2021-11-07T16:15:12+00:00,2018-05-24
d6a30ef3030458ec05f4b430751f47c1,VirusShare_00495,strictor,393216,exe,trojan,71.01,2021-11-07T16:15:10+00:00,2018-05-24
ddc3be09c8b60bbfe8bb7dcb448f23d3,VirusShare_00495,strictor,393216,exe,trojan,76.81,2021-11-04T04:09:17+00:00,2018-05-24
e9cfcb820fba2e3084dbeb24a175df6b,VirusShare_00495,strictor,393216,exe,trojan,72.06,2021-11-08T07:55:38+00:00,2018-05-24
0536f76005293076a71de2885e6382ec,VirusShare_00499,strictor,393216,exe,trojan,71.64,2021-11-14T16:15:37+00:00,2018-05-24
067ec4e38c4ddb0f6da00e46d4ffce89,VirusShare_00499,strictor,393216,exe,trojan,68.66,2021-11-12T07:54:53+00:00,2018-05-24
0af0bfc80ca7d459aea0f4f445a74b38,VirusShare_00499,strictor,393216,exe,trojan,70.15,2021-11-10T06:12:05+00:00,2018-05-24
0d5f46e014d6ac4d151c1af7b1d42d00,VirusShare_00499,strictor,393216,exe,trojan,74.63,2021-11-17T04:11:51+00:00,2018-05-24
18139709e9f628e9cc5daa780bbbf461,VirusShare_00499,strictor,393216,exe,trojan,70.59,2021-11-14T16:15:29+00:00,2018-05-24
296090364699e339fb5b6f62abc4bb27,VirusShare_00499,strictor,393216,exe,trojan,67.69,2021-11-14T06:08:03+00:00,2018-05-24
2a111933dae4e3dcc155a62bce1421f8,VirusShare_00499,strictor,393216,exe,trojan,66.67,2021-11-09T18:16:27+00:00,2018-05-24
2d7c8917d1e7537dbf603f2590f4d2e3,VirusShare_00499,strictor,393216,exe,trojan,76.12,2021-11-16T09:06:20+00:00,2018-05-24
32e8fb52ab45cd49716c000e73f70713,VirusShare_00499,strictor,393216,exe,trojan,69.12,2021-11-14T16:15:08+00:00,2018-05-24
37f4981a1b8368f00e329f3797eab8dc,VirusShare_00499,strictor,393216,exe,trojan,70.77,2021-11-11T15:20:36+00:00,2018-05-24
39f19f214042977cb8a3c161e2606e81,VirusShare_00499,strictor,393216,exe,trojan,61.76,2021-11-15T16:15:26+00:00,2018-05-24
451e41676254807f252db75c5a42adcf,VirusShare_00499,strictor,393216,exe,trojan,69.12,2021-11-15T16:15:20+00:00,2018-05-24
46da2dc011b4341d7129def76fd98ad7,VirusShare_00499,strictor,393216,exe,trojan,71.64,2021-11-12T21:17:26+00:00,2018-05-24
4bb97bb0f382f08cd92c283bae8c14ce,VirusShare_00499,strictor,393216,exe,trojan,70.15,2021-11-13T11:03:44+00:00,2018-05-24
6ecde76053541570023321a2c1c32aba,VirusShare_00499,strictor,393216,exe,trojan,73.13,2021-11-17T05:40:54+00:00,2018-05-24
78aa1624df0b073161ba11511459c872,VirusShare_00499,strictor,393216,exe,trojan,70.59,2021-11-13T16:15:22+00:00,2018-05-24
7d913ae54f61a736d407bba1a2a03aad,VirusShare_00499,strictor,393216,exe,trojan,69.12,2021-11-11T23:12:53+00:00,2018-05-24
834c41735fdd2dd8ce0fc3e4e24d7058,VirusShare_00499,strictor,393216,exe,trojan,70.59,2021-11-13T18:25:09+00:00,2018-05-24
850a695cf7bd8f573205c3383d279b4a,VirusShare_00499,strictor,393216,exe,trojan,76.47,2021-11-15T21:06:16+00:00,2018-05-24
8d294c6e7f4be7a59835eff3c9abd455,VirusShare_00499,strictor,393216,exe,trojan,69.12,2021-11-14T09:57:45+00:00,2018-05-24
922e8478f45608db6aebc9f227f76592,VirusShare_00499,strictor,393216,exe,trojan,70.59,2021-11-12T05:45:24+00:00,2018-05-24
9257d2c23a56a8457dfba4a67dad5d5d,VirusShare_00499,strictor,393216,exe,trojan,69.7,2021-11-12T21:55:56+00:00,2018-05-24
9353dab9c9c2bcb1c5a5c0d98bf0863d,VirusShare_00499,strictor,393216,exe,trojan,69.12,2021-11-13T22:49:22+00:00,2018-05-24
b60c9a7ea7cce9da72c8b303a6a4f1e2,VirusShare_00499,strictor,393216,exe,trojan,69.7,2021-11-14T16:15:17+00:00,2018-05-24
b950b4d843565f8c488127dadcc17fbb,VirusShare_00499,strictor,393216,exe,trojan,68.66,2021-11-14T09:22:47+00:00,2018-05-24
bb6239ab533078e6336c1dc0e2a3e5f0,VirusShare_00499,strictor,393216,exe,trojan,70.59,2021-11-10T11:18:48+00:00,2018-05-24
bffb11d9fd5f1ec38cf73634cfb927f4,VirusShare_00499,strictor,393216,exe,trojan,73.53,2021-11-14T23:11:35+00:00,2018-05-24
c469fa4991879ef92c69a28010109437,VirusShare_00499,strictor,393216,exe,trojan,67.65,2021-11-14T16:15:05+00:00,2018-05-24
c4e03d5e1934e6c570648e6b1ae3ebf1,VirusShare_00499,strictor,393216,exe,trojan,68.66,2021-11-14T12:08:02+00:00,2018-05-24
eebd15b1ed7fed8be8eae8ade216e4ae,VirusShare_00499,strictor,393216,exe,trojan,76.12,2021-11-12T13:34:52+00:00,2018-05-24
0a45eb3d2f5f4e906314d6ffdbd9e366,VirusShare_00499,strictor,148992,exe,trojan,57.35,2021-11-13T16:41:52+00:00,2018-10-03
e76bc408a4be31c8c2375243bae10a77,VirusShare_00499,strictor,2327040,exe,trojan,56.72,2021-11-10T09:06:05+00:00,2018-10-08
015b2163d9af44e2800e3734ee989bca,VirusShare_00495,strictor,196762,exe,trojan,68.12,2021-10-31T14:03:06+00:00,2019-01-12
018e515effc7903873f0cd92b24b50e9,VirusShare_00495,strictor,192705,exe,trojan,78.26,2021-11-08T00:59:34+00:00,2019-01-12
0239113e03150e60a3706d8523e3cf86,VirusShare_00495,strictor,192707,exe,trojan,69.12,2021-11-04T12:50:08+00:00,2019-01-12
031a7eb8c380f9a2d68ab31dd14f6411,VirusShare_00495,strictor,196667,exe,trojan,76.12,2021-11-06T10:32:19+00:00,2019-01-12
034491f6937386089f97e286527b59ce,VirusShare_00495,strictor,196712,exe,trojan,71.64,2021-11-04T18:20:55+00:00,2019-01-12
0350799e4d30d88b13f42071f797e4ab,VirusShare_00495,strictor,192595,exe,trojan,64.71,2021-11-07T07:43:06+00:00,2019-01-12
041ca015108e6585df0aa60cd078d289,VirusShare_00495,strictor,196765,exe,trojan,66.18,2021-11-02T10:38:12+00:00,2019-01-12
054b63566bfcd04df88bc22ee5a3d44c,VirusShare_00495,strictor,196652,exe,trojan,66.67,2021-11-02T14:08:55+00:00,2019-01-12
091f62c303caf814e00c2eec1697850b,VirusShare_00495,strictor,196745,exe,trojan,66.67,2021-10-31T14:03:09+00:00,2019-01-12
095d3e9e7900c1ab0e176a46f9e89337,VirusShare_00495,strictor,192601,exe,trojan,67.65,2021-11-07T07:43:05+00:00,2019-01-12
0abed7d05debbea015edfbf118ebc9bb,VirusShare_00495,strictor,192582,exe,trojan,67.65,2021-11-07T07:43:07+00:00,2019-01-12
0adf5c612db8d058496ccbad6e95d828,VirusShare_00495,strictor,196708,exe,trojan,68.12,2021-11-01T10:24:42+00:00,2019-01-12
0b52b76b406194312aad6f7345577cc9,VirusShare_00495,strictor,196709,exe,trojan,71.01,2021-11-04T18:25:56+00:00,2019-01-12
0cd463949abdf11aec5ed5b3422da607,VirusShare_00495,strictor,196733,exe,trojan,67.65,2021-10-31T14:02:54+00:00,2019-01-12
0d51f09c40a294f7f68108163cc76915,VirusShare_00495,strictor,196685,exe,trojan,79.1,2021-11-08T09:54:08+00:00,2019-01-12
0d6f409f4c394a23136699bb85236b67,VirusShare_00495,strictor,196756,exe,trojan,66.67,2021-10-31T14:03:05+00:00,2019-01-12
0ef1a14912c775e846de4e59b1d2ca5d,VirusShare_00495,strictor,192665,exe,trojan,81.16,2021-11-02T04:41:58+00:00,2019-01-12
0f5219ede9af6cc5de7717f9b54457fc,VirusShare_00495,strictor,196785,exe,trojan,67.65,2021-11-02T10:38:09+00:00,2019-01-12
0f7d5624408e78857a564ac0d98ffe35,VirusShare_00495,strictor,192704,exe,trojan,78.26,2021-11-06T23:57:37+00:00,2019-01-12
0fb50d2d71a9b05a8699cf5f33b368a4,VirusShare_00495,strictor,196771,exe,trojan,64.71,2021-11-02T05:58:29+00:00,2019-01-12
10e8992416a561bde6cdea279ba2e420,VirusShare_00495,strictor,196745,exe,trojan,72.06,2021-10-31T14:02:28+00:00,2019-01-12
11c6c43acb60c9fe9082a8735e01542c,VirusShare_00495,strictor,192815,exe,trojan,60.29,2021-11-05T10:59:33+00:00,2019-01-12
1233638d6a5e1fa4e63ea229fb271eea,VirusShare_00495,strictor,196764,exe,trojan,66.18,2021-11-02T10:38:12+00:00,2019-01-12
1257208d68792e5dd2ec3eb150f96958,VirusShare_00495,strictor,196751,exe,trojan,65.22,2021-10-31T14:02:59+00:00,2019-01-12
13369c6699eb7f2187e95cc00e9084d3,VirusShare_00495,strictor,196661,exe,trojan,81.16,2021-11-05T16:50:52+00:00,2019-01-12
13fdc88c027f8b97b2c77e407d0971c5,VirusShare_00495,strictor,196764,exe,trojan,66.67,2021-11-02T05:58:13+00:00,2019-01-12
156086b2d9269dc8fedc84c05ff0595b,VirusShare_00495,strictor,196705,exe,trojan,69.12,2021-11-01T10:24:49+00:00,2019-01-12
1565a5a522b144c672c0d9eada3e8aa0,VirusShare_00495,strictor,196792,exe,trojan,65.15,2021-11-02T10:38:07+00:00,2019-01-12
16e1177aae33825758f1952df2cc4e69,VirusShare_00495,strictor,196796,exe,trojan,62.69,2021-11-02T05:58:16+00:00,2019-01-12
16ff3c831766497a7713d30251cb75ba,VirusShare_00495,strictor,192597,exe,trojan,65.22,2021-11-04T12:21:32+00:00,2019-01-12
177ee5e48b0fc91cc3e460ffa95a274b,VirusShare_00495,strictor,192663,exe,trojan,79.71,2021-11-04T15:41:59+00:00,2019-01-12
178c9e50dd3ea373f54183c99b7a8055,VirusShare_00495,strictor,192583,exe,trojan,83.82,2021-11-08T10:12:38+00:00,2019-01-12
17d5729c05948d55463413780292c6ff,VirusShare_00495,strictor,196792,exe,trojan,66.18,2021-11-02T05:58:13+00:00,2019-01-12
1bb6c2afb9376bb2b7ec15f2eab4e1a9,VirusShare_00495,strictor,196741,exe,trojan,81.16,2021-11-05T12:01:33+00:00,2019-01-12
1d1122ac36d5aec7b65287c54cec63cb,VirusShare_00495,strictor,192618,exe,trojan,64.71,2021-11-07T07:43:17+00:00,2019-01-12
1e78730b53b08db578a1f50024f1c4f6,VirusShare_00495,strictor,196759,exe,trojan,67.16,2021-10-31T14:03:09+00:00,2019-01-12
1ed750890d82ac2f6a99ebbd4efb98f6,VirusShare_00495,strictor,196760,exe,trojan,65.22,2021-11-02T05:58:21+00:00,2019-01-12
204314bbbf5a690458516247aaa436b9,VirusShare_00495,strictor,192614,exe,trojan,82.09,2021-11-03T14:34:30+00:00,2019-01-12
2085aab1d1bd6e72b0c5c8e9b94c82fd,VirusShare_00495,strictor,196732,exe,trojan,68.12,2021-10-31T14:02:57+00:00,2019-01-12
2118080a48ac7762cc4b837949d2e983,VirusShare_00495,strictor,192671,exe,trojan,80.88,2021-11-03T02:42:33+00:00,2019-01-12
24d66d4c8eaec791aa9afae1405dfa71,VirusShare_00495,strictor,192744,exe,trojan,60.87,2021-11-03T17:14:13+00:00,2019-01-12
256a6d9521ad73c51d139b1b6856dee7,VirusShare_00495,strictor,192612,exe,trojan,82.61,2021-11-05T00:11:20+00:00,2019-01-12
2691f495f6ec42f3bc2d4c91aaed631f,VirusShare_00495,strictor,196746,exe,trojan,66.67,2021-10-31T14:02:25+00:00,2019-01-12
2773670d1200b56608966806f76a7d59,VirusShare_00495,strictor,196790,exe,trojan,64.71,2021-11-02T05:58:28+00:00,2019-01-12
27929ca305cf960368017f1bc365bf5e,VirusShare_00495,strictor,196766,exe,trojan,66.67,2021-11-02T05:58:30+00:00,2019-01-12
2793b600e577c1b0f1f9fc703f19bdb2,VirusShare_00495,strictor,196689,exe,trojan,79.71,2021-11-06T01:25:48+00:00,2019-01-12
27a6c28677fe052fb18033a7d0e1f82b,VirusShare_00495,strictor,192537,exe,trojan,81.16,2021-11-03T14:17:24+00:00,2019-01-12
2980a9fc6fd2efbd6b110d04f66adf27,VirusShare_00495,strictor,192608,exe,trojan,65.22,2021-10-31T10:11:32+00:00,2019-01-12
299517069a0ea44e8d3c1f1774b60fff,VirusShare_00495,strictor,196774,exe,trojan,66.18,2021-11-02T05:58:20+00:00,2019-01-12
29991273413dfddadc44c29ce4f6c76f,VirusShare_00495,strictor,192623,exe,trojan,79.71,2021-11-03T14:48:09+00:00,2019-01-12
2a02a0618692cb07b167a7613fe5401c,VirusShare_00495,strictor,196694,exe,trojan,68.12,2021-11-01T10:24:44+00:00,2019-01-12
2a2d326a1c4c1db33346db90ff9c24ca,VirusShare_00495,strictor,192615,exe,trojan,78.79,2021-11-03T16:28:06+00:00,2019-01-12
2a684c9cafff7ad2cdf6efebf0c83b75,VirusShare_00495,strictor,192594,exe,trojan,78.79,2021-11-03T04:55:59+00:00,2019-01-12
2c2d216373f41d905f6feac301dab603,VirusShare_00495,strictor,196666,exe,trojan,66.15,2021-11-02T14:08:19+00:00,2019-01-12
2e1f80b167f1ce71e05e91f0b6cea8ce,VirusShare_00495,strictor,192627,exe,trojan,79.41,2021-11-04T09:13:07+00:00,2019-01-12
2e454f3d07499742a3cc3dbc74fde1ad,VirusShare_00495,strictor,192669,exe,trojan,83.82,2021-11-05T07:10:18+00:00,2019-01-12
2f295f01558a08d2faaaf43c44e797ba,VirusShare_00495,strictor,196751,exe,trojan,66.67,2021-10-31T14:03:07+00:00,2019-01-12
2fafcf5e7b73775fbbeb58cfc2c8f1e5,VirusShare_00495,strictor,192646,exe,trojan,69.57,2021-11-07T23:58:37+00:00,2019-01-12
3011524ddc3344511373723a22230d66,VirusShare_00495,strictor,192537,exe,trojan,85.29,2021-11-04T14:39:07+00:00,2019-01-12
308ec7d9b31834ec0fd4ff3064fe5bd7,VirusShare_00495,strictor,192660,exe,trojan,82.61,2021-11-06T00:03:58+00:00,2019-01-12
319898ede191472ffcbc6bb5de407a27,VirusShare_00495,strictor,196754,exe,trojan,66.67,2021-10-31T14:03:03+00:00,2019-01-12
3268081db7ce692c61acb9cd2b17b3c6,VirusShare_00495,strictor,196683,exe,trojan,66.67,2021-11-02T21:23:28+00:00,2019-01-12
3375fc87feec6f4aa48b1887e24d530c,VirusShare_00495,strictor,196671,exe,trojan,79.71,2021-11-06T08:51:11+00:00,2019-01-12
3426e00c7e85ebd1ea28e14f2f9af41c,VirusShare_00495,strictor,192609,exe,trojan,81.16,2021-11-04T08:34:50+00:00,2019-01-12
352fb37750c09c66848cf497fca0369d,VirusShare_00495,strictor,196781,exe,trojan,67.16,2021-11-02T10:37:59+00:00,2019-01-12
355b77981ee3141f82e4b7a4ff8dd115,VirusShare_00495,strictor,192662,exe,trojan,79.41,2021-11-03T02:50:28+00:00,2019-01-12
3704421685e3ece683f4513a7d3f58df,VirusShare_00495,strictor,192668,exe,trojan,82.61,2021-11-04T09:36:21+00:00,2019-01-12
3a1916a3ec8cf061bdd892ba20ec2ede,VirusShare_00495,strictor,196778,exe,trojan,66.67,2021-11-02T05:58:17+00:00,2019-01-12
3afc8888c6c2ee0843f08871bc41a575,VirusShare_00495,strictor,196737,exe,trojan,69.57,2021-10-31T14:02:53+00:00,2019-01-12
3bfa1a8902cb47557ca9d88e26421140,VirusShare_00495,strictor,192603,exe,trojan,65.22,2021-11-04T12:21:41+00:00,2019-01-12
3c41f4bf684b1b08410061862a5e23f3,VirusShare_00495,strictor,196755,exe,trojan,68.12,2021-10-31T14:02:36+00:00,2019-01-12
3dfc8fa51da452e7749299193a8ce320,VirusShare_00495,strictor,192578,exe,trojan,67.65,2021-11-07T07:43:10+00:00,2019-01-12
403aee13e06fa0059882c47efae10ed3,VirusShare_00495,strictor,196660,exe,trojan,69.12,2021-10-31T13:51:42+00:00,2019-01-12
413a7f89f3189aeb1787834fa389e1d2,VirusShare_00495,strictor,196751,exe,trojan,69.57,2021-10-31T14:02:28+00:00,2019-01-12
419fb15521ac01ad533f5a31d9771e60,VirusShare_00495,strictor,192645,exe,trojan,66.67,2021-11-07T23:58:26+00:00,2019-01-12
41a185e0841a88d51073d766218579a3,VirusShare_00495,strictor,192646,exe,trojan,66.67,2021-11-07T23:58:46+00:00,2019-01-12
41f5617252db8df5eb97df2ff1604bad,VirusShare_00495,strictor,196766,exe,trojan,66.18,2021-11-02T05:58:20+00:00,2019-01-12
42085c83c80ec4b49e3d55c209632e88,VirusShare_00495,strictor,192634,exe,trojan,77.94,2021-11-04T13:41:09+00:00,2019-01-12
420b82aa1be9cb9680d1dbba399cb0b5,VirusShare_00495,strictor,196687,exe,trojan,78.26,2021-11-05T19:23:26+00:00,2019-01-12
42c65e4e6007ceecdeba40982e7a55b0,VirusShare_00495,strictor,192698,exe,trojan,61.76,2021-11-08T07:50:56+00:00,2019-01-12
43c434430a3c458d694f87169d7d6162,VirusShare_00495,strictor,196659,exe,trojan,75.76,2021-11-06T22:19:20+00:00,2019-01-12
4456cec52e8199accbeee0bcd75e747f,VirusShare_00495,strictor,196793,exe,trojan,68.12,2021-11-02T10:37:57+00:00,2019-01-12
44d88d1247fb6a0138bf1b27e0508f5d,VirusShare_00495,strictor,196755,exe,trojan,66.67,2021-10-31T14:02:55+00:00,2019-01-12
46631c6c310a9dda6e7f02282ac04211,VirusShare_00495,strictor,192680,exe,trojan,68.66,2021-11-07T10:29:07+00:00,2019-01-12
477108c8e38ee5a34dc89a8d6f1867e0,VirusShare_00495,strictor,196653,exe,trojan,67.16,2021-11-02T14:08:14+00:00,2019-01-12
48049531904eee4a0b74e2a814854d67,VirusShare_00495,strictor,192665,exe,trojan,76.81,2021-11-06T18:49:47+00:00,2019-01-12
49909baeba160d7382163a2afd706b05,VirusShare_00495,strictor,192621,exe,trojan,81.16,2021-11-05T06:25:39+00:00,2019-01-12
4a19b6c07b3b91131f57f5950374740f,VirusShare_00495,strictor,192616,exe,trojan,63.24,2021-11-07T07:43:08+00:00,2019-01-12
4a9bc5aff366a019ce3614208117e1bc,VirusShare_00495,strictor,192615,exe,trojan,85.07,2021-11-04T10:26:34+00:00,2019-01-12
4bc519c326c63545fef24adfedba732a,VirusShare_00495,strictor,192647,exe,trojan,82.35,2021-11-02T07:09:04+00:00,2019-01-12
4c01e9505025bd12300c15b2ba16806a,VirusShare_00495,strictor,196772,exe,trojan,65.22,2021-11-02T05:58:22+00:00,2019-01-12
4c491e2c5b9be0721c471613b90db097,VirusShare_00495,strictor,196739,exe,trojan,68.12,2021-10-31T14:03:08+00:00,2019-01-12
4c97567ca9a1fac98392a0000b38a293,VirusShare_00495,strictor,196776,exe,trojan,65.67,2021-11-02T10:38:03+00:00,2019-01-12
4d7449c39f697e50bdc07fd100383a09,VirusShare_00495,strictor,196777,exe,trojan,68.12,2021-11-02T10:38:05+00:00,2019-01-12
4deb46b6f0373631e9be78bc92d50126,VirusShare_00495,strictor,196769,exe,trojan,68.12,2021-11-02T10:37:56+00:00,2019-01-12
4e9d4722b245bfc7db402b06c6fc08bc,VirusShare_00495,strictor,192737,exe,trojan,63.24,2021-10-31T08:16:00+00:00,2019-01-12
4fb96aaa8caf9d297aaa214b81793007,VirusShare_00495,strictor,192607,exe,trojan,80.88,2021-11-03T11:56:43+00:00,2019-01-12
50f3b5b5c77361f2fa6404e8e34c1c7a,VirusShare_00495,strictor,196795,exe,trojan,66.67,2021-11-02T10:38:14+00:00,2019-01-12
51c40429226f6bd20d3d15a655f011e9,VirusShare_00495,strictor,192591,exe,trojan,63.77,2021-11-07T07:43:05+00:00,2019-01-12
52e5cc9f3fd0a222d1006c5b737b5733,VirusShare_00495,strictor,192616,exe,trojan,66.18,2021-11-07T07:43:16+00:00,2019-01-12
534105c767b11284b7c75397a43683bb,VirusShare_00495,strictor,192745,exe,trojan,61.76,2021-11-03T17:14:19+00:00,2019-01-12
55b32e2bf272fc3324136dafae15c441,VirusShare_00495,strictor,192624,exe,trojan,80.3,2021-11-03T04:28:00+00:00,2019-01-12
55e974cc35165d6f817f7a950fd529dc,VirusShare_00495,strictor,196704,exe,trojan,73.53,2021-11-03T08:35:32+00:00,2019-01-12
565561a4aaed5105294874191480797f,VirusShare_00495,strictor,196753,exe,trojan,64.71,2021-10-31T14:03:01+00:00,2019-01-12
5754c41b89552423afed0a02244da09f,VirusShare_00495,strictor,192659,exe,trojan,65.22,2021-11-04T17:28:47+00:00,2019-01-12
57574fff8ba7a714d1862b7d494b1e6c,VirusShare_00495,strictor,196750,exe,trojan,75.36,2021-11-01T20:05:49+00:00,2019-01-12
57f490b06ee803d9a9631420d3d02e04,VirusShare_00495,strictor,192591,exe,trojan,63.77,2021-11-04T12:21:41+00:00,2019-01-12
589fe96b706afb5e74a5ee647b581725,VirusShare_00495,strictor,196691,exe,trojan,68.12,2021-11-02T21:23:46+00:00,2019-01-12
58b1bc137598c30d585c904419565399,VirusShare_00495,strictor,192598,exe,trojan,82.61,2021-11-06T12:34:37+00:00,2019-01-12
5974e98a5bc65a1b9a25dabe18fdd0c1,VirusShare_00495,strictor,196681,exe,trojan,78.26,2021-11-06T23:48:30+00:00,2019-01-12
59db839c7b36802d03b7ae2239ca03ce,VirusShare_00495,strictor,196777,exe,trojan,67.65,2021-11-02T05:58:24+00:00,2019-01-12
5bbaa85270c20a538d19bdad475e5d17,VirusShare_00495,strictor,196691,exe,trojan,76.81,2021-11-06T15:54:52+00:00,2019-01-12
5d5e71cd838d8e46a2c8e6a69141ec53,VirusShare_00495,strictor,196674,exe,trojan,79.71,2021-11-05T21:41:46+00:00,2019-01-12
5e8a6f6a129dd84dbc8a00c8a4f49ce6,VirusShare_00495,strictor,192609,exe,trojan,68.66,2021-10-31T10:11:25+00:00,2019-01-12
5ea4522ad0135da2d4d83d156a6e4e96,VirusShare_00495,strictor,192660,exe,trojan,77.27,2021-11-06T06:18:05+00:00,2019-01-12
60aafa0b96a21132bb55e87ad25e1819,VirusShare_00495,strictor,192610,exe,trojan,69.57,2021-10-31T02:58:03+00:00,2019-01-12
60b1e45321f22e0da73e6f95ae32e2ff,VirusShare_00495,strictor,196663,exe,trojan,77.94,2021-11-05T19:02:32+00:00,2019-01-12
61004d5d5232d27e8d719bb9368db431,VirusShare_00495,strictor,192622,exe,trojan,76.12,2021-11-04T09:19:30+00:00,2019-01-12
610344b978b61685ec997601858562c8,VirusShare_00495,strictor,192645,exe,trojan,65.22,2021-11-07T23:58:38+00:00,2019-01-12
612ad77d7252a9d68940c09d3e564013,VirusShare_00495,strictor,196658,exe,trojan,66.67,2021-11-02T21:23:32+00:00,2019-01-12
61488a359ba783d338537e53257c6edc,VirusShare_00495,strictor,196777,exe,trojan,66.67,2021-11-02T10:38:10+00:00,2019-01-12
61b45a5ba92d09a043ee974ddac384e2,VirusShare_00495,strictor,196748,exe,trojan,69.12,2021-10-31T14:02:28+00:00,2019-01-12
61d084c75d11ebdcbf145fd40a9a8c39,VirusShare_00495,strictor,196765,exe,trojan,67.19,2021-11-02T10:37:57+00:00,2019-01-12
62975748eb2a926740e4fa050eaa48af,VirusShare_00495,strictor,196648,exe,trojan,67.16,2021-11-02T14:08:24+00:00,2019-01-12
63efaad135889d75f4a8c7c6ea6dc852,VirusShare_00495,strictor,192606,exe,trojan,80.95,2021-11-03T05:51:50+00:00,2019-01-12
641afa2a7ca34e8dda8ebcec9f4ea3a5,VirusShare_00495,strictor,192654,exe,trojan,66.18,2021-10-31T13:28:52+00:00,2019-01-12
64bde3cdcbff66c5131802796f042d6f,VirusShare_00495,strictor,192576,exe,trojan,65.22,2021-11-04T12:21:43+00:00,2019-01-12
65f152b157e0a0d47b0f32106c33adab,VirusShare_00495,strictor,196645,exe,trojan,66.15,2021-11-02T14:08:19+00:00,2019-01-12
66251b824cf9e06e071362d26af29a78,VirusShare_00495,strictor,196704,exe,trojan,69.57,2021-11-01T10:24:46+00:00,2019-01-12
665f644ffa0c54149f06c87ddffa32fa,VirusShare_00495,strictor,192570,exe,trojan,75.36,2021-11-03T03:51:45+00:00,2019-01-12
66f9dfc21f94c15e7c64c6e46291bf7a,VirusShare_00495,strictor,196785,exe,trojan,66.67,2021-11-02T05:58:30+00:00,2019-01-12
683e1f5f4d27c11471f7102c98922f2a,VirusShare_00495,strictor,192671,exe,trojan,79.41,2021-11-05T19:32:38+00:00,2019-01-12
69b671a5c80ad93f2ee08529114e9a46,VirusShare_00495,strictor,196772,exe,trojan,67.65,2021-11-02T05:58:23+00:00,2019-01-12
6ae0a45d5d61a58aadbe6910c19e4b7e,VirusShare_00495,strictor,192569,exe,trojan,82.61,2021-11-05T07:26:51+00:00,2019-01-12
6ce2941d60dd25e2e2130287f76aaad1,VirusShare_00495,strictor,196673,exe,trojan,79.1,2021-11-06T18:01:16+00:00,2019-01-12
6cf5b63958615f84ba9025e93dde5cea,VirusShare_00495,strictor,196752,exe,trojan,66.18,2021-10-31T14:03:10+00:00,2019-01-12
6d757eb95e22936c7894d5760082a0c7,VirusShare_00495,strictor,196736,exe,trojan,79.41,2021-11-04T04:09:35+00:00,2019-01-12
6db6c67c705edb6df7cac6ec20f200b8,VirusShare_00495,strictor,192611,exe,trojan,80.88,2021-11-04T11:52:05+00:00,2019-01-12
6e3d88a38153d5fad7a17af1f85f8cb2,VirusShare_00495,strictor,196674,exe,trojan,77.94,2021-11-06T06:28:46+00:00,2019-01-12
6e5df77ae8970d5cc715578325e9bfae,VirusShare_00495,strictor,196770,exe,trojan,68.12,2021-11-02T10:38:11+00:00,2019-01-12
6e7a4bb1d15d2973e1159a5ec4b2f4f3,VirusShare_00495,strictor,196791,exe,trojan,68.12,2021-11-02T05:58:15+00:00,2019-01-12
6f2ac37e4aed9dbae1a646b1062b737d,VirusShare_00495,strictor,192609,exe,trojan,81.16,2021-11-04T18:05:22+00:00,2019-01-12
7022d62db55627f18c58e07a74b5d598,VirusShare_00495,strictor,196772,exe,trojan,63.77,2021-11-02T05:58:22+00:00,2019-01-12
7069de849ede193d20946d2c376e7ce1,VirusShare_00495,strictor,196744,exe,trojan,66.67,2021-10-31T14:02:58+00:00,2019-01-12
70f9592e49a439c8556a3cd70265ff50,VirusShare_00495,strictor,196790,exe,trojan,66.67,2021-11-02T10:38:01+00:00,2019-01-12
713f13d3b08b4afc297b3d431f406f5c,VirusShare_00495,strictor,196764,exe,trojan,65.22,2021-10-31T14:03:00+00:00,2019-01-12
722b44d5315c8a3e1ab89822cb7085de,VirusShare_00495,strictor,192587,exe,trojan,67.65,2021-11-07T07:43:08+00:00,2019-01-12
7259a431689be49f742e456bd6720128,VirusShare_00495,strictor,192602,exe,trojan,66.18,2021-11-07T07:43:17+00:00,2019-01-12
72e066efd65596427f77e62ffb37ffa7,VirusShare_00495,strictor,192629,exe,trojan,72.06,2021-10-31T00:46:01+00:00,2019-01-12
734962316144afbac4747649b8038bcd,VirusShare_00495,strictor,192582,exe,trojan,66.18,2021-11-07T07:43:17+00:00,2019-01-12
780cd1a98251a9d6f93508e2bb0aadd8,VirusShare_00495,strictor,196758,exe,trojan,66.67,2021-10-31T14:02:57+00:00,2019-01-12
796fb48693ba397e67859853c484f028,VirusShare_00495,strictor,192606,exe,trojan,81.16,2021-11-06T21:35:51+00:00,2019-01-12
7a0ed195e4cac103cc56e31d8f2678d8,VirusShare_00495,strictor,196668,exe,trojan,76.12,2021-11-04T12:00:34+00:00,2019-01-12
7abfe14b8a9d9b1c4081758dc86f8b3e,VirusShare_00495,strictor,189445,exe,trojan,64.18,2021-11-05T17:30:37+00:00,2019-01-12
7b5325f5f0247c06a8f3452653597c45,VirusShare_00495,strictor,192669,exe,trojan,80.88,2021-11-06T22:41:24+00:00,2019-01-12
7c8ec0199a1a95e4d5032fa9101fba7e,VirusShare_00495,strictor,192689,exe,trojan,64.18,2021-11-08T07:51:07+00:00,2019-01-12
7d1c3c9c6fa790d5692565cb634a1502,VirusShare_00495,strictor,196736,exe,trojan,82.35,2021-11-02T06:34:59+00:00,2019-01-12
7dac2b615e2fcc590764811158691066,VirusShare_00495,strictor,192535,exe,trojan,73.53,2021-11-03T17:11:56+00:00,2019-01-12
7fbe39514c68dfa830872cc9d132db65,VirusShare_00495,strictor,192659,exe,trojan,79.1,2021-11-05T06:49:19+00:00,2019-01-12
802960f402b1729f06f7ede6a10c1d26,VirusShare_00495,strictor,192703,exe,trojan,75.36,2021-11-06T19:14:41+00:00,2019-01-12
8113cc66398155426721129d617e624f,VirusShare_00495,strictor,196793,exe,trojan,66.67,2021-11-02T10:38:15+00:00,2019-01-12
814ef750c146038a44a23d880024173d,VirusShare_00495,strictor,192648,exe,trojan,79.41,2021-11-05T19:54:48+00:00,2019-01-12
81f7da57c1016da4a0864f09e17c54c3,VirusShare_00495,strictor,192702,exe,trojan,63.64,2021-11-08T07:51:06+00:00,2019-01-12
820f5cb39e207f578d417427c31e7b70,VirusShare_00495,strictor,196654,exe,trojan,77.94,2021-11-06T08:34:58+00:00,2019-01-12
82832e8841481820bde0b577e0a1956e,VirusShare_00495,strictor,196690,exe,trojan,66.67,2021-11-01T10:24:44+00:00,2019-01-12
82a6d0b7259166075e77c50a4d13f33b,VirusShare_00495,strictor,192582,exe,trojan,65.22,2021-11-07T07:43:17+00:00,2019-01-12
82af3b5f9bf9096e11fc55c47c3e5b21,VirusShare_00495,strictor,192652,exe,trojan,85.29,2021-11-06T23:09:08+00:00,2019-01-12
834fb59275b25dae52474ef6acd6ea99,VirusShare_00495,strictor,196752,exe,trojan,66.67,2021-10-31T14:03:07+00:00,2019-01-12
8381faf3ceedf0adf01a21b435533e61,VirusShare_00495,strictor,192671,exe,trojan,82.09,2021-11-04T13:29:07+00:00,2019-01-12
83cc0e1e406ec9a42bc6c79ef1a2462f,VirusShare_00495,strictor,192605,exe,trojan,70.59,2021-10-31T09:07:42+00:00,2019-01-12
8406883ce6baa8fae30ef73a559a26b5,VirusShare_00495,strictor,192610,exe,trojan,84.85,2021-11-05T10:45:44+00:00,2019-01-12
841d3ce1455c848f6f5a09a7ef86345d,VirusShare_00495,strictor,192541,exe,trojan,79.71,2021-11-03T06:36:05+00:00,2019-01-12
8669c906c18e545e26a025ebe11342d1,VirusShare_00495,strictor,196762,exe,trojan,66.67,2021-11-02T10:38:14+00:00,2019-01-12
86cadc734f3e63ee362e74b6d359d0ba,VirusShare_00495,strictor,192672,exe,trojan,65.67,2021-11-05T06:29:25+00:00,2019-01-12
880cada1ba11969e167c8eead2f899c1,VirusShare_00495,strictor,192631,exe,trojan,82.35,2021-11-07T01:46:16+00:00,2019-01-12
883041cbd68b8ec9bbe087816eceb64c,VirusShare_00495,strictor,196676,exe,trojan,78.26,2021-11-08T01:34:54+00:00,2019-01-12
88db30d5d08814c6e585211708d984c2,VirusShare_00495,strictor,196768,exe,trojan,68.12,2021-11-02T10:38:04+00:00,2019-01-12
8948ff01b54ebee455d36b1bd5153e50,VirusShare_00495,strictor,196706,exe,trojan,67.16,2021-11-01T10:24:48+00:00,2019-01-12
895c2d69847f16b2f00fd376448f5003,VirusShare_00495,strictor,192592,exe,trojan,64.71,2021-11-07T07:43:07+00:00,2019-01-12
8a332ed15179edf7f034d49f519311eb,VirusShare_00495,strictor,196794,exe,trojan,66.18,2021-11-02T05:58:25+00:00,2019-01-12
8b1359c9c664055d7be9314f9b8f8ff6,VirusShare_00495,strictor,196756,exe,trojan,66.67,2021-10-31T14:03:08+00:00,2019-01-12
8c180ce6c43db79918ba15d6fae96249,VirusShare_00495,strictor,192619,exe,trojan,73.13,2021-11-09T03:42:41+00:00,2019-01-12
8ce8471e0a199bd3a3fd01c7e1ed0db7,VirusShare_00495,strictor,196639,exe,trojan,82.61,2021-11-07T04:51:07+00:00,2019-01-12
8e1584747d6962ff1af0cc37f3dc2471,VirusShare_00495,strictor,196656,exe,trojan,76.81,2021-11-05T11:12:30+00:00,2019-01-12
8e524135cccf2b6953a0ea742e4ca09e,VirusShare_00495,strictor,196738,exe,trojan,68.12,2021-10-31T14:02:55+00:00,2019-01-12
921d6d9b1318028cb62c7c5937e79252,VirusShare_00495,strictor,192634,exe,trojan,77.94,2021-11-05T05:05:10+00:00,2019-01-12
9228c6cfa4495346e91425d559d1a360,VirusShare_00495,strictor,196681,exe,trojan,75.0,2021-11-06T11:38:54+00:00,2019-01-12
93380313fff6373d1f5292afacfe5a97,VirusShare_00495,strictor,196788,exe,trojan,69.57,2021-11-02T10:38:13+00:00,2019-01-12
951e8e8ca1d1803dae45580097eea07e,VirusShare_00495,strictor,192670,exe,trojan,78.26,2021-11-06T08:14:44+00:00,2019-01-12
956dd2d96c0cb441ec0d48a51f0f967f,VirusShare_00495,strictor,192671,exe,trojan,65.67,2021-10-31T13:28:51+00:00,2019-01-12
95b2d1af5852296150ba3af264758d9c,VirusShare_00495,strictor,192598,exe,trojan,66.18,2021-11-07T07:43:14+00:00,2019-01-12
969fa057d6bdc67d663ca4bb02fef91e,VirusShare_00495,strictor,192610,exe,trojan,79.71,2021-11-03T11:00:41+00:00,2019-01-12
978404c11ed72f9aec1981ebf0b5870d,VirusShare_00495,strictor,196763,exe,trojan,66.67,2021-10-31T14:02:55+00:00,2019-01-12
98d7ba0cda99b1693e3ffe2e9589e735,VirusShare_00495,strictor,196755,exe,trojan,66.67,2021-10-31T14:02:58+00:00,2019-01-12
990eaf417d9eb03d8470442745f86a37,VirusShare_00495,strictor,192657,exe,trojan,82.09,2021-11-06T06:09:53+00:00,2019-01-12
996e09859476dcf83a9d849f0fbe17b9,VirusShare_00495,strictor,192594,exe,trojan,62.32,2021-11-07T07:43:13+00:00,2019-01-12
99c885ee731719052ecede8f1a610d79,VirusShare_00495,strictor,196705,exe,trojan,71.01,2021-11-03T17:40:05+00:00,2019-01-12
9b27f29fc068000ea5c33c0076872519,VirusShare_00495,strictor,196670,exe,trojan,82.61,2021-11-05T16:37:17+00:00,2019-01-12
9b9d1b6b91c78e277e3f31db0f8a13d0,VirusShare_00495,strictor,196791,exe,trojan,65.67,2021-11-02T05:58:18+00:00,2019-01-12
9c339536f27c10d7fe55ef014df26c2b,VirusShare_00495,strictor,192682,exe,trojan,67.65,2021-11-07T10:29:14+00:00,2019-01-12
9c9843a7658d251dcbebb404271e1ae9,VirusShare_00495,strictor,196687,exe,trojan,65.22,2021-11-02T21:23:45+00:00,2019-01-12
9cda5b350b0378f969297bb17e226887,VirusShare_00495,strictor,196673,exe,trojan,76.81,2021-11-04T12:52:56+00:00,2019-01-12
9d76441cecf69508b184624ab66e7eac,VirusShare_00495,strictor,196789,exe,trojan,70.15,2021-11-02T10:38:00+00:00,2019-01-12
9e65b8df0327e4d2ab9e5b765938be4d,VirusShare_00495,strictor,196650,exe,trojan,70.15,2021-11-03T19:11:14+00:00,2019-01-12
9e8d26721e47aa5b3ffee16cfc61ea10,VirusShare_00495,strictor,196773,exe,trojan,67.65,2021-11-02T10:38:09+00:00,2019-01-12
9ecd2e7b847b86fee5148b0b0494992e,VirusShare_00495,strictor,192582,exe,trojan,66.18,2021-11-04T12:21:25+00:00,2019-01-12
9ee345708f015d1a476883c90de71cb3,VirusShare_00495,strictor,196765,exe,trojan,66.67,2021-11-02T10:38:13+00:00,2019-01-12
9f0e9fcd39ea7f44a1ef7cc8db47ac45,VirusShare_00495,strictor,196738,exe,trojan,75.36,2021-11-02T20:25:05+00:00,2019-01-12
9fd9e8534409d47138b5c28794e63f0b,VirusShare_00495,strictor,192605,exe,trojan,81.16,2021-11-05T05:28:57+00:00,2019-01-12
b14ef2a0ad116cbbb75afa74e2c9e208,VirusShare_00495,strictor,196762,exe,trojan,68.66,2021-11-03T17:58:17+00:00,2019-01-12
b1905a7d84596a5c12243fdc073198bf,VirusShare_00495,strictor,196660,exe,trojan,75.0,2021-11-06T18:39:05+00:00,2019-01-12
b19c79c6274829e5bde12f931eaca105,VirusShare_00495,strictor,196784,exe,trojan,67.65,2021-11-02T05:58:23+00:00,2019-01-12
b2148a52f32ee75cce52b4d1c13e1e41,VirusShare_00495,strictor,192629,exe,trojan,79.41,2021-11-03T07:12:29+00:00,2019-01-12
b324da126378febe91eacdd1c07bfb98,VirusShare_00495,strictor,196787,exe,trojan,65.22,2021-11-02T10:38:02+00:00,2019-01-12
b3593b1d3b0177f38062ca552f6938f3,VirusShare_00495,strictor,192658,exe,trojan,82.61,2021-11-06T12:49:14+00:00,2019-01-12
b35ddff5d3368c1da0e85827c85c7819,VirusShare_00495,strictor,196763,exe,trojan,67.65,2021-11-02T10:38:08+00:00,2019-01-12
b4a85adbbdc29a0412888f3ed69c2b9d,VirusShare_00495,strictor,196680,exe,trojan,68.12,2021-10-31T17:57:58+00:00,2019-01-12
b55dc9f45b4897d48e6ac4209fa1a354,VirusShare_00495,strictor,192654,exe,trojan,76.12,2021-11-04T13:38:05+00:00,2019-01-12
b5bf48ff13ad58002e9f649cf162e9e7,VirusShare_00495,strictor,196779,exe,trojan,68.12,2021-11-02T05:58:27+00:00,2019-01-12
b5e158ef4ff80de49954786079baf7f2,VirusShare_00495,strictor,192738,exe,trojan,63.24,2021-10-31T08:15:45+00:00,2019-01-12
b61563168723f1805296280a48492e93,VirusShare_00495,strictor,196691,exe,trojan,80.0,2021-11-06T08:16:17+00:00,2019-01-12
b659de8881472832bf0589fbb0b69da7,VirusShare_00495,strictor,192771,exe,trojan,61.76,2021-10-27T07:25:51+00:00,2019-01-12
b6739a3879fe37075fa68872c2726782,VirusShare_00495,strictor,192651,exe,trojan,65.67,2021-10-31T13:28:53+00:00,2019-01-12
b69b58f675bf5ac611172bcf65e0c880,VirusShare_00495,strictor,196632,exe,trojan,69.12,2021-10-31T17:17:35+00:00,2019-01-12
b758d5e71b1e3f8c5f7ed699644062b7,VirusShare_00495,strictor,196765,exe,trojan,66.67,2021-11-02T05:58:22+00:00,2019-01-12
b958dbb133ba1da0c24cd8803062988a,VirusShare_00495,strictor,196702,exe,trojan,68.12,2021-11-01T10:24:56+00:00,2019-01-12
b966b4a96cada499e8104c8ee22e9b86,VirusShare_00495,strictor,192817,exe,trojan,60.29,2021-11-05T10:59:31+00:00,2019-01-12
b9c4f5e8d2078141c0bfecb8d74b44a2,VirusShare_00495,strictor,192708,exe,trojan,76.81,2021-11-05T17:36:48+00:00,2019-01-12
b9cb9637897182f25452d7858b09c67c,VirusShare_00495,strictor,192629,exe,trojan,80.88,2021-11-03T13:53:39+00:00,2019-01-12
bb44b06537f2f287cb616d8d5f56a7ab,VirusShare_00495,strictor,192619,exe,trojan,81.16,2021-11-03T13:10:50+00:00,2019-01-12
bc021611f70cbf9abca0b9f5deff9787,VirusShare_00495,strictor,192656,exe,trojan,66.67,2021-11-07T21:13:51+00:00,2019-01-12
bc5e63240e56073a1208f3b46842ed0e,VirusShare_00495,strictor,196683,exe,trojan,65.22,2021-11-01T01:40:45+00:00,2019-01-12
bcba9b5546d3ffc6edef15c4b0b1a6f1,VirusShare_00495,strictor,192613,exe,trojan,82.61,2021-11-03T09:52:12+00:00,2019-01-12
be4eb841fa0c181f1ffe0c313d649615,VirusShare_00495,strictor,196792,exe,trojan,68.12,2021-11-02T10:38:08+00:00,2019-01-12
be6dbae9e3870bf5d5489d1f8c76bf08,VirusShare_00495,strictor,196782,exe,trojan,66.67,2021-11-02T10:38:11+00:00,2019-01-12
be8dc7dfcac3cfc19065a6666a7699e8,VirusShare_00495,strictor,196706,exe,trojan,79.71,2021-11-06T02:05:12+00:00,2019-01-12
bf0df9477cd9e998fec54b4e9bfc15aa,VirusShare_00495,strictor,196755,exe,trojan,78.26,2021-11-03T05:35:30+00:00,2019-01-12
bf444484351312a58aba4b5a100c4f96,VirusShare_00495,strictor,192578,exe,trojan,67.65,2021-11-07T07:43:13+00:00,2019-01-12
bfe0c791c7e36c959fc7c40f37d0382f,VirusShare_00495,strictor,196713,exe,trojan,69.57,2021-10-30T17:19:00+00:00,2019-01-12
c08a9edcdfcdd69010262fe52113d92d,VirusShare_00495,strictor,192656,exe,trojan,83.82,2021-11-05T09:47:44+00:00,2019-01-12
c0b0c3ac5fbf0d675b7e255e46190d5d,VirusShare_00495,strictor,196679,exe,trojan,69.57,2021-11-03T20:41:52+00:00,2019-01-12
c184aa84dae3e455ee6a3f38b5cb5178,VirusShare_00495,strictor,196756,exe,trojan,65.67,2021-11-02T05:58:25+00:00,2019-01-12
c1d8c6684bd6b02ae5a4364f29fc5ca6,VirusShare_00495,strictor,192645,exe,trojan,66.67,2021-11-07T23:58:44+00:00,2019-01-12
c23ba72c1a4f84dfa505f4de10cd6d73,VirusShare_00495,strictor,192618,exe,trojan,79.69,2021-11-03T09:17:03+00:00,2019-01-12
c23c1235e1798b18bfdc121b658629eb,VirusShare_00495,strictor,196664,exe,trojan,75.36,2021-11-05T01:01:56+00:00,2019-01-12
c26b2e4ee90c5cd9a7c971649a6c37c8,VirusShare_00495,strictor,192569,exe,trojan,83.58,2021-11-09T11:59:47+00:00,2019-01-12
c2f1f9e502b9356143046ea7874582b7,VirusShare_00495,strictor,192569,exe,trojan,68.12,2021-11-04T12:21:33+00:00,2019-01-12
c302a9e57f5375a3c401257befc536ea,VirusShare_00495,strictor,192599,exe,trojan,83.82,2021-11-03T06:26:55+00:00,2019-01-12
c30bfcd54643f662b2625a1ff0e30066,VirusShare_00495,strictor,196784,exe,trojan,66.67,2021-11-02T05:58:13+00:00,2019-01-12
c357afd725cb442ee28ce8538a7a59a6,VirusShare_00495,strictor,196663,exe,trojan,79.41,2021-11-04T14:23:57+00:00,2019-01-12
c4f1c6c4ee4db988f62f5f399b4ee5ba,VirusShare_00495,strictor,196691,exe,trojan,69.57,2021-11-01T10:24:52+00:00,2019-01-12
c5555a65b65d310838b63ba41c7773b7,VirusShare_00495,strictor,192583,exe,trojan,67.16,2021-11-07T07:43:05+00:00,2019-01-12
c69a2274d7d278bb81f505050f00fcee,VirusShare_00495,strictor,192643,exe,trojan,65.67,2021-11-07T23:58:45+00:00,2019-01-12
c6dcc9a2d721a561d3b3a286e13f7c6f,VirusShare_00495,strictor,192703,exe,trojan,77.59,2021-11-03T15:36:05+00:00,2019-01-12
c79a1bb441888d5ae6e37b2ffe6fa837,VirusShare_00495,strictor,196639,exe,trojan,67.65,2021-11-02T14:08:22+00:00,2019-01-12
c8a1b5fc5730b3d7783c844ff5a950d2,VirusShare_00495,strictor,196690,exe,trojan,76.12,2021-11-08T11:01:37+00:00,2019-01-12
c8a8d906cea8a1eab445d8a7857cc294,VirusShare_00495,strictor,196691,exe,trojan,70.15,2021-11-05T04:52:55+00:00,2019-01-12
c92063e4b01eab6553fc4543ef946f32,VirusShare_00495,strictor,192626,exe,trojan,75.38,2021-11-03T09:39:05+00:00,2019-01-12
c93303584ca96d492fd210189209c133,VirusShare_00495,strictor,192641,exe,trojan,66.67,2021-11-07T23:58:37+00:00,2019-01-12
c9a03c983baeedb6da4f327c11d10041,VirusShare_00495,strictor,196645,exe,trojan,73.91,2021-11-03T02:35:57+00:00,2019-01-12
c9e4a97c668f8d33088cf38fc84dc4e2,VirusShare_00495,strictor,196792,exe,trojan,67.65,2021-11-02T10:38:08+00:00,2019-01-12
c9f471f623072ef963a06b040a8a39cb,VirusShare_00495,strictor,196697,exe,trojan,82.61,2021-11-05T16:41:13+00:00,2019-01-12
ca46c90ed48b3ce272a9bc8f07a068f0,VirusShare_00495,strictor,196738,exe,trojan,72.06,2021-10-31T14:02:54+00:00,2019-01-12
ca620c6e3ccf36adc1474655fc3f94d2,VirusShare_00495,strictor,196765,exe,trojan,78.26,2021-11-05T23:43:39+00:00,2019-01-12
ca8c6c180a012ed007dcdae60ca135e4,VirusShare_00495,strictor,196740,exe,trojan,67.65,2021-10-31T14:03:00+00:00,2019-01-12
cb33e6583adccdc81fe35cbda83c5a93,VirusShare_00495,strictor,192614,exe,trojan,83.58,2021-11-03T05:45:24+00:00,2019-01-12
cb90e1f0415b029f9c34e8736dc2782a,VirusShare_00495,strictor,196727,exe,trojan,79.71,2021-11-01T11:35:11+00:00,2019-01-12
cc17331b1fcb259d20773cd6cd920926,VirusShare_00495,strictor,192566,exe,trojan,77.61,2021-11-05T21:35:06+00:00,2019-01-12
ccdcfa136c17636abed4e9295aa35e85,VirusShare_00495,strictor,192666,exe,trojan,81.16,2021-11-06T15:40:29+00:00,2019-01-12
cd893d74cf411edda171230be73a8846,VirusShare_00495,strictor,196742,exe,trojan,68.12,2021-10-31T14:03:01+00:00,2019-01-12
cddd238ea2eb34d54dd6ecab970fd2ce,VirusShare_00495,strictor,196684,exe,trojan,77.94,2021-11-06T14:18:22+00:00,2019-01-12
ce0ec4ea9026022f8f3850a1c69bc914,VirusShare_00495,strictor,192688,exe,trojan,63.77,2021-11-03T16:47:27+00:00,2019-01-12
ceb5e27012bf25d756e731bbbefa14f7,VirusShare_00495,strictor,192595,exe,trojan,80.0,2021-11-06T07:04:58+00:00,2019-01-12
ceff90d219ca551127b9200e5fc8a65f,VirusShare_00495,strictor,196655,exe,trojan,74.29,2021-11-06T01:05:51+00:00,2019-01-12
cf019fb25b574d0cd4266c2d0749ac8b,VirusShare_00495,strictor,196671,exe,trojan,68.12,2021-11-02T14:08:20+00:00,2019-01-12
d18e7de7c44feb83678366b42d500100,VirusShare_00495,strictor,196644,exe,trojan,76.81,2021-11-03T09:05:49+00:00,2019-01-12
d1af7a162db8fe1dcea29b439c68a6dd,VirusShare_00495,strictor,196727,exe,trojan,80.88,2021-11-01T11:05:34+00:00,2019-01-12
d2450eccd673505342338948c2d8ed1f,VirusShare_00495,strictor,196694,exe,trojan,66.67,2021-11-07T23:21:44+00:00,2019-01-12
d2c2a49a0a8f2eff30e9a85d7bb6d5cb,VirusShare_00495,strictor,196773,exe,trojan,65.22,2021-11-02T05:58:21+00:00,2019-01-12
d34032ac5a758b4a3f74c80bf71dd115,VirusShare_00495,strictor,192581,exe,trojan,68.18,2021-11-07T22:52:47+00:00,2019-01-12
d521dee04a00731801e5ab35acd0794b,VirusShare_00495,strictor,196684,exe,trojan,76.47,2021-11-07T07:10:35+00:00,2019-01-12
d5508548c836c8d7f3b9369a51d90a2c,VirusShare_00495,strictor,196716,exe,trojan,79.71,2021-11-01T10:35:21+00:00,2019-01-12
d5619ee358fae188d360282b7a0c85ec,VirusShare_00495,strictor,196683,exe,trojan,76.81,2021-11-05T22:27:52+00:00,2019-01-12
d633db9bd473e6c5884b9867ebb9407c,VirusShare_00495,strictor,196764,exe,trojan,68.12,2021-10-31T14:03:06+00:00,2019-01-12
d64353c863f4fcd00054c6a0f226ce1a,VirusShare_00495,strictor,192608,exe,trojan,81.82,2021-11-06T08:52:11+00:00,2019-01-12
d670119adb171a7de3e8f1e6488a4aae,VirusShare_00495,strictor,196688,exe,trojan,68.75,2021-11-01T10:24:40+00:00,2019-01-12
d67889371e2d95786c0d9331dc392605,VirusShare_00495,strictor,196769,exe,trojan,66.15,2021-11-02T05:58:22+00:00,2019-01-12
d6e6f6d20b62be710cc419c0b494aa48,VirusShare_00495,strictor,196748,exe,trojan,67.16,2021-10-31T14:02:59+00:00,2019-01-12
d737b8c00edd00b5a90717473ecb5933,VirusShare_00495,strictor,196760,exe,trojan,65.67,2021-10-31T14:02:56+00:00,2019-01-12
d7e129de51993f2bca7a6b096089c13d,VirusShare_00495,strictor,192653,exe,trojan,74.24,2021-11-06T05:14:48+00:00,2019-01-12
d897ad4ca405437b4ad1a0f602f32864,VirusShare_00495,strictor,196781,exe,trojan,66.67,2021-11-02T05:58:16+00:00,2019-01-12
d8e7029a5b138c8c1e348a56d092e107,VirusShare_00495,strictor,196697,exe,trojan,79.41,2021-11-04T15:52:12+00:00,2019-01-12
d92f2612b04c2aadacb955c250177f8f,VirusShare_00495,strictor,192569,exe,trojan,80.88,2021-11-09T12:01:12+00:00,2019-01-12
d92ffa51c2a27a274f386e93d73b95e4,VirusShare_00495,strictor,196666,exe,trojan,79.71,2021-11-05T23:24:30+00:00,2019-01-12
da8b8a6a801e0b3779ebb22a3942a7af,VirusShare_00495,strictor,192570,exe,trojan,75.0,2021-11-06T10:05:44+00:00,2019-01-12
db9fc01927d1e1392a92292ff6ee55f4,VirusShare_00495,strictor,196733,exe,trojan,66.67,2021-10-31T14:02:56+00:00,2019-01-12
dc4641daec42ee76b88edd0117239997,VirusShare_00495,strictor,192601,exe,trojan,81.82,2021-11-03T19:46:39+00:00,2019-01-12
dcad0519a5f931f041257cd501ad0216,VirusShare_00495,strictor,192578,exe,trojan,65.22,2021-11-04T12:21:32+00:00,2019-01-12
dcb20d479c31b360f981629a41222695,VirusShare_00495,strictor,196761,exe,trojan,66.18,2021-11-02T05:58:19+00:00,2019-01-12
ddcbaa10ed75300ba695c8a4a55f2382,VirusShare_00495,strictor,192639,exe,trojan,77.94,2021-11-01T07:05:25+00:00,2019-01-12
de6977dfc94fc9e305fffe860425ceb4,VirusShare_00495,strictor,196756,exe,trojan,68.12,2021-10-31T14:03:01+00:00,2019-01-12
de6c15a133156d1e6af3c58fcb45ede1,VirusShare_00495,strictor,196768,exe,trojan,65.22,2021-11-02T05:58:28+00:00,2019-01-12
defa5711da15da53542f7cea52c2a302,VirusShare_00495,strictor,196698,exe,trojan,69.57,2021-11-01T10:24:58+00:00,2019-01-12
df8b91c1d64a34fcfebde2e8bada6425,VirusShare_00495,strictor,196694,exe,trojan,68.12,2021-11-07T23:21:37+00:00,2019-01-12
e0809fc00825afc89caa26fe1ef3b41a,VirusShare_00495,strictor,192639,exe,trojan,82.61,2021-11-03T11:07:57+00:00,2019-01-12
e26234ef2c644cc5bb83dfffcf66f222,VirusShare_00495,strictor,196684,exe,trojan,75.36,2021-11-07T20:45:41+00:00,2019-01-12
e2f90bad59b8f8da3f7eebe318bc2fc6,VirusShare_00495,strictor,196740,exe,trojan,66.67,2021-10-31T14:03:05+00:00,2019-01-12
e33213405e5b8a22fc5cc049df3ffe9a,VirusShare_00495,strictor,196753,exe,trojan,67.65,2021-10-31T14:02:55+00:00,2019-01-12
e37421c398ab9dae8b4d9b49978a00bf,VirusShare_00495,strictor,196682,exe,trojan,75.0,2021-11-03T06:35:51+00:00,2019-01-12
e3b59582720f65665d2a41b181296dbd,VirusShare_00495,strictor,192624,exe,trojan,79.41,2021-11-03T03:55:02+00:00,2019-01-12
e4ca694f40a78dbc197f2a27eb69e51c,VirusShare_00495,strictor,196693,exe,trojan,81.16,2021-11-05T23:15:38+00:00,2019-01-12
e577e47165b1ae404254502ee9b0c79c,VirusShare_00495,strictor,192668,exe,trojan,79.71,2021-11-06T21:56:01+00:00,2019-01-12
e59e036a87773615db8c0f72ad489110,VirusShare_00495,strictor,192631,exe,trojan,66.67,2021-11-04T17:28:54+00:00,2019-01-12
e5e6136bd9d2d5038621ecebdfc8f551,VirusShare_00495,strictor,196780,exe,trojan,79.41,2021-11-03T02:40:21+00:00,2019-01-12
e7bda3749498d777929cc67755bad326,VirusShare_00495,strictor,192619,exe,trojan,75.0,2021-11-10T08:52:13+00:00,2019-01-12
e7cc1f79e52f8369366d6d671c4499d7,VirusShare_00495,strictor,196748,exe,trojan,66.67,2021-10-31T14:03:07+00:00,2019-01-12
e7d34a85a833ff7259238375f00abeed,VirusShare_00495,strictor,192609,exe,trojan,62.32,2021-11-07T07:43:19+00:00,2019-01-12
e8ce66bc85ffc317983625dca071bcdb,VirusShare_00495,strictor,192577,exe,trojan,69.57,2021-11-07T07:43:10+00:00,2019-01-12
ea8c0176604be310484c9ea21cff7ca2,VirusShare_00495,strictor,192588,exe,trojan,77.61,2021-11-04T10:16:44+00:00,2019-01-12
eaf82cb429876a61151a7a0532c4139e,VirusShare_00495,strictor,196794,exe,trojan,64.71,2021-11-02T05:58:22+00:00,2019-01-12
eb33f75520991124072f03908a2fd603,VirusShare_00495,strictor,192703,exe,trojan,63.24,2021-11-08T07:51:04+00:00,2019-01-12
ed8d9721f836f75a57343d6febc350f2,VirusShare_00495,strictor,196792,exe,trojan,68.12,2021-11-02T10:38:11+00:00,2019-01-12
edc88593ea58b895fe84dcaf88a63807,VirusShare_00495,strictor,196692,exe,trojan,67.65,2021-11-01T10:24:43+00:00,2019-01-12
ededae1f0a6feeb9f14b914e8fa02b99,VirusShare_00495,strictor,192549,exe,trojan,81.16,2021-11-01T01:05:36+00:00,2019-01-12
edf755e51af7dac83c93ece17d3b6699,VirusShare_00495,strictor,192589,exe,trojan,64.18,2021-11-07T07:43:15+00:00,2019-01-12
ee04773988237d42ca335f9447a97e73,VirusShare_00495,strictor,192668,exe,trojan,76.12,2021-11-03T16:09:55+00:00,2019-01-12
ee463bd333e9b56a7f791b909f56328f,VirusShare_00495,strictor,192689,exe,trojan,63.24,2021-11-03T16:47:26+00:00,2019-01-12
ee6f787ab161cd3766ac3ceacd728f83,VirusShare_00495,strictor,196750,exe,trojan,72.06,2021-10-31T14:02:31+00:00,2019-01-12
eeaafb2310f3be23a1199c7d66b80bd5,VirusShare_00495,strictor,192624,exe,trojan,82.61,2021-11-03T10:16:20+00:00,2019-01-12
eef3fd3c758bbe521d97296825c17d05,VirusShare_00495,strictor,192647,exe,trojan,65.22,2021-11-07T23:58:34+00:00,2019-01-12
ef1c883b17732d98a853c437e23912ed,VirusShare_00495,strictor,196754,exe,trojan,68.12,2021-10-31T14:02:58+00:00,2019-01-12
ef650d9d935e25bc6b6b1d72cec2b121,VirusShare_00495,strictor,196615,exe,trojan,82.09,2021-11-03T09:50:10+00:00,2019-01-12
efef35882c5a573aeb6e3bb5be6ad1ae,VirusShare_00495,strictor,192546,exe,trojan,70.0,2021-10-30T21:20:30+00:00,2019-01-12
f01043e17bffeb140aeb644b5c02afb1,VirusShare_00495,strictor,196749,exe,trojan,67.65,2021-10-31T14:03:07+00:00,2019-01-12
f13953edac40d3a7d5e3b2dcd45a6b6b,VirusShare_00495,strictor,192606,exe,trojan,63.77,2021-11-07T07:43:12+00:00,2019-01-12
f18da11c64d0a5717521cec620a9d0ce,VirusShare_00495,strictor,196793,exe,trojan,66.67,2021-11-02T10:38:09+00:00,2019-01-12
f19a72cc330375f6ddd3511548f5be0d,VirusShare_00495,strictor,196755,exe,trojan,69.12,2021-10-31T14:03:05+00:00,2019-01-12
f377aebdd4ecaf9a96908ed122db7eec,VirusShare_00495,strictor,192635,exe,trojan,81.16,2021-11-03T12:56:18+00:00,2019-01-12
f3d53b57dd61187c51c6ae8e4821577e,VirusShare_00495,strictor,192613,exe,trojan,82.61,2021-11-03T14:56:51+00:00,2019-01-12
f4bfff87cd58d0f18121204f2f4c1f1c,VirusShare_00495,strictor,192656,exe,trojan,83.82,2021-11-03T13:03:01+00:00,2019-01-12
f6590ea4486b2f7a0b88c4ff9b87abc5,VirusShare_00495,strictor,196771,exe,trojan,68.12,2021-11-02T10:37:57+00:00,2019-01-12
f70dae7633c3c369cf80fddf07e20190,VirusShare_00495,strictor,192537,exe,trojan,82.61,2021-11-05T23:37:53+00:00,2019-01-12
f77da18194e777db231eafed5663f5da,VirusShare_00495,strictor,196770,exe,trojan,66.67,2021-11-02T10:37:58+00:00,2019-01-12
f7d08432f583b00f37f9259247c327a0,VirusShare_00495,strictor,196671,exe,trojan,76.81,2021-11-06T17:48:38+00:00,2019-01-12
f85fb92d08593c07cd72a763c4fac8e1,VirusShare_00495,strictor,196742,exe,trojan,71.01,2021-10-31T14:02:26+00:00,2019-01-12
f87a127d2b02388bda263fffa41c057a,VirusShare_00495,strictor,192603,exe,trojan,77.94,2021-11-01T00:35:54+00:00,2019-01-12
fab7fd26808fcb7c5bd724d0be880f07,VirusShare_00495,strictor,196772,exe,trojan,68.12,2021-11-02T10:37:56+00:00,2019-01-12
fbb0884e0006fa8ecfbdab347fd4bb9c,VirusShare_00495,strictor,196697,exe,trojan,75.36,2021-11-07T00:07:38+00:00,2019-01-12
fbbb5c427583aa4b0627b446d1fe9539,VirusShare_00495,strictor,196713,exe,trojan,82.61,2021-11-02T06:06:01+00:00,2019-01-12
fddad1c3146366998cdae19f1991ee55,VirusShare_00495,strictor,196767,exe,trojan,66.18,2021-11-02T10:38:00+00:00,2019-01-12
fec55de2ebe9adf8016695912968266b,VirusShare_00495,strictor,192670,exe,trojan,75.36,2021-11-06T18:38:25+00:00,2019-01-12
feea3813339acacab1963332c32d2318,VirusShare_00495,strictor,196660,exe,trojan,77.94,2021-11-06T14:16:30+00:00,2019-01-12
fef64b3b94bca4439f7efe48862225fa,VirusShare_00495,strictor,196744,exe,trojan,67.65,2021-11-03T23:34:48+00:00,2019-01-12
ff0a071c7a83818afd6630a96492dc04,VirusShare_00495,strictor,196703,exe,trojan,69.57,2021-11-01T10:24:52+00:00,2019-01-12
ffae0de39dc79ff15cd778ac912b1fcd,VirusShare_00495,strictor,192612,exe,trojan,76.81,2021-11-09T00:19:31+00:00,2019-01-12
ffe899aea183f4c5d0bd95eba7cba248,VirusShare_00495,strictor,196771,exe,trojan,63.64,2021-11-02T05:58:15+00:00,2019-01-12
00379dc967fb520bf9a71f2c607e6a3e,VirusShare_00499,strictor,192518,exe,trojan,76.47,2021-11-15T20:35:50+00:00,2019-01-12
00b03c86536b47ab7efd67fad5b4344d,VirusShare_00499,strictor,196751,exe,trojan,65.67,2021-11-09T15:37:19+00:00,2019-01-12
02ec67f41ab4a85b2f8f6b440e15d8df,VirusShare_00499,strictor,192518,exe,trojan,75.0,2021-11-16T02:36:19+00:00,2019-01-12
02f0a3e23e278a6f4561ea3b594345cd,VirusShare_00499,strictor,192793,exe,trojan,66.18,2021-11-13T13:30:35+00:00,2019-01-12
04df8d5cd425d10a59f7263f105671f7,VirusShare_00499,strictor,192762,exe,trojan,100.0,2021-11-18T18:19:10+00:00,2019-01-12
086aea2fe12e3814f91769e039c133f3,VirusShare_00499,strictor,192880,exe,trojan,60.61,2021-11-13T17:58:23+00:00,2019-01-12
0906c39aaed175c78aedd7de8dd196c7,VirusShare_00499,strictor,192817,exe,trojan,60.29,2021-11-13T13:46:26+00:00,2019-01-12
0a04fb2b6b7edbb0da63a5f2b1f0cbf5,VirusShare_00499,strictor,192723,exe,trojan,100.0,2021-11-18T20:18:25+00:00,2019-01-12
0cfa087960c3b09318cb5247c8fbc630,VirusShare_00499,strictor,196890,exe,trojan,66.18,2021-11-14T12:37:22+00:00,2019-01-12
10632177397370924836bffe9c203c22,VirusShare_00499,strictor,192789,exe,trojan,60.29,2021-11-12T14:14:49+00:00,2019-01-12
16dc23232881bcde342b00d5fe8984e6,VirusShare_00499,strictor,192777,exe,trojan,60.29,2021-11-12T14:14:44+00:00,2019-01-12
18d88e27508c718abb8074b2822d26d1,VirusShare_00499,strictor,192752,exe,trojan,70.49,2021-11-16T18:05:56+00:00,2019-01-12
21b2d0067cb4be68381225a90bd876d9,VirusShare_00499,strictor,196758,exe,trojan,63.77,2021-11-09T15:36:57+00:00,2019-01-12
229bb148aed85c3dd58d950c99ea7e9d,VirusShare_00499,strictor,192788,exe,trojan,100.0,2021-11-18T19:01:36+00:00,2019-01-12
23702e76ee5da21bd430ea9e294ef3b3,VirusShare_00499,strictor,192769,exe,trojan,60.29,2021-11-12T14:14:42+00:00,2019-01-12
24601f0b1fa3588d3e4f265699e5e5c6,VirusShare_00499,strictor,192788,exe,trojan,100.0,2021-11-18T17:16:00+00:00,2019-01-12
25789d9f11fe9c9a6e983af8c3b8d0ee,VirusShare_00499,strictor,192788,exe,trojan,100.0,2021-11-18T16:55:45+00:00,2019-01-12
303eee16dafda2a6392eeff751e916f7,VirusShare_00499,strictor,192822,exe,trojan,61.19,2021-11-13T13:46:33+00:00,2019-01-12
30a5eff4d5c97513179d10b7eaa58e30,VirusShare_00499,strictor,192819,exe,trojan,60.29,2021-11-13T13:46:33+00:00,2019-01-12
30d3ffa48bb468c5753d00529c5a432a,VirusShare_00499,strictor,192777,exe,trojan,58.82,2021-11-13T15:11:36+00:00,2019-01-12
407134af10f5a62f81ecaff1f15b2eb1,VirusShare_00499,strictor,192858,exe,trojan,61.76,2021-11-13T17:58:21+00:00,2019-01-12
41819c4e9ca073e6fa66b9a53b84ae65,VirusShare_00499,strictor,192723,exe,trojan,61.29,2021-11-11T17:17:19+00:00,2019-01-12
4a2876ba4b838a50c1a282be017bc085,VirusShare_00499,strictor,192852,exe,trojan,61.76,2021-11-13T17:58:27+00:00,2019-01-12
52635e9da7e5345084b4346a5df914c1,VirusShare_00499,strictor,196860,exe,trojan,66.18,2021-11-11T19:21:13+00:00,2019-01-12
53707d232a752736bdc96067ca30086d,VirusShare_00499,strictor,192788,exe,trojan,65.67,2021-11-14T20:49:22+00:00,2019-01-12
58589acf04389244dbb3620e2d9f62a8,VirusShare_00499,strictor,192790,exe,trojan,62.12,2021-11-13T13:46:33+00:00,2019-01-12
63412a76c83cf1f31b9ce94216013a74,VirusShare_00499,strictor,196777,exe,trojan,65.22,2021-11-09T15:37:11+00:00,2019-01-12
66fc405402762760aabb325902ce4427,VirusShare_00499,strictor,192779,exe,trojan,67.65,2021-11-14T20:49:28+00:00,2019-01-12
6714d690e27b5d43c2801d2e597d1006,VirusShare_00499,strictor,192764,exe,trojan,72.31,2021-11-13T18:07:33+00:00,2019-01-12
6ea4db2ed47a4a092b7c01193430fce6,VirusShare_00499,strictor,192822,exe,trojan,61.76,2021-11-13T13:46:17+00:00,2019-01-12
6f9325553cb8d28b38cc1f8ad7c9a7c0,VirusShare_00499,strictor,196888,exe,trojan,66.18,2021-11-14T12:37:44+00:00,2019-01-12
73c5578ab0dbee32f752f0d65833f047,VirusShare_00499,strictor,192785,exe,trojan,60.29,2021-11-13T15:11:26+00:00,2019-01-12
75cb0e62e869b8fe3813ad4517614590,VirusShare_00499,strictor,192794,exe,trojan,63.24,2021-11-13T13:46:19+00:00,2019-01-12
75f9802365b75a1653825a530067f8f1,VirusShare_00499,strictor,192846,exe,trojan,60.29,2021-11-13T17:58:25+00:00,2019-01-12
7a18552bdad2eb71ab2d26f5312043f6,VirusShare_00499,strictor,192859,exe,trojan,61.76,2021-11-13T17:58:25+00:00,2019-01-12
7d9355c3c67263b7ae99d6276e9f1560,VirusShare_00499,strictor,196889,exe,trojan,67.16,2021-11-14T12:37:48+00:00,2019-01-12
812732111707af7746953df108c23a69,VirusShare_00499,strictor,192840,exe,trojan,60.29,2021-11-13T17:58:25+00:00,2019-01-12
81a6c1d8dd9d14c1bee167d75aab1eca,VirusShare_00499,strictor,192765,exe,trojan,65.67,2021-11-13T15:11:42+00:00,2019-01-12
827ea54e3b356387a443b19c84c4288f,VirusShare_00499,strictor,196891,exe,trojan,67.65,2021-11-14T12:37:49+00:00,2019-01-12
85095311e9ff39f173f872ac255391fd,VirusShare_00499,strictor,196750,exe,trojan,63.77,2021-11-09T15:37:05+00:00,2019-01-12
873a88914045de790121bd5f72a5c013,VirusShare_00499,strictor,192847,exe,trojan,61.76,2021-11-11T19:28:55+00:00,2019-01-12
8e72d5b3b7b99008fcb72c9786ab963a,VirusShare_00499,strictor,192746,exe,trojan,67.16,2021-11-13T11:25:13+00:00,2019-01-12
911f5323661790acee9c7ec53085f498,VirusShare_00499,strictor,192860,exe,trojan,59.7,2021-11-13T17:58:39+00:00,2019-01-12
97d9d20cc21a94b5e3435af0b7333945,VirusShare_00499,strictor,192853,exe,trojan,60.29,2021-11-13T17:58:36+00:00,2019-01-12
9ab79831c50b9c19ef4d0ab402bc0a5c,VirusShare_00499,strictor,192729,exe,trojan,65.22,2021-11-09T11:28:21+00:00,2019-01-12
b459bc9271d5e7fe9290c06b80d96b16,VirusShare_00499,strictor,196865,exe,trojan,75.0,2021-11-13T19:36:15+00:00,2019-01-12
b709b5345d803b18554b7352d6fb1d33,VirusShare_00499,strictor,192594,exe,trojan,65.22,2021-11-08T22:43:52+00:00,2019-01-12
b7b7669946d662b9a2611d969eead7e2,VirusShare_00499,strictor,196768,exe,trojan,67.16,2021-11-10T20:26:54+00:00,2019-01-12
b7e2281200a9ffd9fc31e286002bb463,VirusShare_00499,strictor,196853,exe,trojan,66.18,2021-11-11T19:21:22+00:00,2019-01-12
b8f98962cb149b8e7e78848f390fc278,VirusShare_00499,strictor,192846,exe,trojan,60.29,2021-11-11T19:29:25+00:00,2019-01-12
b98a301074d02fc0b6aaa4a38ab98685,VirusShare_00499,strictor,192518,exe,trojan,70.59,2021-11-11T20:47:23+00:00,2019-01-12
bb24ad54c71a7fec6a3d7fecb3d50a88,VirusShare_00499,strictor,196768,exe,trojan,66.18,2021-11-11T05:08:33+00:00,2019-01-12
bb6c03446569ef6a9b8324027801913d,VirusShare_00499,strictor,192777,exe,trojan,59.7,2021-11-11T05:05:48+00:00,2019-01-12
bd70bf0c90ba6dc788205a52bbef3e7d,VirusShare_00499,strictor,196865,exe,trojan,68.66,2021-11-14T12:37:34+00:00,2019-01-12
bde725ee431ef2a55d776b774f11421e,VirusShare_00499,strictor,192518,exe,trojan,77.61,2021-11-12T19:05:08+00:00,2019-01-12
bdf05f8aa96e7c1d945f1a2ed1bd1881,VirusShare_00499,strictor,192738,exe,trojan,67.16,2021-11-13T15:51:41+00:00,2019-01-12
be880932e91d14ca4fff276aff633f6b,VirusShare_00499,strictor,192595,exe,trojan,79.71,2021-11-09T20:34:48+00:00,2019-01-12
bedd6d3d7ae9c7e54be8d9c07623b6fe,VirusShare_00499,strictor,196765,exe,trojan,75.0,2021-11-12T20:37:49+00:00,2019-01-12
bf04af4bd221374f30a5508caec58703,VirusShare_00499,strictor,192789,exe,trojan,61.76,2021-11-12T18:56:45+00:00,2019-01-12
c10c00ba3c11d80e8f932a01b1db5890,VirusShare_00499,strictor,192774,exe,trojan,63.24,2021-11-13T15:11:29+00:00,2019-01-12
c2b347dff48c2cd35f63a5ae15493ff7,VirusShare_00499,strictor,192748,exe,trojan,77.27,2021-11-14T09:37:40+00:00,2019-01-12
c4a516cddc1be0c808f583e76fd36bc0,VirusShare_00499,strictor,192848,exe,trojan,60.29,2021-11-13T17:58:31+00:00,2019-01-12
c68da13356d711ed481d49d42771c123,VirusShare_00499,strictor,196766,exe,trojan,67.16,2021-11-11T19:14:30+00:00,2019-01-12
cbb81fe39d91fd9cc7d13ad14cf9a704,VirusShare_00499,strictor,192784,exe,trojan,73.53,2021-11-12T15:05:30+00:00,2019-01-12
cc906723da95424b5e161b1a632ea678,VirusShare_00499,strictor,192870,exe,trojan,58.21,2021-11-14T19:14:28+00:00,2019-01-12
ccd013bc7ff101bc4b2d1ec800d517c9,VirusShare_00499,strictor,192878,exe,trojan,61.19,2021-11-13T17:58:32+00:00,2019-01-12
d10d8496de089d9014f85bc5601b6103,VirusShare_00499,strictor,192788,exe,trojan,63.24,2021-11-13T13:46:19+00:00,2019-01-12
d13c3767444793008b9df3c31aaaa716,VirusShare_00499,strictor,192790,exe,trojan,67.65,2021-11-14T20:49:28+00:00,2019-01-12
d268c069b5729cfe8d67fad74411447a,VirusShare_00499,strictor,192876,exe,trojan,61.19,2021-11-13T17:58:26+00:00,2019-01-12
d397ee56d9d2917347ae7696dd916b3c,VirusShare_00499,strictor,192866,exe,trojan,60.94,2021-11-13T17:58:28+00:00,2019-01-12
d56b635788c6d9fb5251ad2553a5d41e,VirusShare_00499,strictor,196885,exe,trojan,66.18,2021-11-14T12:37:43+00:00,2019-01-12
db5fc6d72c78c18c76d905e60113539f,VirusShare_00499,strictor,196747,exe,trojan,63.77,2021-11-09T15:37:12+00:00,2019-01-12
ddea2a2d582b2d1fb15768a6c277341c,VirusShare_00499,strictor,196894,exe,trojan,67.16,2021-11-14T12:37:40+00:00,2019-01-12
e1e2a18cfafe5d0248a94a1329f5575d,VirusShare_00499,strictor,192545,exe,trojan,73.53,2021-11-13T20:08:07+00:00,2019-01-12
e40b9ee8ae4ce3015ba9fa62b3acf8ef,VirusShare_00499,strictor,192587,exe,trojan,73.53,2021-11-11T15:34:48+00:00,2019-01-12
e8bcb018ec917fef96a57597483de7e4,VirusShare_00499,strictor,192870,exe,trojan,61.76,2021-11-13T17:58:38+00:00,2019-01-12
f296541e4c35d886ded62e9c1196d58a,VirusShare_00499,strictor,192787,exe,trojan,60.29,2021-11-13T15:11:32+00:00,2019-01-12
fb1650ff712ca3d005c4dbbb9330184a,VirusShare_00499,strictor,192788,exe,trojan,61.76,2021-11-12T14:14:36+00:00,2019-01-12
ff0e4e121fec045338e38d513a4f5624,VirusShare_00499,strictor,192876,exe,trojan,61.76,2021-11-13T17:58:38+00:00,2019-01-12
009c529c1de3bf2e0768c6ae315975f5,VirusShare_00495,strictor,196723,exe,trojan,65.22,2021-11-06T22:01:59+00:00,2019-04-26
01a1f343dc4527b4dfb0c8e8779c23b9,VirusShare_00495,strictor,196710,exe,trojan,63.24,2021-11-06T21:52:27+00:00,2019-04-26
01ed3062bcfb969cb8a39b89b6b1734b,VirusShare_00495,strictor,196690,exe,trojan,80.6,2021-11-08T03:21:52+00:00,2019-04-26
02835394ff7eda835ad3c38fb09b5d74,VirusShare_00495,strictor,192817,exe,trojan,66.67,2021-11-08T15:56:55+00:00,2019-04-26
039182216ffc57fbc52986d547a1f03c,VirusShare_00495,strictor,196707,exe,trojan,69.7,2021-11-06T21:52:25+00:00,2019-04-26
0396cb9818c0b781775f7cc5cf5b4205,VirusShare_00495,strictor,192785,exe,trojan,79.71,2021-11-09T07:47:11+00:00,2019-04-26
03b4be265d8132dac094eff74aa54c7e,VirusShare_00495,strictor,196723,exe,trojan,63.77,2021-11-06T21:52:18+00:00,2019-04-26
04069947bfb788ca6d496d2ff7759262,VirusShare_00495,strictor,192800,exe,trojan,69.57,2021-11-08T15:56:52+00:00,2019-04-26
0508f3a4437cf049eb0c1aa999b9fe2e,VirusShare_00495,strictor,192821,exe,trojan,64.52,2021-11-05T06:14:29+00:00,2019-04-26
0532b6c7473f1beba01527cd712b5c77,VirusShare_00495,strictor,192834,exe,trojan,68.18,2021-11-08T15:56:41+00:00,2019-04-26
06154c6d4a984ea3ed4cb56fe735af7c,VirusShare_00495,strictor,196697,exe,trojan,77.61,2021-11-07T09:36:55+00:00,2019-04-26
078ede66256262b1f1a76be5e49e6017,VirusShare_00495,strictor,192785,exe,trojan,79.71,2021-11-03T07:40:08+00:00,2019-04-26
081040a52fcb6a26446b354c51a9578e,VirusShare_00495,strictor,192829,exe,trojan,66.67,2021-11-08T15:56:55+00:00,2019-04-26
08bab7f8a778a020f402ef76445215f8,VirusShare_00495,strictor,192820,exe,trojan,67.65,2021-11-08T15:56:47+00:00,2019-04-26
092a1fb6e444a8927c8a45705a037510,VirusShare_00495,strictor,192854,exe,trojan,69.23,2021-11-08T11:29:51+00:00,2019-04-26
09a6548610e8085d88ecae0e9a649493,VirusShare_00495,strictor,196748,exe,trojan,65.22,2021-11-06T22:02:00+00:00,2019-04-26
0a38f9c34e9ee2f28df2d2dd23e3fee3,VirusShare_00495,strictor,192776,exe,trojan,68.12,2021-11-03T09:15:30+00:00,2019-04-26
0a9fd659679b3d9ddfc6668ef1f52fa7,VirusShare_00495,strictor,192852,exe,trojan,66.67,2021-11-08T11:29:59+00:00,2019-04-26
0b7da798e386d302d52695d4acbdda2d,VirusShare_00495,strictor,196749,exe,trojan,65.67,2021-11-07T10:48:33+00:00,2019-04-26
0c03e1a6a497e4f40f06160d11dc6568,VirusShare_00495,strictor,192866,exe,trojan,67.65,2021-11-08T11:29:50+00:00,2019-04-26
0c7555f26d0750484c020d77525e8e6f,VirusShare_00495,strictor,196785,exe,trojan,66.18,2021-11-07T10:48:34+00:00,2019-04-26
0c76cae0bfa4ee1658a2c23d07202eb6,VirusShare_00495,strictor,192823,exe,trojan,67.65,2021-11-05T06:14:38+00:00,2019-04-26
0e081e7108eca97571bb91c9b302a9f7,VirusShare_00495,strictor,196733,exe,trojan,66.67,2021-11-06T22:02:03+00:00,2019-04-26
0ea670bc300f53bd8a7e485804c098ca,VirusShare_00495,strictor,196684,exe,trojan,76.81,2021-11-08T01:31:47+00:00,2019-04-26
0edb96411d6851dd5b30a8f39744c9d0,VirusShare_00495,strictor,196760,exe,trojan,62.69,2021-11-07T10:48:30+00:00,2019-04-26
0f718a19203c4318e8941e3a918a64b8,VirusShare_00495,strictor,196684,exe,trojan,79.41,2021-11-07T09:05:23+00:00,2019-04-26
0f93ab8f0ffc9bfdc8d9d80034dc5b22,VirusShare_00495,strictor,192814,exe,trojan,81.16,2021-11-08T22:48:39+00:00,2019-04-26
1006a22956ee13db063b2224d1405234,VirusShare_00495,strictor,196714,exe,trojan,63.77,2021-11-06T22:02:13+00:00,2019-04-26
1034aaa165e01ccee15a5a650bd918fa,VirusShare_00495,strictor,192827,exe,trojan,66.18,2021-11-05T07:06:03+00:00,2019-04-26
1066f19763ef1e9f7e37c0a778937b52,VirusShare_00495,strictor,196711,exe,trojan,63.77,2021-11-06T22:01:51+00:00,2019-04-26
1211594f5420e48447ae50990adeb6a8,VirusShare_00495,strictor,196697,exe,trojan,65.22,2021-11-02T15:24:35+00:00,2019-04-26
12a015efc7a56155f1a07355a90daeb8,VirusShare_00495,strictor,192856,exe,trojan,76.47,2021-11-10T00:07:23+00:00,2019-04-26
12a83d5bb9bb96e2aa1d2a5aa6fa7295,VirusShare_00495,strictor,196681,exe,trojan,63.77,2021-11-06T02:29:31+00:00,2019-04-26
12f61485065b1bc7e0cb8cc245cd31a3,VirusShare_00495,strictor,192874,exe,trojan,66.67,2021-11-08T11:29:52+00:00,2019-04-26
1339e8e567355e4a060617762d1067b9,VirusShare_00495,strictor,192879,exe,trojan,67.65,2021-11-08T11:29:47+00:00,2019-04-26
1384a10d86b86f7aa3fed8025a28c384,VirusShare_00495,strictor,196725,exe,trojan,65.22,2021-11-06T22:01:54+00:00,2019-04-26
14e6a429317d1ed4cd8987c5cd38f33a,VirusShare_00495,strictor,196730,exe,trojan,63.24,2021-11-06T22:01:52+00:00,2019-04-26
15043b63740f4330f79a1c0b404bf5e5,VirusShare_00495,strictor,196721,exe,trojan,62.69,2021-11-06T21:52:27+00:00,2019-04-26
151084f814ee9fb491fbe10e9cbde938,VirusShare_00495,strictor,192853,exe,trojan,66.67,2021-11-08T11:30:00+00:00,2019-04-26
1645dd150a42c186c7d4757a9b5a2fba,VirusShare_00495,strictor,192787,exe,trojan,80.6,2021-11-09T01:33:53+00:00,2019-04-26
179349ba2b3b6b80e891d2bbf1d4de05,VirusShare_00495,strictor,192792,exe,trojan,69.57,2021-11-05T07:06:00+00:00,2019-04-26
17c12b75f55069fce246bb1a714d4ecd,VirusShare_00495,strictor,192786,exe,trojan,79.41,2021-11-04T10:21:40+00:00,2019-04-26
17c8bec72d14dd9376ce78e04b5ae00d,VirusShare_00495,strictor,196787,exe,trojan,61.76,2021-11-07T10:48:24+00:00,2019-04-26
197c9fa068f50029571eddb5b6df9c6d,VirusShare_00495,strictor,196720,exe,trojan,65.22,2021-11-06T22:01:59+00:00,2019-04-26
19c2103120f61b1473ae23ebe6bb9f68,VirusShare_00495,strictor,192816,exe,trojan,79.71,2021-11-09T09:32:54+00:00,2019-04-26
19c3978384646cd2c4c34a511fbd7ef0,VirusShare_00495,strictor,196747,exe,trojan,62.32,2021-11-06T22:02:06+00:00,2019-04-26
19d795937d5d6bc86a42bd179a8d7af1,VirusShare_00495,strictor,192834,exe,trojan,66.67,2021-11-08T11:29:46+00:00,2019-04-26
1a2ca69ac06c206901219b5f73eacbe7,VirusShare_00495,strictor,196704,exe,trojan,82.09,2021-11-06T05:38:40+00:00,2019-04-26
1b490537249badd30892ef3449b364f5,VirusShare_00495,strictor,196711,exe,trojan,69.57,2021-11-06T22:02:09+00:00,2019-04-26
1b77aae02e518fe68413957f03e04cd1,VirusShare_00495,strictor,192824,exe,trojan,76.81,2021-11-09T02:19:41+00:00,2019-04-26
1d2afb4480510906556c6dbd1395a1f8,VirusShare_00495,strictor,196732,exe,trojan,64.71,2021-11-06T22:02:01+00:00,2019-04-26
1d2e5e0195ce48d51d0be97beb092771,VirusShare_00495,strictor,192819,exe,trojan,66.67,2021-11-08T15:56:51+00:00,2019-04-26
202db0a86652f6be6ee3944a3f309973,VirusShare_00495,strictor,192787,exe,trojan,67.65,2021-11-06T02:30:24+00:00,2019-04-26
204996f0789a44824ae89d885f401809,VirusShare_00495,strictor,196673,exe,trojan,66.67,2021-11-01T06:26:09+00:00,2019-04-26
206180c9bd61529edefb9ffbd44e7fea,VirusShare_00495,strictor,192864,exe,trojan,69.12,2021-11-08T11:29:52+00:00,2019-04-26
213f220f298f564b3ed4e49b467acce3,VirusShare_00495,strictor,192786,exe,trojan,63.24,2021-11-03T09:15:31+00:00,2019-04-26
21e92549d17deea7ebb804f96d77df71,VirusShare_00495,strictor,196710,exe,trojan,65.22,2021-11-06T22:02:14+00:00,2019-04-26
233c1fb021ab855d9b4b2ac3385bfb75,VirusShare_00495,strictor,192845,exe,trojan,68.12,2021-11-07T06:58:32+00:00,2019-04-26
23ca126f130793c8591793d23ddcb761,VirusShare_00495,strictor,196720,exe,trojan,63.77,2021-11-06T21:52:16+00:00,2019-04-26
249296adf1e279f789efdacbffb879cf,VirusShare_00495,strictor,192800,exe,trojan,69.57,2021-11-08T15:56:52+00:00,2019-04-26
254e6766478d64efd221cb6cfa50008f,VirusShare_00495,strictor,192800,exe,trojan,75.0,2021-11-09T03:05:44+00:00,2019-04-26
25b7dc8be182eed15d2907b13e507b29,VirusShare_00495,strictor,196741,exe,trojan,62.32,2021-11-06T22:02:01+00:00,2019-04-26
266ecaffcba98f7eb8b415a1a69cae4b,VirusShare_00495,strictor,192770,exe,trojan,72.73,2021-11-03T09:15:23+00:00,2019-04-26
27362171e2175c1f87243120018929e9,VirusShare_00495,strictor,196734,exe,trojan,65.22,2021-11-06T22:02:11+00:00,2019-04-26
2788c1a5916a512e37bf9d41d57e2673,VirusShare_00495,strictor,192797,exe,trojan,79.1,2021-11-09T00:04:41+00:00,2019-04-26
27c7295178556a06a818661ba6107dfe,VirusShare_00495,strictor,192777,exe,trojan,65.67,2021-11-03T09:15:21+00:00,2019-04-26
288332987e764d9325af642d0cb71c99,VirusShare_00495,strictor,196737,exe,trojan,66.67,2021-11-06T22:01:57+00:00,2019-04-26
28cb7dbdef43cc04a1dea2e984e47ccd,VirusShare_00495,strictor,196715,exe,trojan,63.24,2021-11-06T22:01:51+00:00,2019-04-26
29ebf9d81e97410017d202922eab97fd,VirusShare_00495,strictor,196709,exe,trojan,75.0,2021-11-09T12:40:01+00:00,2019-04-26
2a7b3cffa0f1e76b5872a79b8bc28cff,VirusShare_00495,strictor,196703,exe,trojan,65.22,2021-11-06T21:52:24+00:00,2019-04-26
2aba121f23cfe2205ac5383845660d73,VirusShare_00495,strictor,196774,exe,trojan,64.71,2021-11-07T10:48:20+00:00,2019-04-26
2b348ee4c79b974f9dbfd33278b20773,VirusShare_00495,strictor,192784,exe,trojan,76.81,2021-11-03T10:05:49+00:00,2019-04-26
2b75d9f7d436f41b174d788ce770c6bd,VirusShare_00495,strictor,196770,exe,trojan,61.76,2021-11-07T10:48:33+00:00,2019-04-26
2c31cd18e5a3ffee6157e23fc7a0e096,VirusShare_00495,strictor,192799,exe,trojan,68.12,2021-11-08T15:56:48+00:00,2019-04-26
2d5a7886733b336107c3f03b2552a509,VirusShare_00495,strictor,196709,exe,trojan,76.81,2021-11-09T15:11:46+00:00,2019-04-26
2e1f7e2e28ea6b5787703ebb44626c37,VirusShare_00495,strictor,192879,exe,trojan,66.18,2021-11-08T11:29:53+00:00,2019-04-26
2e747d4780f2e68522ea4e8be543a573,VirusShare_00495,strictor,196721,exe,trojan,60.87,2021-11-06T21:52:22+00:00,2019-04-26
2ef0c8315f5bdb48b49742cdc0a79c07,VirusShare_00495,strictor,192825,exe,trojan,66.67,2021-11-08T15:56:55+00:00,2019-04-26
2fd5c9e2469f54f543871d37ab3e865e,VirusShare_00495,strictor,192829,exe,trojan,68.12,2021-11-05T07:06:00+00:00,2019-04-26
3005cd2d9157130eb72d2998fff76371,VirusShare_00495,strictor,196714,exe,trojan,64.71,2021-11-04T20:56:25+00:00,2019-04-26
31afe5b1dd9ea303b885adb3fc41d425,VirusShare_00495,strictor,196731,exe,trojan,62.32,2021-11-06T21:52:28+00:00,2019-04-26
31cf1541712fa076fb0dc0f358bbd833,VirusShare_00495,strictor,192853,exe,trojan,70.59,2021-11-08T11:29:55+00:00,2019-04-26
33c4bcbe5df05c4ed36fa3daf2b4d692,VirusShare_00495,strictor,192823,exe,trojan,79.41,2021-11-09T06:01:30+00:00,2019-04-26
34544caeb787e0a889fd361e939ef67f,VirusShare_00495,strictor,196714,exe,trojan,66.67,2021-11-06T21:52:30+00:00,2019-04-26
3542da46654a68d7c0aec0633f71d91c,VirusShare_00495,strictor,196735,exe,trojan,66.18,2021-11-06T22:01:58+00:00,2019-04-26
35bededd076bdc3f7dc173ca12ccec8f,VirusShare_00495,strictor,196786,exe,trojan,63.24,2021-11-07T10:48:25+00:00,2019-04-26
364b655cb77e324fcb75ed5f0044f76f,VirusShare_00495,strictor,192815,exe,trojan,69.57,2021-11-08T15:56:43+00:00,2019-04-26
370d551fd7abe021ad9ebfd53dcc2b77,VirusShare_00495,strictor,192756,exe,trojan,78.26,2021-11-09T00:36:40+00:00,2019-04-26
3775194fc473d708218b46fafc613d5c,VirusShare_00495,strictor,192829,exe,trojan,69.57,2021-11-08T15:56:55+00:00,2019-04-26
3798c21aeab2705226f207b6b8f8260c,VirusShare_00495,strictor,196725,exe,trojan,63.64,2021-11-06T21:52:24+00:00,2019-04-26
37cb0af53693383a24352b3ce3c4341d,VirusShare_00495,strictor,196719,exe,trojan,65.22,2021-11-06T22:01:58+00:00,2019-04-26
38593e31dffaea827cb8944fe6987161,VirusShare_00495,strictor,192823,exe,trojan,68.12,2021-11-08T15:56:52+00:00,2019-04-26
3891eff8dff83abde859eb99f095dea2,VirusShare_00495,strictor,192811,exe,trojan,71.01,2021-11-08T15:56:41+00:00,2019-04-26
38e23469ef12c7ea95d1adb062c53f08,VirusShare_00495,strictor,192871,exe,trojan,65.52,2021-11-08T11:29:47+00:00,2019-04-26
39df192d083b3f8607195a2ab3896a21,VirusShare_00495,strictor,192809,exe,trojan,66.67,2021-11-08T15:56:44+00:00,2019-04-26
3a99c19d6424caaea0fb8098b3dadbe3,VirusShare_00495,strictor,192878,exe,trojan,64.71,2021-11-08T11:29:54+00:00,2019-04-26
3b517db0a0163cdf25958b4d03c57558,VirusShare_00495,strictor,192794,exe,trojan,64.71,2021-11-03T09:15:21+00:00,2019-04-26
3ce522370ef39a388f2c275a972467cd,VirusShare_00495,strictor,196705,exe,trojan,66.67,2021-11-04T20:56:18+00:00,2019-04-26
3d0af02ed65b265c77e0fef7170d38f3,VirusShare_00495,strictor,192813,exe,trojan,67.65,2021-11-05T06:14:37+00:00,2019-04-26
3e4cf1d1aac8f9dcc3ef1a18a8fd49ef,VirusShare_00495,strictor,196738,exe,trojan,65.22,2021-11-06T21:52:20+00:00,2019-04-26
3f637cd8c6c85db3c4ce31b15a8942e5,VirusShare_00495,strictor,196731,exe,trojan,65.67,2021-11-06T22:02:13+00:00,2019-04-26
3f8647d5e7be0bc8c4387a518849117b,VirusShare_00495,strictor,196666,exe,trojan,68.66,2021-11-01T06:26:17+00:00,2019-04-26
3fc69c5c37df50d945af82068ac53457,VirusShare_00495,strictor,192802,exe,trojan,69.12,2021-11-08T15:56:47+00:00,2019-04-26
3fe781d5589e4ee45688bd1f368f6e8b,VirusShare_00495,strictor,196709,exe,trojan,65.22,2021-11-04T20:56:20+00:00,2019-04-26
41584792cf0d9b19f56d5941ec544e8c,VirusShare_00495,strictor,192861,exe,trojan,66.18,2021-11-07T06:58:46+00:00,2019-04-26
41e90ae66d38e509a8b403764ceac52c,VirusShare_00495,strictor,192790,exe,trojan,67.65,2021-11-05T07:05:59+00:00,2019-04-26
421bad59d31320ae67f493de33dfadea,VirusShare_00495,strictor,192782,exe,trojan,66.67,2021-11-05T06:14:39+00:00,2019-04-26
445e29611e1f39b3d42ee5fb251ad676,VirusShare_00495,strictor,192852,exe,trojan,67.16,2021-11-07T06:58:41+00:00,2019-04-26
44754b329070b55fc00dda9b46a8dede,VirusShare_00495,strictor,196787,exe,trojan,66.18,2021-11-07T10:48:19+00:00,2019-04-26
44f4eb32146f6543d76c686df7112d19,VirusShare_00495,strictor,192787,exe,trojan,69.12,2021-11-05T07:06:11+00:00,2019-04-26
455d12e4044f9703171e85b9a0c5b1aa,VirusShare_00495,strictor,192813,exe,trojan,65.67,2021-11-05T06:14:38+00:00,2019-04-26
45aa5693f19eafed407b0837290e7dd7,VirusShare_00495,strictor,192841,exe,trojan,66.67,2021-11-08T11:29:47+00:00,2019-04-26
45b3eda24653295f5b36c76514c70709,VirusShare_00495,strictor,192798,exe,trojan,63.64,2021-11-05T06:14:40+00:00,2019-04-26
45d50bb6a42012b239679a9b87451e3f,VirusShare_00495,strictor,196684,exe,trojan,65.22,2021-11-08T07:45:54+00:00,2019-04-26
467495415de55f7f15f3ffbeb109bc37,VirusShare_00495,strictor,192781,exe,trojan,82.35,2021-11-06T23:30:02+00:00,2019-04-26
46f52321e08b7965fd8f84e87d23f694,VirusShare_00495,strictor,192840,exe,trojan,64.18,2021-11-08T11:29:59+00:00,2019-04-26
490d64286a3684486f565249180465d9,VirusShare_00495,strictor,196772,exe,trojan,64.71,2021-11-07T10:48:31+00:00,2019-04-26
499547db2954626afa69085006646af0,VirusShare_00495,strictor,196783,exe,trojan,75.36,2021-11-09T17:11:04+00:00,2019-04-26
4a902fecfe273f0cd7a087a96fcbd24d,VirusShare_00495,strictor,196676,exe,trojan,69.57,2021-11-05T14:28:02+00:00,2019-04-26
4be6d7c7fc361436807a5fb1a7cb0211,VirusShare_00495,strictor,192770,exe,trojan,67.65,2021-11-03T09:15:20+00:00,2019-04-26
4d1af7daf209ab44e28d19b77c3ae251,VirusShare_00495,strictor,192797,exe,trojan,79.71,2021-11-08T23:57:36+00:00,2019-04-26
4df91d944b0f61de1e27bd7981a96609,VirusShare_00495,strictor,196704,exe,trojan,65.22,2021-11-06T21:52:27+00:00,2019-04-26
4e8ee27912ea2d2f863b4d44951e6f45,VirusShare_00495,strictor,192838,exe,trojan,66.18,2021-11-07T06:58:50+00:00,2019-04-26
4f4fe541b993708641a33a64372d6e34,VirusShare_00495,strictor,192846,exe,trojan,70.15,2021-11-08T11:29:53+00:00,2019-04-26
514f9a9ea7086ff635d794c743498b8a,VirusShare_00495,strictor,196730,exe,trojan,60.87,2021-11-06T21:52:27+00:00,2019-04-26
51e583c15aed42cb023172a35193840a,VirusShare_00495,strictor,192784,exe,trojan,67.65,2021-11-05T06:14:39+00:00,2019-04-26
52ea3a47d1f3af31c1d8802358dacd60,VirusShare_00495,strictor,196705,exe,trojan,63.24,2021-11-08T07:45:57+00:00,2019-04-26
53183216a56df1b5da2563d9b7fad384,VirusShare_00495,strictor,192770,exe,trojan,80.88,2021-11-03T13:41:56+00:00,2019-04-26
53e6db74ec74fd097f98e9553dad73ca,VirusShare_00495,strictor,192846,exe,trojan,67.16,2021-11-08T11:29:56+00:00,2019-04-26
5437e8c3fbb459183b7a9a2a5b003a87,VirusShare_00495,strictor,192751,exe,trojan,79.37,2021-11-04T22:06:14+00:00,2019-04-26
5452dd2d30a6a26238ee202a44b551c1,VirusShare_00495,strictor,192840,exe,trojan,66.18,2021-11-08T11:29:49+00:00,2019-04-26
5550b71f5c1f4b27f86b1757645b38f4,VirusShare_00495,strictor,196715,exe,trojan,63.24,2021-11-08T07:45:56+00:00,2019-04-26
55b5dc63d384a0df571e9b120f49dca1,VirusShare_00495,strictor,196735,exe,trojan,65.22,2021-11-06T22:01:53+00:00,2019-04-26
5601c21f5ea9056db378e10a098efe46,VirusShare_00495,strictor,192820,exe,trojan,82.61,2021-11-08T17:35:12+00:00,2019-04-26
5617902bf73fd4c621b610934e9ecae7,VirusShare_00495,strictor,196719,exe,trojan,64.71,2021-11-08T07:45:54+00:00,2019-04-26
567607e1bb4164814d06e170875388be,VirusShare_00495,strictor,192773,exe,trojan,82.61,2021-11-03T13:05:14+00:00,2019-04-26
567ba6a34183f8e25995059208486cd5,VirusShare_00495,strictor,196726,exe,trojan,76.81,2021-11-10T05:27:46+00:00,2019-04-26
56cbaab68724237df75aec85e6db026c,VirusShare_00495,strictor,192871,exe,trojan,64.18,2021-11-08T11:29:48+00:00,2019-04-26
58b48853db708c94dd997a3dfc42dea3,VirusShare_00495,strictor,192863,exe,trojan,67.65,2021-11-08T11:29:50+00:00,2019-04-26
59114067ca6218b3f9325eb96cae3d0e,VirusShare_00495,strictor,192757,exe,trojan,82.35,2021-11-09T12:17:50+00:00,2019-04-26
5987be86a7c2e47fcb296107b9683a1d,VirusShare_00495,strictor,196734,exe,trojan,68.12,2021-11-06T22:01:56+00:00,2019-04-26
59883c9cb6a9976e788c58f5851c6c99,VirusShare_00495,strictor,192784,exe,trojan,82.61,2021-11-09T10:34:08+00:00,2019-04-26
59b3f07dc958d32e6334799fed4a21c2,VirusShare_00495,strictor,192789,exe,trojan,68.12,2021-11-06T02:30:20+00:00,2019-04-26
59f87495c1666190c6bb71e35e75fe60,VirusShare_00495,strictor,192868,exe,trojan,68.75,2021-11-08T11:29:51+00:00,2019-04-26
5ade99675d5d31696d7716fba61414fa,VirusShare_00495,strictor,196731,exe,trojan,65.22,2021-11-06T22:01:52+00:00,2019-04-26
5b29b22a7fb1a4f16d579d8484c52a12,VirusShare_00495,strictor,192793,exe,trojan,67.16,2021-11-05T06:14:32+00:00,2019-04-26
5b7b10f1db956d41892ab733f76aa523,VirusShare_00495,strictor,192791,exe,trojan,64.71,2021-11-03T09:15:24+00:00,2019-04-26
5c69d8d0953044923960c606911f56f5,VirusShare_00495,strictor,196703,exe,trojan,64.71,2021-11-04T20:56:12+00:00,2019-04-26
5cecb9512e28a35a4da270f050816b43,VirusShare_00495,strictor,196705,exe,trojan,66.67,2021-11-06T21:52:20+00:00,2019-04-26
5d8a1f04f4eeb7cc6712aecec8e37065,VirusShare_00495,strictor,196679,exe,trojan,77.94,2021-11-07T07:39:38+00:00,2019-04-26
5e8e4526e8a1b890cac40c7a35d43fd2,VirusShare_00495,strictor,196720,exe,trojan,65.22,2021-11-06T22:02:03+00:00,2019-04-26
5f4f4f700b8ab5e1e1cd7c9e02d35681,VirusShare_00495,strictor,192789,exe,trojan,65.67,2021-11-05T06:14:33+00:00,2019-04-26
5feded847787e7e3ad8ebf4bffdcd82f,VirusShare_00495,strictor,192827,exe,trojan,64.71,2021-11-05T07:06:03+00:00,2019-04-26
602da5784b653c1cedd3232cb0c893ab,VirusShare_00495,strictor,192872,exe,trojan,65.22,2021-11-07T06:58:47+00:00,2019-04-26
606f6da19a23a4b8e6cdcd29e0779c22,VirusShare_00495,strictor,192830,exe,trojan,71.64,2021-11-09T02:01:12+00:00,2019-04-26
614da01e645a8a91b23c4f850d994fb4,VirusShare_00495,strictor,192789,exe,trojan,67.65,2021-11-05T06:14:44+00:00,2019-04-26
61e80bf303add699a0987ced53edbec0,VirusShare_00495,strictor,192835,exe,trojan,69.57,2021-11-08T15:56:48+00:00,2019-04-26
623aeb289ab738698901d3f1e3c0006a,VirusShare_00495,strictor,192864,exe,trojan,69.57,2021-11-08T11:29:50+00:00,2019-04-26
636c52c23d3cb6988fa99861a1b5397a,VirusShare_00495,strictor,192868,exe,trojan,66.18,2021-11-07T06:58:34+00:00,2019-04-26
63a60d6533fcc3acb0c570396a6c1078,VirusShare_00495,strictor,192781,exe,trojan,63.24,2021-11-05T21:05:01+00:00,2019-04-26
63cdbafa00426e73de36cc115acdd2b9,VirusShare_00495,strictor,192813,exe,trojan,68.18,2021-11-08T15:56:40+00:00,2019-04-26
64a04e2fd35559ce4b5298e1bc7e7a11,VirusShare_00495,strictor,196746,exe,trojan,61.76,2021-11-07T10:48:35+00:00,2019-04-26
6619ec20fedd177a04949368415ffc48,VirusShare_00495,strictor,196711,exe,trojan,65.22,2021-11-06T22:02:03+00:00,2019-04-26
6628e7310d3c5c975c0a6efea0c70875,VirusShare_00495,strictor,192852,exe,trojan,69.12,2021-11-08T11:29:53+00:00,2019-04-26
6677c6e986944b536acd86e5e7801c42,VirusShare_00495,strictor,192797,exe,trojan,69.57,2021-11-08T15:56:55+00:00,2019-04-26
67a3fac729b440865e06cb7699032e89,VirusShare_00495,strictor,192852,exe,trojan,67.65,2021-11-08T11:29:52+00:00,2019-04-26
67ebb70e6191643344f377674aa1bba9,VirusShare_00495,strictor,196700,exe,trojan,65.22,2021-11-06T21:52:22+00:00,2019-04-26
67f003288ee4b229f9ad3a982adf644c,VirusShare_00495,strictor,192760,exe,trojan,80.6,2021-11-04T06:08:12+00:00,2019-04-26
68220cfbc752216f83e1a7ce24451dbc,VirusShare_00495,strictor,196713,exe,trojan,65.22,2021-11-06T21:52:20+00:00,2019-04-26
688e1ef1029895cf7156890557b2ea5d,VirusShare_00495,strictor,192782,exe,trojan,76.47,2021-11-03T09:30:02+00:00,2019-04-26
698e21ab4ba2cf11e94ec7e82dd30ff5,VirusShare_00495,strictor,192809,exe,trojan,69.12,2021-11-05T07:06:08+00:00,2019-04-26
6a1a5db9f9b8f671ad3dbd2c3a8c9891,VirusShare_00495,strictor,192769,exe,trojan,66.67,2021-11-03T09:15:28+00:00,2019-04-26
6a4dbe818e7875f6f90652481016d241,VirusShare_00495,strictor,192777,exe,trojan,69.7,2021-11-03T09:15:19+00:00,2019-04-26
6a75fcaaaae41eebe8977a18c28f2338,VirusShare_00495,strictor,196730,exe,trojan,62.32,2021-11-06T21:52:28+00:00,2019-04-26
6b17f58a65f856f00ab26d4e5870ee85,VirusShare_00495,strictor,192816,exe,trojan,69.12,2021-11-08T15:56:39+00:00,2019-04-26
6b923a96ccf29dbff1c39b4078ed166c,VirusShare_00495,strictor,196723,exe,trojan,67.65,2021-11-06T22:01:53+00:00,2019-04-26
6be84ae689b6463175ce1413b0a326d2,VirusShare_00495,strictor,192802,exe,trojan,74.63,2021-11-08T22:13:47+00:00,2019-04-26
6c71bcea42cdd248d7104bf2fbe0bb85,VirusShare_00495,strictor,192782,exe,trojan,67.16,2021-11-03T09:15:26+00:00,2019-04-26
6daee9174d7c53287fb47ad1cb8b39ec,VirusShare_00495,strictor,196722,exe,trojan,64.71,2021-11-06T22:02:07+00:00,2019-04-26
6dbca0df0ad4d4d897ed65110bb6c553,VirusShare_00495,strictor,192824,exe,trojan,71.01,2021-11-08T15:56:52+00:00,2019-04-26
6df015d0c2b672aea898b6ea4add033d,VirusShare_00495,strictor,196748,exe,trojan,63.24,2021-11-07T10:48:20+00:00,2019-04-26
6f899ed6991c3ea4a8f8febac71d0683,VirusShare_00495,strictor,196698,exe,trojan,79.1,2021-11-07T07:53:46+00:00,2019-04-26
70bbd9c8440c5d4cb9a924b5bf1dc3de,VirusShare_00495,strictor,192820,exe,trojan,65.22,2021-11-08T15:56:54+00:00,2019-04-26
70f5d427a425a183cbe8985e53805e2e,VirusShare_00495,strictor,196782,exe,trojan,64.18,2021-11-07T10:48:30+00:00,2019-04-26
712bd035d98b07856156e4bd506fb6d1,VirusShare_00495,strictor,192806,exe,trojan,76.81,2021-11-08T21:59:25+00:00,2019-04-26
713d119faf9673f2cbf38acaf21acb4d,VirusShare_00495,strictor,196727,exe,trojan,61.76,2021-11-06T21:52:27+00:00,2019-04-26
715eca1e07dd5ab91447c99e32dbbc58,VirusShare_00495,strictor,192814,exe,trojan,67.19,2021-11-05T06:14:34+00:00,2019-04-26
71988d5be874b80d74a48cfd88937936,VirusShare_00495,strictor,192870,exe,trojan,72.73,2021-11-08T11:29:55+00:00,2019-04-26
720c26d4780c227279052342a31a846c,VirusShare_00495,strictor,196689,exe,trojan,68.12,2021-11-08T07:45:54+00:00,2019-04-26
7262576f638ac4ea71baf1690a60e51d,VirusShare_00495,strictor,192805,exe,trojan,71.01,2021-11-08T15:56:47+00:00,2019-04-26
732e2c622ef81207410c88b497ea8158,VirusShare_00495,strictor,196695,exe,trojan,80.88,2021-11-07T09:24:31+00:00,2019-04-26
73eff9339abfe683927a37a44587ca5d,VirusShare_00495,strictor,192822,exe,trojan,68.12,2021-11-08T15:56:44+00:00,2019-04-26
73fc5f53a9e7995699c7e53fe37cafb0,VirusShare_00495,strictor,192854,exe,trojan,68.66,2021-11-08T11:29:58+00:00,2019-04-26
7421246aab737a7077bf5f72588b8048,VirusShare_00495,strictor,192759,exe,trojan,81.16,2021-11-09T00:16:08+00:00,2019-04-26
749ecdff9f31b34955dae1e2f0e6b734,VirusShare_00495,strictor,192756,exe,trojan,78.26,2021-11-07T21:34:32+00:00,2019-04-26
7895b207e1fcb7bb30d42a421e979d1f,VirusShare_00495,strictor,196770,exe,trojan,64.71,2021-11-07T10:48:19+00:00,2019-04-26
7a3fff517b382666695b93733195716b,VirusShare_00495,strictor,192813,exe,trojan,68.12,2021-11-08T15:56:47+00:00,2019-04-26
7b407a5b45416466979d67e83d81a75d,VirusShare_00495,strictor,196722,exe,trojan,63.64,2021-11-06T21:52:25+00:00,2019-04-26
7bcb98a16789fecb37c3d56bd55da393,VirusShare_00495,strictor,192794,exe,trojan,71.01,2021-11-08T15:56:45+00:00,2019-04-26
7c852f80d49661166e96a8389ef325fa,VirusShare_00495,strictor,192825,exe,trojan,64.71,2021-11-04T05:10:14+00:00,2019-04-26
7dc307bd4741b8d3e61c5636449d39b0,VirusShare_00495,strictor,196717,exe,trojan,60.87,2021-11-06T21:52:28+00:00,2019-04-26
7ed994cb831a57864ec03d625c331ee0,VirusShare_00495,strictor,196778,exe,trojan,77.42,2021-11-09T15:05:31+00:00,2019-04-26
7efc5f2db56f62d1858a068694a8ba63,VirusShare_00495,strictor,192838,exe,trojan,66.18,2021-11-07T06:58:51+00:00,2019-04-26
7f06875f161e8406a69ae2dc6837e98f,VirusShare_00495,strictor,196749,exe,trojan,68.12,2021-11-06T22:01:57+00:00,2019-04-26
7fa0d1f1fa5fb1e0b61bb65b015eb23b,VirusShare_00495,strictor,192751,exe,trojan,66.67,2021-11-01T10:13:34+00:00,2019-04-26
800a46d8bb76e5daa788ff0c201130a9,VirusShare_00495,strictor,196712,exe,trojan,60.87,2021-11-06T21:52:20+00:00,2019-04-26
8166641f5039010b6deac9be81c15113,VirusShare_00495,strictor,192775,exe,trojan,81.16,2021-11-06T20:19:30+00:00,2019-04-26
81aaf8c3ef58b29b4e9b9268b6ea241f,VirusShare_00495,strictor,192807,exe,trojan,69.57,2021-11-05T06:14:43+00:00,2019-04-26
81c1992c01a9dfcd6f574a9d0b32b5e2,VirusShare_00495,strictor,196721,exe,trojan,65.22,2021-11-06T21:52:23+00:00,2019-04-26
81d7511caa26259f517b8762fc46fef7,VirusShare_00495,strictor,192865,exe,trojan,68.12,2021-11-08T11:29:47+00:00,2019-04-26
825174d093c38fe3161a3ad33426a945,VirusShare_00495,strictor,192880,exe,trojan,65.15,2021-11-08T11:29:56+00:00,2019-04-26
8426f527c0b7476a7c45fc41b919810d,VirusShare_00495,strictor,192768,exe,trojan,80.88,2021-11-03T06:37:39+00:00,2019-04-26
848a83aaa8b85d395e38ae4ed79672cb,VirusShare_00495,strictor,192818,exe,trojan,66.67,2021-11-08T15:56:50+00:00,2019-04-26
852cc935f479959b786350d1937f1975,VirusShare_00495,strictor,192783,exe,trojan,68.12,2021-11-01T10:13:31+00:00,2019-04-26
863516473e39f33f43a6c3a736d7baf2,VirusShare_00495,strictor,192894,exe,trojan,58.82,2021-11-06T02:44:54+00:00,2019-04-26
865e0d440a4dad5bbdc377680c3ef535,VirusShare_00495,strictor,192855,exe,trojan,69.12,2021-11-08T11:29:52+00:00,2019-04-26
8664826f1512bfc714579632cf4285ce,VirusShare_00495,strictor,196713,exe,trojan,63.77,2021-11-06T21:52:22+00:00,2019-04-26
86855717a7ad1f3e1903ffc4ae52f473,VirusShare_00495,strictor,192890,exe,trojan,60.87,2021-11-06T02:44:44+00:00,2019-04-26
86cffc9eb3ca7d8e16fbf8dd61e02fe0,VirusShare_00495,strictor,192840,exe,trojan,63.49,2021-11-08T11:29:46+00:00,2019-04-26
8808960ef46c8b6a8f4187386a198c52,VirusShare_00495,strictor,196739,exe,trojan,62.32,2021-11-06T21:52:14+00:00,2019-04-26
880c6ce3b2a323f7127e4e767d180582,VirusShare_00495,strictor,192810,exe,trojan,70.59,2021-11-08T15:56:40+00:00,2019-04-26
88f8514d4f5dba399d2a6e720a30d914,VirusShare_00495,strictor,196785,exe,trojan,63.77,2021-11-07T10:48:16+00:00,2019-04-26
892063111609c26293124708f3869002,VirusShare_00495,strictor,196736,exe,trojan,64.71,2021-11-06T22:02:08+00:00,2019-04-26
8a22739e405f417e96d5cf4d1f0e900d,VirusShare_00495,strictor,196728,exe,trojan,63.77,2021-11-06T21:52:28+00:00,2019-04-26
8a51154d004ec54a1fd6b38f25da9c1b,VirusShare_00495,strictor,192842,exe,trojan,71.21,2021-11-07T06:58:35+00:00,2019-04-26
8a8853b5de78893455eafb70e596b492,VirusShare_00495,strictor,192811,exe,trojan,76.12,2021-11-09T04:08:32+00:00,2019-04-26
8aa942cb620b8cd6a12e103e43c4904d,VirusShare_00495,strictor,196785,exe,trojan,64.71,2021-11-07T10:48:23+00:00,2019-04-26
8b38e624d0a70607e539d7d4dcbd4e8c,VirusShare_00495,strictor,196758,exe,trojan,65.22,2021-11-07T10:48:22+00:00,2019-04-26
8cec664704094e2e077d64e39a132a46,VirusShare_00495,strictor,196768,exe,trojan,63.77,2021-11-07T10:48:14+00:00,2019-04-26
8e87a6cc4dbff5a2a443a919cc576a01,VirusShare_00495,strictor,192835,exe,trojan,68.12,2021-11-08T15:56:48+00:00,2019-04-26
8f0b75d6c245e1943811fc358d850a31,VirusShare_00495,strictor,192818,exe,trojan,68.18,2021-11-08T15:56:40+00:00,2019-04-26
90c02a6d6bb3c5882c3fda98e3cf2889,VirusShare_00495,strictor,196717,exe,trojan,64.18,2021-11-08T07:45:57+00:00,2019-04-26
90ec26ff4d61906def3f25ab0975e7b9,VirusShare_00495,strictor,192764,exe,trojan,82.35,2021-11-06T15:20:35+00:00,2019-04-26
922869b0f941fb4cb5f3899af8484fb8,VirusShare_00495,strictor,196694,exe,trojan,79.71,2021-11-08T00:40:39+00:00,2019-04-26
935ddaa576d06370c20d1be6a4785604,VirusShare_00495,strictor,192823,exe,trojan,61.19,2021-11-05T07:06:01+00:00,2019-04-26
938ef46fb060b8b3e8d9dc666f107ea2,VirusShare_00495,strictor,192821,exe,trojan,80.3,2021-11-09T06:49:22+00:00,2019-04-26
950f7cdb689febfadb87f2fdbc024366,VirusShare_00495,strictor,192814,exe,trojan,78.26,2021-11-08T18:22:59+00:00,2019-04-26
9546f955f58e9e637d9dbc8cf2b9b6ec,VirusShare_00495,strictor,192797,exe,trojan,69.57,2021-11-08T15:56:42+00:00,2019-04-26
96b44d9bb79065aa041f5a8cf352d910,VirusShare_00495,strictor,192805,exe,trojan,66.67,2021-11-05T06:14:35+00:00,2019-04-26
96d082c7217bf5871c9bacd733364e4b,VirusShare_00495,strictor,196763,exe,trojan,61.76,2021-11-07T10:48:15+00:00,2019-04-26
97464b026b90fd42c7fe07d6c5645776,VirusShare_00495,strictor,196715,exe,trojan,71.21,2021-11-08T08:51:37+00:00,2019-04-26
982499096ee09984cacf6c5c014b0284,VirusShare_00495,strictor,192842,exe,trojan,68.66,2021-11-08T11:29:56+00:00,2019-04-26
98ac1c3cec98a1d3db092d71e06ee874,VirusShare_00495,strictor,192723,exe,trojan,68.66,2021-11-03T18:37:14+00:00,2019-04-26
98bb4d630de73a6d8d086e0baeeca547,VirusShare_00495,strictor,192825,exe,trojan,66.18,2021-11-05T07:06:14+00:00,2019-04-26
9aba79823c1a41b80cd145e84fa893e6,VirusShare_00495,strictor,192832,exe,trojan,77.94,2021-11-02T13:05:57+00:00,2019-04-26
9b6b7185192ee70cac11f35fa293f9e4,VirusShare_00495,strictor,196706,exe,trojan,78.12,2021-11-07T21:27:25+00:00,2019-04-26
9b77ac6410569fd248ccc75a0b57535a,VirusShare_00495,strictor,196692,exe,trojan,82.35,2021-11-07T07:03:09+00:00,2019-04-26
9dffd55dd8284c7df36b9aaa35aaccc6,VirusShare_00495,strictor,196692,exe,trojan,79.1,2021-11-07T07:12:35+00:00,2019-04-26
9f123dedfa7b98d358207cc9537358be,VirusShare_00495,strictor,192794,exe,trojan,68.12,2021-11-06T02:30:18+00:00,2019-04-26
9f1f271b8c719030450c536a59c2a34e,VirusShare_00495,strictor,192887,exe,trojan,61.76,2021-11-06T02:44:59+00:00,2019-04-26
b0a34b8c4cb82b173f12c8f5af57b245,VirusShare_00495,strictor,192829,exe,trojan,69.57,2021-11-06T21:53:25+00:00,2019-04-26
b22299b218355329e88fc178fecb1b5d,VirusShare_00495,strictor,192791,exe,trojan,66.67,2021-11-06T23:28:33+00:00,2019-04-26
b286846e869a53bb247df2f12f13f1fc,VirusShare_00495,strictor,196711,exe,trojan,79.71,2021-11-06T17:34:10+00:00,2019-04-26
b2a9ab033add47c8801e6cd297c0fd8e,VirusShare_00495,strictor,196683,exe,trojan,65.22,2021-11-08T00:11:28+00:00,2019-04-26
b2c711cfb2b4d4022033207f39bb2f3c,VirusShare_00495,strictor,192804,exe,trojan,49.28,2021-11-08T15:56:41+00:00,2019-04-26
b2c75dc61d39cd8526d0b2f5ac904b38,VirusShare_00495,strictor,192795,exe,trojan,68.12,2021-11-04T19:10:31+00:00,2019-04-26
b30bb00c0521151889a4a3109585a99f,VirusShare_00495,strictor,192771,exe,trojan,69.57,2021-11-01T10:13:27+00:00,2019-04-26
b32308affe69ce85508813013e49b58d,VirusShare_00495,strictor,196693,exe,trojan,79.71,2021-11-03T11:54:09+00:00,2019-04-26
b3d9c95d9e06d7ee4ecab3579776f93b,VirusShare_00495,strictor,192776,exe,trojan,62.12,2021-11-03T09:15:24+00:00,2019-04-26
b4e0c42e93f8cf43ed16aca724cf5ee5,VirusShare_00495,strictor,192834,exe,trojan,66.67,2021-11-08T15:56:38+00:00,2019-04-26
b5155a0c87da0fcc876b5fc0d08fe291,VirusShare_00495,strictor,196794,exe,trojan,62.32,2021-11-08T17:36:56+00:00,2019-04-26
b6191bf970d5b8c5dc137727bb259a23,VirusShare_00495,strictor,192764,exe,trojan,68.12,2021-11-01T10:13:25+00:00,2019-04-26
b659a7a030570023d8de3c9e5745bfea,VirusShare_00495,strictor,192802,exe,trojan,68.18,2021-11-08T15:56:50+00:00,2019-04-26
b65bd568518cf9d5d94eb378770c108d,VirusShare_00495,strictor,192757,exe,trojan,83.82,2021-11-05T07:18:15+00:00,2019-04-26
b678e87e949ec05b5cc03e31ba354f1c,VirusShare_00495,strictor,196729,exe,trojan,63.77,2021-11-06T21:52:14+00:00,2019-04-26
b68af027ac16b1dd0e15487c5599e80b,VirusShare_00495,strictor,196681,exe,trojan,69.12,2021-11-07T20:27:24+00:00,2019-04-26
b6a3ee90686e6769fd827e39e8268085,VirusShare_00495,strictor,196695,exe,trojan,76.81,2021-11-06T14:34:38+00:00,2019-04-26
b6ed00df6028429c39bf9db2cf893022,VirusShare_00495,strictor,192859,exe,trojan,67.16,2021-11-08T11:29:48+00:00,2019-04-26
b70872881e4136ad57c02c017039a2c5,VirusShare_00495,strictor,196706,exe,trojan,81.16,2021-11-08T09:05:52+00:00,2019-04-26
b721640aded40d7c2658c81e400295c6,VirusShare_00495,strictor,192835,exe,trojan,69.57,2021-11-08T11:29:46+00:00,2019-04-26
b721d323cc72898a93d3162c493f73c7,VirusShare_00495,strictor,192769,exe,trojan,69.57,2021-11-01T10:13:30+00:00,2019-04-26
b74686fa084544b9ff57abe749cf811a,VirusShare_00495,strictor,196720,exe,trojan,71.01,2021-11-04T03:35:12+00:00,2019-04-26
b79a637e7d61af37c48ea500129f50c2,VirusShare_00495,strictor,192783,exe,trojan,77.94,2021-11-04T07:07:16+00:00,2019-04-26
b7aa3fafff14f00654eef7dc37b208f3,VirusShare_00495,strictor,192781,exe,trojan,63.24,2021-11-03T09:15:32+00:00,2019-04-26
b7c50e15879d6bce9d9b97cebc5e3bd2,VirusShare_00495,strictor,192756,exe,trojan,70.59,2021-11-01T10:13:32+00:00,2019-04-26
b7d7c8c9fbc88ba9ab6edd69fd5233e9,VirusShare_00495,strictor,196718,exe,trojan,66.67,2021-11-02T21:15:18+00:00,2019-04-26
b7e4d07a00daa07bbbd10624b11911bd,VirusShare_00495,strictor,192823,exe,trojan,68.18,2021-11-08T15:56:42+00:00,2019-04-26
b82639d33b46295d1e9e9ae3c1d0fb9d,VirusShare_00495,strictor,192746,exe,trojan,69.23,2021-10-31T19:23:10+00:00,2019-04-26
b848f11f2040e8d97d667ea9bb2ddfae,VirusShare_00495,strictor,192806,exe,trojan,67.65,2021-11-08T15:56:54+00:00,2019-04-26
b9146776c99a5f9ea0a6718947a395ad,VirusShare_00495,strictor,196681,exe,trojan,63.77,2021-11-07T22:50:11+00:00,2019-04-26
b91c38e9ef8734ac14cffbfdbf7259d5,VirusShare_00495,strictor,196676,exe,trojan,63.24,2021-11-07T17:40:00+00:00,2019-04-26
b91ff8dec580e5cb368134f03d4f04a1,VirusShare_00495,strictor,196680,exe,trojan,76.81,2021-11-01T04:35:03+00:00,2019-04-26
ba9f7761707da741d5f845b82f7dcccb,VirusShare_00495,strictor,192799,exe,trojan,68.18,2021-11-07T07:50:37+00:00,2019-04-26
bac315f230880b9d390404e2b7dd0c1d,VirusShare_00495,strictor,192834,exe,trojan,66.67,2021-11-08T11:30:00+00:00,2019-04-26
bb1072212c03294ca5193d0d20e8b2d4,VirusShare_00495,strictor,192796,exe,trojan,72.46,2021-11-08T15:56:43+00:00,2019-04-26
bb226bfd83b8a059d8db88e237d77997,VirusShare_00495,strictor,192795,exe,trojan,68.12,2021-11-05T06:14:38+00:00,2019-04-26
bb9bbbe2e437be1741a5a250a74f1191,VirusShare_00495,strictor,192828,exe,trojan,68.12,2021-11-08T15:56:53+00:00,2019-04-26
bba6e55b69385179301bf978bfb2a5ef,VirusShare_00495,strictor,196674,exe,trojan,76.81,2021-11-03T14:13:08+00:00,2019-04-26
bbee274c73087d2bd1617f380e28c86c,VirusShare_00495,strictor,196703,exe,trojan,73.91,2021-11-08T00:17:00+00:00,2019-04-26
bca7e49216f2d5411ac79409696c493b,VirusShare_00495,strictor,192770,exe,trojan,81.16,2021-11-03T10:11:04+00:00,2019-04-26
bcca7195f6e43a022616131d31ba2b6c,VirusShare_00495,strictor,196706,exe,trojan,75.36,2021-11-06T18:05:03+00:00,2019-04-26
bd058c97b63340f0be06e491e53b3816,VirusShare_00495,strictor,196739,exe,trojan,62.32,2021-11-06T22:02:12+00:00,2019-04-26
be0028d909549e89a62d45fe19e37ff8,VirusShare_00495,strictor,192834,exe,trojan,65.22,2021-11-08T11:29:52+00:00,2019-04-26
bf0413794725004503905b14be77e70e,VirusShare_00495,strictor,192865,exe,trojan,65.22,2021-11-08T11:29:55+00:00,2019-04-26
c02ebc7e160df15b8e8e9463ee655b4f,VirusShare_00495,strictor,196709,exe,trojan,63.77,2021-11-06T21:52:15+00:00,2019-04-26
c091a3eb9d68f24a34709ff1123b5254,VirusShare_00495,strictor,196695,exe,trojan,65.22,2021-11-04T19:39:05+00:00,2019-04-26
c131ab4f804f2b001f7144e38ed5f587,VirusShare_00495,strictor,196774,exe,trojan,61.76,2021-11-07T10:48:16+00:00,2019-04-26
c1872f9f19c89236a6d8b88df13ceb78,VirusShare_00495,strictor,192838,exe,trojan,66.67,2021-11-08T15:56:43+00:00,2019-04-26
c26665e10408a2a91aea1885f3c33888,VirusShare_00495,strictor,196786,exe,trojan,61.76,2021-11-07T10:48:27+00:00,2019-04-26
c2f361bac3e5c3286a0c6853bb5cd723,VirusShare_00495,strictor,196757,exe,trojan,61.76,2021-11-07T10:48:19+00:00,2019-04-26
c3708b5112a05482fbf7f4b9083640d1,VirusShare_00495,strictor,192822,exe,trojan,64.71,2021-11-05T07:06:08+00:00,2019-04-26
c3f295496674ecb4c8422022a6ed1239,VirusShare_00495,strictor,196719,exe,trojan,63.77,2021-11-06T21:52:29+00:00,2019-04-26
c44f87d9a52ad4b1c5443ab01d11cacf,VirusShare_00495,strictor,192800,exe,trojan,72.46,2021-11-08T15:56:44+00:00,2019-04-26
c4c836d5cf9ab1dc6aaa8e14539dc1b2,VirusShare_00495,strictor,192830,exe,trojan,71.01,2021-11-08T15:56:55+00:00,2019-04-26
c50e0b8c97119bc638a86eadc3ecfc94,VirusShare_00495,strictor,192826,exe,trojan,69.12,2021-11-08T15:56:53+00:00,2019-04-26
c56ddaa94c732ec1c25fd9475b0e6dc9,VirusShare_00495,strictor,192735,exe,trojan,82.35,2021-11-03T05:08:19+00:00,2019-04-26
c59ddeac3987e2a97758af1d1925937c,VirusShare_00495,strictor,196703,exe,trojan,81.16,2021-11-08T12:31:40+00:00,2019-04-26
c78840bf1ae6ffb1fdae8ff76908c3eb,VirusShare_00495,strictor,192782,exe,trojan,80.88,2021-11-07T23:35:38+00:00,2019-04-26
c80256995dbcf50071bf0443f7b9f428,VirusShare_00495,strictor,196735,exe,trojan,75.76,2021-11-09T15:15:24+00:00,2019-04-26
c8623b4e0d2dd9a0b41beab22be06733,VirusShare_00495,strictor,192862,exe,trojan,67.65,2021-11-08T11:29:54+00:00,2019-04-26
c9d4af4ab55be4cc36b2a2e024dfddf9,VirusShare_00495,strictor,192804,exe,trojan,79.71,2021-11-08T21:10:49+00:00,2019-04-26
c9d84e3e220f5c479dd977d74a71f254,VirusShare_00495,strictor,192873,exe,trojan,64.71,2021-11-07T06:58:34+00:00,2019-04-26
ca244a36e1f076ee0b3ebefdc8e38a7e,VirusShare_00495,strictor,192734,exe,trojan,79.71,2021-10-31T22:35:10+00:00,2019-04-26
ca29543ed1c40f5bf0f9fac64b7b10e8,VirusShare_00495,strictor,196723,exe,trojan,75.0,2021-11-09T14:18:13+00:00,2019-04-26
ca35335ffc1f6f17de264f7812e2be1e,VirusShare_00495,strictor,192785,exe,trojan,67.21,2021-11-05T06:14:29+00:00,2019-04-26
ca4d142437fb59c4f516e47fb0f87647,VirusShare_00495,strictor,192770,exe,trojan,68.12,2021-11-01T10:13:36+00:00,2019-04-26
ca723936d97acb0a75522675ac4c9bda,VirusShare_00495,strictor,196708,exe,trojan,65.22,2021-11-06T22:02:09+00:00,2019-04-26
cad60ae85d64976aba342b27c94b3eb6,VirusShare_00495,strictor,192758,exe,trojan,85.51,2021-11-03T08:43:42+00:00,2019-04-26
cad66a8cc00329edcb6cf852e3ff7a6e,VirusShare_00495,strictor,192819,exe,trojan,66.18,2021-11-05T06:14:44+00:00,2019-04-26
cad76533d5b21e2f7d9450f888efeb78,VirusShare_00495,strictor,192789,exe,trojan,70.59,2021-11-05T07:06:11+00:00,2019-04-26
cae421095479c2e97aff8c37c02f8c7f,VirusShare_00495,strictor,196705,exe,trojan,75.36,2021-11-05T12:06:08+00:00,2019-04-26
caf67d08e89411a5b2bbd5ab3a53c374,VirusShare_00495,strictor,192838,exe,trojan,67.65,2021-11-08T11:29:47+00:00,2019-04-26
cb06ae13c6b05cbb288e31186dda99df,VirusShare_00495,strictor,192788,exe,trojan,82.61,2021-11-08T21:29:31+00:00,2019-04-26
cbe2b23f8e0d4ec951807ad78b7f26ba,VirusShare_00495,strictor,196733,exe,trojan,63.77,2021-11-06T22:01:56+00:00,2019-04-26
cbfc555a67f6157c94d3ef502ae24ed0,VirusShare_00495,strictor,196774,exe,trojan,61.76,2021-11-07T10:48:30+00:00,2019-04-26
ccf4e268cefa7fb7201945d9d14bc215,VirusShare_00495,strictor,196776,exe,trojan,68.63,2021-11-09T16:35:15+00:00,2019-04-26
cd14266a43e5a6c096c5e01e8fcaf807,VirusShare_00495,strictor,192814,exe,trojan,66.67,2021-11-08T15:56:42+00:00,2019-04-26
cd2c2007d8d8531fc97ff00caccd78fe,VirusShare_00495,strictor,192823,exe,trojan,69.57,2021-11-08T15:56:46+00:00,2019-04-26
cda3d8044c590f23a310b1553811177d,VirusShare_00495,strictor,192806,exe,trojan,69.57,2021-11-08T15:56:49+00:00,2019-04-26
cf45c0f8fbb3998c08f0a4ca602fff46,VirusShare_00495,strictor,192828,exe,trojan,81.16,2021-11-09T04:24:21+00:00,2019-04-26
cf5aecb38324f5fb5010a4cde2a500ea,VirusShare_00495,strictor,192811,exe,trojan,63.64,2021-11-05T06:14:41+00:00,2019-04-26
cf646a4ca630f8425d7f4354b6703efe,VirusShare_00495,strictor,192789,exe,trojan,80.6,2021-11-09T07:19:08+00:00,2019-04-26
cfd1bde684539515bf2187f4836a6c74,VirusShare_00495,strictor,196747,exe,trojan,63.24,2021-11-07T10:48:22+00:00,2019-04-26
d06a77208607ead5cc9c8eb9eb582f82,VirusShare_00495,strictor,196729,exe,trojan,79.41,2021-11-04T05:57:56+00:00,2019-04-26
d11912f19c51a44e0837dc41cea6720c,VirusShare_00495,strictor,192821,exe,trojan,71.01,2021-11-08T15:56:40+00:00,2019-04-26
d1469438edcc4c0dab08abd2a8dfed21,VirusShare_00495,strictor,192878,exe,trojan,67.65,2021-11-08T11:29:54+00:00,2019-04-26
d18c1b5f282fd03485dbabd7455c59ac,VirusShare_00495,strictor,196720,exe,trojan,77.94,2021-11-09T14:09:41+00:00,2019-04-26
d28530e3d1d26d58a8e285b5b6678047,VirusShare_00495,strictor,196688,exe,trojan,80.3,2021-11-07T08:59:40+00:00,2019-04-26
d2a16fa7fd469d1522726d859bf1ee80,VirusShare_00495,strictor,192767,exe,trojan,81.16,2021-11-09T16:10:02+00:00,2019-04-26
d426b5816b54cbeb4c31f423612ab40e,VirusShare_00495,strictor,192741,exe,trojan,77.94,2021-11-01T06:05:27+00:00,2019-04-26
d645f070fa32b21133796fa9ca3517c9,VirusShare_00495,strictor,192777,exe,trojan,69.57,2021-11-06T02:30:25+00:00,2019-04-26
d6541f5fbd6c359777be6dd1a51d23e8,VirusShare_00495,strictor,196694,exe,trojan,64.71,2021-11-08T07:45:57+00:00,2019-04-26
d74420c9b2a82f47ccdcb2eb13e4998a,VirusShare_00495,strictor,192844,exe,trojan,65.62,2021-11-07T06:58:49+00:00,2019-04-26
d76e6f3b2e9b4a767a5c67de8e82d535,VirusShare_00495,strictor,192818,exe,trojan,69.57,2021-11-08T15:56:44+00:00,2019-04-26
d7810f31a92761407d7b31a6c5157a00,VirusShare_00495,strictor,196708,exe,trojan,65.22,2021-11-08T07:46:04+00:00,2019-04-26
d832076c6f7616c071256a22839c7728,VirusShare_00495,strictor,196727,exe,trojan,66.67,2021-11-06T22:02:09+00:00,2019-04-26
d8ee5da0b0388d5409c00669bf866ce7,VirusShare_00495,strictor,192846,exe,trojan,65.15,2021-11-08T11:29:52+00:00,2019-04-26
d8f6b83bba19532d05d8f196256da95b,VirusShare_00495,strictor,192803,exe,trojan,68.66,2021-11-05T06:14:45+00:00,2019-04-26
d972e0cf212fb10c2cea7eafec705382,VirusShare_00495,strictor,192814,exe,trojan,64.71,2021-11-05T07:06:14+00:00,2019-04-26
d9a835238d70929ae29ecab003bd20b9,VirusShare_00495,strictor,196679,exe,trojan,77.94,2021-11-05T06:42:40+00:00,2019-04-26
d9f9a0252b2f7603e461aafac31c5781,VirusShare_00495,strictor,196764,exe,trojan,61.76,2021-11-07T10:48:27+00:00,2019-04-26
dae2b1ceff0c6d99edcd1a6fea06cf76,VirusShare_00495,strictor,192805,exe,trojan,66.67,2021-11-05T07:06:18+00:00,2019-04-26
db13ad9acde60e89311a7319cf6cb5b3,VirusShare_00495,strictor,192741,exe,trojan,81.16,2021-11-03T05:34:45+00:00,2019-04-26
db14bfecfcae769accff3af410163434,VirusShare_00495,strictor,196745,exe,trojan,63.77,2021-11-06T22:01:52+00:00,2019-04-26
db2582a4f674330bd9e07ba61c95662b,VirusShare_00495,strictor,192768,exe,trojan,81.16,2021-11-06T08:08:58+00:00,2019-04-26
db718f8df45325b2b1167e1d9da88242,VirusShare_00495,strictor,192854,exe,trojan,67.65,2021-11-08T11:29:49+00:00,2019-04-26
dd1bcfd839d2a80bcdd262e1b0ffe612,VirusShare_00495,strictor,192810,exe,trojan,68.12,2021-11-08T15:56:47+00:00,2019-04-26
dd97b06022ce2e21ec2a2947df05d335,VirusShare_00495,strictor,196698,exe,trojan,79.71,2021-11-07T19:14:47+00:00,2019-04-26
de28f4bf50240fe3d8c2082fac9fd205,VirusShare_00495,strictor,192747,exe,trojan,77.94,2021-11-03T09:05:38+00:00,2019-04-26
df76e0009544d382f9255b79ef6672af,VirusShare_00495,strictor,192822,exe,trojan,74.63,2021-11-09T01:40:48+00:00,2019-04-26
dfa76a5f51133a9374d107e48d746fbb,VirusShare_00495,strictor,192807,exe,trojan,69.57,2021-11-08T15:56:47+00:00,2019-04-26
e0e5338a5fa4bded1ba6bda7d1d16d58,VirusShare_00495,strictor,192877,exe,trojan,70.15,2021-11-08T11:29:50+00:00,2019-04-26
e1c56e573f950b5497bd95b306596ae5,VirusShare_00495,strictor,192856,exe,trojan,66.18,2021-11-08T11:30:00+00:00,2019-04-26
e3d8662510cc82f4522077db23ab8a56,VirusShare_00495,strictor,192821,exe,trojan,69.57,2021-11-08T15:56:49+00:00,2019-04-26
e52af02f31cbcae32c61d1e108c9a835,VirusShare_00495,strictor,196722,exe,trojan,62.32,2021-11-06T22:02:11+00:00,2019-04-26
e554ae5e2510104e4d29b874c9e3e619,VirusShare_00495,strictor,196710,exe,trojan,63.77,2021-11-08T07:46:01+00:00,2019-04-26
e5b6623f182c04eed15aaed275e577d9,VirusShare_00495,strictor,196701,exe,trojan,68.12,2021-11-04T20:56:30+00:00,2019-04-26
e6a4a6b110d73e8706672122bba89fc3,VirusShare_00495,strictor,196729,exe,trojan,62.32,2021-11-06T21:52:20+00:00,2019-04-26
e6b5ecf744f0bc407729c94815545698,VirusShare_00495,strictor,192759,exe,trojan,68.66,2021-11-04T17:50:50+00:00,2019-04-26
e779288715abf65ab40e3a989a15853d,VirusShare_00495,strictor,196722,exe,trojan,67.21,2021-11-06T21:52:18+00:00,2019-04-26
e7b39f8db1a9c98d91ed1a9205989520,VirusShare_00495,strictor,196680,exe,trojan,68.12,2021-10-31T21:38:43+00:00,2019-04-26
e7be3217317ea8fb8a0b70bbe17398fd,VirusShare_00495,strictor,192805,exe,trojan,82.61,2021-11-08T20:00:03+00:00,2019-04-26
e83c74d329da92c14078a9f442d13b81,VirusShare_00495,strictor,192851,exe,trojan,68.12,2021-11-08T11:29:48+00:00,2019-04-26
e8b7f2d06f8abd05bf3776271997944b,VirusShare_00495,strictor,196714,exe,trojan,64.71,2021-11-08T07:46:00+00:00,2019-04-26
e937a157bc20f80a7d6334554d2d51ef,VirusShare_00495,strictor,192827,exe,trojan,66.67,2021-11-08T15:56:54+00:00,2019-04-26
ebc8a2374f59484fab13b282fd8c8ecd,VirusShare_00495,strictor,192787,exe,trojan,65.22,2021-10-30T18:47:58+00:00,2019-04-26
ebea9ad3708b1f0cc6b424ef6686aff4,VirusShare_00495,strictor,192737,exe,trojan,79.1,2021-11-03T14:47:11+00:00,2019-04-26
ec06e410c7f5707d8172b8fcb831ac55,VirusShare_00495,strictor,192801,exe,trojan,69.57,2021-11-08T15:56:45+00:00,2019-04-26
ec75187b28888f05bd2e27f6485539c4,VirusShare_00495,strictor,192796,exe,trojan,71.01,2021-11-08T15:56:40+00:00,2019-04-26
eca781ece2811e946680bffe08d32ec4,VirusShare_00495,strictor,196783,exe,trojan,67.65,2021-11-07T10:48:32+00:00,2019-04-26
ecb0b6e8584e87c04fa93eaa3c3fb4d4,VirusShare_00495,strictor,192815,exe,trojan,66.67,2021-11-08T15:56:54+00:00,2019-04-26
ed17a50a0a54ab610b5b7d0a52f4df1a,VirusShare_00495,strictor,192801,exe,trojan,66.18,2021-11-08T15:56:54+00:00,2019-04-26
edb79ef9ecc08b2c823c060f77eb00bf,VirusShare_00495,strictor,192819,exe,trojan,68.12,2021-11-08T15:56:49+00:00,2019-04-26
eddf64d20d7308d810f24edf09d154a6,VirusShare_00495,strictor,192861,exe,trojan,65.22,2021-11-07T06:58:41+00:00,2019-04-26
ee0eb54cfc604513898635b10ba20d42,VirusShare_00495,strictor,192839,exe,trojan,65.67,2021-11-08T11:29:55+00:00,2019-04-26
ee1e008307f5753353e64f33b26f85bf,VirusShare_00495,strictor,196726,exe,trojan,66.67,2021-11-06T21:52:29+00:00,2019-04-26
eefed9f28ba1e7e161a5e8cddc6c1458,VirusShare_00495,strictor,192789,exe,trojan,65.67,2021-11-05T06:14:37+00:00,2019-04-26
ef470c22200225eeedf3ef4e1b787be6,VirusShare_00495,strictor,192833,exe,trojan,69.12,2021-11-08T15:56:56+00:00,2019-04-26
f09fb95ad8b70dd2689309efe6975d99,VirusShare_00495,strictor,192844,exe,trojan,69.57,2021-11-08T11:29:57+00:00,2019-04-26
f0d74665d3066d83c0b800d6b88bbab2,VirusShare_00495,strictor,192805,exe,trojan,81.82,2021-11-08T19:33:09+00:00,2019-04-26
f1726e500c4696e2321d7728753b8d00,VirusShare_00495,strictor,196708,exe,trojan,82.35,2021-11-08T06:59:16+00:00,2019-04-26
f19cffc93a6574f1d3c096676ac6bab9,VirusShare_00495,strictor,196714,exe,trojan,66.67,2021-11-05T21:11:16+00:00,2019-04-26
f2e573df1d050d29386e6a7d656095bf,VirusShare_00495,strictor,192844,exe,trojan,67.16,2021-11-08T11:29:56+00:00,2019-04-26
f39d04bb04d6d18e4907613d44f2a227,VirusShare_00495,strictor,192855,exe,trojan,66.18,2021-11-08T11:29:54+00:00,2019-04-26
f488f299a1d2583119f830a1d0acfc98,VirusShare_00495,strictor,192795,exe,trojan,79.71,2021-11-08T23:28:23+00:00,2019-04-26
f55b79fd1d737e9942a25f54264990c0,VirusShare_00495,strictor,192879,exe,trojan,67.16,2021-11-08T11:29:59+00:00,2019-04-26
f59e2985a408011a7a7df2748c30d3ec,VirusShare_00495,strictor,192831,exe,trojan,66.67,2021-11-08T15:56:51+00:00,2019-04-26
f5a8fd593b464e56ddfb799fa632e5d8,VirusShare_00495,strictor,192828,exe,trojan,76.81,2021-11-09T00:51:00+00:00,2019-04-26
f7427853fd2c1afa954f3bdadbb26358,VirusShare_00495,strictor,192803,exe,trojan,69.12,2021-11-08T15:56:40+00:00,2019-04-26
f75052966dac34c70f459d0d29b6a2cb,VirusShare_00495,strictor,192861,exe,trojan,68.12,2021-11-08T11:29:59+00:00,2019-04-26
f79c47df2a4ff8e2d4ac52115fdb0ef6,VirusShare_00495,strictor,196777,exe,trojan,62.69,2021-11-07T10:48:31+00:00,2019-04-26
f92a7eba0aa6403d6101b387e9e59bb1,VirusShare_00495,strictor,192760,exe,trojan,82.61,2021-11-07T19:32:58+00:00,2019-04-26
f95409cfac34c328eea4e3d6cf9e8382,VirusShare_00495,strictor,192848,exe,trojan,66.18,2021-11-07T06:58:37+00:00,2019-04-26
f9c507a2248d345d13c8814c09ed5c0e,VirusShare_00495,strictor,192826,exe,trojan,69.57,2021-11-08T15:56:43+00:00,2019-04-26
fadcaa3ee5cd7732b24816fe8b68c848,VirusShare_00495,strictor,192861,exe,trojan,81.16,2021-11-08T21:35:00+00:00,2019-04-26
fb1c7c85cc93cfca903b998fd63362fe,VirusShare_00495,strictor,192818,exe,trojan,70.59,2021-11-08T15:56:50+00:00,2019-04-26
fb2ad9844672612e6aa6059fdc8a37a1,VirusShare_00495,strictor,192794,exe,trojan,69.12,2021-11-06T02:30:20+00:00,2019-04-26
fde0b038faa09bf3f3c568dd39689031,VirusShare_00495,strictor,192798,exe,trojan,65.22,2021-11-05T07:06:00+00:00,2019-04-26
fe2e01d0ce6462045897e99b74ef72a6,VirusShare_00495,strictor,196693,exe,trojan,78.26,2021-11-08T16:46:18+00:00,2019-04-26
fec072ee62b4b9d2e80b165c1d8e736c,VirusShare_00495,strictor,196683,exe,trojan,70.59,2021-11-04T20:56:16+00:00,2019-04-26
fee4329e7b268d5897a3a03b28150383,VirusShare_00495,strictor,192760,exe,trojan,66.67,2021-10-30T18:48:07+00:00,2019-04-26
ff7061ca64ab32fa5b267b14f0c28dfa,VirusShare_00495,strictor,196708,exe,trojan,67.16,2021-11-08T07:46:01+00:00,2019-04-26
ff9219bd92edf7939059db3a7dceeb54,VirusShare_00495,strictor,192764,exe,trojan,79.41,2021-11-03T06:08:28+00:00,2019-04-26
01d14edddcdba9c8807ff64db710d5cc,VirusShare_00499,strictor,196777,exe,trojan,79.41,2021-11-13T18:36:17+00:00,2019-04-26
02b9bbde186d6f56a0515f60d4e907ea,VirusShare_00499,strictor,196744,exe,trojan,80.88,2021-11-13T16:41:54+00:00,2019-04-26
04dca6028e7331ae0ac3606ede9e1d3b,VirusShare_00499,strictor,192906,exe,trojan,77.61,2021-11-17T13:17:09+00:00,2019-04-26
0523407f29cfe495667040e1b31d0134,VirusShare_00499,strictor,192885,exe,trojan,70.59,2021-11-10T18:25:47+00:00,2019-04-26
058ee7388862d6ac1f1f57c533ef6aae,VirusShare_00499,strictor,192897,exe,trojan,67.74,2021-11-13T06:31:44+00:00,2019-04-26
0803652088071b350ee68a8446bcfc1d,VirusShare_00499,strictor,192943,exe,trojan,100.0,2021-11-18T18:03:19+00:00,2019-04-26
091ea87345741ef98ce6dd2d2644bc7e,VirusShare_00499,strictor,192892,exe,trojan,78.79,2021-11-12T09:22:48+00:00,2019-04-26
0936e2dc3e59a2f846966ba062e8de3d,VirusShare_00499,strictor,192898,exe,trojan,69.12,2021-11-14T20:57:21+00:00,2019-04-26
09f9cb462a782fe8868942df6acf9e2c,VirusShare_00499,strictor,196802,exe,trojan,64.71,2021-11-09T12:40:52+00:00,2019-04-26
09fb57c51469dec32b0db6aae793f365,VirusShare_00499,strictor,192874,exe,trojan,69.12,2021-11-10T18:25:32+00:00,2019-04-26
0a45278dcc6fee4722663a5af47c06ed,VirusShare_00499,strictor,192928,exe,trojan,70.15,2021-11-13T13:10:35+00:00,2019-04-26
0adf880dd1c4554ba567bbf1ca77954a,VirusShare_00499,strictor,192927,exe,trojan,76.47,2021-11-17T03:06:18+00:00,2019-04-26
0b5807ac36a0624070a59d0f24dbd637,VirusShare_00499,strictor,192939,exe,trojan,100.0,2021-11-18T20:08:40+00:00,2019-04-26
0ddb8b5ae40a31655eb9dd55467feac2,VirusShare_00499,strictor,192888,exe,trojan,69.12,2021-11-14T20:57:30+00:00,2019-04-26
101537697734f5a063f0b70e3d9a6c80,VirusShare_00499,strictor,192789,exe,trojan,100.0,2021-11-18T17:20:35+00:00,2019-04-26
115f89d4cbe20dc82dec351353eb2e11,VirusShare_00499,strictor,192938,exe,trojan,67.65,2021-11-14T20:57:31+00:00,2019-04-26
12d9bd5783d97df749471f378bd303c7,VirusShare_00499,strictor,192895,exe,trojan,69.12,2021-11-13T13:10:32+00:00,2019-04-26
16ff9f4c9b4f6f6b5c4f79ef9ac77f4f,VirusShare_00499,strictor,192921,exe,trojan,68.66,2021-11-13T13:10:37+00:00,2019-04-26
178b19a234cd79ef9526ba72608ecf38,VirusShare_00499,strictor,192902,exe,trojan,76.47,2021-11-17T15:29:42+00:00,2019-04-26
1ea1a6df0c265f137fff5aad63b9662f,VirusShare_00499,strictor,192917,exe,trojan,66.18,2021-11-14T20:57:19+00:00,2019-04-26
234c7078b3df2983d787804773cba21e,VirusShare_00499,strictor,192895,exe,trojan,100.0,2021-11-18T18:21:23+00:00,2019-04-26
258d4ff1fa2d4428d9b6b66537c95ed4,VirusShare_00499,strictor,192870,exe,trojan,79.41,2021-11-12T08:02:45+00:00,2019-04-26
25c0e77e00977deaa6e094268c8826a3,VirusShare_00499,strictor,192932,exe,trojan,67.65,2021-11-13T13:10:37+00:00,2019-04-26
270264ec2df9e98daae1cc999cbe647b,VirusShare_00499,strictor,192936,exe,trojan,65.67,2021-11-14T20:57:27+00:00,2019-04-26
2b271cf16d7611469337e7132b56b99f,VirusShare_00499,strictor,192872,exe,trojan,80.0,2021-11-12T06:57:17+00:00,2019-04-26
2e1084545e4d529f8bbf3782fb66cb4a,VirusShare_00499,strictor,192894,exe,trojan,69.12,2021-11-13T13:10:34+00:00,2019-04-26
36fbc2019a42e952007e709ab204d5ac,VirusShare_00499,strictor,192906,exe,trojan,67.65,2021-11-14T20:57:32+00:00,2019-04-26
3744326bc87331629a5f1f702cc8ab41,VirusShare_00499,strictor,196825,exe,trojan,63.24,2021-11-09T12:41:08+00:00,2019-04-26
375a6a58fecb918954e77383261e1bed,VirusShare_00499,strictor,192919,exe,trojan,78.79,2021-11-13T16:38:05+00:00,2019-04-26
385308ff4321c90dd04a9a594bcaabd3,VirusShare_00499,strictor,192867,exe,trojan,67.65,2021-11-10T18:25:42+00:00,2019-04-26
38994a75c2ae6e49243f3789f77cbce7,VirusShare_00499,strictor,192853,exe,trojan,69.12,2021-11-10T18:25:42+00:00,2019-04-26
3e5c7e6e841d8cb440289d110871a23a,VirusShare_00499,strictor,196831,exe,trojan,79.1,2021-11-12T06:52:16+00:00,2019-04-26
3f10dd4fdc283fe822337135bd494e3d,VirusShare_00499,strictor,192932,exe,trojan,66.67,2021-11-13T13:10:38+00:00,2019-04-26
3f5198a4aa8c3880e84779cadd3611c8,VirusShare_00499,strictor,192846,exe,trojan,66.18,2021-11-09T05:05:33+00:00,2019-04-26
4127571ba0482bd0a10775729ce87be6,VirusShare_00499,strictor,192855,exe,trojan,80.0,2021-11-12T03:18:38+00:00,2019-04-26
413278ef4f738181a7839abfb6ac190e,VirusShare_00499,strictor,196770,exe,trojan,80.88,2021-11-13T10:41:57+00:00,2019-04-26
42c36645e99d59977cd1e3836dfc2df8,VirusShare_00499,strictor,192931,exe,trojan,77.94,2021-11-17T04:11:02+00:00,2019-04-26
45b0ff7ead343909aed3f6a5b36ccf68,VirusShare_00499,strictor,192893,exe,trojan,79.1,2021-11-13T12:39:49+00:00,2019-04-26
490f83cc2dcc02c43c4279ecf7dd96bf,VirusShare_00499,strictor,192936,exe,trojan,68.66,2021-11-14T20:57:30+00:00,2019-04-26
49c33c20291acce5dbae0c443413af23,VirusShare_00499,strictor,192851,exe,trojan,68.18,2021-11-10T18:25:47+00:00,2019-04-26
4cccfd3a45c581c4572e55c0b4afad07,VirusShare_00499,strictor,192938,exe,trojan,68.18,2021-11-13T13:10:30+00:00,2019-04-26
4e12e2d51fd3e4a220a397f0b1b81fa0,VirusShare_00499,strictor,192857,exe,trojan,65.67,2021-11-09T05:05:28+00:00,2019-04-26
4e9c46f2994bce9db16ba266f6a0b28c,VirusShare_00499,strictor,196773,exe,trojan,80.0,2021-11-13T06:25:07+00:00,2019-04-26
4fbe0c5ed01e524dc672ed6a22046853,VirusShare_00499,strictor,192934,exe,trojan,78.79,2021-11-17T07:41:18+00:00,2019-04-26
4fea7635082be599f5282777c65fb7f7,VirusShare_00499,strictor,192925,exe,trojan,67.65,2021-11-13T13:10:31+00:00,2019-04-26
51dd227398b713ad076af72bf0bd299c,VirusShare_00499,strictor,192848,exe,trojan,65.67,2021-11-10T10:35:10+00:00,2019-04-26
51fd1c85c4af84758b21a7866a7a3605,VirusShare_00499,strictor,196763,exe,trojan,81.82,2021-11-13T07:11:00+00:00,2019-04-26
526c484d5a0ad9cba20d7cc80a78d81a,VirusShare_00499,strictor,192903,exe,trojan,68.18,2021-11-13T13:10:25+00:00,2019-04-26
5546ab03d20baa9cbc1905cc67ab0505,VirusShare_00499,strictor,192912,exe,trojan,67.16,2021-11-13T13:10:36+00:00,2019-04-26
57133e22cd09c2dea815b9cc395fafa5,VirusShare_00499,strictor,192929,exe,trojan,67.65,2021-11-14T20:57:30+00:00,2019-04-26
574478e28115a97d7ef525de2211a4ae,VirusShare_00499,strictor,192892,exe,trojan,68.66,2021-11-13T13:10:39+00:00,2019-04-26
59215df419e81d6ef763fcd7d4d2a062,VirusShare_00499,strictor,192905,exe,trojan,67.65,2021-11-13T13:10:32+00:00,2019-04-26
5a80ef2dd6567841ba376867623f2fb7,VirusShare_00499,strictor,192926,exe,trojan,67.16,2021-11-14T20:57:32+00:00,2019-04-26
5bb0a6b73b1f3b05a32e912e3abc5e5b,VirusShare_00499,strictor,192926,exe,trojan,74.6,2021-11-17T07:56:33+00:00,2019-04-26
5be8b15cc237ffee432bd4a0751c86d6,VirusShare_00499,strictor,192908,exe,trojan,80.88,2021-11-17T13:13:54+00:00,2019-04-26
649b6bc429f80306c6cbc67de618cf3a,VirusShare_00499,strictor,192934,exe,trojan,67.65,2021-11-13T13:10:33+00:00,2019-04-26
65537ecd388eb1feab170208e8bda7b2,VirusShare_00499,strictor,192868,exe,trojan,79.41,2021-11-13T11:42:41+00:00,2019-04-26
667fd2ddfd35b045d276d5538322ac7c,VirusShare_00499,strictor,192895,exe,trojan,65.57,2021-11-10T18:25:48+00:00,2019-04-26
66adaa72edd00444b4bef089b293d1f6,VirusShare_00499,strictor,192935,exe,trojan,80.3,2021-11-16T17:38:35+00:00,2019-04-26
67d43e0168a4bd6986e67ecd6f7708d2,VirusShare_00499,strictor,192907,exe,trojan,69.12,2021-11-14T20:57:31+00:00,2019-04-26
686789459027f252cbe36dd1cf9d00a9,VirusShare_00499,strictor,192928,exe,trojan,67.65,2021-11-13T13:10:35+00:00,2019-04-26
696aadfcfa559d1af6c8e67a17f0ad83,VirusShare_00499,strictor,196767,exe,trojan,65.15,2021-11-09T13:34:50+00:00,2019-04-26
69dcb2b29da33a410bd8bbef8c193386,VirusShare_00499,strictor,196777,exe,trojan,82.09,2021-11-13T10:43:40+00:00,2019-04-26
6c42b3295b57e7b56255a2acd265b92b,VirusShare_00499,strictor,192907,exe,trojan,67.65,2021-11-14T20:57:27+00:00,2019-04-26
6d25dad2a16361ee8dd12380806e9ced,VirusShare_00499,strictor,192914,exe,trojan,76.47,2021-11-17T07:21:17+00:00,2019-04-26
6dd3bf0d55d1bb218ce690e728ae7342,VirusShare_00499,strictor,192932,exe,trojan,79.1,2021-11-17T13:49:31+00:00,2019-04-26
6f913bd27a84c21bd96df02875e4d2f3,VirusShare_00499,strictor,192899,exe,trojan,78.46,2021-11-17T11:31:50+00:00,2019-04-26
7716f9f536234c4698ee7ecbe5ca8529,VirusShare_00499,strictor,192856,exe,trojan,79.1,2021-11-12T08:41:36+00:00,2019-04-26
774cbff7f2c4f8440ce72e19a41b865a,VirusShare_00499,strictor,192935,exe,trojan,77.94,2021-11-17T02:01:15+00:00,2019-04-26
7f50eafb5a7f6a65c369182c08ac428f,VirusShare_00499,strictor,192924,exe,trojan,68.66,2021-11-13T13:10:36+00:00,2019-04-26
7fd574d697761f7d9601cb56227764b2,VirusShare_00499,strictor,192849,exe,trojan,76.12,2021-11-12T06:02:05+00:00,2019-04-26
80294b9426c86dc7a59388f16bb599e4,VirusShare_00499,strictor,192890,exe,trojan,79.1,2021-11-17T10:40:47+00:00,2019-04-26
80b893d1fb4df189fa0387f78436d51d,VirusShare_00499,strictor,196754,exe,trojan,79.41,2021-11-13T11:34:55+00:00,2019-04-26
829ed126ae4cffcf0748ce0005bc3623,VirusShare_00499,strictor,196789,exe,trojan,77.61,2021-11-13T07:55:02+00:00,2019-04-26
83409bfc7ad8e21701d630026184c22a,VirusShare_00499,strictor,192894,exe,trojan,67.65,2021-11-13T13:10:28+00:00,2019-04-26
8349538cc068e28b77f86a85ed35fe85,VirusShare_00499,strictor,196750,exe,trojan,63.64,2021-11-09T13:34:50+00:00,2019-04-26
83f8a405254de7e55ea89ac9d5ed42b6,VirusShare_00499,strictor,192887,exe,trojan,77.94,2021-11-13T14:07:38+00:00,2019-04-26
897c6ccb48d11af2a0c6a612fcdc8809,VirusShare_00499,strictor,192843,exe,trojan,82.35,2021-11-13T15:31:09+00:00,2019-04-26
8a8160e9993015e8d52193f68af62783,VirusShare_00499,strictor,192913,exe,trojan,69.12,2021-11-13T13:10:27+00:00,2019-04-26
8ae48530d211e7229a8f8f080def91e1,VirusShare_00499,strictor,192905,exe,trojan,67.16,2021-11-14T20:57:19+00:00,2019-04-26
8bccb7a8391dca6d9bd2c33c32022866,VirusShare_00499,strictor,192930,exe,trojan,66.18,2021-11-14T20:57:25+00:00,2019-04-26
8cc99236b57c70f6a55b435ef5321e2a,VirusShare_00499,strictor,192900,exe,trojan,68.66,2021-11-14T20:57:37+00:00,2019-04-26
8d6f5bb5556c3fbea5c9b20abcb98c5e,VirusShare_00499,strictor,192886,exe,trojan,69.12,2021-11-10T18:25:36+00:00,2019-04-26
911d073023811e97b2212db237f4af1d,VirusShare_00499,strictor,192908,exe,trojan,61.67,2021-11-14T20:57:23+00:00,2019-04-26
92007826776541bacfe4670913afed5e,VirusShare_00499,strictor,192923,exe,trojan,67.16,2021-11-14T20:57:25+00:00,2019-04-26
935587597ea2c4695b7925c92f03cec8,VirusShare_00499,strictor,192915,exe,trojan,67.65,2021-11-13T13:10:41+00:00,2019-04-26
93b781938241937b6a9524f2b6c11d3a,VirusShare_00499,strictor,192732,exe,trojan,69.12,2021-11-10T16:20:12+00:00,2019-04-26
953d1f0f0cdf01ef256e857b590745c1,VirusShare_00499,strictor,192936,exe,trojan,67.65,2021-11-13T13:10:29+00:00,2019-04-26
960cd4d8221818be7b9c56c2798a6655,VirusShare_00499,strictor,192835,exe,trojan,80.6,2021-11-12T03:16:29+00:00,2019-04-26
975d37da6ad1bb184931a1b7b08f4119,VirusShare_00499,strictor,192918,exe,trojan,63.64,2021-11-14T20:57:25+00:00,2019-04-26
97749d4bb24b439f640f2ee959428794,VirusShare_00499,strictor,192891,exe,trojan,81.82,2021-11-17T07:22:46+00:00,2019-04-26
9acc16276a7d8fd0385bdccc43dc90a9,VirusShare_00499,strictor,196801,exe,trojan,79.41,2021-11-12T06:08:20+00:00,2019-04-26
9af38025141d36a14092de827ac79300,VirusShare_00499,strictor,196776,exe,trojan,77.94,2021-11-13T04:38:20+00:00,2019-04-26
9d93d2aa6f2f2af213c42c87fdc0c42f,VirusShare_00499,strictor,192919,exe,trojan,74.63,2021-11-17T09:38:26+00:00,2019-04-26
9dc58f139286cfc87afa3578a80b93d5,VirusShare_00499,strictor,192839,exe,trojan,66.18,2021-11-09T05:05:33+00:00,2019-04-26
ad456ab14c16f168ea183052eb07f815,VirusShare_00499,strictor,192893,exe,trojan,80.88,2021-11-17T16:03:41+00:00,2019-04-26
b2d14d0c99c480df787658bda33aa7b6,VirusShare_00499,strictor,192920,exe,trojan,67.65,2021-11-13T13:10:28+00:00,2019-04-26
b5591f61322647ad76a1e18d815380fd,VirusShare_00499,strictor,196720,exe,trojan,76.47,2021-11-15T16:35:32+00:00,2019-04-26
b647241044dffb2b93ced050359630e2,VirusShare_00499,strictor,192884,exe,trojan,77.61,2021-11-12T22:05:05+00:00,2019-04-26
b776dbea9dfb4b12cb481fef459193c5,VirusShare_00499,strictor,192838,exe,trojan,80.88,2021-11-15T14:22:12+00:00,2019-04-26
b7d43cff7ccd15b7ce42d60a0c1b080a,VirusShare_00499,strictor,196828,exe,trojan,63.24,2021-11-09T12:41:08+00:00,2019-04-26
b8241708cac5bb62e4fa4a740a5b79c1,VirusShare_00499,strictor,192896,exe,trojan,67.65,2021-11-13T13:10:41+00:00,2019-04-26
b90c4ef4b588f2d35c7f9cdbef4c104e,VirusShare_00499,strictor,192884,exe,trojan,79.1,2021-11-15T11:30:35+00:00,2019-04-26
b9f76589f2d4c66aa5c6ee5a7ba971ae,VirusShare_00499,strictor,192829,exe,trojan,78.79,2021-11-13T07:22:58+00:00,2019-04-26
ba06357ee68cd6e31d2afe07cb1ad4ea,VirusShare_00499,strictor,192890,exe,trojan,75.76,2021-11-14T07:12:11+00:00,2019-04-26
baf6040beb2dde6496b3d6c36041e2c9,VirusShare_00499,strictor,192935,exe,trojan,67.65,2021-11-13T13:10:28+00:00,2019-04-26
bbb0976bb6e8523ef94ab47d2953e343,VirusShare_00499,strictor,192937,exe,trojan,82.09,2021-11-17T11:00:42+00:00,2019-04-26
bbf526eef6cbbc6188a75deee22f4fcb,VirusShare_00499,strictor,192850,exe,trojan,82.09,2021-11-13T08:34:47+00:00,2019-04-26
bd37677a81e4dcff4a39333c1b96d238,VirusShare_00499,strictor,192889,exe,trojan,80.88,2021-11-14T18:11:37+00:00,2019-04-26
be09c3998e1b74ae3790d66a4ad3f47d,VirusShare_00499,strictor,192880,exe,trojan,79.41,2021-11-15T11:59:15+00:00,2019-04-26
bf02283c3a950c1162a68747f9d261c8,VirusShare_00499,strictor,192890,exe,trojan,81.54,2021-11-17T03:18:47+00:00,2019-04-26
bf8e204839b4c510a12d74d05afd1540,VirusShare_00499,strictor,196791,exe,trojan,77.61,2021-11-12T06:41:55+00:00,2019-04-26
bf8f0864151ea9315f7a4dfe25e0910a,VirusShare_00499,strictor,192891,exe,trojan,79.41,2021-11-17T10:02:39+00:00,2019-04-26
bfa2a71e5d2592e54e024c41538c6e99,VirusShare_00499,strictor,192935,exe,trojan,67.65,2021-11-14T20:57:29+00:00,2019-04-26
bfce8819af9efaaa1817beb9aae576a3,VirusShare_00499,strictor,192858,exe,trojan,79.1,2021-11-13T15:48:22+00:00,2019-04-26
bfefb2dbfaf7fc34a3a08ac4fbd70879,VirusShare_00499,strictor,192897,exe,trojan,66.67,2021-11-13T13:10:39+00:00,2019-04-26
c0934e4060ac78f7c2711774aab8725e,VirusShare_00499,strictor,196722,exe,trojan,66.18,2021-11-13T18:36:21+00:00,2019-04-26
c1c9d193e43fe9d3f1411517f7490b0e,VirusShare_00499,strictor,192890,exe,trojan,77.94,2021-11-14T04:27:32+00:00,2019-04-26
c271636a855aef2543af68a5a8fd376c,VirusShare_00499,strictor,192889,exe,trojan,81.54,2021-11-17T13:01:50+00:00,2019-04-26
c2df65256f4cad8b4a9c7c3a32600943,VirusShare_00499,strictor,192844,exe,trojan,77.61,2021-11-11T11:34:52+00:00,2019-04-26
c38772122d2b01089bf7d6583081f68f,VirusShare_00499,strictor,196721,exe,trojan,67.65,2021-11-13T17:38:14+00:00,2019-04-26
c4aaa231f77f214ad0dc7b350a17435d,VirusShare_00499,strictor,192925,exe,trojan,78.46,2021-11-17T08:15:21+00:00,2019-04-26
c5138696b8274a4e8eae98b7254a4450,VirusShare_00499,strictor,192889,exe,trojan,79.1,2021-11-14T08:38:44+00:00,2019-04-26
c5141ccae6b36bcbcc78b33e95fc41c0,VirusShare_00499,strictor,192903,exe,trojan,67.65,2021-11-13T13:10:28+00:00,2019-04-26
c527fc802520458b86c65ab4064be371,VirusShare_00499,strictor,192840,exe,trojan,77.94,2021-11-13T16:37:13+00:00,2019-04-26
c783177e20afeb9020ce7c1fac7a6864,VirusShare_00499,strictor,192866,exe,trojan,79.1,2021-11-12T07:28:09+00:00,2019-04-26
c885939ee3fd8927ed9d67d63c161c5f,VirusShare_00499,strictor,196793,exe,trojan,74.24,2021-11-12T03:56:09+00:00,2019-04-26
c8c5d11de3eb752725eb9dcfbcc4de87,VirusShare_00499,strictor,196823,exe,trojan,76.12,2021-11-12T09:11:09+00:00,2019-04-26
c95a11e8edb3a2681105bf018dadb43a,VirusShare_00499,strictor,192923,exe,trojan,77.61,2021-11-17T12:11:23+00:00,2019-04-26
cc2fad911670399bb36e52ac1f3962af,VirusShare_00499,strictor,192900,exe,trojan,78.79,2021-11-13T13:09:11+00:00,2019-04-26
cc42f6c87f44af43f4dda58cc8dadccd,VirusShare_00499,strictor,192909,exe,trojan,78.69,2021-11-16T09:51:14+00:00,2019-04-26
cd627be3c1529000509bc53c8f5a609e,VirusShare_00499,strictor,192917,exe,trojan,80.88,2021-11-17T01:51:27+00:00,2019-04-26
cdaf89983ca86a57c4d3dc07bd1e354b,VirusShare_00499,strictor,192916,exe,trojan,76.19,2021-11-17T06:57:15+00:00,2019-04-26
cdcd2a75a1121cff62c0a2f1e89a20ab,VirusShare_00499,strictor,196776,exe,trojan,79.1,2021-11-13T03:22:39+00:00,2019-04-26
d11403c981cc2a23c60fe120e5cf16f4,VirusShare_00499,strictor,192866,exe,trojan,76.12,2021-11-14T00:09:33+00:00,2019-04-26
d2d3b881b7e0796af8c6b1f60f113941,VirusShare_00499,strictor,192932,exe,trojan,66.18,2021-11-14T20:57:22+00:00,2019-04-26
d571873e07c031d809f3853bb8b97e64,VirusShare_00499,strictor,192937,exe,trojan,77.27,2021-11-15T23:42:01+00:00,2019-04-26
d6c7d497f6a936deef991ca1727edd55,VirusShare_00499,strictor,192728,exe,trojan,79.41,2021-11-13T12:54:16+00:00,2019-04-26
d6d811b3db550b59ea71565fca934ae6,VirusShare_00499,strictor,192902,exe,trojan,73.77,2021-11-17T00:46:57+00:00,2019-04-26
da4e6e55caa136d5766f59d6bf193654,VirusShare_00499,strictor,192900,exe,trojan,69.12,2021-11-13T13:10:27+00:00,2019-04-26
df3ba4abffc51ad3797818d99e7df330,VirusShare_00499,strictor,192840,exe,trojan,76.12,2021-11-17T02:18:50+00:00,2019-04-26
e0cb0444db3518cc68fd2dd4e215147b,VirusShare_00499,strictor,192920,exe,trojan,68.18,2021-11-13T13:10:23+00:00,2019-04-26
e0d8c3a7c84aaf4c1694bbb7a28d1c3e,VirusShare_00499,strictor,192890,exe,trojan,66.18,2021-11-09T12:09:41+00:00,2019-04-26
e16dc4f8e330488f0229749775f63ecc,VirusShare_00499,strictor,192936,exe,trojan,67.65,2021-11-14T20:57:28+00:00,2019-04-26
e1d00f11e7b08c379cc81b6d6ef620d6,VirusShare_00499,strictor,192929,exe,trojan,67.16,2021-11-13T13:10:27+00:00,2019-04-26
e3187dddd756ecf33a619e0ebd4afeca,VirusShare_00499,strictor,192935,exe,trojan,66.67,2021-11-13T13:10:39+00:00,2019-04-26
e3500ab9e0b593ecfaa2d877b9ab81b7,VirusShare_00499,strictor,192897,exe,trojan,67.65,2021-11-13T13:10:29+00:00,2019-04-26
e52bb9ea0e3680bf8efe8e099556f573,VirusShare_00499,strictor,192909,exe,trojan,69.12,2021-11-12T18:55:09+00:00,2019-04-26
e63a6dadeb86c4afd7dddb5b4cf96f8f,VirusShare_00499,strictor,192886,exe,trojan,80.6,2021-11-15T12:55:47+00:00,2019-04-26
e9d57037a62025088b82b63267e1a7da,VirusShare_00499,strictor,192928,exe,trojan,68.18,2021-11-13T13:10:38+00:00,2019-04-26
ea2bea9b778063e184d7251c54864b4e,VirusShare_00499,strictor,192903,exe,trojan,66.67,2021-11-14T20:57:23+00:00,2019-04-26
ec4c881d4ed2ff1027a211d6208e2799,VirusShare_00499,strictor,192881,exe,trojan,66.18,2021-11-09T05:05:31+00:00,2019-04-26
ec75644298c57dff8d2d1a37a7ded104,VirusShare_00499,strictor,192909,exe,trojan,56.72,2021-11-12T18:57:27+00:00,2019-04-26
ed795c2a5b4887ba4dfb4b19c05b270c,VirusShare_00499,strictor,196804,exe,trojan,79.41,2021-11-15T10:11:07+00:00,2019-04-26
ee11f0206061214e23c08736a455a851,VirusShare_00499,strictor,192909,exe,trojan,72.06,2021-11-12T19:08:23+00:00,2019-04-26
ee8c15a6360ffa0f9494c2ced7796d35,VirusShare_00499,strictor,192881,exe,trojan,82.35,2021-11-13T16:09:26+00:00,2019-04-26
f071ad6b15e9e84fe9b9826e57c6601d,VirusShare_00499,strictor,192910,exe,trojan,69.12,2021-11-13T13:10:33+00:00,2019-04-26
f19abb725344ff34fd4a2caf3ddbf3ce,VirusShare_00499,strictor,196743,exe,trojan,64.18,2021-11-09T13:34:58+00:00,2019-04-26
f1e9da910c40237723b6b3d0f1c89758,VirusShare_00499,strictor,192899,exe,trojan,67.65,2021-11-13T13:10:26+00:00,2019-04-26
f2ea970e126d0d451b7004dc5807a862,VirusShare_00499,strictor,196736,exe,trojan,77.94,2021-11-13T13:23:27+00:00,2019-04-26
f38962fae36f18865eb5e81f6556a01b,VirusShare_00499,strictor,192901,exe,trojan,80.88,2021-11-13T18:36:18+00:00,2019-04-26
f38f9fbaf3339b42de5229083ecf6cfb,VirusShare_00499,strictor,192895,exe,trojan,67.16,2021-11-13T13:10:25+00:00,2019-04-26
f4568f35177e1ecc3ed1ca89f4b73244,VirusShare_00499,strictor,192926,exe,trojan,67.65,2021-11-13T13:10:28+00:00,2019-04-26
f4d9ff39b7f4bbca18b7cbc4b8f5a150,VirusShare_00499,strictor,192894,exe,trojan,79.41,2021-11-17T02:02:53+00:00,2019-04-26
f724f9070d0de1cf12e561e9ef21bd11,VirusShare_00499,strictor,196814,exe,trojan,63.77,2021-11-09T12:41:02+00:00,2019-04-26
f79b14d96c9cb006b3532654bbcc16de,VirusShare_00499,strictor,196762,exe,trojan,62.69,2021-11-09T13:35:05+00:00,2019-04-26
f86989351ce5a333e84d00723726bceb,VirusShare_00499,strictor,192933,exe,trojan,66.67,2021-11-13T13:10:23+00:00,2019-04-26
f955fa60a77b5efdc034c3e81c3acf7a,VirusShare_00499,strictor,192891,exe,trojan,67.65,2021-11-10T18:25:33+00:00,2019-04-26
fab88b5fa47ca41dcfde0d3f285a2d2b,VirusShare_00499,strictor,192904,exe,trojan,77.61,2021-11-17T08:36:47+00:00,2019-04-26
fbdb0c8da045490e1f8fb812844ab6d8,VirusShare_00499,strictor,192919,exe,trojan,68.66,2021-11-13T13:10:40+00:00,2019-04-26
ffa2b22ffcf48cf8d7985ebd66237852,VirusShare_00499,strictor,192908,exe,trojan,67.65,2021-11-13T13:10:39+00:00,2019-04-26
ffe7d7d2514d353ed4939e643cb2b65e,VirusShare_00499,strictor,192845,exe,trojan,65.15,2021-11-09T05:05:16+00:00,2019-04-26
3a345e32410481dcd993a992380b9fc5,VirusShare_00499,strictor,6952960,exe,trojan,52.94,2021-11-17T01:05:55+00:00,2019-05-06
18a7332f81cabc6641aa2f70e34e2f5b,VirusShare_00499,strictor,3594611,exe,trojan,39.71,2021-11-12T11:47:12+00:00,2020-01-27
6b4b405a1f8747689b90df8eace2a6e0,VirusShare_00499,strictor,3594611,exe,trojan,42.42,2021-11-13T05:32:23+00:00,2020-01-27
910b2e7fca6f8778d75e653dedc6cbbf,VirusShare_00499,strictor,3594611,exe,trojan,42.65,2021-11-13T12:13:24+00:00,2020-01-27
e66d5ce3ee24d406835b5f6de33dd0a4,VirusShare_00499,strictor,2676708,exe,trojan,43.28,2021-11-12T17:12:48+00:00,2020-01-27
1f3a51b7a3689daa72fde3d952e76ff8,VirusShare_00495,strictor,848384,exe,trojan,39.71,2021-11-05T18:33:32+00:00,2021-08-19
e6a02ab71034ac02542b1cf6ffc47c6a,VirusShare_00495,strictor,848384,exe,trojan,39.71,2021-11-05T18:33:49+00:00,2021-08-19
5f6aae02b11b2360990160d15eccf3b6,VirusShare_00499,strictor,552448,exe,trojan,41.54,2021-11-15T12:32:50+00:00,2021-11-15
ee997c35fca1094cf6ca6ca00e410f78,VirusShare_00499,strictor,684544,exe,trojan,49.23,2021-11-17T00:30:06+00:00,2021-11-16
f2ab26d577e07a388b48cd69c7f3d3a3,VirusShare_00499,strictor,668160,exe,trojan,38.24,2021-11-17T16:16:10+00:00,2101-03-28
