hash_md5,lote_origen,familia_probable,size,extension,tipo_probable,detection_percent,fecha_escaneo_vt,dia_creacion_archivo
0018aa7fe96a8a38acc05bcb436528a6,VirusShare_00495,vbclone,192685,exe,trojan,70.59,2021-11-07T09:16:14+00:00,2019-01-12
004c155d2b646212c2d1d7dede1cbb74,VirusShare_00495,vbclone,192591,exe,trojan,65.22,2021-10-31T10:11:23+00:00,2019-01-12
0070c46106440b76e9866de24a032e16,VirusShare_00495,vbclone,192651,exe,trojan,65.22,2021-11-04T17:28:43+00:00,2019-01-12
00b0d0384a79de518b88f7a9ba67b2a7,VirusShare_00495,vbclone,196716,exe,trojan,82.35,2021-11-06T05:40:28+00:00,2019-01-12
00b861805b09dad5e326d46ea0636e49,VirusShare_00495,vbclone,196736,exe,trojan,75.81,2021-11-05T07:16:04+00:00,2019-01-12
00e7157d9d8c0387e19ac5d39620d03f,VirusShare_00495,vbclone,196746,exe,trojan,77.27,2021-11-06T05:41:25+00:00,2019-01-12
00ea78a4aa27d4e42ea62c40ea21c002,VirusShare_00495,vbclone,196726,exe,trojan,79.71,2021-11-05T22:15:20+00:00,2019-01-12
01306f29556c03ccb0b0413b5d1862c7,VirusShare_00495,vbclone,192600,exe,trojan,63.77,2021-10-31T10:11:35+00:00,2019-01-12
01708c1f21a69ccf663f3f044766b09d,VirusShare_00495,vbclone,192689,exe,trojan,68.12,2021-11-07T10:29:17+00:00,2019-01-12
017a4eb42aeb9161815065064211d68f,VirusShare_00495,vbclone,196733,exe,trojan,82.35,2021-11-06T00:52:20+00:00,2019-01-12
01a23c412ee46e067d2daf9dfdb957e8,VirusShare_00495,vbclone,192695,exe,trojan,68.66,2021-11-07T10:29:17+00:00,2019-01-12
01a415858ee785fac2453bc49419420c,VirusShare_00495,vbclone,196797,exe,trojan,65.67,2021-11-07T10:58:09+00:00,2019-01-12
01ae16868e353b8d195edbe93f3496d9,VirusShare_00495,vbclone,196769,exe,trojan,67.65,2021-11-07T10:58:16+00:00,2019-01-12
01c1c2d879f6f5bdc46529ce3cc76a98,VirusShare_00495,vbclone,196725,exe,trojan,66.67,2021-11-02T09:54:01+00:00,2019-01-12
022cf918078460bd4fc5a52d88739fdc,VirusShare_00495,vbclone,192640,exe,trojan,63.77,2021-11-04T17:28:56+00:00,2019-01-12
02344cb1c224b66916db51ee3f8c44e2,VirusShare_00495,vbclone,192582,exe,trojan,68.12,2021-10-31T09:51:51+00:00,2019-01-12
0301ddef85d3d9219fa89f9ce0c8e55a,VirusShare_00495,vbclone,196639,exe,trojan,70.59,2021-10-31T17:52:21+00:00,2019-01-12
035c99dc0f1488d3c1d54fc9aafd54d4,VirusShare_00495,vbclone,192696,exe,trojan,66.18,2021-11-07T09:16:26+00:00,2019-01-12
03811faa11bcdbdfef7d55c8ededb6d8,VirusShare_00495,vbclone,192664,exe,trojan,68.66,2021-11-07T10:29:05+00:00,2019-01-12
04377412b3f5f06d3a8cf7c1af7cc9a8,VirusShare_00495,vbclone,192669,exe,trojan,72.73,2021-11-09T13:14:59+00:00,2019-01-12
04629ba6f149e1b1e252801465913061,VirusShare_00495,vbclone,192595,exe,trojan,81.16,2021-11-04T13:12:47+00:00,2019-01-12
04944f4786234f637518d1f96770d3b7,VirusShare_00495,vbclone,196775,exe,trojan,79.71,2021-11-06T03:28:29+00:00,2019-01-12
04f2aab054c0f2fe4702c3fbcaf91aca,VirusShare_00495,vbclone,196664,exe,trojan,66.18,2021-10-31T13:51:47+00:00,2019-01-12
0599b87afbdc9d72e88fe3680aaac2ba,VirusShare_00495,vbclone,196728,exe,trojan,75.0,2021-11-09T14:34:47+00:00,2019-01-12
05b168befb2a9c6e5daaccb0682936c8,VirusShare_00495,vbclone,196647,exe,trojan,68.12,2021-10-31T13:51:45+00:00,2019-01-12
05d1bb2c703ee5f4dca625018ee7aa08,VirusShare_00495,vbclone,192569,exe,trojan,78.26,2021-11-03T13:32:33+00:00,2019-01-12
05fc5fdd9d7541e7e49bebb1cc61c56c,VirusShare_00495,vbclone,196695,exe,trojan,70.59,2021-11-01T06:26:03+00:00,2019-01-12
061a54290f0d1d220499914bb8f1df81,VirusShare_00495,vbclone,196788,exe,trojan,63.24,2021-11-07T10:58:08+00:00,2019-01-12
068c140f187e5e9015bae3e037625a28,VirusShare_00495,vbclone,196664,exe,trojan,66.67,2021-10-31T13:51:41+00:00,2019-01-12
06b348c622880c5fd321213a66821667,VirusShare_00495,vbclone,192597,exe,trojan,66.67,2021-10-31T05:21:30+00:00,2019-01-12
06dd4f7e7b4079e8208d55b2584f3789,VirusShare_00495,vbclone,189233,exe,trojan,68.12,2021-11-02T10:12:17+00:00,2019-01-12
06efecd4f707014b512f70dabe68c327,VirusShare_00495,vbclone,196730,exe,trojan,68.12,2021-11-04T17:30:36+00:00,2019-01-12
06f1c3628493d0fea180bdff5c97dc5b,VirusShare_00495,vbclone,192593,exe,trojan,75.0,2021-11-04T06:01:59+00:00,2019-01-12
072c3a02848150b87745f0a0b37558c3,VirusShare_00495,vbclone,196634,exe,trojan,69.12,2021-10-31T17:52:09+00:00,2019-01-12
0770c878e6df9f1d23ce1a57668c2de5,VirusShare_00495,vbclone,196757,exe,trojan,79.41,2021-11-05T18:25:41+00:00,2019-01-12
07cdbd8fd52236927cf51ab2a81f4e14,VirusShare_00495,vbclone,192602,exe,trojan,73.91,2021-11-05T00:39:31+00:00,2019-01-12
08905926f4c6c89566daf11ae161f143,VirusShare_00495,vbclone,196704,exe,trojan,76.81,2021-11-03T04:35:22+00:00,2019-01-12
08f822a918ef3ed5e239345b56354d1c,VirusShare_00495,vbclone,192658,exe,trojan,64.62,2021-11-05T06:29:16+00:00,2019-01-12
092bdf25af638a7412f275bd1e20fc3b,VirusShare_00495,vbclone,192689,exe,trojan,66.18,2021-11-08T07:50:59+00:00,2019-01-12
0935d01c5bee7bcd09fe89783a19bc04,VirusShare_00495,vbclone,192606,exe,trojan,76.12,2021-11-05T15:15:21+00:00,2019-01-12
095f7b9a95a56753644160e2a0dedfd1,VirusShare_00495,vbclone,192687,exe,trojan,67.19,2021-11-07T09:16:19+00:00,2019-01-12
09c02783f97085452f47604671e22041,VirusShare_00495,vbclone,192620,exe,trojan,65.22,2021-10-31T10:11:33+00:00,2019-01-12
09e1a9fd13e39aefbe501d3539baf1db,VirusShare_00495,vbclone,196752,exe,trojan,82.61,2021-11-08T19:58:12+00:00,2019-01-12
0a24dd94c7b78b835a3290dbab07cdae,VirusShare_00495,vbclone,196782,exe,trojan,69.57,2021-10-31T07:23:46+00:00,2019-01-12
0a4f0852c5b2765a03f55875eed5330a,VirusShare_00495,vbclone,192556,exe,trojan,66.67,2021-11-02T16:49:26+00:00,2019-01-12
0aa404c34a45bc1c561e621f67c76298,VirusShare_00495,vbclone,192617,exe,trojan,67.65,2021-10-31T21:32:12+00:00,2019-01-12
0ab7ad848a134f542d0668c965b54364,VirusShare_00495,vbclone,192598,exe,trojan,66.18,2021-10-31T09:51:49+00:00,2019-01-12
0ae0799bee1235682d0567913bcb7acb,VirusShare_00495,vbclone,192668,exe,trojan,70.59,2021-11-07T09:16:17+00:00,2019-01-12
0b75c4a3d18f4a4de3ed3a7d23d1985b,VirusShare_00495,vbclone,196756,exe,trojan,69.12,2021-11-02T07:26:10+00:00,2019-01-12
0b80145c6644a4e3d4d9e629932d3dc5,VirusShare_00495,vbclone,196750,exe,trojan,68.12,2021-10-31T14:02:31+00:00,2019-01-12
0bdbe352b0d10b94008a9b7d4924a41c,VirusShare_00495,vbclone,192599,exe,trojan,66.67,2021-10-31T05:21:39+00:00,2019-01-12
0be57a879c1891bbc795440b3c9aa7f8,VirusShare_00495,vbclone,196706,exe,trojan,78.26,2021-11-02T10:35:02+00:00,2019-01-12
0be79dcacc10516df5c2ae631543ce42,VirusShare_00495,vbclone,192602,exe,trojan,70.59,2021-10-31T09:51:51+00:00,2019-01-12
0bfba9afc07cd64bd66c59a636f40f87,VirusShare_00495,vbclone,189239,exe,trojan,63.77,2021-11-05T21:59:51+00:00,2019-01-12
0c1a6f8bd794e95cdc7820c364ed79df,VirusShare_00495,vbclone,196751,exe,trojan,82.61,2021-11-05T11:59:50+00:00,2019-01-12
0c20e01b74ecaecab21a29dae18b0954,VirusShare_00495,vbclone,192608,exe,trojan,63.24,2021-11-02T07:20:24+00:00,2019-01-12
0c217121199d3b90526a81f9e96da51e,VirusShare_00495,vbclone,196709,exe,trojan,69.57,2021-11-07T07:28:15+00:00,2019-01-12
0ca62d60b7e01ec1240e1963fea9e305,VirusShare_00495,vbclone,192660,exe,trojan,67.65,2021-11-05T06:29:32+00:00,2019-01-12
0d6fa7f48949c49a04502b5cecfceb1f,VirusShare_00495,vbclone,192593,exe,trojan,80.88,2021-11-06T10:12:37+00:00,2019-01-12
0dae207b46b14d254b45fdd063a2a59b,VirusShare_00495,vbclone,196751,exe,trojan,64.71,2021-11-07T11:50:31+00:00,2019-01-12
0db2214b6224c98e9ff831a30d334017,VirusShare_00495,vbclone,196715,exe,trojan,73.53,2021-11-05T07:47:13+00:00,2019-01-12
0dcc22f85c9f848a20ef302b20524a96,VirusShare_00495,vbclone,196763,exe,trojan,81.16,2021-11-08T21:46:28+00:00,2019-01-12
0e0f17b5c82bb8104ce7516c97780bbf,VirusShare_00495,vbclone,192605,exe,trojan,65.22,2021-10-31T10:11:23+00:00,2019-01-12
0e6daee8d4d5d0b7682ff56775fa74cd,VirusShare_00495,vbclone,196748,exe,trojan,76.47,2021-11-04T23:56:57+00:00,2019-01-12
0e9322a7a53cf3522d4698fc99c6f687,VirusShare_00495,vbclone,192617,exe,trojan,69.57,2021-11-04T07:07:41+00:00,2019-01-12
0ea467822da186d01f4fa31fec477bec,VirusShare_00495,vbclone,192672,exe,trojan,64.62,2021-11-05T06:29:27+00:00,2019-01-12
0ea5da04ed41644ef92737ff5063f24a,VirusShare_00495,vbclone,196620,exe,trojan,79.71,2021-11-05T13:19:49+00:00,2019-01-12
0eb6d1ebd62624fb894f001e3edafe1c,VirusShare_00495,vbclone,196747,exe,trojan,78.79,2021-11-08T22:10:22+00:00,2019-01-12
0ee4a23633ac5523b2099c16aabf1b7f,VirusShare_00495,vbclone,196693,exe,trojan,69.57,2021-10-31T12:37:52+00:00,2019-01-12
0ee63a20888319f16fcd8b5a5f147dd9,VirusShare_00495,vbclone,196765,exe,trojan,67.16,2021-11-07T11:50:35+00:00,2019-01-12
0f0565abfcce7be8e9c644ba951a9895,VirusShare_00495,vbclone,192694,exe,trojan,62.32,2021-11-03T16:47:19+00:00,2019-01-12
0fb3c49a4228eb89ccc0d5dc3b67217d,VirusShare_00495,vbclone,192661,exe,trojan,67.65,2021-11-08T07:51:01+00:00,2019-01-12
0ff8830538b034ac70de079201edeeb9,VirusShare_00495,vbclone,192596,exe,trojan,66.18,2021-10-31T05:21:28+00:00,2019-01-12
0ff9b8675b7171a5c386d7cb2ddf3f34,VirusShare_00495,vbclone,192689,exe,trojan,66.67,2021-11-08T07:51:00+00:00,2019-01-12
1039d4f6712082efc0c8de3a5169790b,VirusShare_00495,vbclone,196644,exe,trojan,68.12,2021-10-31T17:52:16+00:00,2019-01-12
108bb62023930356663b6e2048a7b891,VirusShare_00495,vbclone,196766,exe,trojan,68.12,2021-11-07T11:50:32+00:00,2019-01-12
10babcb5dc8ed44b143c3a9008e7eb08,VirusShare_00495,vbclone,196737,exe,trojan,81.16,2021-11-06T10:39:40+00:00,2019-01-12
10ddcbe9d44ef8d6c2daa0293ba999e8,VirusShare_00495,vbclone,196749,exe,trojan,66.67,2021-11-04T17:30:50+00:00,2019-01-12
10eb0e62ef0a88f3a6f3252e5ccea04e,VirusShare_00495,vbclone,192637,exe,trojan,62.69,2021-11-04T07:07:57+00:00,2019-01-12
1130bce84e7d3fd08d57c8828c94d56a,VirusShare_00495,vbclone,196667,exe,trojan,68.12,2021-11-01T10:24:49+00:00,2019-01-12
1135b9ce86990c09914b52911a20ecee,VirusShare_00495,vbclone,192695,exe,trojan,69.12,2021-11-08T07:50:56+00:00,2019-01-12
121d907092be624b5be9d809a5095183,VirusShare_00495,vbclone,192647,exe,trojan,62.32,2021-11-07T05:01:07+00:00,2019-01-12
12559136567a16cdc55986b25e5c01d7,VirusShare_00495,vbclone,192609,exe,trojan,75.36,2021-11-03T04:31:57+00:00,2019-01-12
12677d7190f75f0441e6b9b73c7ba022,VirusShare_00495,vbclone,196666,exe,trojan,67.65,2021-11-01T19:58:52+00:00,2019-01-12
126b09730f0637f0b9489ae8946d63f3,VirusShare_00495,vbclone,192600,exe,trojan,63.77,2021-11-02T07:20:25+00:00,2019-01-12
12852e082523b4b3ae43a06d06c3543f,VirusShare_00495,vbclone,196756,exe,trojan,63.77,2021-11-02T07:26:05+00:00,2019-01-12
12bda99797d23527bc9b47032833c780,VirusShare_00495,vbclone,192614,exe,trojan,65.67,2021-11-02T07:20:20+00:00,2019-01-12
13004e837b2bb9f00e8a405f75261844,VirusShare_00495,vbclone,196796,exe,trojan,69.12,2021-11-07T10:58:09+00:00,2019-01-12
131c1dd24ec6c252e01df22e4f46c418,VirusShare_00495,vbclone,192610,exe,trojan,75.36,2021-11-03T02:38:55+00:00,2019-01-12
13275038569312db1ed28832178c9b5c,VirusShare_00495,vbclone,192607,exe,trojan,64.18,2021-11-02T07:20:21+00:00,2019-01-12
13a3f32bb7bc8c891e0bd3ebef78ce2c,VirusShare_00495,vbclone,192649,exe,trojan,63.77,2021-11-04T07:07:44+00:00,2019-01-12
13c1f9ec98580bc2b7e3a626d4f5d679,VirusShare_00495,vbclone,196774,exe,trojan,67.65,2021-11-07T10:58:12+00:00,2019-01-12
14019ae1ad8b1e6d6ceb10da1d5c825a,VirusShare_00495,vbclone,192595,exe,trojan,64.71,2021-10-31T03:30:22+00:00,2019-01-12
1414de2f48c302abec83845ea5ac39f7,VirusShare_00495,vbclone,189225,exe,trojan,63.64,2021-11-02T10:12:14+00:00,2019-01-12
1476e25840556fb4bfceadd32eb51049,VirusShare_00495,vbclone,192621,exe,trojan,66.18,2021-11-04T07:07:58+00:00,2019-01-12
148760a801bc61eeff0a51fd24ff112f,VirusShare_00495,vbclone,192650,exe,trojan,63.77,2021-11-07T05:01:18+00:00,2019-01-12
14f19f46497915a92d8b0284f2426a8e,VirusShare_00495,vbclone,192645,exe,trojan,65.67,2021-11-05T06:29:17+00:00,2019-01-12
157580f5ee0c1dc914dc1ee7ee1bc3b7,VirusShare_00495,vbclone,192700,exe,trojan,66.18,2021-11-07T09:16:20+00:00,2019-01-12
15f9f6cfaf198eab0d6ab4639c0f9a5c,VirusShare_00495,vbclone,196662,exe,trojan,64.52,2021-11-02T14:08:54+00:00,2019-01-12
1625da70ee9b20164216d934a4492a95,VirusShare_00495,vbclone,192613,exe,trojan,68.66,2021-11-03T08:02:38+00:00,2019-01-12
166ee58ae33c07cb5b9f50142434b0e4,VirusShare_00495,vbclone,196650,exe,trojan,72.06,2021-10-31T13:51:46+00:00,2019-01-12
16b8671f5c98229506cbb6bbca8f7819,VirusShare_00495,vbclone,189218,exe,trojan,66.67,2021-11-02T10:12:16+00:00,2019-01-12
1747bd15b373c3d2a1911b131e771d11,VirusShare_00495,vbclone,192593,exe,trojan,78.26,2021-11-03T13:55:55+00:00,2019-01-12
1786def1eb0bb7bbf1d954f9e33e56d6,VirusShare_00495,vbclone,196785,exe,trojan,82.61,2021-11-05T15:34:43+00:00,2019-01-12
17b45acded0c7b417e47545c063586af,VirusShare_00495,vbclone,192652,exe,trojan,66.18,2021-11-04T07:07:42+00:00,2019-01-12
17c0e9f686a380802f466b6277bbf130,VirusShare_00495,vbclone,196721,exe,trojan,66.67,2021-11-07T07:28:18+00:00,2019-01-12
17e061e841f65f42e65cea66bbf000df,VirusShare_00495,vbclone,192665,exe,trojan,63.24,2021-11-06T21:38:04+00:00,2019-01-12
1825fd9c01d1d463a1c78a0bbce56e53,VirusShare_00495,vbclone,192575,exe,trojan,66.67,2021-11-01T12:41:28+00:00,2019-01-12
186adfe48e64614e995c326206af253d,VirusShare_00495,vbclone,192668,exe,trojan,67.65,2021-11-05T06:29:24+00:00,2019-01-12
1871982cc2b7be1db445d940845ba55b,VirusShare_00495,vbclone,192697,exe,trojan,67.16,2021-11-08T07:51:02+00:00,2019-01-12
187339730d996d30b9ce65b06be01233,VirusShare_00495,vbclone,192676,exe,trojan,65.22,2021-11-07T05:01:22+00:00,2019-01-12
18e203fead886b1c738787f6bde25f9f,VirusShare_00495,vbclone,196750,exe,trojan,66.67,2021-11-04T17:30:43+00:00,2019-01-12
18f9bb41580cee6c58d31b2ea224aca8,VirusShare_00495,vbclone,192605,exe,trojan,67.65,2021-11-03T08:02:28+00:00,2019-01-12
199a3de8c4b70141cef060e6d3209fde,VirusShare_00495,vbclone,192670,exe,trojan,67.65,2021-11-05T06:29:30+00:00,2019-01-12
19b5e472992074250e5842936d61cc40,VirusShare_00495,vbclone,192695,exe,trojan,65.67,2021-11-08T07:50:58+00:00,2019-01-12
19dc258f13b8c92363a2629ebd198496,VirusShare_00495,vbclone,196754,exe,trojan,68.25,2021-11-04T17:30:54+00:00,2019-01-12
1a254e091e46e3561871b404502b7ac6,VirusShare_00495,vbclone,196694,exe,trojan,79.41,2021-11-07T04:33:20+00:00,2019-01-12
1acc553b2a8f4a0c8a45fd1bcf98fbf2,VirusShare_00495,vbclone,192652,exe,trojan,63.24,2021-11-07T05:01:21+00:00,2019-01-12
1ae38008585f1ce90ce1c651a6029667,VirusShare_00495,vbclone,192658,exe,trojan,65.22,2021-11-04T17:28:53+00:00,2019-01-12
1affc3bb5244c849620823f238c28fd7,VirusShare_00495,vbclone,192678,exe,trojan,67.69,2021-11-05T06:29:26+00:00,2019-01-12
1b0a4c5f2f4860706a03b106b0452aaa,VirusShare_00495,vbclone,192627,exe,trojan,66.67,2021-11-04T07:07:44+00:00,2019-01-12
1b6046287f989ce550c3145206dd9ca7,VirusShare_00495,vbclone,192580,exe,trojan,66.67,2021-11-02T16:49:19+00:00,2019-01-12
1b7ac32791ed634dddfe73e06a63bf44,VirusShare_00495,vbclone,192681,exe,trojan,63.77,2021-11-03T16:47:23+00:00,2019-01-12
1b9613964e2407ff99722b7fea647328,VirusShare_00495,vbclone,192692,exe,trojan,66.67,2021-11-07T09:16:16+00:00,2019-01-12
1ba4151475ca32bee0fc40afc7e39e4c,VirusShare_00495,vbclone,192657,exe,trojan,63.24,2021-11-07T05:01:14+00:00,2019-01-12
1bc259212fc7cb21331eddbf4e52b5dd,VirusShare_00495,vbclone,196677,exe,trojan,81.16,2021-11-04T15:27:26+00:00,2019-01-12
1c0e6a2224e3fadd03cc832abe32e4d9,VirusShare_00495,vbclone,192678,exe,trojan,78.26,2021-11-06T22:11:26+00:00,2019-01-12
1c4956eb8bd15b06bbdda10c5be59df6,VirusShare_00495,vbclone,192607,exe,trojan,75.0,2021-11-10T01:13:13+00:00,2019-01-12
1c587c8f6b6f5afa65bb552c308c5781,VirusShare_00495,vbclone,192579,exe,trojan,73.91,2021-11-06T13:05:58+00:00,2019-01-12
1c5f24e68ff5c6f1d657e1b257a6d900,VirusShare_00495,vbclone,196627,exe,trojan,66.67,2021-10-31T17:52:27+00:00,2019-01-12
1cba536cc80c3428d7997a411ccf8b87,VirusShare_00495,vbclone,192596,exe,trojan,66.67,2021-10-31T09:51:52+00:00,2019-01-12
1d7ef8a05fb63769cb74812cd3e78a6a,VirusShare_00495,vbclone,189246,exe,trojan,67.74,2021-11-02T10:12:14+00:00,2019-01-12
1d89d6e737d745bdea9482f877cd60d8,VirusShare_00495,vbclone,192691,exe,trojan,69.12,2021-11-07T09:16:20+00:00,2019-01-12
1deac5d99076ec65965e82e401a9f225,VirusShare_00495,vbclone,192694,exe,trojan,69.7,2021-11-07T09:16:26+00:00,2019-01-12
1eccfaf6e993fc9164b1bab20bc4f7d1,VirusShare_00495,vbclone,192673,exe,trojan,64.18,2021-11-07T05:01:03+00:00,2019-01-12
1ed2ed5c01ad5e8e2b6a64de59aaa78c,VirusShare_00495,vbclone,192583,exe,trojan,66.67,2021-10-31T03:30:19+00:00,2019-01-12
1f229a3861a1e45110432ee791e1de3a,VirusShare_00495,vbclone,192586,exe,trojan,68.18,2021-10-31T03:30:24+00:00,2019-01-12
1f29506c1871fc251a50734db09e348c,VirusShare_00495,vbclone,196651,exe,trojan,81.16,2021-11-05T20:30:32+00:00,2019-01-12
1f36bd07e800950cc5e294f246e51707,VirusShare_00495,vbclone,192614,exe,trojan,76.47,2021-11-03T18:10:17+00:00,2019-01-12
1f4c1258cb91100cca54b6ebb8831841,VirusShare_00495,vbclone,196774,exe,trojan,69.57,2021-10-31T07:23:48+00:00,2019-01-12
206f0838ad952a0db46fba3b7cc671aa,VirusShare_00495,vbclone,196677,exe,trojan,68.12,2021-11-04T17:24:45+00:00,2019-01-12
20b2cdd7740f42e6c7d5641fdf461320,VirusShare_00495,vbclone,192582,exe,trojan,75.0,2021-11-08T04:32:13+00:00,2019-01-12
20fe18fbd1e5736cd3ca7d72730d63eb,VirusShare_00495,vbclone,196731,exe,trojan,69.7,2021-11-02T06:11:15+00:00,2019-01-12
20fe1e171fe084da9ebcc68aab8a8d78,VirusShare_00495,vbclone,192610,exe,trojan,65.22,2021-11-06T17:22:09+00:00,2019-01-12
21d26cd3cadf1a8456cfcc61b093fbca,VirusShare_00495,vbclone,192595,exe,trojan,66.67,2021-10-31T05:21:37+00:00,2019-01-12
21d6512102a35214825ce2f0ff09492c,VirusShare_00495,vbclone,192566,exe,trojan,72.06,2021-10-31T08:23:23+00:00,2019-01-12
225de732e45b5df591fb7a8b5d2d974b,VirusShare_00495,vbclone,196701,exe,trojan,66.67,2021-10-31T12:38:03+00:00,2019-01-12
22a48e3a7d33c7cebefb91d1e0c59c2d,VirusShare_00495,vbclone,192679,exe,trojan,67.65,2021-11-07T10:29:13+00:00,2019-01-12
22c3f133768f657178625c04d8589261,VirusShare_00495,vbclone,196798,exe,trojan,76.81,2021-11-05T04:31:46+00:00,2019-01-12
231b8357df5ca0e8e5d8b5cea6022df2,VirusShare_00495,vbclone,192617,exe,trojan,77.94,2021-11-05T06:10:04+00:00,2019-01-12
23a1d0b3e51ec55428b7ed45b797100b,VirusShare_00495,vbclone,192583,exe,trojan,62.69,2021-10-31T03:31:14+00:00,2019-01-12
23db8f77d00fc72224725c0cbfe3ed67,VirusShare_00495,vbclone,196723,exe,trojan,64.18,2021-11-01T06:26:04+00:00,2019-01-12
243b602fa72c72c1da624c7e99849471,VirusShare_00495,vbclone,192566,exe,trojan,80.88,2021-11-03T10:17:32+00:00,2019-01-12
2482f4d3b009f963f2c4e4ac37a7aef1,VirusShare_00495,vbclone,192608,exe,trojan,73.91,2021-11-03T14:30:10+00:00,2019-01-12
24a7e039060af13760dbb1000d763474,VirusShare_00495,vbclone,192715,exe,trojan,63.77,2021-11-03T16:47:17+00:00,2019-01-12
24c3f8d33e6399b71656585929529730,VirusShare_00495,vbclone,192633,exe,trojan,64.62,2021-11-02T05:49:52+00:00,2019-01-12
24c9435d2aa88870c5178086d8fda93a,VirusShare_00495,vbclone,196782,exe,trojan,75.76,2021-11-03T13:20:03+00:00,2019-01-12
24e7f4a88c4b3af77f4d9d9bf379c93d,VirusShare_00495,vbclone,196793,exe,trojan,66.67,2021-10-31T07:24:02+00:00,2019-01-12
25859e6cd4ddb516eb61ba70d8b5de76,VirusShare_00495,vbclone,196682,exe,trojan,69.12,2021-10-31T12:37:50+00:00,2019-01-12
25b53ad5a358e1f9dad0f6bf0c41674d,VirusShare_00495,vbclone,192568,exe,trojan,77.94,2021-11-03T10:03:44+00:00,2019-01-12
2605de39d9b2393fafc7a93f7f3c9430,VirusShare_00495,vbclone,192669,exe,trojan,63.24,2021-11-08T07:50:55+00:00,2019-01-12
2624294119b1cce24aaa2846f9ddbc69,VirusShare_00495,vbclone,192644,exe,trojan,66.15,2021-11-05T06:29:23+00:00,2019-01-12
262b71714ce34eb9d62c2b48c31eea80,VirusShare_00495,vbclone,196723,exe,trojan,72.06,2021-11-01T10:23:51+00:00,2019-01-12
26fd4fccd50fc825a676f99922c988a6,VirusShare_00495,vbclone,196705,exe,trojan,82.61,2021-11-08T17:14:32+00:00,2019-01-12
272a0185d5635479a0632a64dd8ed205,VirusShare_00495,vbclone,192576,exe,trojan,53.85,2021-11-09T12:28:49+00:00,2019-01-12
272c48d78a8a606897696d68d8a8bc0a,VirusShare_00495,vbclone,192677,exe,trojan,65.22,2021-11-03T16:47:11+00:00,2019-01-12
276d1a7531c0cafea05973f677b8945a,VirusShare_00495,vbclone,192659,exe,trojan,69.57,2021-11-08T07:51:03+00:00,2019-01-12
2771d9707a8785876285ca98e78f0688,VirusShare_00495,vbclone,196715,exe,trojan,70.59,2021-10-31T12:37:55+00:00,2019-01-12
27cd6815b433a1b8f7e0664a33af592d,VirusShare_00495,vbclone,196700,exe,trojan,79.41,2021-11-06T15:20:52+00:00,2019-01-12
28576642b9f5c37dfe715b7c5890f217,VirusShare_00495,vbclone,192652,exe,trojan,71.01,2021-11-06T21:37:58+00:00,2019-01-12
2879ad3fbaf470adaf2f83a1cd261734,VirusShare_00495,vbclone,192721,exe,trojan,79.1,2021-11-04T07:52:04+00:00,2019-01-12
28bd27c37f781c8fea558913ce72f149,VirusShare_00495,vbclone,192561,exe,trojan,82.61,2021-11-07T01:16:30+00:00,2019-01-12
2a7c8adb56754df0ce7ae30a9166d19e,VirusShare_00495,vbclone,192686,exe,trojan,62.32,2021-11-07T05:01:20+00:00,2019-01-12
2aa6aed8ce1ae35d5c70ab8ee4a8e232,VirusShare_00495,vbclone,196696,exe,trojan,66.67,2021-11-06T03:13:35+00:00,2019-01-12
2b17fb33e0e02aca968ed0b72b63ebcf,VirusShare_00495,vbclone,196718,exe,trojan,78.26,2021-11-07T00:07:39+00:00,2019-01-12
2b196c2b91dfcf49d2cc3f9d7edb2d7d,VirusShare_00495,vbclone,192598,exe,trojan,68.12,2021-10-31T03:30:21+00:00,2019-01-12
2b6e17ca53d0523c047c502367a23da2,VirusShare_00495,vbclone,196704,exe,trojan,70.59,2021-10-31T12:37:57+00:00,2019-01-12
2b8508d177adeb8c58bd44eec1b76dcb,VirusShare_00495,vbclone,196769,exe,trojan,69.12,2021-10-31T07:23:47+00:00,2019-01-12
2bb295adfcab1268a20ac80550a15857,VirusShare_00495,vbclone,192696,exe,trojan,66.67,2021-11-07T09:16:21+00:00,2019-01-12
2bb5817140e2524d7d06f043b6cccb52,VirusShare_00495,vbclone,196744,exe,trojan,65.15,2021-11-04T17:30:41+00:00,2019-01-12
2be0e4ae28ee0fcf2e2220e8b9d9af7a,VirusShare_00495,vbclone,192604,exe,trojan,65.22,2021-11-02T07:20:23+00:00,2019-01-12
2c37afa06abf2d2b170657f91dc22805,VirusShare_00495,vbclone,192593,exe,trojan,65.22,2021-10-31T05:21:36+00:00,2019-01-12
2cadf60275d9fcb864fdaf27e60e4fde,VirusShare_00495,vbclone,196706,exe,trojan,69.57,2021-10-31T12:38:06+00:00,2019-01-12
2da4a2c7b98034c419268b3a8d090afb,VirusShare_00495,vbclone,192688,exe,trojan,67.16,2021-11-07T10:29:05+00:00,2019-01-12
2dc494316e92fc5a815e3a3bedc7e550,VirusShare_00495,vbclone,192677,exe,trojan,68.66,2021-11-05T06:29:24+00:00,2019-01-12
2e1965a1322e789a542edb647a88189e,VirusShare_00495,vbclone,192622,exe,trojan,64.71,2021-11-04T17:28:58+00:00,2019-01-12
2ebf7dc811e0d687791eb142496551f2,VirusShare_00495,vbclone,192676,exe,trojan,69.57,2021-11-07T09:16:24+00:00,2019-01-12
2f7e51ff2fa756a2bdf645f165ab17d9,VirusShare_00495,vbclone,196766,exe,trojan,66.18,2021-11-07T10:58:06+00:00,2019-01-12
2f9156bd90d20b859271c8a50171b442,VirusShare_00495,vbclone,196704,exe,trojan,75.36,2021-11-03T03:19:45+00:00,2019-01-12
2fd2ce1e6cef9590f4c1cb183816bd82,VirusShare_00495,vbclone,192604,exe,trojan,63.24,2021-11-02T07:20:24+00:00,2019-01-12
2fd7de945b98c428af79ccf90f52fbf7,VirusShare_00495,vbclone,192655,exe,trojan,67.65,2021-11-05T06:29:19+00:00,2019-01-12
2fe410ff196f667dc8b8b8b6415383ee,VirusShare_00495,vbclone,192599,exe,trojan,66.67,2021-10-31T10:11:23+00:00,2019-01-12
2ffd6a1477278577834ab3fe7c74b28d,VirusShare_00495,vbclone,192697,exe,trojan,65.22,2021-11-03T16:47:14+00:00,2019-01-12
3007ac9f3f132461bf298e967a519079,VirusShare_00495,vbclone,192631,exe,trojan,65.15,2021-11-02T05:49:46+00:00,2019-01-12
3083fd77b3c1c1a982767aaa391f0eac,VirusShare_00495,vbclone,192680,exe,trojan,68.12,2021-11-05T06:29:18+00:00,2019-01-12
30bc40dcfb466a66a676b13b1184bfc7,VirusShare_00495,vbclone,192564,exe,trojan,67.65,2021-11-01T12:41:28+00:00,2019-01-12
30e6c6d04821a3a74ba7a139bb324215,VirusShare_00495,vbclone,196756,exe,trojan,66.67,2021-11-02T09:54:42+00:00,2019-01-12
30f4ccaa784e6a0185b598046d84f53b,VirusShare_00495,vbclone,192584,exe,trojan,66.18,2021-10-31T09:50:07+00:00,2019-01-12
310fcc2e2f0aa3f9e6dcb7cbea0746f5,VirusShare_00495,vbclone,192665,exe,trojan,62.32,2021-11-07T05:01:07+00:00,2019-01-12
311846352a2b04f4c8de2ca2ac2f3ced,VirusShare_00495,vbclone,192591,exe,trojan,66.67,2021-10-31T10:11:22+00:00,2019-01-12
3160accae07bed0491f12e7d490682e1,VirusShare_00495,vbclone,196724,exe,trojan,78.26,2021-11-07T01:56:13+00:00,2019-01-12
31deccf1c7977bf33506a276e6ef2e62,VirusShare_00495,vbclone,189226,exe,trojan,76.12,2021-11-05T11:34:15+00:00,2019-01-12
31f527cbdfd37ecb8521b7634674f38e,VirusShare_00495,vbclone,196678,exe,trojan,64.71,2021-11-01T19:58:53+00:00,2019-01-12
31f625eb870f33f39002103e3da80ac1,VirusShare_00495,vbclone,196692,exe,trojan,68.12,2021-11-01T06:26:14+00:00,2019-01-12
32b8c11699fcc966a0370575e74a3fe5,VirusShare_00495,vbclone,192567,exe,trojan,69.12,2021-10-31T08:23:00+00:00,2019-01-12
32d94e9c599820a8b7c2231b44e7a730,VirusShare_00495,vbclone,196717,exe,trojan,78.12,2021-11-08T09:27:12+00:00,2019-01-12
335717aaab8a6ba965760a17d84d9404,VirusShare_00495,vbclone,196711,exe,trojan,67.65,2021-10-31T12:38:01+00:00,2019-01-12
33d4f3ce5b0ade13a011dad26190a691,VirusShare_00495,vbclone,196719,exe,trojan,81.16,2021-11-05T17:58:28+00:00,2019-01-12
33e7ffc24a418ba88be93401138f07d3,VirusShare_00495,vbclone,192559,exe,trojan,77.94,2021-11-06T18:30:19+00:00,2019-01-12
34b74ae1c3852d351c08c806fc6b7992,VirusShare_00495,vbclone,196694,exe,trojan,66.18,2021-11-01T06:26:01+00:00,2019-01-12
34e49d561d052cb33e6fc7a79632844e,VirusShare_00495,vbclone,192554,exe,trojan,69.57,2021-11-02T16:49:24+00:00,2019-01-12
3525cea927d99771465e2cfcf912834f,VirusShare_00495,vbclone,192683,exe,trojan,70.77,2021-11-07T09:16:21+00:00,2019-01-12
3533c52fe15455ceb9f9c0b0925431fd,VirusShare_00495,vbclone,192585,exe,trojan,66.67,2021-10-31T10:11:28+00:00,2019-01-12
35475fd1a6adc7aa1762bf06d68068f9,VirusShare_00495,vbclone,196655,exe,trojan,64.52,2021-11-02T14:08:18+00:00,2019-01-12
35797fa1e7e5078507bd19370f673b4e,VirusShare_00495,vbclone,196717,exe,trojan,82.61,2021-11-07T00:07:27+00:00,2019-01-12
357d37ca9d93171c05d8e86ca64399dd,VirusShare_00495,vbclone,196642,exe,trojan,66.67,2021-10-31T17:52:30+00:00,2019-01-12
359047c312004096bb75466b59e31c8c,VirusShare_00495,vbclone,196676,exe,trojan,68.12,2021-11-01T19:58:42+00:00,2019-01-12
35c0ca7c4c5980633e7b857103bee68f,VirusShare_00495,vbclone,192602,exe,trojan,66.67,2021-11-02T05:49:40+00:00,2019-01-12
35c70647bf0dcd5da442ec453105d063,VirusShare_00495,vbclone,192597,exe,trojan,66.67,2021-10-31T03:30:17+00:00,2019-01-12
35ec15fa6277d639cd3b346d2b210bfc,VirusShare_00495,vbclone,196754,exe,trojan,66.67,2021-11-02T07:26:08+00:00,2019-01-12
364bfb7caecf426c36666d4c4a3a5a56,VirusShare_00495,vbclone,196728,exe,trojan,69.57,2021-10-31T14:02:27+00:00,2019-01-12
364ee98d11bebfcbc15e604e49e9e671,VirusShare_00495,vbclone,192637,exe,trojan,75.0,2021-11-05T06:30:36+00:00,2019-01-12
3660e74b467491571edf1a4678a437af,VirusShare_00495,vbclone,192680,exe,trojan,64.71,2021-11-08T07:50:57+00:00,2019-01-12
366742048fe09ebba133f3ec4b14c5c6,VirusShare_00495,vbclone,192621,exe,trojan,64.71,2021-11-01T08:11:16+00:00,2019-01-12
3675bde628ec092fb0241e7d4e006291,VirusShare_00495,vbclone,196739,exe,trojan,77.61,2021-11-08T06:12:31+00:00,2019-01-12
36babd0c3f06903d32e3c54102e4e2d6,VirusShare_00495,vbclone,196792,exe,trojan,67.65,2021-10-31T07:23:59+00:00,2019-01-12
36bdba1462ad0de31ca669a27116f930,VirusShare_00495,vbclone,192617,exe,trojan,66.67,2021-10-31T05:21:33+00:00,2019-01-12
37b79d0bf4091a2a24dff577a4b85392,VirusShare_00495,vbclone,196787,exe,trojan,79.41,2021-11-05T19:38:23+00:00,2019-01-12
37bca866d058db562abb94ad81683590,VirusShare_00495,vbclone,192585,exe,trojan,78.26,2021-11-03T14:30:08+00:00,2019-01-12
37f73eaf53c85a1890ecf1bad01eef7f,VirusShare_00495,vbclone,192674,exe,trojan,65.22,2021-11-03T16:47:08+00:00,2019-01-12
37fd52252eca72918ce44553fc94b69c,VirusShare_00495,vbclone,192694,exe,trojan,64.71,2021-11-08T07:51:06+00:00,2019-01-12
3853f482faf038488c428f2e282238e3,VirusShare_00495,vbclone,189238,exe,trojan,66.67,2021-11-02T10:12:24+00:00,2019-01-12
386d208928a5131ca5b30a9774d4c58e,VirusShare_00495,vbclone,192626,exe,trojan,64.71,2021-11-03T08:02:40+00:00,2019-01-12
3875fec6fc98983d5a425d18deac5e18,VirusShare_00495,vbclone,192611,exe,trojan,63.77,2021-11-07T07:43:07+00:00,2019-01-12
38a09fa3df072b5e63971a5babf39834,VirusShare_00495,vbclone,192614,exe,trojan,67.65,2021-11-03T08:02:44+00:00,2019-01-12
38e08a945101d764c4cf30bdb2d5aa45,VirusShare_00495,vbclone,192713,exe,trojan,60.87,2021-11-03T16:47:09+00:00,2019-01-12
394cbd145310ddb8fc8d96aed097b683,VirusShare_00495,vbclone,192587,exe,trojan,65.22,2021-10-31T03:30:20+00:00,2019-01-12
395910498c6e99b4ce23c183c78c7f91,VirusShare_00495,vbclone,192595,exe,trojan,67.65,2021-10-31T10:11:40+00:00,2019-01-12
39c25b8d265780f9fdcb69cda13c0302,VirusShare_00495,vbclone,196739,exe,trojan,82.61,2021-11-07T23:34:41+00:00,2019-01-12
39d7681b1317413ad1677c2c20c96e78,VirusShare_00495,vbclone,196792,exe,trojan,76.92,2021-11-06T08:43:31+00:00,2019-01-12
3a222abbc96c61022a27471321942565,VirusShare_00495,vbclone,196717,exe,trojan,76.92,2021-11-03T07:57:37+00:00,2019-01-12
3a825ea8b85943a07397d2aefebfa1d0,VirusShare_00495,vbclone,196722,exe,trojan,63.77,2021-11-07T07:28:11+00:00,2019-01-12
3b2b3365159ec654e18a5379d4ac56ec,VirusShare_00495,vbclone,192688,exe,trojan,65.22,2021-11-03T16:47:24+00:00,2019-01-12
3ba1e16b9110d1953e094d7014ae54fc,VirusShare_00495,vbclone,196755,exe,trojan,77.94,2021-11-04T13:33:22+00:00,2019-01-12
3c624d2de3d1a5db70251a308c077722,VirusShare_00495,vbclone,192662,exe,trojan,71.01,2021-11-07T09:16:25+00:00,2019-01-12
3c8b5aef1ab621cf552dc2f3a46b54a5,VirusShare_00495,vbclone,192616,exe,trojan,68.66,2021-11-03T08:02:26+00:00,2019-01-12
3ca9dd06161cacc917d18a5797e4ae26,VirusShare_00495,vbclone,192593,exe,trojan,76.81,2021-11-04T04:44:35+00:00,2019-01-12
3cdc45f6675f62a9c9e7a336a88f4f04,VirusShare_00495,vbclone,192621,exe,trojan,65.22,2021-11-01T08:11:23+00:00,2019-01-12
3d061b0edcca6878f9c648cbbc5a4936,VirusShare_00495,vbclone,196717,exe,trojan,63.24,2021-11-07T07:28:19+00:00,2019-01-12
3d98e8dfc27ac0ce1b289ed723e40ad4,VirusShare_00495,vbclone,192613,exe,trojan,65.22,2021-11-02T07:20:16+00:00,2019-01-12
3dcb2a4daadbe873847ee76fa21c95b9,VirusShare_00495,vbclone,192566,exe,trojan,79.71,2021-11-03T03:08:52+00:00,2019-01-12
3e5b843e295008f54a2d83c947cade01,VirusShare_00495,vbclone,192699,exe,trojan,60.87,2021-11-03T16:47:18+00:00,2019-01-12
3ea83ad5a6e3098afcea5cdb56891a4b,VirusShare_00495,vbclone,192563,exe,trojan,76.12,2021-11-04T13:52:02+00:00,2019-01-12
3f27a5e5864891cea504c8a7291ef0c0,VirusShare_00495,vbclone,192665,exe,trojan,68.12,2021-11-06T21:38:02+00:00,2019-01-12
3f4328fbae2c118b85d1048859dcf45a,VirusShare_00495,vbclone,192622,exe,trojan,67.65,2021-11-03T08:02:30+00:00,2019-01-12
3fdfe433136c2a4c5c18fe79da9e65ea,VirusShare_00495,vbclone,192645,exe,trojan,77.61,2021-11-08T23:01:33+00:00,2019-01-12
406cf4436df784055bbc76a00e2bbe22,VirusShare_00495,vbclone,192590,exe,trojan,66.67,2021-10-31T09:50:03+00:00,2019-01-12
407ce2f280724b7d7ba833c1605f54ff,VirusShare_00495,vbclone,192660,exe,trojan,68.12,2021-11-06T21:37:57+00:00,2019-01-12
4083f55eab1ee81890a2268a601fbe5e,VirusShare_00495,vbclone,189227,exe,trojan,66.67,2021-11-02T10:12:14+00:00,2019-01-12
40d0a89cb7e18d1802956a7da87f6e88,VirusShare_00495,vbclone,192681,exe,trojan,65.22,2021-11-07T05:01:14+00:00,2019-01-12
40ddb3b2b0220e456f866d93e63b5411,VirusShare_00495,vbclone,196658,exe,trojan,68.18,2021-11-01T19:58:43+00:00,2019-01-12
415a1946bc1f82448a82aa672ee0dbe3,VirusShare_00495,vbclone,192686,exe,trojan,70.59,2021-11-07T09:16:17+00:00,2019-01-12
416aa1225d9fb0ee8d72d777a28a40a1,VirusShare_00495,vbclone,192626,exe,trojan,66.18,2021-11-04T07:07:46+00:00,2019-01-12
41c4b08a468b976c9516f5e8d9f7dc89,VirusShare_00495,vbclone,192664,exe,trojan,66.18,2021-11-06T21:37:48+00:00,2019-01-12
41c6186f6f263a1fb5c08fca5e30f94c,VirusShare_00495,vbclone,192672,exe,trojan,66.67,2021-11-08T07:51:02+00:00,2019-01-12
41e01e164e75e80ebd360ba78f3fe550,VirusShare_00495,vbclone,196688,exe,trojan,82.61,2021-11-05T00:06:26+00:00,2019-01-12
41fb93d184b393b8b5404f89f7b89b95,VirusShare_00495,vbclone,192573,exe,trojan,79.71,2021-11-07T19:14:20+00:00,2019-01-12
4212e2a63bcad35096b4aabba5e1b9f1,VirusShare_00495,vbclone,196662,exe,trojan,76.81,2021-11-05T11:38:43+00:00,2019-01-12
42aa30082ac924f31a80559a6165b168,VirusShare_00495,vbclone,196731,exe,trojan,67.65,2021-11-02T09:54:50+00:00,2019-01-12
42dd05c532db2fceccdbb6319fdabdc2,VirusShare_00495,vbclone,192635,exe,trojan,66.67,2021-11-02T05:49:50+00:00,2019-01-12
433a34b901882969372b9d0f761a7a43,VirusShare_00495,vbclone,196769,exe,trojan,77.61,2021-11-04T05:46:14+00:00,2019-01-12
433fd7ffefc9f4dfa097359596008bdd,VirusShare_00495,vbclone,192599,exe,trojan,76.47,2021-11-02T18:05:12+00:00,2019-01-12
434fd4fd597af1097a84099a0172bec4,VirusShare_00495,vbclone,192673,exe,trojan,76.81,2021-11-03T11:38:22+00:00,2019-01-12
43dd9182aa48f030a8edbdc7aa95d472,VirusShare_00495,vbclone,192676,exe,trojan,62.69,2021-11-08T07:51:02+00:00,2019-01-12
44341981ba939212d64bc3ee68007c87,VirusShare_00495,vbclone,196737,exe,trojan,77.27,2021-11-05T21:51:48+00:00,2019-01-12
447047b533befbf55ed2a1484bdf2c50,VirusShare_00495,vbclone,196697,exe,trojan,64.71,2021-11-01T06:26:08+00:00,2019-01-12
4476ebe23068ab9db69fa2b6b826068b,VirusShare_00495,vbclone,189246,exe,trojan,63.08,2021-11-02T10:12:13+00:00,2019-01-12
44b53c7b617291092e5eed3e29aa469c,VirusShare_00495,vbclone,196793,exe,trojan,64.71,2021-11-01T09:10:36+00:00,2019-01-12
44cca57e69d9ed4658270b342fd2bbc7,VirusShare_00495,vbclone,192618,exe,trojan,64.18,2021-11-04T07:07:48+00:00,2019-01-12
44ccdbe7a6c49d2787d3b9f4e92cd59b,VirusShare_00495,vbclone,196720,exe,trojan,74.63,2021-11-02T04:00:15+00:00,2019-01-12
4532995c18bd10a91826e6445c5eb0fc,VirusShare_00495,vbclone,192659,exe,trojan,67.19,2021-11-07T10:29:10+00:00,2019-01-12
45b1b4a04fcf01a48a3a6c0141b1c5e5,VirusShare_00495,vbclone,192686,exe,trojan,82.61,2021-11-03T03:23:51+00:00,2019-01-12
45b77e5a8500ac7bff13f21760c721e2,VirusShare_00495,vbclone,196716,exe,trojan,69.57,2021-11-01T10:23:37+00:00,2019-01-12
45c1e0967d2fce84ef260a39ef171906,VirusShare_00495,vbclone,192624,exe,trojan,78.26,2021-11-04T10:55:09+00:00,2019-01-12
45cda7617d92d346f1497e90c06fa7f2,VirusShare_00495,vbclone,192631,exe,trojan,63.77,2021-11-04T17:28:51+00:00,2019-01-12
45d72f3f6b9e0e7bc5f4a0eb88abef52,VirusShare_00495,vbclone,189258,exe,trojan,68.12,2021-11-05T21:59:49+00:00,2019-01-12
45eb6dfd90e2fa58cd5766e69f9ee46f,VirusShare_00495,vbclone,192673,exe,trojan,63.24,2021-11-07T05:01:16+00:00,2019-01-12
46130c7b471b1eabf1a36ab4c51b4b79,VirusShare_00495,vbclone,189251,exe,trojan,68.12,2021-11-02T10:12:13+00:00,2019-01-12
4621d5c9a058b0b9743e44e78c6f0cc4,VirusShare_00495,vbclone,196766,exe,trojan,67.16,2021-11-07T11:51:06+00:00,2019-01-12
462c1d31108fb96682a0364206ee9a97,VirusShare_00495,vbclone,192603,exe,trojan,76.81,2021-11-02T04:35:15+00:00,2019-01-12
46d59b4ce7d9259e6304f25593661226,VirusShare_00495,vbclone,196723,exe,trojan,72.46,2021-10-31T14:02:34+00:00,2019-01-12
47136bb878e1d7092030665d4f078544,VirusShare_00495,vbclone,189233,exe,trojan,66.67,2021-11-05T21:59:46+00:00,2019-01-12
472e285db82da3857a35f75f5f503b7e,VirusShare_00495,vbclone,192591,exe,trojan,68.12,2021-10-31T10:11:35+00:00,2019-01-12
472fb7cd5b00b97931175246d6d9b97c,VirusShare_00495,vbclone,192602,exe,trojan,68.12,2021-10-31T09:51:47+00:00,2019-01-12
47475dba243b269d8d2571e3e4f4ab7e,VirusShare_00495,vbclone,196703,exe,trojan,80.6,2021-11-05T05:54:14+00:00,2019-01-12
47abc23befbe62330056af9e02881b2f,VirusShare_00495,vbclone,192658,exe,trojan,68.66,2021-11-05T06:29:14+00:00,2019-01-12
47b88fc74492fcc2262bfc6fc422f4b9,VirusShare_00495,vbclone,192695,exe,trojan,63.24,2021-11-03T16:47:15+00:00,2019-01-12
47d3e6b63470d19721ce458603b26a34,VirusShare_00495,vbclone,196731,exe,trojan,69.57,2021-10-31T14:02:34+00:00,2019-01-12
47e8bb5b10bd2989833c9d3c5059d34b,VirusShare_00495,vbclone,192640,exe,trojan,65.67,2021-11-02T05:49:54+00:00,2019-01-12
47efb7f2cb955a0cd6d97a7ed451d97c,VirusShare_00495,vbclone,192582,exe,trojan,79.1,2021-11-05T17:52:18+00:00,2019-01-12
4813e75d36cdc2a19b1da43e85edc321,VirusShare_00495,vbclone,192610,exe,trojan,68.12,2021-10-31T03:30:21+00:00,2019-01-12
484d7aeb5653e7121ab0413e78151808,VirusShare_00495,vbclone,196652,exe,trojan,78.26,2021-11-03T11:04:45+00:00,2019-01-12
4858c61e1297fdbdfead561530d1b6f2,VirusShare_00495,vbclone,196735,exe,trojan,79.1,2021-11-08T14:34:01+00:00,2019-01-12
487596de627b3f6a42ff508111454755,VirusShare_00495,vbclone,192639,exe,trojan,68.12,2021-11-06T13:08:09+00:00,2019-01-12
48809359423e84dc08301f3e1e56984e,VirusShare_00495,vbclone,196633,exe,trojan,65.22,2021-10-31T17:52:25+00:00,2019-01-12
48b3a6f0e3ce0a1c0c99e4b147eeabb0,VirusShare_00495,vbclone,192683,exe,trojan,65.22,2021-11-08T07:51:03+00:00,2019-01-12
48f539505489fad1cee90e1238669f1d,VirusShare_00495,vbclone,192661,exe,trojan,79.71,2021-11-05T12:46:33+00:00,2019-01-12
4950bdd90c60db3405ce2e5b9c0e9ba1,VirusShare_00495,vbclone,196791,exe,trojan,69.12,2021-10-31T07:23:50+00:00,2019-01-12
49c86b2028e6fe497706183236da936d,VirusShare_00495,vbclone,196643,exe,trojan,68.12,2021-10-31T13:51:47+00:00,2019-01-12
49d854088d18db29aa00f9fba390cd9d,VirusShare_00495,vbclone,192570,exe,trojan,67.65,2021-10-31T08:22:46+00:00,2019-01-12
4a60f6cf52863fc67a420292da0e52e7,VirusShare_00495,vbclone,196668,exe,trojan,61.29,2021-11-02T14:08:54+00:00,2019-01-12
4a9908c8d18714de09b2277435b7e7fd,VirusShare_00495,vbclone,192688,exe,trojan,66.67,2021-11-08T07:51:04+00:00,2019-01-12
4aa2fcc449fcba17c3f5f7613a88f7dc,VirusShare_00495,vbclone,196734,exe,trojan,71.01,2021-11-02T07:26:08+00:00,2019-01-12
4ac14a48f0624af214d99660af3bf914,VirusShare_00495,vbclone,196796,exe,trojan,75.81,2021-11-05T09:12:18+00:00,2019-01-12
4ad27284368ea9d196708f15a98acb83,VirusShare_00495,vbclone,196700,exe,trojan,66.67,2021-10-31T12:37:52+00:00,2019-01-12
4b20b6b26914ca591ced701356117004,VirusShare_00495,vbclone,192675,exe,trojan,67.65,2021-11-08T07:51:08+00:00,2019-01-12
4b74ede7c4cb366f14870879ff0c8e93,VirusShare_00495,vbclone,192561,exe,trojan,69.57,2021-11-02T16:49:26+00:00,2019-01-12
4b8b7484f55028c29795722ad914786b,VirusShare_00495,vbclone,192705,exe,trojan,63.77,2021-11-03T16:47:19+00:00,2019-01-12
4b9a7a60b09bf7777daea72eb6213d22,VirusShare_00495,vbclone,192665,exe,trojan,69.57,2021-11-07T09:16:21+00:00,2019-01-12
4bd7738492d8649affd17530d04d2fbf,VirusShare_00495,vbclone,192578,exe,trojan,69.57,2021-11-02T16:49:30+00:00,2019-01-12
4c0ef1a345d26addc6f3089f37dc3221,VirusShare_00495,vbclone,192674,exe,trojan,66.18,2021-11-08T07:51:06+00:00,2019-01-12
4c822717ef9f0f9e0a72145f24e2ea33,VirusShare_00495,vbclone,196728,exe,trojan,79.41,2021-11-02T07:40:10+00:00,2019-01-12
4c93811daca54b36deb03176c9250a8e,VirusShare_00495,vbclone,192617,exe,trojan,63.08,2021-11-04T07:07:54+00:00,2019-01-12
4cf4a52838527ec0cb741cc459fd646f,VirusShare_00495,vbclone,192687,exe,trojan,65.22,2021-11-08T07:51:07+00:00,2019-01-12
4d8cc3eeae9c11e9a4866e67fb37fd93,VirusShare_00495,vbclone,192653,exe,trojan,68.66,2021-11-05T06:29:30+00:00,2019-01-12
4da09b2c441804153fb3df403c9bfe5b,VirusShare_00495,vbclone,192697,exe,trojan,67.16,2021-11-07T09:16:25+00:00,2019-01-12
4da4a0b41643523eebfdc25c55671d6d,VirusShare_00495,vbclone,196623,exe,trojan,69.12,2021-10-31T17:52:10+00:00,2019-01-12
4e47605c7880a384094d590ef041a2a0,VirusShare_00495,vbclone,196788,exe,trojan,66.18,2021-10-31T07:23:54+00:00,2019-01-12
4e5cc5e67bb8c43660bcc2ba8c6e97dc,VirusShare_00495,vbclone,192695,exe,trojan,70.59,2021-11-07T10:28:57+00:00,2019-01-12
4ea02a4b94d7bcfb07fa31aaae21a4fa,VirusShare_00495,vbclone,192692,exe,trojan,66.18,2021-11-03T16:47:24+00:00,2019-01-12
4eee01afbdcc87e59cab9551e014350a,VirusShare_00495,vbclone,192565,exe,trojan,69.12,2021-10-31T08:23:22+00:00,2019-01-12
4f490c7f9515374686faa499d5fd374a,VirusShare_00495,vbclone,192615,exe,trojan,67.16,2021-11-02T05:49:56+00:00,2019-01-12
4f721e09112c35d134dd57e1c2533488,VirusShare_00495,vbclone,196637,exe,trojan,80.0,2021-11-06T02:57:04+00:00,2019-01-12
4fa655f6a0ee48a00d2c76385587d58d,VirusShare_00495,vbclone,192674,exe,trojan,67.65,2021-11-07T10:29:13+00:00,2019-01-12
503a305909f5b92d8a88f31d82bc127b,VirusShare_00495,vbclone,192626,exe,trojan,65.67,2021-11-02T05:49:52+00:00,2019-01-12
505ba7b89823c07b748c3b044cebb818,VirusShare_00495,vbclone,196778,exe,trojan,69.12,2021-11-01T09:10:33+00:00,2019-01-12
508b93d81e11fc76dbb8847565170bbb,VirusShare_00495,vbclone,192677,exe,trojan,65.22,2021-11-08T07:51:00+00:00,2019-01-12
51335864eb168b818fbea8801c0ba16e,VirusShare_00495,vbclone,192670,exe,trojan,69.57,2021-11-06T21:37:49+00:00,2019-01-12
5186aed1fe48af018317aba10470999c,VirusShare_00495,vbclone,192674,exe,trojan,76.81,2021-11-08T20:39:24+00:00,2019-01-12
521a83f21302219ed81b134fff764542,VirusShare_00495,vbclone,192621,exe,trojan,73.53,2021-11-04T05:46:32+00:00,2019-01-12
5238cb5415d8fde7c9c26363333adb09,VirusShare_00495,vbclone,196785,exe,trojan,65.57,2021-10-31T07:23:47+00:00,2019-01-12
524d9177cecf86519f69b64247f3d771,VirusShare_00495,vbclone,192665,exe,trojan,68.18,2021-11-05T06:29:23+00:00,2019-01-12
527275df90013e72ed4975b9bd78ab87,VirusShare_00495,vbclone,192578,exe,trojan,67.65,2021-11-02T16:49:21+00:00,2019-01-12
52c85721e77e338c0756988d5c4df35d,VirusShare_00495,vbclone,196741,exe,trojan,69.12,2021-11-02T07:26:01+00:00,2019-01-12
532575856101d317dfd4460984c6aafa,VirusShare_00495,vbclone,196748,exe,trojan,68.12,2021-11-04T17:30:49+00:00,2019-01-12
534f03242abfdf6084d17df64304b82b,VirusShare_00495,vbclone,192614,exe,trojan,66.67,2021-11-02T07:20:22+00:00,2019-01-12
536381f9cd7fdebcb7d996322a0cd920,VirusShare_00495,vbclone,192625,exe,trojan,66.18,2021-11-02T05:49:47+00:00,2019-01-12
53bcb5c30b7f4dbc64eec9e3c1f6c2f2,VirusShare_00495,vbclone,192592,exe,trojan,76.47,2021-11-08T03:06:53+00:00,2019-01-12
53bcf92de22ed0d588c5d561986d587c,VirusShare_00495,vbclone,196800,exe,trojan,76.81,2021-11-04T05:58:00+00:00,2019-01-12
53fd1e2661a4029f61278b727f9e6478,VirusShare_00495,vbclone,196621,exe,trojan,67.65,2021-10-31T17:52:23+00:00,2019-01-12
544745eebe315675bda208796e3fa337,VirusShare_00495,vbclone,189210,exe,trojan,66.67,2021-11-02T10:12:24+00:00,2019-01-12
54583e2040958e13153d585247d5a5f9,VirusShare_00495,vbclone,192651,exe,trojan,79.71,2021-11-05T01:13:51+00:00,2019-01-12
5493e7e4f76651f062642d7b20f4db3f,VirusShare_00495,vbclone,196661,exe,trojan,68.12,2021-10-31T13:51:44+00:00,2019-01-12
54a4471b994c7895d11e3a890e9c5b36,VirusShare_00495,vbclone,192558,exe,trojan,66.67,2021-11-02T16:49:22+00:00,2019-01-12
54cc0d9f2f60d16aa299ce0977129f84,VirusShare_00495,vbclone,192671,exe,trojan,56.92,2021-11-08T07:51:07+00:00,2019-01-12
54ccfc406973024b46eee41eb0a41a0d,VirusShare_00495,vbclone,196738,exe,trojan,84.06,2021-11-04T14:18:39+00:00,2019-01-12
558bcd4de0f4fc37e9a1f4902ec8c2f7,VirusShare_00495,vbclone,192604,exe,trojan,78.26,2021-11-07T00:05:22+00:00,2019-01-12
55c25e15e6951df333ae0ba4cdc4fada,VirusShare_00495,vbclone,192609,exe,trojan,64.18,2021-11-02T07:20:19+00:00,2019-01-12
55ca1e0361d8942baec3355031a5de9e,VirusShare_00495,vbclone,196760,exe,trojan,66.67,2021-11-07T11:51:01+00:00,2019-01-12
55ea4df69fe057c1a9cd7feccc961606,VirusShare_00495,vbclone,196649,exe,trojan,78.26,2021-11-07T00:02:02+00:00,2019-01-12
560ccae17a31d6646dd123eaa2b8fc6c,VirusShare_00495,vbclone,192587,exe,trojan,76.12,2021-11-08T07:58:53+00:00,2019-01-12
5640c950933e1c5f38c83c60557ea815,VirusShare_00495,vbclone,192643,exe,trojan,73.85,2021-11-10T05:34:33+00:00,2019-01-12
56a20d0aec8bfc4261e29094327fc8e4,VirusShare_00495,vbclone,192597,exe,trojan,76.47,2021-11-04T10:24:32+00:00,2019-01-12
56dbf9231318e666ccb778bbe8cf5079,VirusShare_00495,vbclone,192705,exe,trojan,63.77,2021-11-03T16:47:26+00:00,2019-01-12
57280aa84382a8d1b0df9215e99633b8,VirusShare_00495,vbclone,196651,exe,trojan,70.59,2021-10-31T13:51:44+00:00,2019-01-12
5728ba3895a00cb22511beec83f00362,VirusShare_00495,vbclone,192569,exe,trojan,72.06,2021-10-31T08:23:09+00:00,2019-01-12
572999005b532ab58845f9eda35fe0ec,VirusShare_00495,vbclone,196758,exe,trojan,64.71,2021-11-04T17:30:42+00:00,2019-01-12
574790de483557e561ffb65753ae323a,VirusShare_00495,vbclone,192591,exe,trojan,66.67,2021-10-31T09:51:48+00:00,2019-01-12
58364cc88fdd90de872e8197c04b9754,VirusShare_00495,vbclone,192621,exe,trojan,69.12,2021-10-31T10:11:40+00:00,2019-01-12
586d8a7755a09c8a09622dd1bcd08bfa,VirusShare_00495,vbclone,192596,exe,trojan,67.69,2021-10-31T03:30:26+00:00,2019-01-12
589e79562eeaa7f82796350d2b4d259c,VirusShare_00495,vbclone,192675,exe,trojan,66.67,2021-11-07T05:01:05+00:00,2019-01-12
58c85f800986ade6bfb05d0a5ec1b6ae,VirusShare_00495,vbclone,196734,exe,trojan,71.01,2021-10-31T14:02:30+00:00,2019-01-12
58f5b89b81f141fd776574050547c71b,VirusShare_00495,vbclone,196725,exe,trojan,80.88,2021-11-05T09:31:56+00:00,2019-01-12
58fc8f1d639b9eb3007d71966db151c5,VirusShare_00495,vbclone,196712,exe,trojan,69.12,2021-10-31T12:38:01+00:00,2019-01-12
5944a7d46ad573a1d3bc270c281b1dd6,VirusShare_00495,vbclone,196773,exe,trojan,80.88,2021-11-06T12:44:18+00:00,2019-01-12
59d4379ef9a8dc2df6d487611454bbf4,VirusShare_00495,vbclone,192589,exe,trojan,65.22,2021-10-31T05:21:37+00:00,2019-01-12
59e747927339f88a380366475fb1e4ef,VirusShare_00495,vbclone,192674,exe,trojan,63.93,2021-11-07T05:01:07+00:00,2019-01-12
5a1323591802976174e13804c4b11cf4,VirusShare_00495,vbclone,192580,exe,trojan,75.0,2021-11-03T11:45:42+00:00,2019-01-12
5a5ced0eca75b2bcfc3bf1d4d114c7a3,VirusShare_00495,vbclone,192584,exe,trojan,67.65,2021-11-02T16:49:30+00:00,2019-01-12
5ac63d913bb1f6ce8e94e406f9c702ff,VirusShare_00495,vbclone,196664,exe,trojan,65.71,2021-11-06T03:14:00+00:00,2019-01-12
5ae17c5eb516dcafc444b6bf4478247d,VirusShare_00495,vbclone,192603,exe,trojan,68.18,2021-11-03T08:02:26+00:00,2019-01-12
5b0e9f0b7750a90a42a3f41ae01b740f,VirusShare_00495,vbclone,192619,exe,trojan,76.47,2021-11-04T07:42:26+00:00,2019-01-12
5b477af3fc040d67e53a0c24437f8de3,VirusShare_00495,vbclone,196653,exe,trojan,66.18,2021-10-31T13:51:42+00:00,2019-01-12
5b719e25269e2d56423d89913914074d,VirusShare_00495,vbclone,196746,exe,trojan,67.16,2021-11-07T11:50:34+00:00,2019-01-12
5c6b36bda34f590e8332df0024be4990,VirusShare_00495,vbclone,189219,exe,trojan,67.65,2021-11-02T10:12:12+00:00,2019-01-12
5c7db4b0a992c056bf2d2ea5ada46ca0,VirusShare_00495,vbclone,196693,exe,trojan,65.22,2021-10-31T12:38:03+00:00,2019-01-12
5c9ad68901bb317ab9a30f537bc93f09,VirusShare_00495,vbclone,189233,exe,trojan,76.81,2021-11-06T23:04:59+00:00,2019-01-12
5ce3373a5d650e032efc45512a85da19,VirusShare_00495,vbclone,196736,exe,trojan,68.66,2021-11-02T07:26:06+00:00,2019-01-12
5ced8cff37d862b18e94645100eb653f,VirusShare_00495,vbclone,196791,exe,trojan,75.36,2021-11-09T10:05:24+00:00,2019-01-12
5d395b1ff3b960648fb18024e2c4543c,VirusShare_00495,vbclone,196688,exe,trojan,69.12,2021-11-01T19:58:45+00:00,2019-01-12
5da98751118c5daed8b4775b8f507761,VirusShare_00495,vbclone,196689,exe,trojan,72.46,2021-10-31T12:37:53+00:00,2019-01-12
5e0e66aff5c1d8a9ef82f48399aeaeb3,VirusShare_00495,vbclone,196729,exe,trojan,76.47,2021-11-09T00:06:12+00:00,2019-01-12
5e13a2a65f6f11a19930112637b15f83,VirusShare_00495,vbclone,196683,exe,trojan,69.57,2021-10-31T12:37:50+00:00,2019-01-12
5e5306c77a897ebd350cd97f1947b8a0,VirusShare_00495,vbclone,196747,exe,trojan,79.71,2021-11-05T23:02:47+00:00,2019-01-12
5ee00e6d00235485d1b407633419b046,VirusShare_00495,vbclone,189231,exe,trojan,65.22,2021-11-02T10:12:14+00:00,2019-01-12
5f0c488cf09c1157065648a1cd23b4a5,VirusShare_00495,vbclone,196666,exe,trojan,66.67,2021-11-01T19:58:46+00:00,2019-01-12
5f5512b66cd7eabb8fd80737fbe6508f,VirusShare_00495,vbclone,196697,exe,trojan,79.1,2021-11-05T08:48:45+00:00,2019-01-12
5fa6cd5cf1cc1c1d0be9e93cb85eb1d0,VirusShare_00495,vbclone,192674,exe,trojan,67.65,2021-11-07T10:28:58+00:00,2019-01-12
5fcac7f3b43487b0ee57dbe5bd3d0c5f,VirusShare_00495,vbclone,192587,exe,trojan,66.18,2021-10-31T10:11:40+00:00,2019-01-12
60a441718d578979ba2e7f96f795c316,VirusShare_00495,vbclone,196703,exe,trojan,79.1,2021-11-06T08:35:00+00:00,2019-01-12
60b425b9ad656db166ee25984173b85d,VirusShare_00495,vbclone,196722,exe,trojan,69.57,2021-10-31T14:02:34+00:00,2019-01-12
60eb2cb2faececb41c9536fbf72d2e72,VirusShare_00495,vbclone,196740,exe,trojan,69.12,2021-11-02T07:26:10+00:00,2019-01-12
613f91bbb4bef4d3b93c6c4d8a40814e,VirusShare_00495,vbclone,192655,exe,trojan,79.71,2021-11-08T07:37:34+00:00,2019-01-12
619b964c740cd28dd0df128356904f4e,VirusShare_00495,vbclone,196692,exe,trojan,64.71,2021-11-01T06:26:07+00:00,2019-01-12
61a99001c9754de18c40af962eac71ae,VirusShare_00495,vbclone,192579,exe,trojan,75.36,2021-11-06T11:34:44+00:00,2019-01-12
61b8d8b17931c68687fbe212cac0c54c,VirusShare_00495,vbclone,192641,exe,trojan,65.22,2021-11-04T17:28:49+00:00,2019-01-12
61d5cf8a299ce122006827f288470ef8,VirusShare_00495,vbclone,192699,exe,trojan,63.77,2021-11-08T07:50:58+00:00,2019-01-12
61f09a43ac141964039fea9ee4504393,VirusShare_00495,vbclone,192606,exe,trojan,64.18,2021-11-03T08:02:28+00:00,2019-01-12
62564314fc3b5c51a097498a27825af2,VirusShare_00495,vbclone,196662,exe,trojan,66.67,2021-10-31T13:51:42+00:00,2019-01-12
630269f83cc815ebe147ad451db5366f,VirusShare_00495,vbclone,192603,exe,trojan,68.12,2021-10-31T09:51:52+00:00,2019-01-12
6336c2ad8458f309892523e6962d7be5,VirusShare_00495,vbclone,192681,exe,trojan,70.15,2021-11-08T07:50:57+00:00,2019-01-12
634538bf52f48e6e8ec68cb16a15ac58,VirusShare_00495,vbclone,192589,exe,trojan,65.22,2021-10-31T09:49:59+00:00,2019-01-12
6351427e989f172ace24a49f47e6aebc,VirusShare_00495,vbclone,196775,exe,trojan,65.57,2021-10-31T07:23:47+00:00,2019-01-12
6354deaaf9509a8572496cece86f19f0,VirusShare_00495,vbclone,196643,exe,trojan,56.52,2021-10-31T13:51:43+00:00,2019-01-12
636c709e965e317b55866076188d27b1,VirusShare_00495,vbclone,192578,exe,trojan,81.16,2021-11-04T14:20:43+00:00,2019-01-12
63b823d92b10aa3fec0323436d9b24ae,VirusShare_00495,vbclone,192642,exe,trojan,66.67,2021-11-06T21:37:57+00:00,2019-01-12
64328139141a2c8a8c8fac44e4a4b91b,VirusShare_00495,vbclone,192595,exe,trojan,78.46,2021-11-02T06:35:09+00:00,2019-01-12
64749e96d9dc42be85a1dd3acb96fbc3,VirusShare_00495,vbclone,196741,exe,trojan,67.16,2021-11-02T07:26:02+00:00,2019-01-12
648843faeba968b89b62c5ebcc13a1eb,VirusShare_00495,vbclone,196732,exe,trojan,72.46,2021-10-31T14:02:37+00:00,2019-01-12
64ac3148a441dfaec37b22f7bff4bc9e,VirusShare_00495,vbclone,196683,exe,trojan,75.36,2021-11-03T06:04:50+00:00,2019-01-12
64e6350cb546aa4a2b699696e308fd82,VirusShare_00495,vbclone,196770,exe,trojan,76.81,2021-11-08T18:35:57+00:00,2019-01-12
65111e0def74b00341741e57bade2997,VirusShare_00495,vbclone,192604,exe,trojan,69.12,2021-10-31T09:51:51+00:00,2019-01-12
6531e585841bc68036ae1a750bf0f89d,VirusShare_00495,vbclone,192609,exe,trojan,63.24,2021-10-31T05:21:34+00:00,2019-01-12
659ad5c175844bc20acf8052ac97003b,VirusShare_00495,vbclone,192695,exe,trojan,66.67,2021-11-08T07:51:05+00:00,2019-01-12
65b5f1a364887b4a3bcb8444f63823db,VirusShare_00495,vbclone,192626,exe,trojan,61.19,2021-11-02T05:49:54+00:00,2019-01-12
65e99b4cb9dda608d91a25b1688f13d4,VirusShare_00495,vbclone,192611,exe,trojan,65.22,2021-11-02T07:20:16+00:00,2019-01-12
65efdcf63896aba0799f9a7ad8d3d189,VirusShare_00495,vbclone,196748,exe,trojan,65.22,2021-11-04T17:30:52+00:00,2019-01-12
66b9a593d785fde42b30e5a4c64bce87,VirusShare_00495,vbclone,192610,exe,trojan,64.71,2021-11-03T08:02:45+00:00,2019-01-12
66c6abcaf3be2ff39c83762269a50bcb,VirusShare_00495,vbclone,192587,exe,trojan,65.22,2021-10-31T05:21:29+00:00,2019-01-12
66e9fecf9bb2410c8c898906f32640c4,VirusShare_00495,vbclone,192611,exe,trojan,65.22,2021-10-31T05:21:31+00:00,2019-01-12
671c5aa1a4856fb28b6ddd645c624b87,VirusShare_00495,vbclone,196792,exe,trojan,76.81,2021-11-05T19:37:45+00:00,2019-01-12
67343528a653d1fd0cd9a80bb38125eb,VirusShare_00495,vbclone,192606,exe,trojan,63.77,2021-10-31T03:30:27+00:00,2019-01-12
67ae11c586665678f1495f80c911a296,VirusShare_00495,vbclone,196709,exe,trojan,69.57,2021-10-31T12:37:56+00:00,2019-01-12
67b47b543a83a725398e87e3a6802c4f,VirusShare_00495,vbclone,192628,exe,trojan,65.67,2021-11-04T07:07:46+00:00,2019-01-12
67c65558f06b7946bed8aa08e29ced06,VirusShare_00495,vbclone,192675,exe,trojan,66.67,2021-11-07T10:28:59+00:00,2019-01-12
67eb40842267c12804cdbe0ea55eeb38,VirusShare_00495,vbclone,192647,exe,trojan,66.18,2021-11-04T07:07:50+00:00,2019-01-12
67ef857057e16fa1388a233281debd0f,VirusShare_00495,vbclone,196803,exe,trojan,64.71,2021-11-07T10:58:18+00:00,2019-01-12
6819e3ffec93fa0fc3bb1e29341abfff,VirusShare_00495,vbclone,192606,exe,trojan,66.67,2021-10-31T09:51:51+00:00,2019-01-12
688296cda5decf7b581ee4975e6e0b99,VirusShare_00495,vbclone,192679,exe,trojan,66.67,2021-11-08T07:50:57+00:00,2019-01-12
68f5dbbc04188a4815e40c8d47c63db0,VirusShare_00495,vbclone,192592,exe,trojan,73.53,2021-11-03T09:36:52+00:00,2019-01-12
6946f6510334cf9e6716490fa6d97ed2,VirusShare_00495,vbclone,192674,exe,trojan,65.67,2021-11-07T10:29:05+00:00,2019-01-12
699d30fdf60c1c782762ae4c8bbeb33b,VirusShare_00495,vbclone,192600,exe,trojan,63.77,2021-10-31T05:21:36+00:00,2019-01-12
6a54257bc0d99a78b52e2f280d30c67e,VirusShare_00495,vbclone,192678,exe,trojan,69.12,2021-11-07T10:29:17+00:00,2019-01-12
6a6d1894696f1081ec53ce6caa3dc9cf,VirusShare_00495,vbclone,196658,exe,trojan,78.79,2021-11-05T11:17:04+00:00,2019-01-12
6acea72a58a4929179936dcf98b470e4,VirusShare_00495,vbclone,196667,exe,trojan,64.52,2021-11-02T14:08:17+00:00,2019-01-12
6addac8b689207dcab67a7259877275c,VirusShare_00495,vbclone,196741,exe,trojan,67.65,2021-11-07T11:51:01+00:00,2019-01-12
6b60cc906676a54cb36a55eaaf63efd9,VirusShare_00495,vbclone,196796,exe,trojan,68.12,2021-11-07T10:58:13+00:00,2019-01-12
6b797892c1a6062f92e24c6b4d05deaa,VirusShare_00495,vbclone,196763,exe,trojan,65.67,2021-11-07T11:51:07+00:00,2019-01-12
6b7de347aff70fc9d298ad2f760413e4,VirusShare_00495,vbclone,196751,exe,trojan,79.41,2021-11-06T13:53:15+00:00,2019-01-12
6b9dd8bd569546ed36936a13e8f4a7ad,VirusShare_00495,vbclone,192701,exe,trojan,63.24,2021-11-08T07:51:05+00:00,2019-01-12
6bb03a6220e616894754e57185b0e38e,VirusShare_00495,vbclone,196700,exe,trojan,65.57,2021-11-07T07:28:09+00:00,2019-01-12
6c2a4bb1d0ef5dd48895472bd6956165,VirusShare_00495,vbclone,192651,exe,trojan,64.18,2021-11-06T13:13:08+00:00,2019-01-12
6c3efdb3c7345c25192321cd283f6543,VirusShare_00495,vbclone,192603,exe,trojan,66.67,2021-10-31T05:21:39+00:00,2019-01-12
6c8ab0bdd5e3424c5a4f6de179d005d6,VirusShare_00495,vbclone,196780,exe,trojan,76.47,2021-11-03T09:44:02+00:00,2019-01-12
6d293fecc4488b7e73a6a694d525c96d,VirusShare_00495,vbclone,196753,exe,trojan,77.94,2021-11-05T18:35:09+00:00,2019-01-12
6df0639e9aff8aa724442e8cda822545,VirusShare_00495,vbclone,196693,exe,trojan,70.59,2021-11-01T19:58:45+00:00,2019-01-12
6dfa1044bfdf0dbda8596802571e9fd2,VirusShare_00495,vbclone,196635,exe,trojan,65.22,2021-10-31T17:52:13+00:00,2019-01-12
6e1bd85f227e4e0b1be169ccc18a17fa,VirusShare_00495,vbclone,192653,exe,trojan,64.06,2021-11-05T06:29:20+00:00,2019-01-12
6ef2d8a983ba9c7d8d72e0fc1e6aa7a3,VirusShare_00495,vbclone,192653,exe,trojan,62.5,2021-11-05T06:29:19+00:00,2019-01-12
6f172b10f4338b9beb0c0b8fbd85c0e7,VirusShare_00495,vbclone,192625,exe,trojan,63.77,2021-11-04T17:28:47+00:00,2019-01-12
6f41b6cf4e93b7c175a166eb11ff07b4,VirusShare_00495,vbclone,192657,exe,trojan,63.77,2021-11-06T13:07:55+00:00,2019-01-12
6f50dbef0eef2112093ec04c1d52bca3,VirusShare_00495,vbclone,192561,exe,trojan,79.1,2021-11-03T10:51:48+00:00,2019-01-12
6f9b17087799652cd77dd759e6ccc8d2,VirusShare_00495,vbclone,196744,exe,trojan,82.35,2021-11-04T11:56:33+00:00,2019-01-12
6fc4118f0717e0e7c430b0fff17e7106,VirusShare_00495,vbclone,192673,exe,trojan,69.57,2021-11-07T10:29:13+00:00,2019-01-12
6fc6afcd4dc05467f9f697eef0abdfde,VirusShare_00495,vbclone,192601,exe,trojan,75.0,2021-11-03T10:25:04+00:00,2019-01-12
6fc8a4a0ec87107c27e813b2475454ce,VirusShare_00495,vbclone,192607,exe,trojan,76.81,2021-11-03T13:48:22+00:00,2019-01-12
70213a7b7ad3eec782ccaed9356edd96,VirusShare_00495,vbclone,192666,exe,trojan,64.71,2021-11-06T21:38:00+00:00,2019-01-12
7087543acfafec6453ad5da246bb9922,VirusShare_00495,vbclone,196616,exe,trojan,79.41,2021-11-03T11:07:50+00:00,2019-01-12
708c772301d3ce61a8592faac5f52335,VirusShare_00495,vbclone,192663,exe,trojan,68.66,2021-11-07T10:29:12+00:00,2019-01-12
70d42f553d1acbac687151aa6b223278,VirusShare_00495,vbclone,192611,exe,trojan,67.65,2021-11-03T08:02:27+00:00,2019-01-12
71005e00b16261f00ca904193e4b532f,VirusShare_00495,vbclone,196709,exe,trojan,69.23,2021-10-31T12:37:49+00:00,2019-01-12
7104aa63e6d60e5363aebcec2edb0e30,VirusShare_00495,vbclone,192720,exe,trojan,78.26,2021-11-01T16:07:28+00:00,2019-01-12
710a27898ee57d3995f9e81025906516,VirusShare_00495,vbclone,196754,exe,trojan,66.67,2021-11-02T09:54:47+00:00,2019-01-12
713975fc715faa0764787220cab23f6c,VirusShare_00495,vbclone,192701,exe,trojan,64.71,2021-11-08T07:50:56+00:00,2019-01-12
714c29cd8b6f6aad2eb72dc7e2713fc9,VirusShare_00495,vbclone,192608,exe,trojan,75.36,2021-11-03T10:45:00+00:00,2019-01-12
7174db6de0601ecd00de77fb6b7de37a,VirusShare_00495,vbclone,196680,exe,trojan,69.57,2021-11-04T17:51:36+00:00,2019-01-12
71a6641adbbfff486c64c726944af98e,VirusShare_00495,vbclone,192584,exe,trojan,66.67,2021-10-31T09:50:07+00:00,2019-01-12
71ad49bec430811822f024b1238f1e79,VirusShare_00495,vbclone,192606,exe,trojan,66.18,2021-11-02T07:20:16+00:00,2019-01-12
71d7009b7c8acb2ab9648a377f4300d8,VirusShare_00495,vbclone,192597,exe,trojan,64.71,2021-10-31T09:49:58+00:00,2019-01-12
72211c43d7b28b6c5fa832f84d789d8a,VirusShare_00495,vbclone,196743,exe,trojan,67.16,2021-11-07T11:50:59+00:00,2019-01-12
7244dc47241c58c35d71219dc8f50225,VirusShare_00495,vbclone,192627,exe,trojan,66.15,2021-11-01T08:11:13+00:00,2019-01-12
729871780c4556941710b900d5a47015,VirusShare_00495,vbclone,196654,exe,trojan,68.12,2021-11-01T01:40:35+00:00,2019-01-12
7352d67cb27e0f230d7f47f7c81b7843,VirusShare_00495,vbclone,192672,exe,trojan,79.41,2021-11-06T19:34:51+00:00,2019-01-12
7361de1e5d8eb18044fff67274fb9249,VirusShare_00495,vbclone,192594,exe,trojan,76.81,2021-11-04T04:53:07+00:00,2019-01-12
743fac3f1ebe4c77160da4006439ab90,VirusShare_00495,vbclone,192610,exe,trojan,67.65,2021-10-31T10:11:24+00:00,2019-01-12
74406fc5686c33d59d071074b377b52e,VirusShare_00495,vbclone,192604,exe,trojan,76.81,2021-11-03T04:25:07+00:00,2019-01-12
74571868164e9df49e9308e045a341be,VirusShare_00495,vbclone,192687,exe,trojan,70.15,2021-11-07T09:16:16+00:00,2019-01-12
74bf8634adacb3204a266a6d835b3324,VirusShare_00495,vbclone,192769,exe,trojan,59.7,2021-10-27T07:25:47+00:00,2019-01-12
74ed1d860dffd519fb37dca614f451f6,VirusShare_00495,vbclone,192651,exe,trojan,65.22,2021-11-07T05:01:17+00:00,2019-01-12
75007d06bf8db5459155f914e4eba09c,VirusShare_00495,vbclone,196710,exe,trojan,67.65,2021-11-07T07:28:05+00:00,2019-01-12
75069b1f59017722db64ad21de09b6a5,VirusShare_00495,vbclone,192673,exe,trojan,69.57,2021-11-07T10:29:12+00:00,2019-01-12
751e4850a4e299fbcd43efed0aa71248,VirusShare_00495,vbclone,196717,exe,trojan,67.65,2021-11-01T06:26:15+00:00,2019-01-12
7545a932a694e6231eac5adc174cc639,VirusShare_00495,vbclone,192672,exe,trojan,63.77,2021-11-08T07:51:01+00:00,2019-01-12
758e86277d33e72a0910c150dae4eadd,VirusShare_00495,vbclone,196774,exe,trojan,69.57,2021-11-01T10:47:00+00:00,2019-01-12
75f969dbe8bf0bc01ed96b8da18a67af,VirusShare_00495,vbclone,192585,exe,trojan,66.67,2021-11-02T16:49:23+00:00,2019-01-12
760583ae586ae05424a24c85bbee4691,VirusShare_00495,vbclone,192660,exe,trojan,66.18,2021-11-08T07:51:01+00:00,2019-01-12
7649fe44b76fb92ac311d35b819009ed,VirusShare_00495,vbclone,192570,exe,trojan,68.66,2021-10-31T08:23:17+00:00,2019-01-12
76a87fdcbc9857acb653fd148c1709bf,VirusShare_00495,vbclone,192678,exe,trojan,80.6,2021-11-06T10:02:36+00:00,2019-01-12
76ea70ac6383fbe25850b71832244262,VirusShare_00495,vbclone,196779,exe,trojan,67.16,2021-10-31T07:23:43+00:00,2019-01-12
7716b91b50a73b615da82029dd2a4c13,VirusShare_00495,vbclone,192664,exe,trojan,80.88,2021-11-04T15:35:07+00:00,2019-01-12
77400349ff8db6f7038aa7f676aab0e8,VirusShare_00495,vbclone,192601,exe,trojan,64.06,2021-11-02T07:20:26+00:00,2019-01-12
77541d0260f341d83570b9581af90990,VirusShare_00495,vbclone,192611,exe,trojan,66.67,2021-11-02T07:20:25+00:00,2019-01-12
779d7abae94253edb03413d351818238,VirusShare_00495,vbclone,192642,exe,trojan,64.62,2021-11-02T05:49:53+00:00,2019-01-12
780bf92f5172de39b85a6a0cdea67395,VirusShare_00495,vbclone,192603,exe,trojan,76.81,2021-11-05T18:03:27+00:00,2019-01-12
782c3db37c7a7e786b6c0c1855d18eb3,VirusShare_00495,vbclone,192585,exe,trojan,68.12,2021-11-02T16:49:27+00:00,2019-01-12
7844979c3c1bed7c357abe7478781dc1,VirusShare_00495,vbclone,192580,exe,trojan,77.94,2021-11-08T02:14:33+00:00,2019-01-12
78591bf5e3cede79d4637d979423d9d4,VirusShare_00495,vbclone,192667,exe,trojan,66.67,2021-11-08T07:51:05+00:00,2019-01-12
785dc41074f8509edb5e5f6bac395530,VirusShare_00495,vbclone,192600,exe,trojan,64.52,2021-10-31T21:32:04+00:00,2019-01-12
786082dc262817982ad8f5f31cf3a04b,VirusShare_00495,vbclone,192591,exe,trojan,65.22,2021-10-31T05:21:44+00:00,2019-01-12
7867ebca7065a93f0acc73d0acc6f4e7,VirusShare_00495,vbclone,196704,exe,trojan,68.12,2021-11-07T07:28:17+00:00,2019-01-12
79010b3f4b16de108da5e0c938a8ad90,VirusShare_00495,vbclone,192656,exe,trojan,72.06,2021-11-05T18:35:21+00:00,2019-01-12
79866bee09758dc28476165274a7db32,VirusShare_00495,vbclone,192668,exe,trojan,70.59,2021-11-07T10:29:14+00:00,2019-01-12
79c08dec8ec2fc17a9db9496ba31b353,VirusShare_00495,vbclone,196725,exe,trojan,77.94,2021-11-06T04:50:11+00:00,2019-01-12
79e424856b8ec89694bf7e74605587dc,VirusShare_00495,vbclone,192603,exe,trojan,66.18,2021-10-31T09:50:02+00:00,2019-01-12
79ea9f6ed603ca721d40841c8eaf0c0a,VirusShare_00495,vbclone,192692,exe,trojan,79.41,2021-11-09T16:58:23+00:00,2019-01-12
7a0cf0ee3e4e5a38acc897ac24a1f840,VirusShare_00495,vbclone,196725,exe,trojan,68.12,2021-11-04T17:30:43+00:00,2019-01-12
7a119e3c258bf098eeb1cebed823628d,VirusShare_00495,vbclone,196715,exe,trojan,63.77,2021-11-07T07:28:13+00:00,2019-01-12
7a22d375b5da126b40b1625279a6fd57,VirusShare_00495,vbclone,196668,exe,trojan,65.22,2021-10-31T13:51:42+00:00,2019-01-12
7a5de1c89ae9fc9ec884495fed254ae3,VirusShare_00495,vbclone,196630,exe,trojan,68.12,2021-10-31T17:52:21+00:00,2019-01-12
7aa2a0f6559182514e909004b7bbc4d4,VirusShare_00495,vbclone,196774,exe,trojan,66.18,2021-11-07T11:50:56+00:00,2019-01-12
7ac24dda62806a5db3d547f358002520,VirusShare_00495,vbclone,192606,exe,trojan,66.67,2021-10-31T10:11:26+00:00,2019-01-12
7ac4fe00dd9322c241b984aee8c2602f,VirusShare_00495,vbclone,192675,exe,trojan,67.65,2021-11-05T06:29:32+00:00,2019-01-12
7ac5d5253826ef13c34bebd5975ac59c,VirusShare_00495,vbclone,192671,exe,trojan,67.65,2021-11-07T09:16:13+00:00,2019-01-12
7afee94642b126a030c065e97b172568,VirusShare_00495,vbclone,192656,exe,trojan,79.71,2021-11-03T14:10:08+00:00,2019-01-12
7b33bc1b2ce118441f7aab9525c07c75,VirusShare_00495,vbclone,192553,exe,trojan,71.01,2021-11-02T16:49:13+00:00,2019-01-12
7b809c3b2d1b1571c5d3202bc83d5a50,VirusShare_00495,vbclone,192667,exe,trojan,70.15,2021-11-07T10:29:10+00:00,2019-01-12
7b9ed163ca463f7bdbbad12ae298f597,VirusShare_00495,vbclone,196638,exe,trojan,69.57,2021-10-31T17:52:17+00:00,2019-01-12
7be652a5d5091d718b01bd424ee19b0a,VirusShare_00495,vbclone,196664,exe,trojan,78.26,2021-11-02T09:35:18+00:00,2019-01-12
7bf4bcfcffbd600081453c845638964b,VirusShare_00495,vbclone,196797,exe,trojan,65.22,2021-11-07T10:58:03+00:00,2019-01-12
7c134ac66c744e522ae7e04489e76af9,VirusShare_00495,vbclone,196734,exe,trojan,65.22,2021-11-04T17:30:53+00:00,2019-01-12
7c40eba114dbb0b3991a9366696b665f,VirusShare_00495,vbclone,196727,exe,trojan,64.71,2021-11-07T07:28:19+00:00,2019-01-12
7c496a997bdf6488a5843458e2e419d2,VirusShare_00495,vbclone,192667,exe,trojan,69.23,2021-11-05T06:29:23+00:00,2019-01-12
7c4bd827f06fcafbc6b0e38a77e11f30,VirusShare_00495,vbclone,192688,exe,trojan,66.18,2021-11-07T10:29:03+00:00,2019-01-12
7c9d9c4cf8916f3c8dcffa8ec0a83e3f,VirusShare_00495,vbclone,192679,exe,trojan,77.94,2021-11-06T00:26:55+00:00,2019-01-12
7ca770a6aad671af4291be0e5704a58e,VirusShare_00495,vbclone,192627,exe,trojan,74.24,2021-11-09T09:48:25+00:00,2019-01-12
7ce9f2d216ee49118ff95817ab4527c5,VirusShare_00495,vbclone,192611,exe,trojan,68.12,2021-11-02T05:49:50+00:00,2019-01-12
7d314423e2ae45530cd41e68db7b954d,VirusShare_00495,vbclone,192580,exe,trojan,75.36,2021-11-05T22:35:22+00:00,2019-01-12
7d629d22239a87d80d496e04efb27d1b,VirusShare_00495,vbclone,192655,exe,trojan,66.67,2021-11-06T13:08:01+00:00,2019-01-12
7d87aedd8a94918b6f697eedff446245,VirusShare_00495,vbclone,192626,exe,trojan,65.22,2021-11-04T17:28:47+00:00,2019-01-12
7dd90ed8a4ca0adfccb68a7e13cc1e77,VirusShare_00495,vbclone,192605,exe,trojan,67.65,2021-11-02T05:49:40+00:00,2019-01-12
7de5cae1e8643eaa151d70c49e472e6b,VirusShare_00495,vbclone,192600,exe,trojan,73.53,2021-11-04T08:17:59+00:00,2019-01-12
7e04f88bb69bd9cb131286add42923f9,VirusShare_00495,vbclone,196746,exe,trojan,72.06,2021-11-04T08:09:42+00:00,2019-01-12
7e15dc6f8678c18efbf8cda510c4b818,VirusShare_00495,vbclone,192571,exe,trojan,67.65,2021-10-31T08:23:20+00:00,2019-01-12
7e3bf610170229e0f41916e758755bd4,VirusShare_00495,vbclone,196644,exe,trojan,68.12,2021-10-31T13:51:37+00:00,2019-01-12
7e6de0cbc5cb9f95bc8e25c1fd1ead0a,VirusShare_00495,vbclone,196775,exe,trojan,75.76,2021-11-08T22:34:43+00:00,2019-01-12
7f47ee542830a435aa4bbc958df7c7f7,VirusShare_00495,vbclone,192681,exe,trojan,66.18,2021-11-03T16:47:24+00:00,2019-01-12
7f6a20bf29cad8c6305f84037685acd6,VirusShare_00495,vbclone,192693,exe,trojan,70.15,2021-11-07T09:16:15+00:00,2019-01-12
7fdc158b735c8e8db8836620e2e70fe0,VirusShare_00495,vbclone,196659,exe,trojan,67.65,2021-11-01T19:58:51+00:00,2019-01-12
80927e39c7751b68f8a8ecc51cb7c992,VirusShare_00495,vbclone,192688,exe,trojan,78.26,2021-11-08T17:54:15+00:00,2019-01-12
80963a85f856812636d0fc511de8c863,VirusShare_00495,vbclone,192585,exe,trojan,82.61,2021-11-05T11:32:01+00:00,2019-01-12
813659f1cf5761325febae9d39a62a8d,VirusShare_00495,vbclone,196790,exe,trojan,66.18,2021-10-31T07:23:48+00:00,2019-01-12
81543594daa60d4913cddf359d0845c7,VirusShare_00495,vbclone,192645,exe,trojan,66.67,2021-11-05T06:29:26+00:00,2019-01-12
827fa889c21f08e091aa717f5dcca393,VirusShare_00495,vbclone,192574,exe,trojan,77.94,2021-11-05T21:32:58+00:00,2019-01-12
82a4b0818e53bf4c7f2c98410fd2ed01,VirusShare_00495,vbclone,192621,exe,trojan,76.47,2021-11-05T20:28:36+00:00,2019-01-12
82aab90509b649f66bb6f40031a42634,VirusShare_00495,vbclone,192603,exe,trojan,77.61,2021-11-05T05:45:54+00:00,2019-01-12
832d6a62bdedbc06696e93a4d705e7a6,VirusShare_00495,vbclone,192675,exe,trojan,70.59,2021-11-07T09:16:22+00:00,2019-01-12
8333cfaf833983426f65c839b731551f,VirusShare_00495,vbclone,192644,exe,trojan,66.18,2021-11-05T06:29:18+00:00,2019-01-12
83680c422603c1164ca0cf19d511096a,VirusShare_00495,vbclone,192602,exe,trojan,79.1,2021-11-05T15:26:24+00:00,2019-01-12
836e43e35937fe93a672120301ac09c5,VirusShare_00495,vbclone,196771,exe,trojan,75.0,2021-11-04T13:02:53+00:00,2019-01-12
83739cb95097cd154dcf3d22c2590461,VirusShare_00495,vbclone,192674,exe,trojan,66.15,2021-11-07T10:29:03+00:00,2019-01-12
83a6cbf76c897954ccc9b68cdf5fd0de,VirusShare_00495,vbclone,196720,exe,trojan,79.71,2021-11-03T12:23:13+00:00,2019-01-12
83d062241b4d0e8faa7da3e40e922e60,VirusShare_00495,vbclone,196651,exe,trojan,65.22,2021-11-04T06:30:48+00:00,2019-01-12
83d4e0fc3a03aba90484948e9b566c66,VirusShare_00495,vbclone,192657,exe,trojan,66.18,2021-11-06T21:38:10+00:00,2019-01-12
8402c5d570804a4ef1366fad1de99ed0,VirusShare_00495,vbclone,196718,exe,trojan,68.12,2021-11-02T09:54:01+00:00,2019-01-12
84eeaea4b2913d9ce8029169cae79771,VirusShare_00495,vbclone,192704,exe,trojan,62.32,2021-11-03T16:47:08+00:00,2019-01-12
85acea9b58617b65e39bb53b43ae39e0,VirusShare_00495,vbclone,196665,exe,trojan,71.01,2021-11-06T03:13:59+00:00,2019-01-12
85f2036aec899e1c37e1df2cb507487c,VirusShare_00495,vbclone,192696,exe,trojan,63.24,2021-11-08T07:50:55+00:00,2019-01-12
85f5483a969b3cbbfd00c11909d76ed6,VirusShare_00495,vbclone,192609,exe,trojan,65.67,2021-11-02T05:49:54+00:00,2019-01-12
85f6e7d87e691301f8fb9c4459eb6f83,VirusShare_00495,vbclone,192670,exe,trojan,67.65,2021-11-07T10:29:09+00:00,2019-01-12
85fe0d533114a1dc66282009b8e2a4a0,VirusShare_00495,vbclone,192701,exe,trojan,64.71,2021-11-08T07:51:00+00:00,2019-01-12
86816bf9367802292b5b2ca534909696,VirusShare_00495,vbclone,196722,exe,trojan,71.01,2021-10-31T14:02:32+00:00,2019-01-12
86888ac14b6def52defa73932fc830e8,VirusShare_00495,vbclone,196721,exe,trojan,71.01,2021-10-31T14:02:40+00:00,2019-01-12
86f1ee44734935d158ef563644431840,VirusShare_00495,vbclone,196767,exe,trojan,76.81,2021-11-04T17:05:36+00:00,2019-01-12
874f287e107b114f759386cff17d774a,VirusShare_00495,vbclone,192562,exe,trojan,82.09,2021-11-04T10:40:18+00:00,2019-01-12
876eaad22226232c46f716b54f54f8aa,VirusShare_00495,vbclone,196795,exe,trojan,77.94,2021-11-04T10:20:27+00:00,2019-01-12
87829a0737aa75a5788faa74bf01ab93,VirusShare_00495,vbclone,196727,exe,trojan,69.12,2021-10-31T14:02:27+00:00,2019-01-12
87ac7737723c98a0b5aedbcbed3870e2,VirusShare_00495,vbclone,192666,exe,trojan,69.12,2021-11-07T10:28:59+00:00,2019-01-12
87d4e0059fe199bfb466c2e0ac771245,VirusShare_00495,vbclone,192613,exe,trojan,73.91,2021-11-04T08:49:24+00:00,2019-01-12
884ac9a585866d3e194289f85bbe23b1,VirusShare_00495,vbclone,192566,exe,trojan,66.67,2021-11-02T16:49:26+00:00,2019-01-12
885996f3dbdde2660c292029661a9087,VirusShare_00495,vbclone,192679,exe,trojan,67.65,2021-11-03T16:47:21+00:00,2019-01-12
889f7d0b7d27243c2a73ac159313f097,VirusShare_00495,vbclone,196741,exe,trojan,81.82,2021-11-05T05:08:38+00:00,2019-01-12
88e734f61f0839ea2b49160203f3c972,VirusShare_00495,vbclone,196738,exe,trojan,85.51,2021-11-05T20:10:07+00:00,2019-01-12
88fbaae3d71286ece5cfc2e0d7f124b7,VirusShare_00495,vbclone,196691,exe,trojan,66.67,2021-11-06T03:13:59+00:00,2019-01-12
89198d89031ab7b732112eadba3aece1,VirusShare_00495,vbclone,196731,exe,trojan,79.41,2021-11-04T09:50:31+00:00,2019-01-12
89a12ceb6f1afb4b699e38e7956afb95,VirusShare_00495,vbclone,192634,exe,trojan,64.71,2021-11-06T13:12:57+00:00,2019-01-12
89a3108691408ff9591daf855dc5e4d2,VirusShare_00495,vbclone,192594,exe,trojan,76.81,2021-11-03T11:10:31+00:00,2019-01-12
89b65dd80ef95ebadf7a4082694adfce,VirusShare_00495,vbclone,192647,exe,trojan,63.77,2021-11-04T17:28:49+00:00,2019-01-12
89cfd4271d25770161abbf31aadf929c,VirusShare_00495,vbclone,192661,exe,trojan,66.67,2021-11-06T21:37:55+00:00,2019-01-12
89e6913997c867b984f3d517ce3f3787,VirusShare_00495,vbclone,196748,exe,trojan,69.57,2021-11-02T07:25:57+00:00,2019-01-12
89f0f94c5fe52e990e2bd9e9d2fed458,VirusShare_00495,vbclone,192636,exe,trojan,63.49,2021-11-02T05:49:44+00:00,2019-01-12
8a1291184f81ad1affcf04710ff675d0,VirusShare_00495,vbclone,192639,exe,trojan,63.24,2021-11-04T07:07:56+00:00,2019-01-12
8a59a2f0f092f3acb05457fd01217e71,VirusShare_00495,vbclone,192683,exe,trojan,64.06,2021-11-07T10:28:57+00:00,2019-01-12
8a6dab7ef506c8979e3cb200948fd06b,VirusShare_00495,vbclone,192620,exe,trojan,66.67,2021-11-02T05:49:39+00:00,2019-01-12
8a8f0c061fa10f75df6b525581ce73fa,VirusShare_00495,vbclone,192692,exe,trojan,67.65,2021-11-07T09:16:13+00:00,2019-01-12
8aa74c49487a7779ca219ba19b9a837a,VirusShare_00495,vbclone,192653,exe,trojan,63.64,2021-11-04T07:07:48+00:00,2019-01-12
8acc002d282274790ba15a3f2cf378a1,VirusShare_00495,vbclone,196704,exe,trojan,70.59,2021-11-04T13:01:33+00:00,2019-01-12
8ae77d35d7493aeec667166a48f261df,VirusShare_00495,vbclone,196664,exe,trojan,72.58,2021-11-08T13:48:29+00:00,2019-01-12
8af69455437adce8ba7bb3603ca8bd6f,VirusShare_00495,vbclone,192664,exe,trojan,66.18,2021-11-07T10:29:03+00:00,2019-01-12
8b00a26bd43660a4f7268b151588a160,VirusShare_00495,vbclone,192609,exe,trojan,78.26,2021-11-05T04:35:17+00:00,2019-01-12
8b0a423d4800b6945e5112de9af359a4,VirusShare_00495,vbclone,192719,exe,trojan,75.36,2021-11-05T01:35:05+00:00,2019-01-12
8b57849bce46b9e3372662a30acc4b6b,VirusShare_00495,vbclone,196787,exe,trojan,67.65,2021-11-07T10:58:16+00:00,2019-01-12
8b62e72de204e04ecd9b209766bbcbb0,VirusShare_00495,vbclone,192588,exe,trojan,66.67,2021-10-31T03:30:20+00:00,2019-01-12
8bc8c60b503156ec784bd7e8d99a05a7,VirusShare_00495,vbclone,192581,exe,trojan,75.36,2021-11-03T05:13:41+00:00,2019-01-12
8bccd1148ac204c061f45b2337c29315,VirusShare_00495,vbclone,192651,exe,trojan,68.12,2021-11-06T21:37:55+00:00,2019-01-12
8c1086e6143f4299581fcc8eeb8936f2,VirusShare_00495,vbclone,192582,exe,trojan,66.67,2021-11-04T20:22:45+00:00,2019-01-12
8c652b34836e261473fde8869fd6d705,VirusShare_00495,vbclone,192621,exe,trojan,68.12,2021-10-31T10:11:29+00:00,2019-01-12
8c6676aa95d33a0e0d94567d54476933,VirusShare_00495,vbclone,196690,exe,trojan,69.12,2021-10-31T12:37:51+00:00,2019-01-12
8c9793c6f244b9f1daebd324c63b571e,VirusShare_00495,vbclone,192619,exe,trojan,64.71,2021-11-02T05:49:46+00:00,2019-01-12
8cb68ef650f460c12d8c849c65bf6adb,VirusShare_00495,vbclone,192675,exe,trojan,71.01,2021-11-06T21:37:57+00:00,2019-01-12
8ccfa5c910af336ec2bb681b520e1d2a,VirusShare_00495,vbclone,196772,exe,trojan,66.18,2021-11-07T11:51:05+00:00,2019-01-12
8cf21ad9a592b3edc53c352ee67d6d32,VirusShare_00495,vbclone,192620,exe,trojan,62.12,2021-11-04T07:07:57+00:00,2019-01-12
8cf98537ca8bb7b89a539a377a10441f,VirusShare_00495,vbclone,189399,exe,trojan,61.9,2021-11-02T13:17:29+00:00,2019-01-12
8cfc8f5ab5d65bd4de2b36fdc1b52ccf,VirusShare_00495,vbclone,192605,exe,trojan,78.26,2021-11-05T15:18:53+00:00,2019-01-12
8d0ece16220bcc7a7f3108cd5ebb8fa2,VirusShare_00495,vbclone,192594,exe,trojan,68.12,2021-10-31T05:21:43+00:00,2019-01-12
8d2d92dee8406a4e3bc2a253f1d052ae,VirusShare_00495,vbclone,192589,exe,trojan,76.81,2021-11-03T12:03:40+00:00,2019-01-12
8d85207e05b1724295c5d34f14cc5c01,VirusShare_00495,vbclone,196693,exe,trojan,73.91,2021-11-03T08:35:43+00:00,2019-01-12
8e0c6133c42629e26016525bfeb498a6,VirusShare_00495,vbclone,192563,exe,trojan,68.12,2021-11-01T12:41:30+00:00,2019-01-12
8eae4a9a6ec0dd2ead07452262cd91b3,VirusShare_00495,vbclone,192684,exe,trojan,63.77,2021-11-03T16:47:20+00:00,2019-01-12
8ed33509a8e82c77c9dc5014d3ca6d8d,VirusShare_00495,vbclone,196640,exe,trojan,70.59,2021-10-31T17:52:10+00:00,2019-01-12
8ed8379b68c70023036b994396f38fdd,VirusShare_00495,vbclone,192648,exe,trojan,64.18,2021-11-07T05:01:05+00:00,2019-01-12
8ee877cddd75642453c924fe02251e25,VirusShare_00495,vbclone,196744,exe,trojan,79.71,2021-11-02T13:05:40+00:00,2019-01-12
8f25c25611cd0140eb629bfae0a130a2,VirusShare_00495,vbclone,196744,exe,trojan,85.51,2021-11-08T04:14:00+00:00,2019-01-12
8f4494bc4d59c83ca841ab22396b3f67,VirusShare_00495,vbclone,196754,exe,trojan,76.67,2021-11-05T06:44:19+00:00,2019-01-12
8f45e26f149072361647c446ca60dcb2,VirusShare_00495,vbclone,192586,exe,trojan,69.12,2021-10-31T09:51:47+00:00,2019-01-12
8f5809e768c13428873dde405348672d,VirusShare_00495,vbclone,192600,exe,trojan,63.77,2021-10-31T10:11:27+00:00,2019-01-12
8f7e8e0b1d9de43a6d5b0cc87c546bf3,VirusShare_00495,vbclone,192669,exe,trojan,60.29,2021-11-06T21:38:06+00:00,2019-01-12
8fb2779b888a2010ca12fe3ff5f1f800,VirusShare_00495,vbclone,196692,exe,trojan,74.24,2021-11-06T02:34:58+00:00,2019-01-12
8fb90efb4063df977208a982b3857e01,VirusShare_00495,vbclone,192612,exe,trojan,79.71,2021-11-05T14:36:57+00:00,2019-01-12
8fd21a90d43dc5e285c36f81d3932be8,VirusShare_00495,vbclone,192659,exe,trojan,63.77,2021-11-04T17:28:52+00:00,2019-01-12
90097237dc7da5866d97dca329f850bc,VirusShare_00495,vbclone,196782,exe,trojan,68.12,2021-11-07T10:58:17+00:00,2019-01-12
9024734450f6959b01621b331c73a365,VirusShare_00495,vbclone,196763,exe,trojan,64.71,2021-11-02T07:26:03+00:00,2019-01-12
90435f792551627af877d3d775c84bc5,VirusShare_00495,vbclone,192656,exe,trojan,68.12,2021-11-05T06:29:18+00:00,2019-01-12
90887b76b31d092fad9d1e00a3952704,VirusShare_00495,vbclone,196746,exe,trojan,67.65,2021-11-02T07:25:59+00:00,2019-01-12
90998de2fcb3b62b0e897fbfefa8d1be,VirusShare_00495,vbclone,192678,exe,trojan,65.22,2021-11-08T07:51:09+00:00,2019-01-12
90c92820eedf8e772e0d8c721650606c,VirusShare_00495,vbclone,192613,exe,trojan,65.22,2021-10-31T10:11:28+00:00,2019-01-12
90d49698be93600ff7e7fb20e2783402,VirusShare_00495,vbclone,192660,exe,trojan,81.16,2021-11-02T05:49:55+00:00,2019-01-12
9110021e85268bca079193848927b996,VirusShare_00495,vbclone,192627,exe,trojan,66.18,2021-11-02T05:49:47+00:00,2019-01-12
911a7cb42ea9574e68e27457abf2282a,VirusShare_00495,vbclone,196671,exe,trojan,67.16,2021-11-01T10:24:55+00:00,2019-01-12
91a3683100abbae0aad45ec9947b8973,VirusShare_00495,vbclone,192605,exe,trojan,79.41,2021-11-03T02:46:42+00:00,2019-01-12
91dc58a1dd8c59472b784672582997b7,VirusShare_00495,vbclone,192613,exe,trojan,66.67,2021-10-31T05:21:38+00:00,2019-01-12
924be5717b6fa29fcc25f2f618fcebef,VirusShare_00495,vbclone,192564,exe,trojan,69.57,2021-11-01T12:41:31+00:00,2019-01-12
929bc8d2581337eb234e75b3062b6ae0,VirusShare_00495,vbclone,192603,exe,trojan,80.88,2021-11-03T03:52:27+00:00,2019-01-12
93226493f417a6c9586db48ef3fca71f,VirusShare_00495,vbclone,196780,exe,trojan,65.22,2021-11-07T10:58:04+00:00,2019-01-12
93a38b5aece774cd0d1ef43fe308edc5,VirusShare_00495,vbclone,196741,exe,trojan,77.94,2021-11-03T04:53:51+00:00,2019-01-12
943eb65f9ca5117ad7b0f3422edda624,VirusShare_00495,vbclone,196647,exe,trojan,66.67,2021-10-31T13:51:39+00:00,2019-01-12
94c800b589e97a5951f0d4d4ba02d73d,VirusShare_00495,vbclone,192689,exe,trojan,66.18,2021-11-03T16:47:22+00:00,2019-01-12
94d9fe86b309056e7b58c7f70b749671,VirusShare_00495,vbclone,192650,exe,trojan,65.22,2021-11-07T05:01:22+00:00,2019-01-12
9588e7c376cfabfddf8728fcf2fb2cf0,VirusShare_00495,vbclone,196729,exe,trojan,80.88,2021-11-08T12:09:20+00:00,2019-01-12
9594fed450eeaf07cea7a57599eb5220,VirusShare_00495,vbclone,196760,exe,trojan,76.47,2021-11-04T08:12:28+00:00,2019-01-12
95b07e5a7233fd69e20b53928c71f8e5,VirusShare_00495,vbclone,192654,exe,trojan,70.59,2021-11-05T06:29:31+00:00,2019-01-12
95f266999f469280b0391a3e8f6adb5e,VirusShare_00495,vbclone,196623,exe,trojan,68.12,2021-10-31T17:52:28+00:00,2019-01-12
9636f39c01c017e58151ad4dc3d9375a,VirusShare_00495,vbclone,192606,exe,trojan,63.64,2021-10-31T10:11:40+00:00,2019-01-12
967bf35d049aae7a6519fe281e00c931,VirusShare_00495,vbclone,196745,exe,trojan,63.93,2021-11-07T11:50:58+00:00,2019-01-12
96808e9c7aae6833458b2f4f1473dfcf,VirusShare_00495,vbclone,192697,exe,trojan,65.67,2021-11-07T09:16:14+00:00,2019-01-12
96936b9d1b6c30c9817d517ad8730b84,VirusShare_00495,vbclone,196737,exe,trojan,84.06,2021-11-05T16:59:55+00:00,2019-01-12
96da30d69bd0b05d9765470becbe2b06,VirusShare_00495,vbclone,196741,exe,trojan,81.16,2021-11-05T22:13:45+00:00,2019-01-12
96db180bd5afd1394740332a72885e7b,VirusShare_00495,vbclone,196784,exe,trojan,63.24,2021-11-07T10:58:04+00:00,2019-01-12
976e5b153929ca7e0c3254ff5abd2f93,VirusShare_00495,vbclone,196714,exe,trojan,80.3,2021-11-04T06:31:55+00:00,2019-01-12
979f753348c106a06988612a15547e20,VirusShare_00495,vbclone,196773,exe,trojan,69.12,2021-10-31T07:23:53+00:00,2019-01-12
97c85978c41fa6d1c12a2613a567cd78,VirusShare_00495,vbclone,192599,exe,trojan,64.71,2021-10-31T21:32:14+00:00,2019-01-12
9802071487a98ef2e90c22488da0a184,VirusShare_00495,vbclone,192601,exe,trojan,78.12,2021-11-05T09:10:41+00:00,2019-01-12
9821e01fcb327611307b81ad7bf253ac,VirusShare_00495,vbclone,192678,exe,trojan,69.12,2021-11-07T10:29:16+00:00,2019-01-12
987a59fb070657a6d60c3b4e4fa93fb1,VirusShare_00495,vbclone,196654,exe,trojan,66.67,2021-10-31T13:51:37+00:00,2019-01-12
98ec8b65ef7916af8352b782a98bdf52,VirusShare_00495,vbclone,192605,exe,trojan,65.22,2021-11-02T07:20:19+00:00,2019-01-12
9907481061e7489a2965829e52e7ac77,VirusShare_00495,vbclone,196721,exe,trojan,68.66,2021-11-01T06:26:03+00:00,2019-01-12
9910f2fdede32d39f9ee615465676f83,VirusShare_00495,vbclone,192673,exe,trojan,67.65,2021-11-07T10:29:13+00:00,2019-01-12
994e2f5aa4d23c9e12ee078685f44823,VirusShare_00495,vbclone,192732,exe,trojan,69.57,2021-11-03T16:36:02+00:00,2019-01-12
99c07024b96db4d364f204ef9f72395b,VirusShare_00495,vbclone,196698,exe,trojan,81.16,2021-11-06T06:01:08+00:00,2019-01-12
99e31af386dca9d0bcc60be44aa9e04e,VirusShare_00495,vbclone,192589,exe,trojan,68.12,2021-10-31T09:50:08+00:00,2019-01-12
9a3a8a17caac83bb8052f5054a158b4e,VirusShare_00495,vbclone,192640,exe,trojan,61.29,2021-11-02T05:49:38+00:00,2019-01-12
9a3aa768fbc7edb3f940cabbb6dd6c63,VirusShare_00495,vbclone,196789,exe,trojan,79.41,2021-11-03T16:08:54+00:00,2019-01-12
9a3ecbd1485d0e947591b5e4585b471a,VirusShare_00495,vbclone,192630,exe,trojan,68.12,2021-11-02T05:49:50+00:00,2019-01-12
9a953bacb6b120e1e4537e8498c34573,VirusShare_00495,vbclone,192682,exe,trojan,69.57,2021-11-07T10:29:09+00:00,2019-01-12
9a9eec289e392bf86d07f6983e09809d,VirusShare_00495,vbclone,196743,exe,trojan,78.79,2021-11-04T07:38:30+00:00,2019-01-12
9b1284a15b55205b98a6598ca46ce84c,VirusShare_00495,vbclone,192653,exe,trojan,66.67,2021-11-06T21:38:00+00:00,2019-01-12
9b1478a0f4172aab49bd5c2fc48c98c4,VirusShare_00495,vbclone,196747,exe,trojan,78.26,2021-11-07T06:21:17+00:00,2019-01-12
9b4f27bb5e344fd8601e454c63e21857,VirusShare_00495,vbclone,196792,exe,trojan,78.26,2021-11-05T15:56:38+00:00,2019-01-12
9bf82906fccbccc8928db1a87b96bccc,VirusShare_00495,vbclone,196791,exe,trojan,82.35,2021-11-06T05:45:38+00:00,2019-01-12
9c9925bc81b048874e9afb53b0b29057,VirusShare_00495,vbclone,196762,exe,trojan,70.59,2021-11-02T07:26:12+00:00,2019-01-12
9ceb2f372c40234ec78327b870e55f06,VirusShare_00495,vbclone,196786,exe,trojan,61.76,2021-11-07T10:58:07+00:00,2019-01-12
9d062bdddc9be8ce6d65f61937967c47,VirusShare_00495,vbclone,192614,exe,trojan,68.12,2021-10-31T03:30:17+00:00,2019-01-12
9d42d8b92479f1dc00e67f56ae70b0fe,VirusShare_00495,vbclone,192684,exe,trojan,63.77,2021-11-03T16:47:12+00:00,2019-01-12
9de80e0233b0c1210e40277a434f1665,VirusShare_00495,vbclone,196662,exe,trojan,69.12,2021-10-31T13:51:43+00:00,2019-01-12
9e1146a6d636c4ce23e8d598c4a1d151,VirusShare_00495,vbclone,192673,exe,trojan,79.71,2021-11-09T15:32:15+00:00,2019-01-12
9e784eefd1b6011eaa8dc1fd0d23e437,VirusShare_00495,vbclone,196791,exe,trojan,85.51,2021-11-07T04:12:25+00:00,2019-01-12
9eae256f759ce373a3fc5f54d13c7679,VirusShare_00495,vbclone,192581,exe,trojan,66.67,2021-11-02T16:49:24+00:00,2019-01-12
9eec405b4049bb7d3e09cded3fd3f87a,VirusShare_00495,vbclone,196745,exe,trojan,66.67,2021-11-02T09:54:39+00:00,2019-01-12
9f26493c5831958cc2c1dfa1b8dd7e70,VirusShare_00495,vbclone,196772,exe,trojan,68.12,2021-11-07T10:58:12+00:00,2019-01-12
9f2b0692e750326a2fb13bafbf3e324e,VirusShare_00495,vbclone,196703,exe,trojan,65.22,2021-11-07T07:28:13+00:00,2019-01-12
9f31b0dbae07e85df4fce13855795401,VirusShare_00495,vbclone,192588,exe,trojan,78.26,2021-11-02T10:34:44+00:00,2019-01-12
9f5f8d2117466a26afd936474ca7213f,VirusShare_00495,vbclone,196771,exe,trojan,66.18,2021-11-07T10:57:57+00:00,2019-01-12
9f6160d45c7303c61ae652c2dcb81957,VirusShare_00495,vbclone,192690,exe,trojan,64.71,2021-11-08T07:50:54+00:00,2019-01-12
9f7509609f043ca947ca0c8bd9b936ce,VirusShare_00495,vbclone,192700,exe,trojan,66.18,2021-11-07T09:16:18+00:00,2019-01-12
9fbd090dc72b98716548766b6b0ca329,VirusShare_00495,vbclone,192613,exe,trojan,66.67,2021-10-31T10:11:35+00:00,2019-01-12
a5d6620fd299a1fee48bf99e6f8bc2af,VirusShare_00495,vbclone,192655,exe,trojan,68.12,2021-11-06T21:38:06+00:00,2019-01-12
ad86648d9df445ba8393e392e82db451,VirusShare_00495,vbclone,192624,exe,trojan,65.22,2021-11-01T08:11:30+00:00,2019-01-12
af7a4e97082dab8d8cf7684fd8100162,VirusShare_00495,vbclone,192599,exe,trojan,66.0,2021-10-31T21:32:07+00:00,2019-01-12
afbc5f42c7e97d2c0820b0e294050303,VirusShare_00495,vbclone,196657,exe,trojan,78.57,2021-11-06T02:54:41+00:00,2019-01-12
b0d3e0670126590f069fd89d5e47cbef,VirusShare_00495,vbclone,192653,exe,trojan,82.35,2021-11-05T09:48:43+00:00,2019-01-12
b14f1d0514492230e08b7bf67c1b7818,VirusShare_00495,vbclone,196760,exe,trojan,68.12,2021-11-06T22:25:11+00:00,2019-01-12
b1696a93ec6da327038207eef3040904,VirusShare_00495,vbclone,192657,exe,trojan,68.12,2021-11-06T21:41:54+00:00,2019-01-12
b1886b5548dae6d2fb90b413a97ea255,VirusShare_00495,vbclone,196626,exe,trojan,69.57,2021-10-31T17:52:18+00:00,2019-01-12
b1db972c930bb814093ca48117aeba78,VirusShare_00495,vbclone,196636,exe,trojan,67.65,2021-10-31T17:52:23+00:00,2019-01-12
b2562431e832e42efc950ee8b87bbffd,VirusShare_00495,vbclone,192638,exe,trojan,65.22,2021-11-04T17:28:47+00:00,2019-01-12
b2564ae44a97e0c91dc340adcb9584fb,VirusShare_00495,vbclone,192610,exe,trojan,69.12,2021-11-03T08:02:46+00:00,2019-01-12
b2675dcdc44d6d1d3c2d0d4d4b60714a,VirusShare_00495,vbclone,192608,exe,trojan,64.71,2021-10-31T03:31:15+00:00,2019-01-12
b29dadd2c3a16cf6847edb58e21bd10a,VirusShare_00495,vbclone,196713,exe,trojan,78.26,2021-11-07T21:38:50+00:00,2019-01-12
b2a6493759f1bf04b901792ad6b5d137,VirusShare_00495,vbclone,196773,exe,trojan,65.67,2021-11-07T11:51:02+00:00,2019-01-12
b2bff9920a0d3b04857bd8a9ec31b5c6,VirusShare_00495,vbclone,192670,exe,trojan,62.69,2021-11-06T13:13:06+00:00,2019-01-12
b2f22638a81e2d79f6e562a69d75f3c5,VirusShare_00495,vbclone,196778,exe,trojan,67.65,2021-10-31T07:23:54+00:00,2019-01-12
b323617f99a15091ab16b75ef18fcbac,VirusShare_00495,vbclone,192590,exe,trojan,65.22,2021-10-31T10:11:22+00:00,2019-01-12
b32e5df2f2a46dcf3a1f0add0127f857,VirusShare_00495,vbclone,192593,exe,trojan,63.77,2021-10-31T05:21:35+00:00,2019-01-12
b34f84254a8dd57e1ffce91400f7f370,VirusShare_00495,vbclone,192607,exe,trojan,66.67,2021-11-02T07:20:24+00:00,2019-01-12
b371ca9da16c43b4e900780b13cf6f86,VirusShare_00495,vbclone,192594,exe,trojan,76.47,2021-11-03T21:05:07+00:00,2019-01-12
b3842843b0c617f7c7a47b0141dbe564,VirusShare_00495,vbclone,192617,exe,trojan,65.22,2021-10-31T10:11:25+00:00,2019-01-12
b38ee8d630c93054fe5e584f9fc81277,VirusShare_00495,vbclone,192658,exe,trojan,68.12,2021-11-06T23:07:47+00:00,2019-01-12
b4156202fa31cb6bb39a206ac3b97719,VirusShare_00495,vbclone,196711,exe,trojan,71.01,2021-11-01T18:41:04+00:00,2019-01-12
b4452d3747d4614656277ad49854550f,VirusShare_00495,vbclone,196732,exe,trojan,78.26,2021-11-07T19:55:58+00:00,2019-01-12
b482eb4807d0943d78f962456172768b,VirusShare_00495,vbclone,192588,exe,trojan,67.65,2021-11-01T20:32:41+00:00,2019-01-12
b4b2fad8e6522ed6ef2ffd5aa621247f,VirusShare_00495,vbclone,192594,exe,trojan,78.26,2021-11-07T22:29:32+00:00,2019-01-12
b4bfdc42f8c734b1224a808f0e92da9b,VirusShare_00495,vbclone,196714,exe,trojan,81.82,2021-11-06T00:05:47+00:00,2019-01-12
b4c9baef14be2dd9c474e11557697e81,VirusShare_00495,vbclone,189247,exe,trojan,66.18,2021-11-02T10:12:10+00:00,2019-01-12
b4ef52c2fc7fbc206534af1eeec166c8,VirusShare_00495,vbclone,196758,exe,trojan,65.67,2021-11-07T11:50:31+00:00,2019-01-12
b510b8739b2105ceb1f46b4c2fcb1774,VirusShare_00495,vbclone,192684,exe,trojan,64.71,2021-11-07T10:29:08+00:00,2019-01-12
b53155ebee7b597ed4a3ff592b049c14,VirusShare_00495,vbclone,196795,exe,trojan,75.36,2021-11-04T23:05:27+00:00,2019-01-12
b56cfaac8e47b67a90f3413be9f1856c,VirusShare_00495,vbclone,189206,exe,trojan,76.47,2021-11-03T05:35:37+00:00,2019-01-12
b5ac3ddab86d23a629cedfe33704d689,VirusShare_00495,vbclone,196690,exe,trojan,82.09,2021-11-05T16:18:05+00:00,2019-01-12
b5b350f3ff9024f0e59a8a4f954f0c72,VirusShare_00495,vbclone,196613,exe,trojan,67.65,2021-11-03T18:16:13+00:00,2019-01-12
b5bc95c3c080d486b473b2d66336ba0c,VirusShare_00495,vbclone,192624,exe,trojan,76.47,2021-11-05T06:56:44+00:00,2019-01-12
b5ed036cc5e154e4f0df9a75b6e2a562,VirusShare_00495,vbclone,192651,exe,trojan,67.65,2021-11-07T21:50:28+00:00,2019-01-12
b5fac3453fec85b447cc3fa80d2af407,VirusShare_00495,vbclone,192655,exe,trojan,69.12,2021-11-06T22:28:56+00:00,2019-01-12
b60b38f01081bd25c5192b7aa5762d28,VirusShare_00495,vbclone,192625,exe,trojan,60.87,2021-11-04T17:28:49+00:00,2019-01-12
b61001a3a9d7301c54e780ee9c1e8a71,VirusShare_00495,vbclone,192655,exe,trojan,64.06,2021-11-05T06:29:18+00:00,2019-01-12
b6432355dfe0d494ba89aa336c60a3ed,VirusShare_00495,vbclone,196745,exe,trojan,69.12,2021-11-02T07:26:09+00:00,2019-01-12
b6455c45a4a1fd76957a3a520853b4bc,VirusShare_00495,vbclone,196654,exe,trojan,78.26,2021-11-06T07:35:56+00:00,2019-01-12
b681be2d7919642fc7a38bb62bc15c7a,VirusShare_00495,vbclone,196644,exe,trojan,80.88,2021-11-05T15:15:12+00:00,2019-01-12
b68fc26347d3b74df1028940d36ad7bc,VirusShare_00495,vbclone,196720,exe,trojan,71.01,2021-11-02T06:11:11+00:00,2019-01-12
b6aad4d41e25658508a590ee1a6ee3e6,VirusShare_00495,vbclone,192675,exe,trojan,67.65,2021-11-06T22:30:42+00:00,2019-01-12
b6c55acd295a73c9d654e907842597d3,VirusShare_00495,vbclone,192604,exe,trojan,66.67,2021-11-01T08:11:24+00:00,2019-01-12
b6dc1a5c670372b81a517f1f2375b74f,VirusShare_00495,vbclone,192579,exe,trojan,82.35,2021-11-04T12:02:55+00:00,2019-01-12
b6fabc8dc81eb13d246ff1dca0a0c206,VirusShare_00495,vbclone,192663,exe,trojan,70.59,2021-11-07T10:29:15+00:00,2019-01-12
b70b37338ffac9d0d23cd662f669da39,VirusShare_00495,vbclone,196668,exe,trojan,76.81,2021-11-01T18:35:36+00:00,2019-01-12
b70e907f2e9eaa1c4f7c33dae386c5aa,VirusShare_00495,vbclone,192666,exe,trojan,80.88,2021-11-03T14:35:25+00:00,2019-01-12
b71aadaaf06c73cff682b2873c2e1395,VirusShare_00495,vbclone,192596,exe,trojan,65.22,2021-10-31T05:21:35+00:00,2019-01-12
b75d5bd8634cb519110576e1cd8ceb9e,VirusShare_00495,vbclone,192604,exe,trojan,64.71,2021-11-03T08:02:35+00:00,2019-01-12
b77b653a034c81b0b8ced34489cdf9f5,VirusShare_00495,vbclone,192658,exe,trojan,69.12,2021-11-05T06:29:21+00:00,2019-01-12
b787922fe81a4d88c68c59c8207d48d2,VirusShare_00495,vbclone,192626,exe,trojan,62.32,2021-10-31T10:11:33+00:00,2019-01-12
b79cdd7dcd2a43b07c529c215d6cbe58,VirusShare_00495,vbclone,192691,exe,trojan,68.12,2021-11-08T07:50:56+00:00,2019-01-12
b7a78a43b525ac717bc676b73fa916b5,VirusShare_00495,vbclone,192682,exe,trojan,62.32,2021-11-07T05:01:18+00:00,2019-01-12
b7c73de75d64c7bdedaf5ac1a29623c2,VirusShare_00495,vbclone,196722,exe,trojan,76.81,2021-11-03T01:06:27+00:00,2019-01-12
b842024e1a56a50e24d5db55740e8c84,VirusShare_00495,vbclone,192679,exe,trojan,67.65,2021-11-07T05:01:22+00:00,2019-01-12
b8752db4c283299b50d75942545e0117,VirusShare_00495,vbclone,192640,exe,trojan,66.67,2021-11-04T17:32:00+00:00,2019-01-12
b87f7cb7943f21275cb588b5eef3581b,VirusShare_00495,vbclone,192690,exe,trojan,64.71,2021-11-07T10:29:08+00:00,2019-01-12
b8b3c91e2622c1e332e4f82352a3548a,VirusShare_00495,vbclone,196799,exe,trojan,76.81,2021-11-05T00:41:07+00:00,2019-01-12
b8d2fb1608a924a221bb657351dd6462,VirusShare_00495,vbclone,196758,exe,trojan,77.94,2021-11-05T05:59:16+00:00,2019-01-12
b8dd3f4f19534c390f6785d0282b42a6,VirusShare_00495,vbclone,196717,exe,trojan,75.36,2021-11-03T05:35:42+00:00,2019-01-12
b9502e2995dfd85e6d11fac38962ec0c,VirusShare_00495,vbclone,192573,exe,trojan,70.97,2021-11-04T13:30:52+00:00,2019-01-12
b959ff0aa65c3b1bd7a108e6cf7980d9,VirusShare_00495,vbclone,192643,exe,trojan,65.67,2021-11-07T17:31:39+00:00,2019-01-12
b986e1154ab81dd0cfb0944cffcc76d3,VirusShare_00495,vbclone,189211,exe,trojan,66.67,2021-11-02T10:12:08+00:00,2019-01-12
b9d1595187e0218566ed3f84ef677429,VirusShare_00495,vbclone,192598,exe,trojan,73.13,2021-11-06T09:35:00+00:00,2019-01-12
b9e817e688b31842c6c61a258edc2bcc,VirusShare_00495,vbclone,196774,exe,trojan,67.16,2021-10-31T07:23:47+00:00,2019-01-12
ba09cc1c2358355d6e7ce17d180430c8,VirusShare_00495,vbclone,196766,exe,trojan,79.41,2021-11-05T12:44:57+00:00,2019-01-12
ba0c2a6c51dbc93fbdfa393fb129be32,VirusShare_00495,vbclone,196676,exe,trojan,76.47,2021-11-03T23:35:04+00:00,2019-01-12
ba0e60a722eff6587b9b87bdc72b3b96,VirusShare_00495,vbclone,192659,exe,trojan,69.57,2021-11-06T23:16:21+00:00,2019-01-12
ba58a3129560481b40cad468260c4a42,VirusShare_00495,vbclone,192656,exe,trojan,79.71,2021-11-06T13:34:58+00:00,2019-01-12
ba7a757bc3d8ed2b41203903f926e7e1,VirusShare_00495,vbclone,196769,exe,trojan,76.12,2021-11-05T10:08:57+00:00,2019-01-12
ba819339021bc759d3be0987137d326c,VirusShare_00495,vbclone,196757,exe,trojan,66.67,2021-11-04T17:30:41+00:00,2019-01-12
bae30b423373215f868553910b265042,VirusShare_00495,vbclone,192605,exe,trojan,71.01,2021-10-31T21:32:14+00:00,2019-01-12
baf37caf2c371193c8cff8080a257513,VirusShare_00495,vbclone,196667,exe,trojan,76.81,2021-11-02T08:05:29+00:00,2019-01-12
baf91aba80e49bb36d0debd6832a109e,VirusShare_00495,vbclone,192587,exe,trojan,73.53,2021-11-03T08:35:48+00:00,2019-01-12
bb4480c4590f998e3cff8d4fb38086a2,VirusShare_00495,vbclone,196633,exe,trojan,77.94,2021-11-02T08:35:22+00:00,2019-01-12
bb62d5b4a013c3de92798dfed628fba6,VirusShare_00495,vbclone,192646,exe,trojan,66.67,2021-11-07T20:41:14+00:00,2019-01-12
bb90997fc2e657ec9941120426139582,VirusShare_00495,vbclone,192600,exe,trojan,69.57,2021-11-05T19:09:59+00:00,2019-01-12
bbbb65f83f51eb7b5591de78f55e438a,VirusShare_00495,vbclone,192680,exe,trojan,69.12,2021-11-08T20:04:11+00:00,2019-01-12
bbc20185019a74832b5744d415d1e470,VirusShare_00495,vbclone,192602,exe,trojan,79.1,2021-11-08T11:06:16+00:00,2019-01-12
bbd145ed1ef2f6328cd61a05fc5413b5,VirusShare_00495,vbclone,192613,exe,trojan,66.67,2021-10-31T09:51:48+00:00,2019-01-12
bc034cc0ef9864621548ca24afcf6f66,VirusShare_00495,vbclone,192653,exe,trojan,62.32,2021-11-04T07:07:56+00:00,2019-01-12
bc1599a26c2c1559c74debbaf854eca4,VirusShare_00495,vbclone,192615,exe,trojan,80.88,2021-11-08T12:06:55+00:00,2019-01-12
bc5da4529251ec2708d5c43eb8cf8a76,VirusShare_00495,vbclone,192696,exe,trojan,67.65,2021-11-07T09:16:13+00:00,2019-01-12
bcc4e910068ebe1ef18520c34a6fdac0,VirusShare_00495,vbclone,196727,exe,trojan,81.54,2021-11-03T09:40:05+00:00,2019-01-12
bcfdc4215d6dd5ce8b15685ad82bd4ad,VirusShare_00495,vbclone,192651,exe,trojan,68.12,2021-11-07T22:06:01+00:00,2019-01-12
bd2e4ad7c8b6ace8e85cb4c01c2d359b,VirusShare_00495,vbclone,196784,exe,trojan,69.57,2021-11-08T18:26:33+00:00,2019-01-12
bd5a7dc65514c9fcd6cafe1f33be609b,VirusShare_00495,vbclone,196660,exe,trojan,66.67,2021-11-01T01:40:45+00:00,2019-01-12
bdc6a5981e9f9c2597b7368b4639f19f,VirusShare_00495,vbclone,196777,exe,trojan,76.47,2021-11-04T06:35:12+00:00,2019-01-12
be015232f45a9ac26680cb96da09bf09,VirusShare_00495,vbclone,192610,exe,trojan,64.06,2021-11-02T05:49:53+00:00,2019-01-12
be19aa028dc3fecb068e0a6613a7582f,VirusShare_00495,vbclone,192640,exe,trojan,66.67,2021-11-04T20:24:49+00:00,2019-01-12
be69a25f163520659b62d56f214c51de,VirusShare_00495,vbclone,196714,exe,trojan,69.12,2021-11-01T20:33:08+00:00,2019-01-12
be829a17617f45178bb1e28478f434f7,VirusShare_00495,vbclone,196654,exe,trojan,80.6,2021-11-05T05:01:38+00:00,2019-01-12
bed68fe99ba0aaf58a22a284df727e98,VirusShare_00495,vbclone,196659,exe,trojan,66.18,2021-10-31T13:51:40+00:00,2019-01-12
beff5f8b8be1bc5e5afd20532298fb47,VirusShare_00495,vbclone,192566,exe,trojan,72.46,2021-11-02T19:43:23+00:00,2019-01-12
bf153831729a76edcc83e73065b06c8a,VirusShare_00495,vbclone,192669,exe,trojan,66.18,2021-11-07T09:16:21+00:00,2019-01-12
bf1c347fe7aeb277d204b07df2673bf5,VirusShare_00495,vbclone,192641,exe,trojan,73.91,2021-11-06T04:06:27+00:00,2019-01-12
bf8f9610d3982796cd71d602ceffa765,VirusShare_00495,vbclone,196745,exe,trojan,73.21,2021-11-03T13:05:49+00:00,2019-01-12
bf8fb4972e7d5aecd9f5bf9ce505b512,VirusShare_00495,vbclone,192621,exe,trojan,70.77,2021-11-03T18:01:10+00:00,2019-01-12
bf99ace0344a357287d813e150e76e8a,VirusShare_00495,vbclone,192673,exe,trojan,68.12,2021-11-06T20:40:01+00:00,2019-01-12
bfb4f1d502cdf198c66ed5d53e25e6d9,VirusShare_00495,vbclone,192586,exe,trojan,68.12,2021-11-01T20:25:29+00:00,2019-01-12
c0181952a9f8dcba013b2f1c0ea833c6,VirusShare_00495,vbclone,192585,exe,trojan,54.24,2021-10-31T20:39:06+00:00,2019-01-12
c031256563a2e91cf66644bc6645c5b7,VirusShare_00495,vbclone,188421,exe,trojan,76.81,2021-11-03T08:35:36+00:00,2019-01-12
c057f24ae555184bc5cace7ffa729034,VirusShare_00495,vbclone,196668,exe,trojan,77.94,2021-11-02T17:35:56+00:00,2019-01-12
c0594bdc7a1732da2fb87ff42bb2cad2,VirusShare_00495,vbclone,192663,exe,trojan,76.12,2021-11-09T10:05:06+00:00,2019-01-12
c07c0338c8d1c23a41ada046144ba9a5,VirusShare_00495,vbclone,196658,exe,trojan,68.12,2021-10-31T13:51:46+00:00,2019-01-12
c0baf91c55dea39505af0209b35920cb,VirusShare_00495,vbclone,196618,exe,trojan,67.19,2021-10-31T17:52:29+00:00,2019-01-12
c0c3e78dcd6367bc317404d9ca456f5d,VirusShare_00495,vbclone,192638,exe,trojan,76.81,2021-11-06T10:53:27+00:00,2019-01-12
c0f00b5f165e62d42f86a9ebbcb0711a,VirusShare_00495,vbclone,196628,exe,trojan,68.12,2021-10-31T17:52:26+00:00,2019-01-12
c146d706138122f002340692f9f4e91c,VirusShare_00495,vbclone,192660,exe,trojan,76.12,2021-11-09T16:04:54+00:00,2019-01-12
c16a4c768e9ff02a9fa9f68171c472fa,VirusShare_00495,vbclone,192646,exe,trojan,71.01,2021-11-08T18:19:08+00:00,2019-01-12
c17706ab1237b265ebef002cb519e48e,VirusShare_00495,vbclone,196766,exe,trojan,68.12,2021-11-02T07:26:12+00:00,2019-01-12
c19d5a8240a7933999ee5f573f56f3bc,VirusShare_00495,vbclone,196780,exe,trojan,76.81,2021-11-07T22:59:08+00:00,2019-01-12
c1f943bc35ccf93853d8b6a792ddca0c,VirusShare_00495,vbclone,196738,exe,trojan,76.47,2021-11-06T11:36:06+00:00,2019-01-12
c1fcc9104264f28738c57fdbc846ebe4,VirusShare_00495,vbclone,192615,exe,trojan,64.71,2021-11-04T07:07:55+00:00,2019-01-12
c207189329ffcced0074f3d470465992,VirusShare_00495,vbclone,192661,exe,trojan,68.12,2021-11-08T07:50:59+00:00,2019-01-12
c220cb4707c5ca476e2c7914434ca9d6,VirusShare_00495,vbclone,196724,exe,trojan,76.47,2021-11-05T17:37:13+00:00,2019-01-12
c253b2d0c0d8dae936f419c71f9b5649,VirusShare_00495,vbclone,192665,exe,trojan,80.6,2021-11-04T07:31:20+00:00,2019-01-12
c2a41cea8d8b75ef0102a4b378900612,VirusShare_00495,vbclone,196693,exe,trojan,73.53,2021-11-01T13:35:09+00:00,2019-01-12
c2b6c8db02186d75253a9ac53b73b9fe,VirusShare_00495,vbclone,192615,exe,trojan,78.26,2021-11-05T03:34:46+00:00,2019-01-12
c2de8f6530f3b2b9345477d1d6599770,VirusShare_00495,vbclone,192587,exe,trojan,68.12,2021-10-31T09:51:53+00:00,2019-01-12
c2eec9a2e799b8dff0b5b943cb6fae68,VirusShare_00495,vbclone,196655,exe,trojan,70.59,2021-11-03T20:43:22+00:00,2019-01-12
c314b9ed9f03567e07d88cdb7cde82e5,VirusShare_00495,vbclone,196774,exe,trojan,68.66,2021-11-07T11:50:35+00:00,2019-01-12
c3179be3c324f90d362f6d6e79c5809b,VirusShare_00495,vbclone,192594,exe,trojan,63.77,2021-10-31T05:21:41+00:00,2019-01-12
c327377858d31a15502779ecfd3f3663,VirusShare_00495,vbclone,192557,exe,trojan,66.67,2021-11-02T16:49:22+00:00,2019-01-12
c3abf2eb1e426c8850a356b45afb3f97,VirusShare_00495,vbclone,196690,exe,trojan,69.57,2021-10-31T12:37:53+00:00,2019-01-12
c3b1fb4b4b08637220c38c07b7f7bb49,VirusShare_00495,vbclone,192586,exe,trojan,72.06,2021-11-06T02:05:18+00:00,2019-01-12
c3c833fe249129c5ff4432339ddd9332,VirusShare_00495,vbclone,196678,exe,trojan,76.81,2021-11-05T17:35:40+00:00,2019-01-12
c3d60ab5ffc40116b13ae0bc8f54dd88,VirusShare_00495,vbclone,196777,exe,trojan,67.65,2021-10-31T07:23:58+00:00,2019-01-12
c3dc31e97a7db3a20c8c93cfae36c3f2,VirusShare_00495,vbclone,189249,exe,trojan,67.65,2021-11-02T10:12:12+00:00,2019-01-12
c3ec519e00730771a217ddd4f7a08249,VirusShare_00495,vbclone,196795,exe,trojan,68.12,2021-11-01T09:10:35+00:00,2019-01-12
c3f6a584eb5897529eb54ea9c549a9b6,VirusShare_00495,vbclone,192583,exe,trojan,74.24,2021-11-01T14:35:05+00:00,2019-01-12
c430a7eadbcf262845cd36b1dbf760b8,VirusShare_00495,vbclone,192555,exe,trojan,69.57,2021-11-02T16:49:13+00:00,2019-01-12
c43704832f1abf02ab2aa0f2bba97e34,VirusShare_00495,vbclone,192649,exe,trojan,65.22,2021-11-07T05:01:08+00:00,2019-01-12
c4612e318a90c514f0d2c83763bc857f,VirusShare_00495,vbclone,196763,exe,trojan,69.57,2021-10-31T19:13:47+00:00,2019-01-12
c4768af117479e907ca2a7db87bec0b9,VirusShare_00495,vbclone,192610,exe,trojan,64.18,2021-11-02T07:20:17+00:00,2019-01-12
c4e30727e935e17909947479737e8cb3,VirusShare_00495,vbclone,192622,exe,trojan,78.79,2021-11-05T05:04:29+00:00,2019-01-12
c4e40bb3ef2f0c05ec17772c957d92d1,VirusShare_00495,vbclone,192611,exe,trojan,73.53,2021-11-05T21:05:08+00:00,2019-01-12
c50485aa8cfb9035707c6937fa536259,VirusShare_00495,vbclone,196718,exe,trojan,85.29,2021-11-03T09:44:05+00:00,2019-01-12
c50c14da2e76b19dd33f2a4bdb5f49a4,VirusShare_00495,vbclone,196711,exe,trojan,69.57,2021-10-31T12:38:00+00:00,2019-01-12
c5297bda5e382e54041eb4ee9c0a2022,VirusShare_00495,vbclone,192590,exe,trojan,72.46,2021-11-06T13:31:14+00:00,2019-01-12
c531408fb45b0cb196e841211291ed83,VirusShare_00495,vbclone,196634,exe,trojan,77.94,2021-11-03T19:38:15+00:00,2019-01-12
c56000563dd16e428ca08cc6c61c947a,VirusShare_00495,vbclone,196613,exe,trojan,76.47,2021-11-05T22:05:05+00:00,2019-01-12
c5735218b409389d928a0ef5d6ab5fe7,VirusShare_00495,vbclone,192710,exe,trojan,62.32,2021-11-03T16:47:15+00:00,2019-01-12
c57d71a2150a90e02c17cdc695602836,VirusShare_00495,vbclone,192602,exe,trojan,65.22,2021-10-31T10:11:26+00:00,2019-01-12
c57fb9e094cda45fafccbefda44b77e7,VirusShare_00495,vbclone,192555,exe,trojan,69.57,2021-11-02T16:49:22+00:00,2019-01-12
c596c3a58505f476206c4893bdf24a10,VirusShare_00495,vbclone,196697,exe,trojan,68.12,2021-11-06T03:13:49+00:00,2019-01-12
c5abd3ec74e709099480a01352ff0660,VirusShare_00495,vbclone,192699,exe,trojan,68.12,2021-11-08T07:51:08+00:00,2019-01-12
c5fed28c1ce4aeeb8ac7d2f23c134ee5,VirusShare_00495,vbclone,196707,exe,trojan,84.06,2021-11-06T09:51:59+00:00,2019-01-12
c6333c3577c94e3b62665c517575f80b,VirusShare_00495,vbclone,192704,exe,trojan,65.67,2021-10-31T18:37:47+00:00,2019-01-12
c64332babda5bb93d98f260cc3e64c6a,VirusShare_00495,vbclone,192584,exe,trojan,66.67,2021-11-04T10:45:18+00:00,2019-01-12
c6503bb6bcf182f9adcf030013bb25bc,VirusShare_00495,vbclone,189387,exe,trojan,62.9,2021-11-02T13:17:05+00:00,2019-01-12
c6514c9beca4bb1b8f9d8b6fbd5b111e,VirusShare_00495,vbclone,192713,exe,trojan,64.71,2021-11-03T16:47:13+00:00,2019-01-12
c66f247ab70787b95f6b21805501894d,VirusShare_00495,vbclone,196729,exe,trojan,66.67,2021-11-04T17:30:41+00:00,2019-01-12
c6d37d0aafac25e9db47b9ba88d89508,VirusShare_00495,vbclone,192601,exe,trojan,69.12,2021-10-31T20:19:25+00:00,2019-01-12
c6f7fd1d959de617b9d1dee7c521e550,VirusShare_00495,vbclone,196711,exe,trojan,66.18,2021-11-07T07:28:11+00:00,2019-01-12
c7146bd55a7c882da028caa566d7282b,VirusShare_00495,vbclone,196752,exe,trojan,73.53,2021-11-03T13:01:12+00:00,2019-01-12
c743d6f1c530f346305a4cf6b513ca7e,VirusShare_00495,vbclone,196783,exe,trojan,64.71,2021-11-07T10:58:02+00:00,2019-01-12
c78e82e2452df362b244e003deef525b,VirusShare_00495,vbclone,192644,exe,trojan,79.71,2021-11-03T08:35:43+00:00,2019-01-12
c878878db2389c4d475950bb3efec5df,VirusShare_00495,vbclone,192698,exe,trojan,65.22,2021-11-08T07:51:05+00:00,2019-01-12
c88d488c4fd6f97769ef349719ef0f18,VirusShare_00495,vbclone,196764,exe,trojan,81.16,2021-11-03T02:41:48+00:00,2019-01-12
c900531b753b807016d485884ab62f3a,VirusShare_00495,vbclone,192690,exe,trojan,63.77,2021-11-07T05:01:03+00:00,2019-01-12
c9666a9140839df71a3adec4c4acfa54,VirusShare_00495,vbclone,192573,exe,trojan,77.94,2021-11-01T12:06:11+00:00,2019-01-12
c9c0e1acfbb64179dd1c8774d907f53c,VirusShare_00495,vbclone,192609,exe,trojan,68.12,2021-10-31T09:51:46+00:00,2019-01-12
c9f5b3615dbe5abf6b4a9591f1e268da,VirusShare_00495,vbclone,192698,exe,trojan,69.12,2021-11-07T10:29:13+00:00,2019-01-12
ca31f179ca5af6fbb0015c43a4260d03,VirusShare_00495,vbclone,196748,exe,trojan,69.12,2021-11-07T11:50:32+00:00,2019-01-12
ca66ca8c5abc66d858b3aa5e2391f709,VirusShare_00495,vbclone,192621,exe,trojan,65.15,2021-11-04T07:07:42+00:00,2019-01-12
cac947b201eb09c0f6c2a71f78882eb3,VirusShare_00495,vbclone,189219,exe,trojan,76.81,2021-11-05T20:05:22+00:00,2019-01-12
cae6baef78426e292f89fc6925c66234,VirusShare_00495,vbclone,196652,exe,trojan,67.65,2021-10-31T13:51:33+00:00,2019-01-12
caeeba7ad06cddbc71dbc01d80d45d24,VirusShare_00495,vbclone,196737,exe,trojan,76.81,2021-11-03T05:23:01+00:00,2019-01-12
cb04803356cb3be1918f3874c7fb59c6,VirusShare_00495,vbclone,189224,exe,trojan,63.64,2021-11-02T10:12:14+00:00,2019-01-12
cb05f355e17c4c180450ef551ad4c86b,VirusShare_00495,vbclone,192668,exe,trojan,66.67,2021-11-06T21:38:03+00:00,2019-01-12
cb09067f3accd39b4c4ef5cbef39a1e2,VirusShare_00495,vbclone,196764,exe,trojan,67.69,2021-11-07T11:51:01+00:00,2019-01-12
cb4b89322099624d4f08f816be7f0174,VirusShare_00495,vbclone,192568,exe,trojan,67.65,2021-10-31T08:23:21+00:00,2019-01-12
cb4db13fe4c04b154786a4db0eebf667,VirusShare_00495,vbclone,196655,exe,trojan,66.18,2021-11-06T03:13:51+00:00,2019-01-12
cb65392b133dc1efd7e41070266c2f81,VirusShare_00495,vbclone,196780,exe,trojan,81.16,2021-11-06T21:48:03+00:00,2019-01-12
cb7a94775c2499bbe710faf49769d33b,VirusShare_00495,vbclone,192585,exe,trojan,65.22,2021-10-31T09:50:05+00:00,2019-01-12
cb886c256778bc4a45433fb672ff537d,VirusShare_00495,vbclone,196669,exe,trojan,68.66,2021-10-31T13:51:39+00:00,2019-01-12
cc3491acf415e15b498b4c4b5a7913ba,VirusShare_00495,vbclone,196664,exe,trojan,72.86,2021-11-06T03:13:52+00:00,2019-01-12
cc39e8fa6ee5a650784313cc9b55eabb,VirusShare_00495,vbclone,196727,exe,trojan,68.12,2021-11-04T17:30:51+00:00,2019-01-12
cc63ce8a2449066adab0bf2652adc178,VirusShare_00495,vbclone,189221,exe,trojan,69.57,2021-11-05T21:59:37+00:00,2019-01-12
cca5984f0066cc1a4e1388555324f4ec,VirusShare_00495,vbclone,196712,exe,trojan,79.71,2021-11-05T19:57:28+00:00,2019-01-12
ccad13e41945632caeb8a52a0d17c146,VirusShare_00495,vbclone,196766,exe,trojan,75.0,2021-11-09T00:06:12+00:00,2019-01-12
cccef7587a6593ed6150ccde5bc11bd5,VirusShare_00495,vbclone,192693,exe,trojan,67.16,2021-11-07T09:16:16+00:00,2019-01-12
ccd88530145712f392c96c9a2e97a93e,VirusShare_00495,vbclone,196722,exe,trojan,69.12,2021-10-31T12:37:47+00:00,2019-01-12
cd069559eb9a4d6ec6d34102665a2edb,VirusShare_00495,vbclone,196728,exe,trojan,65.22,2021-11-02T09:54:07+00:00,2019-01-12
cd67d0534a671ab946aa0f660ee53a67,VirusShare_00495,vbclone,192598,exe,trojan,66.18,2021-11-03T08:02:27+00:00,2019-01-12
cdb79f2f12c111c011af70b346ef3bff,VirusShare_00495,vbclone,192596,exe,trojan,61.76,2021-10-31T05:21:33+00:00,2019-01-12
cdc7a54cee975dfa4ba3a55673360c78,VirusShare_00495,vbclone,192703,exe,trojan,68.12,2021-11-08T07:50:59+00:00,2019-01-12
cdc9c23c34038b3d9aea10412330a582,VirusShare_00495,vbclone,192625,exe,trojan,65.22,2021-10-31T10:11:23+00:00,2019-01-12
cdcea695cfde498075907071d7746391,VirusShare_00495,vbclone,196787,exe,trojan,67.65,2021-10-31T07:24:01+00:00,2019-01-12
cde3c5c14f12c40226d1c595825fed43,VirusShare_00495,vbclone,196654,exe,trojan,68.12,2021-10-31T13:51:45+00:00,2019-01-12
ce248fef373fbda9be90add4f1dc7774,VirusShare_00495,vbclone,196611,exe,trojan,75.36,2021-11-01T02:34:51+00:00,2019-01-12
ce8e8d498ad333ea303be33d94c49118,VirusShare_00495,vbclone,196718,exe,trojan,77.94,2021-11-04T04:57:32+00:00,2019-01-12
cef70832c62da79c98fea50de3cb8a5d,VirusShare_00495,vbclone,192686,exe,trojan,62.32,2021-11-07T05:01:06+00:00,2019-01-12
cf130476e5f9ad962503b55f55394e19,VirusShare_00495,vbclone,192614,exe,trojan,67.65,2021-11-02T07:20:21+00:00,2019-01-12
cf25128ea3acd810a7a5ba8f04b45259,VirusShare_00495,vbclone,192621,exe,trojan,61.29,2021-11-04T07:07:45+00:00,2019-01-12
cf4cea26c4188a9e3040da4348c372a4,VirusShare_00495,vbclone,192699,exe,trojan,66.18,2021-11-07T09:16:23+00:00,2019-01-12
cf64e57c58626952b3c1229201dc4e1f,VirusShare_00495,vbclone,196757,exe,trojan,67.69,2021-11-02T07:26:10+00:00,2019-01-12
cfb75b0aac3252941dace125b3340365,VirusShare_00495,vbclone,196647,exe,trojan,68.66,2021-10-31T13:51:38+00:00,2019-01-12
d00a731331de7ca895f7d4784e80f555,VirusShare_00495,vbclone,192596,exe,trojan,66.67,2021-10-31T10:11:31+00:00,2019-01-12
d0129b229d5fd401468be1dd580c9ec3,VirusShare_00495,vbclone,196636,exe,trojan,64.52,2021-11-02T14:08:11+00:00,2019-01-12
d01ea13d916ec250a96b1120f441c3d2,VirusShare_00495,vbclone,192579,exe,trojan,73.53,2021-11-01T00:35:49+00:00,2019-01-12
d03b2e4edd7b93e028d73a349370722b,VirusShare_00495,vbclone,196734,exe,trojan,81.16,2021-11-06T19:30:47+00:00,2019-01-12
d05a9742c441e384d3752feaff53c3ec,VirusShare_00495,vbclone,196729,exe,trojan,82.09,2021-11-06T08:27:03+00:00,2019-01-12
d094f83d3c4f49ee8f79cf31e02ea21a,VirusShare_00495,vbclone,192690,exe,trojan,66.67,2021-11-03T16:47:11+00:00,2019-01-12
d11d49bf3bdf9178cc8fb79734440795,VirusShare_00495,vbclone,192656,exe,trojan,76.81,2021-11-06T03:35:15+00:00,2019-01-12
d189dac40120f16fecc6b33954422d2f,VirusShare_00495,vbclone,196779,exe,trojan,78.79,2021-11-03T11:31:42+00:00,2019-01-12
d18b7a8f2822e271dc7fad325af62d5c,VirusShare_00495,vbclone,196777,exe,trojan,75.0,2021-11-06T03:06:20+00:00,2019-01-12
d19f50d2ab18139a40c3d8d3675f020f,VirusShare_00495,vbclone,196718,exe,trojan,70.59,2021-11-01T01:35:35+00:00,2019-01-12
d1b3190a63e319a26ae5953fa7db4c0f,VirusShare_00495,vbclone,192619,exe,trojan,75.0,2021-11-06T15:41:28+00:00,2019-01-12
d1b62349e3c777f82ef0515b23f395b1,VirusShare_00495,vbclone,192661,exe,trojan,67.65,2021-11-05T06:29:18+00:00,2019-01-12
d1df19f041d3d182f8c2de0d0ab36439,VirusShare_00495,vbclone,192584,exe,trojan,75.0,2021-11-06T08:35:04+00:00,2019-01-12
d201719c73391474963d41c723035f99,VirusShare_00495,vbclone,192665,exe,trojan,73.91,2021-11-03T20:50:25+00:00,2019-01-12
d2436f193c311f60e730f08b9d2c8eca,VirusShare_00495,vbclone,192557,exe,trojan,79.41,2021-11-05T07:32:14+00:00,2019-01-12
d25a5260a2745ad34168e8aa7f33c12f,VirusShare_00495,vbclone,192586,exe,trojan,68.12,2021-10-31T09:51:54+00:00,2019-01-12
d32c67eecadf5a482cd89957bed2d5a0,VirusShare_00495,vbclone,192617,exe,trojan,66.15,2021-11-01T08:11:19+00:00,2019-01-12
d34e37f72768c3d7c2ca144dc43772e3,VirusShare_00495,vbclone,196646,exe,trojan,79.71,2021-11-06T18:11:47+00:00,2019-01-12
d35c85eebc2a0130eede4eff508732d2,VirusShare_00495,vbclone,196682,exe,trojan,66.18,2021-11-06T03:13:49+00:00,2019-01-12
d375a735216fa1b10cf1f5d4661244ce,VirusShare_00495,vbclone,192689,exe,trojan,68.12,2021-11-07T09:16:16+00:00,2019-01-12
d37ddae1cc6ce3f4ba76e8b1e475198d,VirusShare_00495,vbclone,196716,exe,trojan,77.27,2021-11-05T06:23:51+00:00,2019-01-12
d392a254a6d9cec13aaf75f4df05f8bf,VirusShare_00495,vbclone,192655,exe,trojan,81.16,2021-11-05T19:56:50+00:00,2019-01-12
d3d7f1363076ab7d43bf3cceb48b44df,VirusShare_00495,vbclone,196668,exe,trojan,67.14,2021-11-06T03:13:53+00:00,2019-01-12
d3db9dda1cb5698f25c753e60d847e77,VirusShare_00495,vbclone,196664,exe,trojan,68.75,2021-11-01T01:40:36+00:00,2019-01-12
d4ac7745414a471dd6f3589fe8463253,VirusShare_00495,vbclone,192606,exe,trojan,74.63,2021-11-04T08:43:32+00:00,2019-01-12
d4c8fa48cd10703ccd020ae1810ca4fb,VirusShare_00495,vbclone,192611,exe,trojan,67.65,2021-11-03T08:02:43+00:00,2019-01-12
d4cf193e87e941436226f14ce2ba60b2,VirusShare_00495,vbclone,196612,exe,trojan,79.41,2021-11-06T16:06:23+00:00,2019-01-12
d4e8c4d1e214279933012a5f1c01aab6,VirusShare_00495,vbclone,196783,exe,trojan,79.69,2021-11-04T15:00:45+00:00,2019-01-12
d523cf9a527af6d294664b34501c3e38,VirusShare_00495,vbclone,192597,exe,trojan,66.67,2021-10-31T10:11:31+00:00,2019-01-12
d52757d301a66a39ee15fc990843195e,VirusShare_00495,vbclone,196748,exe,trojan,80.88,2021-11-05T16:35:30+00:00,2019-01-12
d56daf3eec9aaa3bba8c8978dfd1b5b5,VirusShare_00495,vbclone,192699,exe,trojan,64.18,2021-11-08T07:51:06+00:00,2019-01-12
d5ba4ab94d27cb51de7cf31da7e47ded,VirusShare_00495,vbclone,192652,exe,trojan,55.07,2021-11-07T05:01:20+00:00,2019-01-12
d5bd7b8741c527b0d314b7f2575613c1,VirusShare_00495,vbclone,196722,exe,trojan,69.57,2021-10-31T17:05:21+00:00,2019-01-12
d5ef6186c6cff2f26d2caaf5883d7faa,VirusShare_00495,vbclone,196757,exe,trojan,77.61,2021-11-02T14:35:43+00:00,2019-01-12
d602e652402d9909333186a410611b14,VirusShare_00495,vbclone,192606,exe,trojan,75.0,2021-11-08T07:02:41+00:00,2019-01-12
d653f24a760c6f796b5c440ee645cd25,VirusShare_00495,vbclone,192653,exe,trojan,75.0,2021-11-04T04:35:37+00:00,2019-01-12
d691854e5f52e7f0f9631d66bd25410d,VirusShare_00495,vbclone,192611,exe,trojan,65.67,2021-11-02T07:20:28+00:00,2019-01-12
d6f56444e352fea33450a1143190b1b0,VirusShare_00495,vbclone,192587,exe,trojan,64.18,2021-10-31T09:50:26+00:00,2019-01-12
d7311405d8a59e1a558ae7e84e5b733f,VirusShare_00495,vbclone,192604,exe,trojan,76.47,2021-11-04T11:49:53+00:00,2019-01-12
d739f87ce71ed180734e55518fc2e61d,VirusShare_00495,vbclone,192605,exe,trojan,73.53,2021-11-04T11:41:02+00:00,2019-01-12
d75619b81945190bbfaa970421679c8d,VirusShare_00495,vbclone,196714,exe,trojan,82.61,2021-11-07T06:29:41+00:00,2019-01-12
d7cfd786f3d9130e724e5b5a46fefae8,VirusShare_00495,vbclone,196774,exe,trojan,76.81,2021-11-03T05:57:19+00:00,2019-01-12
d80dba070933c71e6604f2b183b61ff3,VirusShare_00495,vbclone,192598,exe,trojan,62.5,2021-10-31T03:31:15+00:00,2019-01-12
d843f95b6094c1d0295de2152d7b170a,VirusShare_00495,vbclone,196699,exe,trojan,71.01,2021-11-03T20:51:54+00:00,2019-01-12
d889d867559941d1ca5a378d6d32a148,VirusShare_00495,vbclone,196714,exe,trojan,80.88,2021-11-08T09:57:56+00:00,2019-01-12
d8b19084d3dc1e5e4d9a2dba2c0a8f03,VirusShare_00495,vbclone,196740,exe,trojan,82.35,2021-11-04T10:20:07+00:00,2019-01-12
d8d82889f365def4f9b5a45618f72081,VirusShare_00495,vbclone,196795,exe,trojan,75.36,2021-11-03T05:03:38+00:00,2019-01-12
d91a2e4aecced01d55fc32c944ec8930,VirusShare_00495,vbclone,196762,exe,trojan,75.38,2021-11-06T06:43:07+00:00,2019-01-12
d96b796ae45a62b5e91b4b745e4299d5,VirusShare_00495,vbclone,196786,exe,trojan,76.12,2021-11-03T14:51:03+00:00,2019-01-12
d984022ff9de57db851694c9dd0ddd74,VirusShare_00495,vbclone,192568,exe,trojan,79.71,2021-11-08T04:42:51+00:00,2019-01-12
d9b824018f39993ed10ec0636151caf8,VirusShare_00495,vbclone,192660,exe,trojan,77.94,2021-11-08T19:05:27+00:00,2019-01-12
da349a50309982f18c67a57b78c81404,VirusShare_00495,vbclone,196648,exe,trojan,79.71,2021-11-06T14:05:05+00:00,2019-01-12
da66b00ccf9a547d9fd6f999f137efcf,VirusShare_00495,vbclone,196777,exe,trojan,81.16,2021-11-06T03:12:11+00:00,2019-01-12
da7074b550b7377c51a19c9e385dea72,VirusShare_00495,vbclone,192573,exe,trojan,68.12,2021-11-02T16:49:22+00:00,2019-01-12
da929924748f0d993f5ba4d07e021a57,VirusShare_00495,vbclone,192573,exe,trojan,75.36,2021-11-06T01:05:46+00:00,2019-01-12
daea221dbabf08cb1a1ba3dba1cbbc7c,VirusShare_00495,vbclone,196620,exe,trojan,66.67,2021-10-31T17:52:27+00:00,2019-01-12
db11824061930766324e0620126f8984,VirusShare_00495,vbclone,196613,exe,trojan,79.71,2021-11-03T14:44:58+00:00,2019-01-12
db26ba0a1c2d65decf3c289dd5805625,VirusShare_00495,vbclone,196717,exe,trojan,73.91,2021-11-01T03:35:02+00:00,2019-01-12
db5ed43ad850d374b15ca8d6c870c798,VirusShare_00495,vbclone,189232,exe,trojan,66.67,2021-11-02T10:12:22+00:00,2019-01-12
db6ede58115673fbe6ccc7abeef64229,VirusShare_00495,vbclone,192582,exe,trojan,69.57,2021-10-31T20:42:33+00:00,2019-01-12
dbd3e00fe09e32f789b273a93265db2f,VirusShare_00495,vbclone,192606,exe,trojan,66.18,2021-11-06T17:21:58+00:00,2019-01-12
dc3bc4d16494910a9d5d296f619584bf,VirusShare_00495,vbclone,196645,exe,trojan,67.65,2021-10-31T13:51:43+00:00,2019-01-12
dc445304b58125be54497248c588f2fd,VirusShare_00495,vbclone,196633,exe,trojan,68.12,2021-10-31T17:52:17+00:00,2019-01-12
dc48cf10d5e4d19d8a0078e48436b8cb,VirusShare_00495,vbclone,192576,exe,trojan,77.78,2021-11-05T07:35:23+00:00,2019-01-12
dc70765fe2822daef1d11da975f97021,VirusShare_00495,vbclone,192613,exe,trojan,77.94,2021-11-05T09:22:27+00:00,2019-01-12
dc8accf6cceabe232883aa8d2e420613,VirusShare_00495,vbclone,196751,exe,trojan,79.41,2021-11-03T06:34:16+00:00,2019-01-12
dc93aba1d45d73c27be2b627612c040e,VirusShare_00495,vbclone,196693,exe,trojan,68.12,2021-10-31T20:30:12+00:00,2019-01-12
dcaec237f8b25951b4ab9ca19a48fad6,VirusShare_00495,vbclone,192639,exe,trojan,78.26,2021-11-08T19:25:32+00:00,2019-01-12
dcc2e26290d64b4679bcc5ab3312503a,VirusShare_00495,vbclone,192581,exe,trojan,68.12,2021-10-31T17:00:50+00:00,2019-01-12
dcc5b89eae1806af993be46219f3d778,VirusShare_00495,vbclone,192702,exe,trojan,66.18,2021-11-08T07:51:05+00:00,2019-01-12
dcdb22fba80b02b42526cb32c92e45d1,VirusShare_00495,vbclone,192609,exe,trojan,70.59,2021-10-31T21:32:09+00:00,2019-01-12
dcdddd5761e7d2ac2e493de63b08593f,VirusShare_00495,vbclone,192660,exe,trojan,63.77,2021-11-05T06:29:19+00:00,2019-01-12
dd007a59db07f02af6bef7dc61b22fef,VirusShare_00495,vbclone,192575,exe,trojan,76.81,2021-11-04T09:01:35+00:00,2019-01-12
dd09ca910febd605926b30b2a214504c,VirusShare_00495,vbclone,192699,exe,trojan,62.32,2021-11-03T16:47:12+00:00,2019-01-12
dd337dc623c05a520a9bba522684adb1,VirusShare_00495,vbclone,192598,exe,trojan,68.12,2021-10-31T10:11:32+00:00,2019-01-12
dd358639132b837d5cf171a0b059a187,VirusShare_00495,vbclone,196727,exe,trojan,75.0,2021-11-05T01:06:00+00:00,2019-01-12
dd47585c9ca3330b3b8759d1fe6f4da0,VirusShare_00495,vbclone,196664,exe,trojan,65.22,2021-10-31T13:51:34+00:00,2019-01-12
dd7755eddac4ed32170f737d4a8a6427,VirusShare_00495,vbclone,192693,exe,trojan,66.67,2021-11-07T10:29:15+00:00,2019-01-12
dd823d98891ebe3ef93f2439129cf623,VirusShare_00495,vbclone,192623,exe,trojan,79.71,2021-11-05T18:09:47+00:00,2019-01-12
dd8e4e1b91937177941db574f1186b7a,VirusShare_00495,vbclone,196668,exe,trojan,66.67,2021-11-01T19:58:56+00:00,2019-01-12
dded9e9b965a3bc381190e8b1aed15e0,VirusShare_00495,vbclone,192612,exe,trojan,65.22,2021-10-31T05:21:35+00:00,2019-01-12
ddf1be82b4496f52ca01dabeb57b826d,VirusShare_00495,vbclone,192681,exe,trojan,65.22,2021-11-03T16:47:17+00:00,2019-01-12
ddf82cf0657addf1c8076f1e37e46e59,VirusShare_00495,vbclone,192582,exe,trojan,66.67,2021-10-31T17:06:13+00:00,2019-01-12
de02f39aab0a7a19b90e946057100dbd,VirusShare_00495,vbclone,196637,exe,trojan,78.26,2021-11-01T02:34:50+00:00,2019-01-12
de06f7c3df17ebc3082ca72049d44075,VirusShare_00495,vbclone,189243,exe,trojan,62.32,2021-11-05T21:59:36+00:00,2019-01-12
de2167c166f407c2e88271df8c17fd02,VirusShare_00495,vbclone,196782,exe,trojan,68.66,2021-11-07T10:58:09+00:00,2019-01-12
de2a2467bcef2ec589026712b055c569,VirusShare_00495,vbclone,196762,exe,trojan,65.67,2021-11-07T11:51:00+00:00,2019-01-12
de2b00b02562d855e45ebebc6dc113d4,VirusShare_00495,vbclone,192613,exe,trojan,65.22,2021-10-31T05:21:31+00:00,2019-01-12
de367fe14580ae05305ebf74f6796637,VirusShare_00495,vbclone,196615,exe,trojan,80.6,2021-11-04T07:11:26+00:00,2019-01-12
de4ae771d50e77a2988ad68b1e03bf4e,VirusShare_00495,vbclone,196764,exe,trojan,80.88,2021-11-03T05:35:36+00:00,2019-01-12
de57d4d95ca3a9ba213aab1066cfbdd1,VirusShare_00495,vbclone,196752,exe,trojan,82.09,2021-11-04T10:57:09+00:00,2019-01-12
de7a228479530f14e302c0a39a92f89d,VirusShare_00495,vbclone,192603,exe,trojan,68.12,2021-10-31T05:21:42+00:00,2019-01-12
de87e5c9a7d6fac2ef89b1e0c7dca7a5,VirusShare_00495,vbclone,196750,exe,trojan,66.18,2021-11-02T07:26:12+00:00,2019-01-12
de8d27592281889c74f99e7934eacb38,VirusShare_00495,vbclone,196714,exe,trojan,79.71,2021-11-03T12:46:07+00:00,2019-01-12
dea681b3b470d6eb854a0c918b447ca0,VirusShare_00495,vbclone,196780,exe,trojan,66.18,2021-10-31T07:24:01+00:00,2019-01-12
deae90537baef21a9b783783c5a7423a,VirusShare_00495,vbclone,192622,exe,trojan,77.61,2021-11-03T16:13:12+00:00,2019-01-12
deb7a5d770fb606103c509fcaaf70f8a,VirusShare_00495,vbclone,192628,exe,trojan,63.64,2021-11-04T07:07:56+00:00,2019-01-12
decd04e622ab8ed6331837e608522664,VirusShare_00495,vbclone,196782,exe,trojan,68.66,2021-10-31T07:23:54+00:00,2019-01-12
df308b45ad5477aab39736bf254c8fe8,VirusShare_00495,vbclone,196755,exe,trojan,66.67,2021-11-07T11:51:07+00:00,2019-01-12
df46063345a99310262d74d73310d783,VirusShare_00495,vbclone,196690,exe,trojan,80.6,2021-11-05T08:10:27+00:00,2019-01-12
df48a2688a715595921cc0b81893dd8c,VirusShare_00495,vbclone,192619,exe,trojan,62.12,2021-11-01T08:11:18+00:00,2019-01-12
df53b8a49aa3379e5d64a8ab6b0fac0b,VirusShare_00495,vbclone,196771,exe,trojan,77.94,2021-11-08T16:33:18+00:00,2019-01-12
df6c8515d2e399154006f4dc245d011f,VirusShare_00495,vbclone,192619,exe,trojan,69.12,2021-10-31T09:49:59+00:00,2019-01-12
dfa935dba843cd77d0930bd37842f86f,VirusShare_00495,vbclone,196717,exe,trojan,64.71,2021-11-07T07:28:11+00:00,2019-01-12
dfacadd342e43d6550a36872b306cd58,VirusShare_00495,vbclone,196734,exe,trojan,78.26,2021-11-07T01:35:07+00:00,2019-01-12
dfecdab146d4f80c2d8d6dd8b67f6e73,VirusShare_00495,vbclone,192583,exe,trojan,76.81,2021-11-05T14:11:58+00:00,2019-01-12
e072168c0f8cfa74d2b8f7084aa57f73,VirusShare_00495,vbclone,196740,exe,trojan,70.15,2021-11-07T11:50:32+00:00,2019-01-12
e076be869a09dd3e84530011161d4f99,VirusShare_00495,vbclone,192586,exe,trojan,65.22,2021-11-02T16:49:30+00:00,2019-01-12
e0f464d8a9175d8801e619cb564668d1,VirusShare_00495,vbclone,192560,exe,trojan,75.36,2021-11-04T11:50:03+00:00,2019-01-12
e1015c669338ebb6a5ccd6863e47cb54,VirusShare_00495,vbclone,192603,exe,trojan,67.65,2021-10-31T09:50:00+00:00,2019-01-12
e12449aa67d94547c93bdf064f5bf347,VirusShare_00495,vbclone,192591,exe,trojan,78.26,2021-11-04T04:45:24+00:00,2019-01-12
e1c1f5e8f10289659b057edf232d4815,VirusShare_00495,vbclone,196695,exe,trojan,65.22,2021-11-07T07:28:10+00:00,2019-01-12
e264a070bc05b6b8c031ce1ecddbef9a,VirusShare_00495,vbclone,196651,exe,trojan,79.71,2021-11-06T16:25:09+00:00,2019-01-12
e2a68d9a04829e5ecb60c3661accd71d,VirusShare_00495,vbclone,192703,exe,trojan,69.57,2021-11-08T07:51:09+00:00,2019-01-12
e2aaf6eead2ca93e7c41a04f22f28f03,VirusShare_00495,vbclone,192680,exe,trojan,66.67,2021-11-08T07:51:05+00:00,2019-01-12
e2bf08511d07523a0aea8c67916a90a6,VirusShare_00495,vbclone,196744,exe,trojan,79.41,2021-11-04T11:47:03+00:00,2019-01-12
e2dc3f96311a7ae9873cbdb7d78bf038,VirusShare_00495,vbclone,192736,exe,trojan,63.64,2021-10-27T07:25:57+00:00,2019-01-12
e2f5e116ee9d07eedd0effb126976026,VirusShare_00495,vbclone,192687,exe,trojan,76.81,2021-11-06T10:24:37+00:00,2019-01-12
e32b38f3da177f948aba23f7ba0e63fd,VirusShare_00495,vbclone,192580,exe,trojan,66.67,2021-11-02T16:49:14+00:00,2019-01-12
e37d4f97fa01aaaeeb43be48128e649a,VirusShare_00495,vbclone,196661,exe,trojan,68.12,2021-10-31T13:51:38+00:00,2019-01-12
e388f42836e2ad9ebfce25617a7f5f25,VirusShare_00495,vbclone,196665,exe,trojan,68.12,2021-10-31T13:51:37+00:00,2019-01-12
e395022deae44fd7b89ba63d63d97f62,VirusShare_00495,vbclone,196636,exe,trojan,79.71,2021-11-06T03:20:24+00:00,2019-01-12
e3b7f4effbdad34b923a72df927122ab,VirusShare_00495,vbclone,192593,exe,trojan,76.47,2021-11-04T12:54:38+00:00,2019-01-12
e42dcc74d8af70f084dac7f53210a990,VirusShare_00495,vbclone,192572,exe,trojan,66.18,2021-10-31T08:23:19+00:00,2019-01-12
e457e6d330ef3d74748bd7273cc9e0f3,VirusShare_00495,vbclone,192610,exe,trojan,68.12,2021-10-31T03:30:14+00:00,2019-01-12
e480a79d4cb3e4bab8036eb3562cd802,VirusShare_00495,vbclone,196667,exe,trojan,67.65,2021-10-31T13:51:33+00:00,2019-01-12
e493d0d4705a7f72d108dea33454f282,VirusShare_00495,vbclone,192679,exe,trojan,68.18,2021-11-05T06:29:23+00:00,2019-01-12
e50399dccef7183f9fd5b81466fe77b5,VirusShare_00495,vbclone,192621,exe,trojan,78.26,2021-11-07T23:40:04+00:00,2019-01-12
e5298dfedbd24e98fca2d3cc702ab552,VirusShare_00495,vbclone,192666,exe,trojan,66.67,2021-11-05T06:29:22+00:00,2019-01-12
e5324dd53f1a25e7908f57f0097d1ac6,VirusShare_00495,vbclone,196747,exe,trojan,72.06,2021-11-01T10:29:49+00:00,2019-01-12
e539d575ca8e91501e2450cf54ee8d0d,VirusShare_00495,vbclone,196693,exe,trojan,79.41,2021-11-03T07:05:21+00:00,2019-01-12
e5514882f04501d69791c879a54c1a77,VirusShare_00495,vbclone,192646,exe,trojan,64.71,2021-11-04T17:28:52+00:00,2019-01-12
e5517625b14a2acf5d9e577fba0ac4dc,VirusShare_00495,vbclone,196729,exe,trojan,79.1,2021-11-04T16:05:26+00:00,2019-01-12
e55563ee30e8d3f31023a42e07ec1c28,VirusShare_00495,vbclone,196775,exe,trojan,67.65,2021-11-07T11:50:58+00:00,2019-01-12
e5f9fc5cbeca5831a388e068812450c2,VirusShare_00495,vbclone,192643,exe,trojan,70.59,2021-11-05T06:29:30+00:00,2019-01-12
e61a2193c8ec810c37e16eb16ebd420d,VirusShare_00495,vbclone,196757,exe,trojan,81.16,2021-11-03T02:58:24+00:00,2019-01-12
e63c742cd6c7231d3f95cad9c36426ed,VirusShare_00495,vbclone,196786,exe,trojan,81.16,2021-11-05T11:27:49+00:00,2019-01-12
e69c666e4f9959bd8351852c3dd792d2,VirusShare_00495,vbclone,196764,exe,trojan,65.67,2021-11-07T11:50:56+00:00,2019-01-12
e6d5a35fa135d152142a4151e81df161,VirusShare_00495,vbclone,196798,exe,trojan,80.88,2021-11-06T04:09:06+00:00,2019-01-12
e6f3415245bb236cfffac1db8e3bd037,VirusShare_00495,vbclone,192687,exe,trojan,63.24,2021-11-08T07:50:58+00:00,2019-01-12
e709db2a5a33b7a0de01e8a27f7bae66,VirusShare_00495,vbclone,192604,exe,trojan,63.64,2021-11-03T08:02:35+00:00,2019-01-12
e70b7c9bd6e23b37bc283e914a333455,VirusShare_00495,vbclone,192649,exe,trojan,79.41,2021-11-03T03:44:25+00:00,2019-01-12
e7334861a791482fba0bc844c280e063,VirusShare_00495,vbclone,192593,exe,trojan,68.12,2021-10-31T05:21:42+00:00,2019-01-12
e73997e5039b9f324ebdc821ec2e5b1f,VirusShare_00495,vbclone,192668,exe,trojan,69.12,2021-11-07T10:29:08+00:00,2019-01-12
e7976eaee6baea91491e12274797d348,VirusShare_00495,vbclone,192694,exe,trojan,67.65,2021-11-07T10:29:18+00:00,2019-01-12
e7fe3330c0d550b24141ce0c71577aa7,VirusShare_00495,vbclone,196641,exe,trojan,68.12,2021-10-31T17:52:29+00:00,2019-01-12
e810b1d19406ac8dc389c593cae98cb7,VirusShare_00495,vbclone,192623,exe,trojan,65.22,2021-11-06T17:21:58+00:00,2019-01-12
e83ae1cbc7063399b84607431afa26ee,VirusShare_00495,vbclone,192619,exe,trojan,68.12,2021-11-02T05:49:38+00:00,2019-01-12
e84ffa1e1480bd6da5d1e7854c09453e,VirusShare_00495,vbclone,196750,exe,trojan,79.71,2021-11-04T14:29:06+00:00,2019-01-12
e85eeda26433eb7c8aa9e256239bdcab,VirusShare_00495,vbclone,192572,exe,trojan,75.0,2021-11-05T04:56:16+00:00,2019-01-12
e86f6d06adb1f89da0aab5049ab2228e,VirusShare_00495,vbclone,196765,exe,trojan,66.18,2021-11-07T10:58:05+00:00,2019-01-12
e8a9335b3fd53f6298c1a6cac679947f,VirusShare_00495,vbclone,192567,exe,trojan,71.64,2021-10-31T08:22:45+00:00,2019-01-12
e8cd7c53d409f57fdf9960d6fcd298b7,VirusShare_00495,vbclone,192649,exe,trojan,65.22,2021-11-07T05:01:12+00:00,2019-01-12
e8fcc1e7b42504625ae3cc7221fcce13,VirusShare_00495,vbclone,192582,exe,trojan,78.26,2021-11-08T01:47:41+00:00,2019-01-12
e957503f3445a9a1f2271fe0025763e2,VirusShare_00495,vbclone,196664,exe,trojan,79.1,2021-11-05T11:42:43+00:00,2019-01-12
e9694d98fb1acc41f75c23b9de2fe0be,VirusShare_00495,vbclone,192688,exe,trojan,73.91,2021-11-03T02:06:04+00:00,2019-01-12
e9bbfb6b8c8f98a53888e6fb0bde62b1,VirusShare_00495,vbclone,189409,exe,trojan,64.62,2021-11-02T13:17:41+00:00,2019-01-12
ea30c0d08d19f54bdf227f335af0ad75,VirusShare_00495,vbclone,189373,exe,trojan,69.7,2021-11-02T05:16:33+00:00,2019-01-12
ea3ff60d04dd6b672dc71f24ab4eb1f1,VirusShare_00495,vbclone,196663,exe,trojan,66.18,2021-11-01T19:58:58+00:00,2019-01-12
ea427a426014b17987d1fc17fd3b43a1,VirusShare_00495,vbclone,196709,exe,trojan,79.71,2021-11-05T12:24:00+00:00,2019-01-12
ea52cfa21260de4c5b7c12d6314fd441,VirusShare_00495,vbclone,196752,exe,trojan,67.16,2021-11-07T11:50:32+00:00,2019-01-12
ea70253b2ddb28c932266e1c3ad4f502,VirusShare_00495,vbclone,192576,exe,trojan,71.01,2021-10-31T20:22:02+00:00,2019-01-12
eab17be03d9c69e5fc4515459c77b687,VirusShare_00495,vbclone,192692,exe,trojan,63.77,2021-11-07T05:01:08+00:00,2019-01-12
eae1dcd1a38e027ddaf7946dac606dc0,VirusShare_00495,vbclone,192604,exe,trojan,65.22,2021-10-31T09:51:52+00:00,2019-01-12
eb163e3212d948872ebad90581a1a19c,VirusShare_00495,vbclone,196714,exe,trojan,68.66,2021-11-02T06:11:13+00:00,2019-01-12
eb1ca989caf60611c98ea090f3ee1d1c,VirusShare_00495,vbclone,192673,exe,trojan,66.18,2021-11-08T07:51:01+00:00,2019-01-12
eb2116aacf221f86fa052b996ca8be21,VirusShare_00495,vbclone,192684,exe,trojan,66.67,2021-11-07T09:16:21+00:00,2019-01-12
eb704fd71fc9ad1cb3dd9c7592caf6e5,VirusShare_00495,vbclone,192561,exe,trojan,69.12,2021-10-31T08:23:20+00:00,2019-01-12
eb97f50e1e26e71cd207f0044858c651,VirusShare_00495,vbclone,196694,exe,trojan,65.67,2021-11-01T06:26:13+00:00,2019-01-12
ebb6f9d3d5605eedbab3dc2d7e1f4b66,VirusShare_00495,vbclone,192701,exe,trojan,61.19,2021-11-08T07:50:58+00:00,2019-01-12
ebb86d26b478dd29dcb9078800d265a5,VirusShare_00495,vbclone,192653,exe,trojan,64.62,2021-11-05T06:29:26+00:00,2019-01-12
ec1688a72966f005af4ac99a81041a54,VirusShare_00495,vbclone,196725,exe,trojan,77.94,2021-11-01T06:05:30+00:00,2019-01-12
ec41d13c46b14c476aabd3e42862aea3,VirusShare_00495,vbclone,196635,exe,trojan,66.18,2021-10-31T17:52:17+00:00,2019-01-12
ec55c189258010b890a097cd864ce618,VirusShare_00495,vbclone,192601,exe,trojan,66.67,2021-10-31T10:11:40+00:00,2019-01-12
eca2523127315561ae2cc53f5700f033,VirusShare_00495,vbclone,196680,exe,trojan,65.67,2021-11-06T03:13:51+00:00,2019-01-12
ed420879ea2aa85fb7fa56af966af1b0,VirusShare_00495,vbclone,192597,exe,trojan,78.26,2021-11-04T11:18:14+00:00,2019-01-12
ed90117e2cfa1037bdc3f0516c52ee9b,VirusShare_00495,vbclone,192587,exe,trojan,65.22,2021-10-31T10:11:28+00:00,2019-01-12
edb1b4ec04a27dd3abca858baf1b768d,VirusShare_00495,vbclone,192603,exe,trojan,65.22,2021-10-31T10:11:23+00:00,2019-01-12
ee0b91b4ab504ef5ff86e25fa86b5d60,VirusShare_00495,vbclone,196771,exe,trojan,68.66,2021-11-07T10:58:13+00:00,2019-01-12
ee63ee30b51c3ad32c790e87c8fb4d2b,VirusShare_00495,vbclone,192640,exe,trojan,77.27,2021-11-04T05:13:37+00:00,2019-01-12
ee990e56d9a1d1a3bad84fd1df4aab7e,VirusShare_00495,vbclone,196695,exe,trojan,65.22,2021-11-01T06:26:11+00:00,2019-01-12
eed2670bc672521f7490b40a3f296be2,VirusShare_00495,vbclone,196781,exe,trojan,67.65,2021-11-07T10:58:16+00:00,2019-01-12
eed6b7ccf7ce63187b0a1ba1aeec7803,VirusShare_00495,vbclone,192614,exe,trojan,66.18,2021-10-31T10:11:22+00:00,2019-01-12
ef318ab03f038d10a046c8539627e187,VirusShare_00495,vbclone,192645,exe,trojan,63.77,2021-11-04T17:28:45+00:00,2019-01-12
ef5b05970456ffe2d33d7f74d0961dd9,VirusShare_00495,vbclone,196797,exe,trojan,64.71,2021-11-07T10:58:10+00:00,2019-01-12
ef6bc7f1bbbb717ff160a8624e24d6c8,VirusShare_00495,vbclone,196667,exe,trojan,79.71,2021-11-06T01:05:46+00:00,2019-01-12
ef912daaa8096bfa98126791bca9fcb0,VirusShare_00495,vbclone,196795,exe,trojan,78.26,2021-11-08T15:34:37+00:00,2019-01-12
efaf01ea2a58a56464740fd8055a18a7,VirusShare_00495,vbclone,196728,exe,trojan,63.77,2021-11-04T17:30:44+00:00,2019-01-12
efcacc56b348bd66efaa85b314998ab4,VirusShare_00495,vbclone,192595,exe,trojan,66.67,2021-10-31T05:21:44+00:00,2019-01-12
efd65dbb0ea8deb656524e32afa6ed82,VirusShare_00495,vbclone,192690,exe,trojan,66.67,2021-11-08T07:50:55+00:00,2019-01-12
f000ab3f02463fe55ad8f977562ea998,VirusShare_00495,vbclone,192604,exe,trojan,67.65,2021-11-03T08:02:33+00:00,2019-01-12
f025a3a95e3c0bc8a9b4a8da3e0b9c3e,VirusShare_00495,vbclone,192671,exe,trojan,67.65,2021-11-05T06:29:21+00:00,2019-01-12
f0924bb321d113d7dcd396002872ef83,VirusShare_00495,vbclone,192596,exe,trojan,79.1,2021-11-08T09:30:19+00:00,2019-01-12
f0a30fee2247a6d14388005a8f3e60da,VirusShare_00495,vbclone,192592,exe,trojan,66.67,2021-10-31T09:50:01+00:00,2019-01-12
f0a6d025b99ff13842530b5bb8b50b4a,VirusShare_00495,vbclone,189384,exe,trojan,62.9,2021-11-02T13:17:28+00:00,2019-01-12
f0ae851a616fd7ce393d20e1845d0a5f,VirusShare_00495,vbclone,196692,exe,trojan,71.01,2021-10-31T12:37:48+00:00,2019-01-12
f1251e5ad038593b450663458fb75239,VirusShare_00495,vbclone,192665,exe,trojan,67.65,2021-11-07T10:29:14+00:00,2019-01-12
f1580a7261390a51972a9af8d551685a,VirusShare_00495,vbclone,192624,exe,trojan,67.65,2021-11-02T05:49:49+00:00,2019-01-12
f1f62e5954c0a08fc449832fdaee1624,VirusShare_00495,vbclone,196783,exe,trojan,76.47,2021-11-05T04:37:01+00:00,2019-01-12
f2628ea14326a2fd0b3255186c9fd249,VirusShare_00495,vbclone,196662,exe,trojan,68.66,2021-10-31T13:51:43+00:00,2019-01-12
f2a486357061e5cfbc99141854330c72,VirusShare_00495,vbclone,192620,exe,trojan,63.64,2021-11-03T08:02:43+00:00,2019-01-12
f2bee40a997ae8da3a1162933eecd2f5,VirusShare_00495,vbclone,196702,exe,trojan,81.16,2021-11-07T02:05:15+00:00,2019-01-12
f30f9e0e43da5a289f2e76a18b461f60,VirusShare_00495,vbclone,189234,exe,trojan,65.22,2021-11-02T10:12:11+00:00,2019-01-12
f3a8e1850bfcddf36a5663c72ebbec64,VirusShare_00495,vbclone,196652,exe,trojan,68.12,2021-10-31T13:51:46+00:00,2019-01-12
f486c14e7e2981f2860fc100fcfee295,VirusShare_00495,vbclone,192609,exe,trojan,66.67,2021-10-31T10:11:22+00:00,2019-01-12
f52d4d11327f92d9cd061adac822a9e0,VirusShare_00495,vbclone,192680,exe,trojan,65.67,2021-11-03T16:47:27+00:00,2019-01-12
f53127ac65c943ab150a8317895e3a44,VirusShare_00495,vbclone,196635,exe,trojan,75.36,2021-11-02T00:05:54+00:00,2019-01-12
f5970eab6efebe065a8873f7d3fda5bf,VirusShare_00495,vbclone,196720,exe,trojan,79.71,2021-11-05T00:49:19+00:00,2019-01-12
f5a840a326e86e1e5eda15fa171a8eb7,VirusShare_00495,vbclone,192695,exe,trojan,65.22,2021-11-08T07:51:04+00:00,2019-01-12
f5aca4dbc2caeca8a7ce8f6f7e7a7b76,VirusShare_00495,vbclone,196740,exe,trojan,67.16,2021-11-07T11:51:02+00:00,2019-01-12
f5cbaacd40c07c8fe70e6b68831b40dc,VirusShare_00495,vbclone,196752,exe,trojan,68.25,2021-11-04T17:30:54+00:00,2019-01-12
f5e673723ff60d7f56e659f6834e3fca,VirusShare_00495,vbclone,196793,exe,trojan,68.66,2021-10-31T07:23:46+00:00,2019-01-12
f5f87efa3c33a12eeb846a930081fae4,VirusShare_00495,vbclone,192566,exe,trojan,76.81,2021-11-03T04:58:02+00:00,2019-01-12
f608f37892ed949a5ac9bb246303562b,VirusShare_00495,vbclone,196644,exe,trojan,66.18,2021-10-31T17:52:28+00:00,2019-01-12
f6706a81b7978e37bd9ccaced5c3ceb8,VirusShare_00495,vbclone,196715,exe,trojan,68.12,2021-10-31T12:37:50+00:00,2019-01-12
f6b8033d83d6a81a8118bfdaa41b5569,VirusShare_00495,vbclone,192650,exe,trojan,55.88,2021-11-05T06:29:17+00:00,2019-01-12
f7169982f491fc12af0dc58249a2ca3b,VirusShare_00495,vbclone,196740,exe,trojan,78.26,2021-11-05T04:41:54+00:00,2019-01-12
f726ca8eab1e873a2545578c48098cde,VirusShare_00495,vbclone,196721,exe,trojan,66.67,2021-10-31T12:37:56+00:00,2019-01-12
f747cd8e366a1cbd48fab7a7696e886b,VirusShare_00495,vbclone,196760,exe,trojan,76.47,2021-11-04T09:18:07+00:00,2019-01-12
f757acbc100474d1f8dbb8d124c2cd45,VirusShare_00495,vbclone,196742,exe,trojan,63.08,2021-11-04T17:30:38+00:00,2019-01-12
f7756b36d6bb17567150c1c5f8774b81,VirusShare_00495,vbclone,192641,exe,trojan,66.67,2021-11-06T13:08:12+00:00,2019-01-12
f791b003d92290758ed49503bd0d6dd2,VirusShare_00495,vbclone,196698,exe,trojan,65.22,2021-11-06T03:13:58+00:00,2019-01-12
f7b2d17a95e398d1de315cb90b5c0818,VirusShare_00495,vbclone,192609,exe,trojan,65.22,2021-10-31T10:11:33+00:00,2019-01-12
f7cb213752cc1d782c1209d6069d7b3f,VirusShare_00495,vbclone,196794,exe,trojan,69.7,2021-11-07T10:58:17+00:00,2019-01-12
f7ec531353dc516721ff5a43a233cf12,VirusShare_00495,vbclone,192697,exe,trojan,68.18,2021-11-07T10:29:00+00:00,2019-01-12
f82693235a22b929b02a2499e6c40716,VirusShare_00495,vbclone,192564,exe,trojan,70.59,2021-10-31T08:23:22+00:00,2019-01-12
f845451e6e9484edcc92db7bb2fcae6d,VirusShare_00495,vbclone,192668,exe,trojan,69.12,2021-11-08T07:50:59+00:00,2019-01-12
f8a31eaafde8b71f3d560316a3815d31,VirusShare_00495,vbclone,192679,exe,trojan,69.57,2021-11-07T10:29:15+00:00,2019-01-12
f8a3366e938db135e52b5a7436daedae,VirusShare_00495,vbclone,196699,exe,trojan,77.94,2021-11-03T06:10:14+00:00,2019-01-12
f8b38e291bfeb09305bd6016d092b7e7,VirusShare_00495,vbclone,192662,exe,trojan,68.12,2021-11-08T07:50:59+00:00,2019-01-12
f9147479eceea217a6846144d9c6045c,VirusShare_00495,vbclone,192611,exe,trojan,68.12,2021-11-02T07:20:22+00:00,2019-01-12
f941067ebb86277f046d028ec2b5d631,VirusShare_00495,vbclone,196732,exe,trojan,69.57,2021-11-02T09:54:46+00:00,2019-01-12
f95a41924c91a6839e90075e1dd2787f,VirusShare_00495,vbclone,192673,exe,trojan,66.18,2021-11-08T07:51:10+00:00,2019-01-12
f97e3263566a9f51a05e70162235b724,VirusShare_00495,vbclone,192593,exe,trojan,66.67,2021-10-31T21:32:07+00:00,2019-01-12
fa01740fcaa84a909577013e1664a299,VirusShare_00495,vbclone,196640,exe,trojan,66.67,2021-10-31T17:52:19+00:00,2019-01-12
fabc0ae28c67054f77e82b2535546221,VirusShare_00495,vbclone,192673,exe,trojan,79.41,2021-11-03T07:10:20+00:00,2019-01-12
fae0dbc08254d334061844b10ad35af4,VirusShare_00495,vbclone,196778,exe,trojan,73.13,2021-11-05T17:39:13+00:00,2019-01-12
fae434e974231a3255c8a4e9dfec2eb8,VirusShare_00495,vbclone,196684,exe,trojan,66.67,2021-10-31T12:37:58+00:00,2019-01-12
fb4218cfcbd60ab5b9a1074da6907b03,VirusShare_00495,vbclone,192566,exe,trojan,80.6,2021-11-04T05:04:20+00:00,2019-01-12
fb8a4a9278ef56f441333c20b30ee2ea,VirusShare_00495,vbclone,196742,exe,trojan,69.84,2021-11-01T10:23:42+00:00,2019-01-12
fc473641ca3aad094ff28673a45defb2,VirusShare_00495,vbclone,192676,exe,trojan,60.94,2021-11-07T05:01:10+00:00,2019-01-12
fc62479ab9606cb2d6871408c80948c7,VirusShare_00495,vbclone,192667,exe,trojan,79.1,2021-11-04T04:31:21+00:00,2019-01-12
fce06bff28017d7810a43d27b1ae6d9c,VirusShare_00495,vbclone,196711,exe,trojan,76.47,2021-11-02T04:05:05+00:00,2019-01-12
fd017b52b1cd5b36aaa03b1b01378fc1,VirusShare_00495,vbclone,196759,exe,trojan,77.94,2021-11-04T11:00:58+00:00,2019-01-12
fd14bece94daf1f4f64d26ced08aae94,VirusShare_00495,vbclone,192606,exe,trojan,66.67,2021-10-31T05:21:41+00:00,2019-01-12
fd31294ebc246ae50860e97bfc14ebb5,VirusShare_00495,vbclone,196779,exe,trojan,76.56,2021-11-03T06:48:43+00:00,2019-01-12
fd382add8c28d7852dc3dbd54c916b6d,VirusShare_00495,vbclone,192678,exe,trojan,69.12,2021-11-07T09:16:27+00:00,2019-01-12
fd794d7593a7591a7681cd3a9614caa9,VirusShare_00495,vbclone,196727,exe,trojan,71.01,2021-10-31T14:02:34+00:00,2019-01-12
fe4c54642687814b11ea44be130bea21,VirusShare_00495,vbclone,196744,exe,trojan,79.71,2021-11-04T11:34:26+00:00,2019-01-12
fe83eb5ed54e2ef6bcf57d2d4aaa21fc,VirusShare_00495,vbclone,196787,exe,trojan,65.67,2021-11-07T10:58:05+00:00,2019-01-12
fedb44178d2c328158f0d19c58eb0571,VirusShare_00495,vbclone,196750,exe,trojan,67.65,2021-11-07T11:50:30+00:00,2019-01-12
fefe5f79da60c846fd76e739370645dc,VirusShare_00495,vbclone,192575,exe,trojan,78.26,2021-11-08T04:18:51+00:00,2019-01-12
ffb50e0055a717129108ac17051a8164,VirusShare_00495,vbclone,192639,exe,trojan,63.77,2021-11-06T13:13:10+00:00,2019-01-12
002c907548ec5bea398e7ed11c07e346,VirusShare_00499,vbclone,192686,exe,trojan,62.69,2021-11-10T20:00:39+00:00,2019-01-12
003d4c88d6a679a3e75df4c601edfb38,VirusShare_00499,vbclone,192736,exe,trojan,67.65,2021-11-13T15:51:47+00:00,2019-01-12
0061d8b383e973d4675b1111d8121abd,VirusShare_00499,vbclone,192746,exe,trojan,72.73,2021-11-16T18:09:08+00:00,2019-01-12
006581c1e9bcdfe20aa59e0303b5b5e5,VirusShare_00499,vbclone,192740,exe,trojan,68.66,2021-11-13T15:51:46+00:00,2019-01-12
0082a544d26072b78d5e43cbdb2031be,VirusShare_00499,vbclone,192748,exe,trojan,74.63,2021-11-16T18:05:03+00:00,2019-01-12
00d70e4ba5b20fa6902bcfd766c1ad68,VirusShare_00499,vbclone,192754,exe,trojan,67.16,2021-11-13T16:25:36+00:00,2019-01-12
00f448f165f4984f7b5091c3d6c73b72,VirusShare_00499,vbclone,189173,exe,trojan,69.12,2021-11-12T22:56:22+00:00,2019-01-12
01117c3905234a61155886687bf6b43b,VirusShare_00499,vbclone,192670,exe,trojan,54.29,2021-11-09T19:38:26+00:00,2019-01-12
0170e2d1ca998860398389e7bd5012aa,VirusShare_00499,vbclone,192742,exe,trojan,61.76,2021-11-08T10:46:30+00:00,2019-01-12
01714a1869304893e98221759229fc88,VirusShare_00499,vbclone,192784,exe,trojan,68.18,2021-11-14T06:15:25+00:00,2019-01-12
024a4f6658ab7d331a1f96d347e6f6e9,VirusShare_00499,vbclone,192777,exe,trojan,68.18,2021-11-13T16:25:28+00:00,2019-01-12
0274297c89cc8228c0e6bdf852cfdfe5,VirusShare_00499,vbclone,196818,exe,trojan,66.67,2021-11-09T08:59:26+00:00,2019-01-12
02be7b7587bea3a3972241ea8e134787,VirusShare_00499,vbclone,196840,exe,trojan,68.66,2021-11-11T19:21:24+00:00,2019-01-12
02d92a9ae450b28831ae6893f7e5c7e3,VirusShare_00499,vbclone,189172,exe,trojan,69.12,2021-11-12T22:56:25+00:00,2019-01-12
02d9528717c224416edbc5f867b0a07c,VirusShare_00499,vbclone,192751,exe,trojan,64.18,2021-11-10T15:47:55+00:00,2019-01-12
02ed0be2d82f1ac3bf6fca558a58cce7,VirusShare_00499,vbclone,192771,exe,trojan,65.67,2021-11-14T06:15:21+00:00,2019-01-12
0300c1d25bbf3b2359162d8cd077bb12,VirusShare_00499,vbclone,192756,exe,trojan,67.65,2021-11-13T15:51:40+00:00,2019-01-12
0368162a37d8c51e5350cf9317714968,VirusShare_00499,vbclone,192755,exe,trojan,68.66,2021-11-14T06:15:25+00:00,2019-01-12
03eca297d4790ad70e67a236d4576f84,VirusShare_00499,vbclone,192780,exe,trojan,66.18,2021-11-13T13:30:32+00:00,2019-01-12
03ee9a3f11cd61613487a036530874cc,VirusShare_00499,vbclone,189169,exe,trojan,70.59,2021-11-12T22:56:07+00:00,2019-01-12
0401ccb92028d19466c6bd92d3335a8a,VirusShare_00499,vbclone,192775,exe,trojan,82.09,2021-11-17T11:34:31+00:00,2019-01-12
0423020b3afda386946898369bd69e6b,VirusShare_00499,vbclone,192747,exe,trojan,68.18,2021-11-13T11:25:16+00:00,2019-01-12
042c33cccdfcad836c22f1b7c2bae20b,VirusShare_00499,vbclone,192758,exe,trojan,64.71,2021-11-13T15:51:40+00:00,2019-01-12
046413da8322f5eb77406306c2db3978,VirusShare_00499,vbclone,192654,exe,trojan,67.69,2021-11-10T12:32:41+00:00,2019-01-12
046d2f2b50b053fc3b8a6278729e78fa,VirusShare_00499,vbclone,192648,exe,trojan,67.65,2021-11-12T16:43:07+00:00,2019-01-12
047406024dad8ee293e5c2b1a7c1fb23,VirusShare_00499,vbclone,196831,exe,trojan,67.65,2021-11-11T19:21:24+00:00,2019-01-12
047d30860ff1dc646040d56ac116e1e2,VirusShare_00499,vbclone,192696,exe,trojan,64.18,2021-11-10T20:17:30+00:00,2019-01-12
0496ac6a1faa494536f26aef5e4f2fa4,VirusShare_00499,vbclone,192783,exe,trojan,65.67,2021-11-14T06:15:36+00:00,2019-01-12
04a562ed54150b9c165d09b650449e9f,VirusShare_00499,vbclone,192749,exe,trojan,73.13,2021-11-16T18:05:35+00:00,2019-01-12
04ad54198ab3e223c980f33bb6ef8b5c,VirusShare_00499,vbclone,192772,exe,trojan,67.65,2021-11-13T15:11:44+00:00,2019-01-12
04d890166b16f6b281b164cdb0ae2178,VirusShare_00499,vbclone,189195,exe,trojan,69.7,2021-11-12T22:56:05+00:00,2019-01-12
058745c7b6290797ec46820e413d6b0d,VirusShare_00499,vbclone,192655,exe,trojan,71.64,2021-11-16T18:16:29+00:00,2019-01-12
05a2e714d4e6fb5381efe079ed505edd,VirusShare_00499,vbclone,192699,exe,trojan,64.71,2021-11-10T20:00:26+00:00,2019-01-12
05fe1150cbc1aeec1448283be464347b,VirusShare_00499,vbclone,192757,exe,trojan,77.27,2021-11-17T05:17:45+00:00,2019-01-12
06541295e90e86c5ebb6aa799a5737a7,VirusShare_00499,vbclone,192771,exe,trojan,64.62,2021-11-14T06:15:29+00:00,2019-01-12
065a02bdfcd5ac8b527260480380f729,VirusShare_00499,vbclone,192792,exe,trojan,66.18,2021-11-13T13:30:42+00:00,2019-01-12
0660db1a9f4ec245a8911243d6b46657,VirusShare_00499,vbclone,192694,exe,trojan,64.71,2021-11-10T20:00:27+00:00,2019-01-12
06b2481473c0e392528252817e02a5f5,VirusShare_00499,vbclone,196897,exe,trojan,66.18,2021-11-14T12:37:45+00:00,2019-01-12
0709254ca39f61062499caa3981edd11,VirusShare_00499,vbclone,192751,exe,trojan,71.88,2021-11-16T18:05:09+00:00,2019-01-12
073403e07d742d558ea15308da4b1a5d,VirusShare_00499,vbclone,192762,exe,trojan,64.71,2021-11-13T16:25:19+00:00,2019-01-12
073983e19bb38ffba5694d3131007940,VirusShare_00499,vbclone,192691,exe,trojan,63.24,2021-11-10T20:17:41+00:00,2019-01-12
0749fa24de4fc9d33876f77abb4452f5,VirusShare_00499,vbclone,192787,exe,trojan,76.67,2021-11-17T15:28:27+00:00,2019-01-12
076f1b0323d1df8d25f5362b151b1653,VirusShare_00499,vbclone,192743,exe,trojan,66.18,2021-11-13T15:51:39+00:00,2019-01-12
07d5c61d038422a7cf031892c6c2629f,VirusShare_00499,vbclone,192789,exe,trojan,66.18,2021-11-13T16:25:30+00:00,2019-01-12
080fd175fdc5aaeceb0f93692a050df0,VirusShare_00499,vbclone,192795,exe,trojan,60.87,2021-11-09T07:18:45+00:00,2019-01-12
086a92f3e9f8282418a29dfda3b592d6,VirusShare_00499,vbclone,192773,exe,trojan,70.31,2021-11-14T06:15:31+00:00,2019-01-12
088003dc17dd4a69771a2d5286295baf,VirusShare_00499,vbclone,192751,exe,trojan,72.73,2021-11-16T18:09:06+00:00,2019-01-12
08b9885a051101bba3d54de732565b5b,VirusShare_00499,vbclone,196760,exe,trojan,74.63,2021-11-11T06:04:56+00:00,2019-01-12
08c7d7e1f7cf71c3bbacba6d215fe35b,VirusShare_00499,vbclone,192769,exe,trojan,66.18,2021-11-13T13:30:46+00:00,2019-01-12
08efe3d807daced284a58b4180350e63,VirusShare_00499,vbclone,192653,exe,trojan,68.66,2021-11-10T12:32:38+00:00,2019-01-12
08f88e8fb1182963a2c698543910b10f,VirusShare_00499,vbclone,192789,exe,trojan,64.71,2021-11-13T16:25:32+00:00,2019-01-12
094c97896f3311d40e0fd716d5088ed5,VirusShare_00499,vbclone,196863,exe,trojan,67.16,2021-11-14T12:37:31+00:00,2019-01-12
0965cd7121d62fcbca9fe0e023353c9c,VirusShare_00499,vbclone,192660,exe,trojan,77.27,2021-11-16T21:05:40+00:00,2019-01-12
097934fea23abebb9a967ea7639596a7,VirusShare_00499,vbclone,192763,exe,trojan,66.15,2021-11-14T06:15:38+00:00,2019-01-12
09ad48c8b9385e6cf011b2a6978e5590,VirusShare_00499,vbclone,189166,exe,trojan,70.59,2021-11-12T22:56:10+00:00,2019-01-12
09c60e7d6800f6652d75c07ff9f8fd97,VirusShare_00499,vbclone,192727,exe,trojan,69.7,2021-11-17T06:05:09+00:00,2019-01-12
09ef015b85feb9cefc9c51a64213d838,VirusShare_00499,vbclone,189170,exe,trojan,69.12,2021-11-14T14:17:09+00:00,2019-01-12
0a1ec5a1bbb1751241aac3676244a7d7,VirusShare_00499,vbclone,189180,exe,trojan,69.12,2021-11-12T22:56:22+00:00,2019-01-12
0a38d3e45174b0beebb458f9d7a8a24f,VirusShare_00499,vbclone,192678,exe,trojan,65.67,2021-11-10T20:17:32+00:00,2019-01-12
0a9b4de710a708f3b106de5ed08675ea,VirusShare_00499,vbclone,192730,exe,trojan,65.15,2021-11-13T15:51:53+00:00,2019-01-12
0a9c2c0bd233bb3be3d9361f3d2032ef,VirusShare_00499,vbclone,192766,exe,trojan,64.71,2021-11-10T15:47:56+00:00,2019-01-12
0affe479c084bb9338b121272fbfd449,VirusShare_00499,vbclone,189124,exe,trojan,71.64,2021-11-12T07:02:12+00:00,2019-01-12
0b458352482cc212a6a2c1204ac0c3d5,VirusShare_00499,vbclone,192756,exe,trojan,67.65,2021-11-13T16:49:54+00:00,2019-01-12
0bc628faa1cdf0ef97b4ad5b9cd9578f,VirusShare_00499,vbclone,192778,exe,trojan,65.08,2021-11-14T06:15:21+00:00,2019-01-12
0bcbc16bc0dae3f83c0c9d619cec9355,VirusShare_00499,vbclone,192782,exe,trojan,65.62,2021-11-14T06:15:35+00:00,2019-01-12
0bd4270c86f067dc82a62f499c7c8118,VirusShare_00499,vbclone,189124,exe,trojan,68.66,2021-11-12T07:02:11+00:00,2019-01-12
0bfed570e503267ba3605a66aea39f64,VirusShare_00499,vbclone,192776,exe,trojan,66.18,2021-11-13T16:49:58+00:00,2019-01-12
0bfef1f96d3ad74d3e1e0b002418af91,VirusShare_00499,vbclone,189168,exe,trojan,66.67,2021-11-12T22:56:08+00:00,2019-01-12
0c12cc07a6bb34d33222ad2a4e296e4a,VirusShare_00499,vbclone,196744,exe,trojan,62.32,2021-11-09T15:37:05+00:00,2019-01-12
0c30302df451313398cf7c46cb88d72c,VirusShare_00499,vbclone,192752,exe,trojan,67.65,2021-11-13T16:25:33+00:00,2019-01-12
0ca9a37748da9f808a119be7e6687e03,VirusShare_00499,vbclone,192724,exe,trojan,63.64,2021-11-13T15:51:49+00:00,2019-01-12
0cb698782826502906b9b2102743efda,VirusShare_00499,vbclone,192766,exe,trojan,66.18,2021-11-13T19:44:20+00:00,2019-01-12
0d064a4a5fb7b8bc0afcd591e10b985a,VirusShare_00499,vbclone,192764,exe,trojan,65.67,2021-11-13T15:11:43+00:00,2019-01-12
0d5887ac208769aa4a896cd8335d788d,VirusShare_00499,vbclone,192748,exe,trojan,75.0,2021-11-16T18:16:25+00:00,2019-01-12
0d6f6ce66fd6d8a6601f3cd0742db395,VirusShare_00499,vbclone,192720,exe,trojan,66.18,2021-11-13T11:25:04+00:00,2019-01-12
0e2b4d7a5563cab450f67dad60ca7d81,VirusShare_00499,vbclone,192771,exe,trojan,66.67,2021-11-13T13:30:37+00:00,2019-01-12
0e57fcc04495fc7273c33e2f14e850ec,VirusShare_00499,vbclone,196844,exe,trojan,67.65,2021-11-11T19:21:17+00:00,2019-01-12
0e9a6a0f636aa0b1673098cfa78f91ba,VirusShare_00499,vbclone,192765,exe,trojan,79.1,2021-11-18T00:36:12+00:00,2019-01-12
0eb04a78471e7f9d8e462eafeee9168c,VirusShare_00499,vbclone,192759,exe,trojan,67.65,2021-11-13T15:51:45+00:00,2019-01-12
0ee4bd8548639366d675a9a5b15e6b73,VirusShare_00499,vbclone,192759,exe,trojan,70.59,2021-11-16T18:15:51+00:00,2019-01-12
0eebfd9c9ae081ebcb23dcbcf9aa6715,VirusShare_00499,vbclone,192781,exe,trojan,63.24,2021-11-13T16:25:31+00:00,2019-01-12
0f0cc103267f81dd54f6933715fd46c2,VirusShare_00499,vbclone,192744,exe,trojan,74.63,2021-11-16T15:34:51+00:00,2019-01-12
0f1593977ce069670372048f8e725d23,VirusShare_00499,vbclone,192682,exe,trojan,63.77,2021-11-09T19:38:15+00:00,2019-01-12
0f2159c87584f35b0d7dba184e1b833d,VirusShare_00499,vbclone,192667,exe,trojan,61.76,2021-11-09T19:38:16+00:00,2019-01-12
0f452f5e9e7403b2853d413b39db7c0d,VirusShare_00499,vbclone,192679,exe,trojan,64.71,2021-11-10T20:17:30+00:00,2019-01-12
0f503dbb242b3f2c71dd045e8d873495,VirusShare_00499,vbclone,192644,exe,trojan,81.82,2021-11-18T01:51:21+00:00,2019-01-12
0fb12fd3feebf83661633814395245e3,VirusShare_00499,vbclone,192757,exe,trojan,64.71,2021-11-13T19:44:24+00:00,2019-01-12
0fc0c54e02db4eeb9746fefce0455392,VirusShare_00499,vbclone,192762,exe,trojan,67.65,2021-11-14T17:22:41+00:00,2019-01-12
0fde00d21c9c3ecea8cfc8ed2e8b110c,VirusShare_00499,vbclone,192689,exe,trojan,66.18,2021-11-10T20:00:21+00:00,2019-01-12
0feb6fbfbdee128f426607c09ef7fd6d,VirusShare_00499,vbclone,192658,exe,trojan,67.65,2021-11-10T20:00:33+00:00,2019-01-12
1025a3fc727dc840727ade1b46322554,VirusShare_00499,vbclone,192687,exe,trojan,64.62,2021-11-10T13:24:24+00:00,2019-01-12
1025d9f7be7cab91c8d5bb925c2fcb94,VirusShare_00499,vbclone,192756,exe,trojan,67.16,2021-11-13T15:11:31+00:00,2019-01-12
10478d3da8edc2abbe9bb309e2ef920d,VirusShare_00499,vbclone,196848,exe,trojan,66.18,2021-11-11T19:21:20+00:00,2019-01-12
10614c7c224c438aac38edb699d5c290,VirusShare_00499,vbclone,192716,exe,trojan,63.64,2021-11-10T13:24:31+00:00,2019-01-12
10a09696fab64177ac9cff87bfaf7239,VirusShare_00499,vbclone,196894,exe,trojan,67.65,2021-11-14T12:37:43+00:00,2019-01-12
112349abc59fc7bc77f3022ba6b79818,VirusShare_00499,vbclone,192738,exe,trojan,67.65,2021-11-13T19:44:24+00:00,2019-01-12
11280e2af5f22ef6e266fce9fc6cab65,VirusShare_00499,vbclone,192676,exe,trojan,65.67,2021-11-10T20:17:27+00:00,2019-01-12
1151bfee9516629ef413ba38ca6e2114,VirusShare_00499,vbclone,192769,exe,trojan,64.71,2021-11-13T15:11:29+00:00,2019-01-12
1259a84e559a387e7e4594e226909636,VirusShare_00499,vbclone,192775,exe,trojan,66.18,2021-11-13T16:25:31+00:00,2019-01-12
1272d20ea655634e4801d44fcf580b8a,VirusShare_00499,vbclone,196844,exe,trojan,69.12,2021-11-11T19:21:29+00:00,2019-01-12
1295bc1aac73162f64e24fb20f4cce93,VirusShare_00499,vbclone,192766,exe,trojan,62.69,2021-11-10T15:47:44+00:00,2019-01-12
12aaeb77b66a3005a2577cd466c87206,VirusShare_00499,vbclone,192783,exe,trojan,66.15,2021-11-14T06:15:29+00:00,2019-01-12
12d0cedec669ade9d906f4b65b26baa8,VirusShare_00499,vbclone,192793,exe,trojan,67.16,2021-11-13T16:25:35+00:00,2019-01-12
137f450eddbe8e37168d963b99042819,VirusShare_00499,vbclone,192765,exe,trojan,64.71,2021-11-13T19:44:22+00:00,2019-01-12
13b7eab52a853d1e871ecbdc8926fa97,VirusShare_00499,vbclone,192754,exe,trojan,66.67,2021-11-14T06:15:25+00:00,2019-01-12
13cf7344dc56d8bf34b9095e9b0e58f5,VirusShare_00499,vbclone,192755,exe,trojan,67.65,2021-11-13T13:30:31+00:00,2019-01-12
13d3abd755e1fe32967e90585984eb66,VirusShare_00499,vbclone,192748,exe,trojan,69.12,2021-11-14T20:49:26+00:00,2019-01-12
13d7e3d6e3ebc26e31cc1dcacd30f089,VirusShare_00499,vbclone,192723,exe,trojan,64.71,2021-11-13T15:51:49+00:00,2019-01-12
13ea0f1148c09efa787eeee9796c2c2f,VirusShare_00499,vbclone,196875,exe,trojan,65.67,2021-11-14T12:37:34+00:00,2019-01-12
13f8a1534e879e9c0e027a62c33615c8,VirusShare_00499,vbclone,192791,exe,trojan,67.65,2021-11-13T16:25:23+00:00,2019-01-12
147d9bcc65afe3d20369ac00a506e2b3,VirusShare_00499,vbclone,192678,exe,trojan,64.18,2021-11-10T20:17:36+00:00,2019-01-12
14a0120fdc619715193d24894a66a735,VirusShare_00499,vbclone,192656,exe,trojan,64.71,2021-11-16T18:15:12+00:00,2019-01-12
14e15924dab1d85d10487df02eb66d03,VirusShare_00499,vbclone,192756,exe,trojan,67.65,2021-11-14T20:49:14+00:00,2019-01-12
14ff6895499f517c912e2db139ed541b,VirusShare_00499,vbclone,192769,exe,trojan,66.18,2021-11-13T16:50:01+00:00,2019-01-12
15035e48fae9970011ad9fb178df3f53,VirusShare_00499,vbclone,192725,exe,trojan,64.71,2021-11-08T10:46:29+00:00,2019-01-12
150b827fa436c6c898e2b36be51bf4d2,VirusShare_00499,vbclone,192745,exe,trojan,62.69,2021-11-08T10:46:26+00:00,2019-01-12
1520f467ee5a10cb90227c56fe32c566,VirusShare_00499,vbclone,196863,exe,trojan,65.67,2021-11-14T12:37:30+00:00,2019-01-12
1537039264d2c940428e2955fdcbab0f,VirusShare_00499,vbclone,189178,exe,trojan,68.66,2021-11-12T22:56:12+00:00,2019-01-12
155140665653a6b2d9548e603138d0fc,VirusShare_00499,vbclone,192775,exe,trojan,66.18,2021-11-13T15:11:26+00:00,2019-01-12
158a8838f8539d5c9dee2740cb4b420c,VirusShare_00499,vbclone,192746,exe,trojan,65.67,2021-11-13T11:25:03+00:00,2019-01-12
158ff479dd16da85a20f65604efe79c5,VirusShare_00499,vbclone,192731,exe,trojan,70.15,2021-11-13T11:25:12+00:00,2019-01-12
15e9e467100507eb7a77cf0cd8c54420,VirusShare_00499,vbclone,192735,exe,trojan,67.65,2021-11-13T15:51:41+00:00,2019-01-12
16be41d25970cb314a72f807453378ba,VirusShare_00499,vbclone,189173,exe,trojan,70.59,2021-11-12T22:56:16+00:00,2019-01-12
170be1161d40d0990a3d1c0785d34d2f,VirusShare_00499,vbclone,192718,exe,trojan,66.67,2021-11-10T13:24:27+00:00,2019-01-12
1748f2a1c63aefb839e45aeafb1b1a6f,VirusShare_00499,vbclone,192767,exe,trojan,66.18,2021-11-13T19:44:23+00:00,2019-01-12
17aafd5a4752c25e1409366a76128b7f,VirusShare_00499,vbclone,192774,exe,trojan,66.18,2021-11-13T15:11:39+00:00,2019-01-12
17c9d7bb7a01f4ea890423239bc7e475,VirusShare_00499,vbclone,196758,exe,trojan,66.67,2021-11-10T05:47:54+00:00,2019-01-12
17d0e530c02e69efb8a919f7cee399ef,VirusShare_00499,vbclone,192665,exe,trojan,64.71,2021-11-10T20:17:28+00:00,2019-01-12
17f9dff072ebcfb741f4e160ccf0b476,VirusShare_00499,vbclone,192773,exe,trojan,63.24,2021-11-13T16:25:20+00:00,2019-01-12
18251fba26c6621ecf1bbec1a18f3225,VirusShare_00499,vbclone,192773,exe,trojan,67.16,2021-11-13T16:50:00+00:00,2019-01-12
1833d4c825fd7ba440c03b84ddba95a1,VirusShare_00499,vbclone,192765,exe,trojan,66.18,2021-11-13T16:50:09+00:00,2019-01-12
1861a80de401eedb057ee21bd4d8f2c3,VirusShare_00499,vbclone,192777,exe,trojan,62.9,2021-11-13T16:50:07+00:00,2019-01-12
18f9e7bac055d9290958317a06817b73,VirusShare_00499,vbclone,196889,exe,trojan,67.16,2021-11-14T12:37:34+00:00,2019-01-12
1958e9c1235812326ea59f533c673b09,VirusShare_00499,vbclone,192758,exe,trojan,64.18,2021-11-10T15:47:49+00:00,2019-01-12
19ce060842f2e4ae660d3c3729131b0c,VirusShare_00499,vbclone,192517,exe,trojan,80.6,2021-11-17T07:40:20+00:00,2019-01-12
19cfe9406b15a78ac6a0318b5ed1c12b,VirusShare_00499,vbclone,192783,exe,trojan,66.18,2021-11-13T16:50:09+00:00,2019-01-12
19ff2384cc424ed477de047b1182ce58,VirusShare_00499,vbclone,192783,exe,trojan,65.67,2021-11-14T06:15:37+00:00,2019-01-12
1a13a49c466feeac1c40f96aff731383,VirusShare_00499,vbclone,192720,exe,trojan,66.18,2021-11-13T11:25:07+00:00,2019-01-12
1a4436c2cf0fc2df76f0a36ed7090755,VirusShare_00499,vbclone,192698,exe,trojan,64.71,2021-11-10T20:17:35+00:00,2019-01-12
1a4636c5bd2d94242f0bbc551b4939f4,VirusShare_00499,vbclone,192767,exe,trojan,67.16,2021-11-13T15:11:35+00:00,2019-01-12
1a7be5fa522b591bb8c7e1e1dfd343f5,VirusShare_00499,vbclone,196875,exe,trojan,79.69,2021-11-16T02:05:20+00:00,2019-01-12
1a8d6bb1c1b096db8c7ec67b3f2c467e,VirusShare_00499,vbclone,192768,exe,trojan,66.18,2021-11-13T15:11:35+00:00,2019-01-12
1ab49c606c137de89911a49f6238dd97,VirusShare_00499,vbclone,192653,exe,trojan,62.32,2021-11-09T19:38:23+00:00,2019-01-12
1b48fc054ab8abad5bb8070ce824045c,VirusShare_00499,vbclone,192731,exe,trojan,64.71,2021-11-09T11:52:17+00:00,2019-01-12
1c0ed7b2d3d18cd327a4b0c454eaebce,VirusShare_00499,vbclone,192647,exe,trojan,63.77,2021-11-09T19:38:21+00:00,2019-01-12
1cf93c6fe5516de50c6cf052feb410e1,VirusShare_00499,vbclone,192754,exe,trojan,66.18,2021-11-14T06:15:35+00:00,2019-01-12
1d078e42e576afc77528291f6632292b,VirusShare_00499,vbclone,192711,exe,trojan,63.08,2021-11-10T13:24:23+00:00,2019-01-12
1dfe3f7d206c05a3e0e4937787586720,VirusShare_00499,vbclone,192786,exe,trojan,64.71,2021-11-14T06:15:33+00:00,2019-01-12
1ec509b64c6fec8ba23e2843ab615de8,VirusShare_00499,vbclone,192687,exe,trojan,65.22,2021-11-09T19:38:21+00:00,2019-01-12
1ef993a8a09b5fb6e3b942d3628aa9da,VirusShare_00499,vbclone,192784,exe,trojan,65.67,2021-11-13T16:25:36+00:00,2019-01-12
1f19e4879129d48541c9205ee3aad3e9,VirusShare_00499,vbclone,192754,exe,trojan,67.16,2021-11-13T16:49:49+00:00,2019-01-12
1f3696b3e9ee14651ee92ecd71ff9436,VirusShare_00499,vbclone,192770,exe,trojan,64.71,2021-11-13T16:50:06+00:00,2019-01-12
1fd04495e97e4c15d7bf06b5a9d630b8,VirusShare_00499,vbclone,192755,exe,trojan,65.15,2021-11-13T15:51:49+00:00,2019-01-12
1fdba6279653931e4c3c6127d8913b5b,VirusShare_00499,vbclone,192785,exe,trojan,68.18,2021-11-14T06:15:31+00:00,2019-01-12
201cc15fb421d83acef619736c966d01,VirusShare_00499,vbclone,192753,exe,trojan,67.16,2021-11-13T15:51:51+00:00,2019-01-12
202d7dfa8012171cc30868eb4610cf4c,VirusShare_00499,vbclone,192747,exe,trojan,64.71,2021-11-13T15:51:43+00:00,2019-01-12
2038a63ca8990bc15ec6293dc2bfa974,VirusShare_00499,vbclone,189145,exe,trojan,68.18,2021-11-12T07:01:53+00:00,2019-01-12
2064ba766973489bc1e978832d52f286,VirusShare_00499,vbclone,192769,exe,trojan,62.69,2021-11-13T15:11:31+00:00,2019-01-12
2080bd6eb095168feea949d2fc2475ed,VirusShare_00499,vbclone,192760,exe,trojan,66.67,2021-11-14T06:15:22+00:00,2019-01-12
20a938299aa911af2e89caafbabe5947,VirusShare_00499,vbclone,192730,exe,trojan,64.18,2021-11-09T11:28:32+00:00,2019-01-12
21295353c1555d1d4c62ec8f9aea47b7,VirusShare_00499,vbclone,192665,exe,trojan,66.18,2021-11-14T20:50:53+00:00,2019-01-12
215a916aeb148490764c9a263ff24983,VirusShare_00499,vbclone,192695,exe,trojan,64.71,2021-11-10T20:17:33+00:00,2019-01-12
218d2d437e186afd4c02960a0da2e69b,VirusShare_00499,vbclone,192752,exe,trojan,69.12,2021-11-14T20:49:23+00:00,2019-01-12
21d2c2a1a716c3aafd65f4b41eb25d3b,VirusShare_00499,vbclone,192740,exe,trojan,66.18,2021-11-08T10:46:38+00:00,2019-01-12
21df50d719cf0b550fec146994b20914,VirusShare_00499,vbclone,192747,exe,trojan,67.16,2021-11-13T11:25:14+00:00,2019-01-12
221e9949f47e06058bed19742b39f092,VirusShare_00499,vbclone,192736,exe,trojan,66.18,2021-11-13T19:44:16+00:00,2019-01-12
22632e10dab8d824edba09083d835ffe,VirusShare_00499,vbclone,192793,exe,trojan,64.71,2021-11-13T15:11:34+00:00,2019-01-12
227e532382acf3d317337e5917481af0,VirusShare_00499,vbclone,192769,exe,trojan,64.71,2021-11-10T15:47:57+00:00,2019-01-12
22b20c70e63e39e6d5e0631129fa2225,VirusShare_00499,vbclone,196891,exe,trojan,64.62,2021-11-14T12:37:36+00:00,2019-01-12
22c147d6f602aca957d5d8949bd6c6d0,VirusShare_00499,vbclone,192664,exe,trojan,64.18,2021-11-09T19:38:29+00:00,2019-01-12
22cd16d3dab2fb7a82b95e2746dc3eed,VirusShare_00499,vbclone,192724,exe,trojan,66.18,2021-11-13T15:51:44+00:00,2019-01-12
230aa7537a5e0696d51979963fcfa8e8,VirusShare_00499,vbclone,192759,exe,trojan,66.18,2021-11-13T15:51:39+00:00,2019-01-12
237c63c7a272930075560cb879f778d8,VirusShare_00499,vbclone,189171,exe,trojan,69.7,2021-11-12T22:56:19+00:00,2019-01-12
23922810230ff382f08a4f1f506feed4,VirusShare_00499,vbclone,192762,exe,trojan,67.16,2021-11-14T06:15:30+00:00,2019-01-12
2399015a4f0427eaac63db48faca5060,VirusShare_00499,vbclone,196750,exe,trojan,67.65,2021-11-09T15:37:17+00:00,2019-01-12
23c0e2e14718acad92a0d41020ebf7ac,VirusShare_00499,vbclone,189173,exe,trojan,69.12,2021-11-12T22:56:05+00:00,2019-01-12
23c3e7a4eeb4e01787127aeabbb734bd,VirusShare_00499,vbclone,192754,exe,trojan,65.15,2021-11-13T15:51:52+00:00,2019-01-12
23cc6a69f7b85bca928550653d0bdb50,VirusShare_00499,vbclone,192519,exe,trojan,80.3,2021-11-16T21:36:45+00:00,2019-01-12
23f930c349e7f68d6fa9c0dd8a4e9428,VirusShare_00499,vbclone,192772,exe,trojan,67.65,2021-11-13T13:30:43+00:00,2019-01-12
23f9807edac1100cba826b4acab6fdaf,VirusShare_00499,vbclone,192724,exe,trojan,67.16,2021-11-13T11:25:09+00:00,2019-01-12
23fe4c7cda888cd252b77db2b5f7e0dd,VirusShare_00499,vbclone,192725,exe,trojan,63.24,2021-11-13T15:51:55+00:00,2019-01-12
2403d139841009cb01dc66ffe0d20783,VirusShare_00499,vbclone,192716,exe,trojan,66.15,2021-11-09T11:28:34+00:00,2019-01-12
246b640592704d99920ad80553e39609,VirusShare_00499,vbclone,192759,exe,trojan,67.65,2021-11-13T13:30:40+00:00,2019-01-12
24d0dc57bbded907186e181e52bdddef,VirusShare_00499,vbclone,192791,exe,trojan,66.18,2021-11-13T16:25:30+00:00,2019-01-12
24fbc67016011737efac4a02dd7218c3,VirusShare_00499,vbclone,189125,exe,trojan,70.15,2021-11-12T07:02:01+00:00,2019-01-12
2646fb17f575b727c243b6a0413d4592,VirusShare_00499,vbclone,192781,exe,trojan,66.18,2021-11-13T13:30:39+00:00,2019-01-12
27082c1a13278636bbba7628b99b8278,VirusShare_00499,vbclone,192651,exe,trojan,77.27,2021-11-12T19:34:57+00:00,2019-01-12
274e6b28d8664b827c7750fde74a9a6b,VirusShare_00499,vbclone,192755,exe,trojan,66.18,2021-11-13T19:44:25+00:00,2019-01-12
275054f625b5ffffee869dea6ba1fc11,VirusShare_00499,vbclone,192754,exe,trojan,67.65,2021-11-13T13:30:30+00:00,2019-01-12
275865d2e67316819523d7816c4e288a,VirusShare_00499,vbclone,189166,exe,trojan,69.12,2021-11-12T22:56:23+00:00,2019-01-12
277882234355cc641b5d8eadd18aed12,VirusShare_00499,vbclone,192703,exe,trojan,54.69,2021-11-14T21:30:47+00:00,2019-01-12
27846df0087472685559f3ab6c142745,VirusShare_00499,vbclone,192666,exe,trojan,64.18,2021-11-10T20:17:28+00:00,2019-01-12
27ff1a54644245d87a4d7bdf7517b34e,VirusShare_00499,vbclone,192715,exe,trojan,67.65,2021-11-13T11:25:13+00:00,2019-01-12
282890d3591eb0282c7d7569b55255e6,VirusShare_00499,vbclone,192763,exe,trojan,64.71,2021-11-13T19:44:20+00:00,2019-01-12
283d85102b877041ddeac002faec79c1,VirusShare_00499,vbclone,196882,exe,trojan,67.65,2021-11-14T12:37:45+00:00,2019-01-12
28668de5fc073dfbad4f58b32901bf6f,VirusShare_00499,vbclone,192779,exe,trojan,66.15,2021-11-13T16:49:56+00:00,2019-01-12
293920b6d63a5ac7e6f1f21b752b32bc,VirusShare_00499,vbclone,189165,exe,trojan,66.15,2021-11-12T07:02:11+00:00,2019-01-12
294086c34c1177d94e23b441ec619065,VirusShare_00499,vbclone,192752,exe,trojan,67.16,2021-11-13T15:51:42+00:00,2019-01-12
29a2883194e57f72a46e1616421c4a3f,VirusShare_00499,vbclone,189124,exe,trojan,67.16,2021-11-12T07:01:54+00:00,2019-01-12
29bc041ae69c837b6f68301133d20f74,VirusShare_00499,vbclone,192727,exe,trojan,63.24,2021-11-13T15:51:47+00:00,2019-01-12
29e7c3c2dcc5af65350ddaeadc3def0a,VirusShare_00499,vbclone,192762,exe,trojan,64.71,2021-11-14T20:49:30+00:00,2019-01-12
2a20684b2c0ea84512431f8e946d3954,VirusShare_00499,vbclone,189164,exe,trojan,69.12,2021-11-12T07:01:51+00:00,2019-01-12
2a4d1e9d19b8987ca28be882944d77bf,VirusShare_00499,vbclone,192748,exe,trojan,66.18,2021-11-13T19:44:18+00:00,2019-01-12
2b1ace10c74c101bcd08b8e1c01f8e6e,VirusShare_00499,vbclone,189175,exe,trojan,70.59,2021-11-12T22:56:20+00:00,2019-01-12
2b3ad5c609bb06c29e0e4fe09b1c440f,VirusShare_00499,vbclone,192717,exe,trojan,64.18,2021-11-13T11:25:12+00:00,2019-01-12
2b473e34d6d6ad14e4a65a805a62ae41,VirusShare_00499,vbclone,192771,exe,trojan,66.67,2021-11-14T06:15:25+00:00,2019-01-12
2b4d1e0549fd782efb5c6d35504f23c9,VirusShare_00499,vbclone,192722,exe,trojan,67.65,2021-11-13T19:44:32+00:00,2019-01-12
2b88bbab978f072c988398ec961f2b36,VirusShare_00499,vbclone,196785,exe,trojan,65.22,2021-11-10T05:48:06+00:00,2019-01-12
2baf6eb05f5eda4073abd654bba9814b,VirusShare_00499,vbclone,189123,exe,trojan,68.18,2021-11-12T07:01:55+00:00,2019-01-12
2c0aaec3ac210f77560b76e8143f4b33,VirusShare_00499,vbclone,192744,exe,trojan,63.24,2021-11-10T15:48:03+00:00,2019-01-12
2c34e3f97794815ae339d7424f155ccf,VirusShare_00499,vbclone,192714,exe,trojan,66.67,2021-11-13T11:25:14+00:00,2019-01-12
2c5b6d694a17dbe25eb1bb4026d614b4,VirusShare_00499,vbclone,192743,exe,trojan,66.18,2021-11-13T15:51:41+00:00,2019-01-12
2c5d7d8b9274be9c7e9267b7d544507c,VirusShare_00499,vbclone,192776,exe,trojan,62.69,2021-11-10T15:48:00+00:00,2019-01-12
2c63bc95819a014f22e88891febbfd40,VirusShare_00499,vbclone,192771,exe,trojan,64.71,2021-11-13T16:49:50+00:00,2019-01-12
2cac22983323b03e3cfe9152fe0f5f73,VirusShare_00499,vbclone,192755,exe,trojan,67.69,2021-11-14T06:15:26+00:00,2019-01-12
2d36adc4c5bc385a692a51ffc0f2076d,VirusShare_00499,vbclone,192714,exe,trojan,65.67,2021-11-09T07:35:26+00:00,2019-01-12
2d4c924308c04cbae67908ca858c9442,VirusShare_00499,vbclone,192760,exe,trojan,66.18,2021-11-13T19:44:21+00:00,2019-01-12
2e73ed8053a5abf2251d6ed6c29d1a5e,VirusShare_00499,vbclone,192698,exe,trojan,68.66,2021-11-10T20:17:29+00:00,2019-01-12
2ece14fddf0945f5232525364cf84d1c,VirusShare_00499,vbclone,192762,exe,trojan,66.18,2021-11-13T16:49:56+00:00,2019-01-12
2ef0b8d4eb80fb8a7e38a3a3a53f2a9d,VirusShare_00499,vbclone,192751,exe,trojan,68.18,2021-11-13T16:25:21+00:00,2019-01-12
2f17ba1585ab2965d301de101de1d5f2,VirusShare_00499,vbclone,192773,exe,trojan,66.15,2021-11-13T16:50:00+00:00,2019-01-12
2f3595f42b1c6fb3571300ea765d3ca2,VirusShare_00499,vbclone,192783,exe,trojan,63.24,2021-11-13T13:30:48+00:00,2019-01-12
2faff59aab6d8d486f24b693dbcd6892,VirusShare_00499,vbclone,196784,exe,trojan,65.22,2021-11-10T05:48:07+00:00,2019-01-12
2fb3bd3bba119b745b143ebb049e4bbf,VirusShare_00499,vbclone,192782,exe,trojan,68.66,2021-11-14T06:15:25+00:00,2019-01-12
2febe629dff9d97473950f2fd5baf2a2,VirusShare_00499,vbclone,192754,exe,trojan,68.66,2021-11-13T16:25:21+00:00,2019-01-12
3002106961355842c9873dfb266f8b20,VirusShare_00499,vbclone,196861,exe,trojan,67.65,2021-11-14T12:37:46+00:00,2019-01-12
30bedb0a2f42f78c1f9f3325a680f45e,VirusShare_00499,vbclone,192673,exe,trojan,64.71,2021-11-10T20:17:37+00:00,2019-01-12
30c7e0cb5981c52dda6c37a34eed2f14,VirusShare_00499,vbclone,192747,exe,trojan,68.66,2021-11-13T16:49:58+00:00,2019-01-12
30c9b7e873073895fc0a16e24c3f0cd7,VirusShare_00499,vbclone,189188,exe,trojan,69.12,2021-11-12T22:56:13+00:00,2019-01-12
30d28b1142c752e90c3d4948e6148a32,VirusShare_00499,vbclone,192689,exe,trojan,64.18,2021-11-14T20:50:45+00:00,2019-01-12
30f4889f4ca42f44d2a50d136aa87a4c,VirusShare_00499,vbclone,192792,exe,trojan,66.18,2021-11-13T15:11:32+00:00,2019-01-12
3133dd7930c1adfe48b5c7d976c21d8b,VirusShare_00499,vbclone,192682,exe,trojan,61.76,2021-11-10T20:17:33+00:00,2019-01-12
3176bf180857c93908ff94b8d3f21146,VirusShare_00499,vbclone,192780,exe,trojan,66.67,2021-11-14T06:15:28+00:00,2019-01-12
31dfcc6acf1c98644577fcdfe2080903,VirusShare_00499,vbclone,192684,exe,trojan,66.18,2021-11-10T20:17:40+00:00,2019-01-12
3200fd01879c8cc72d9e97933e0cc738,VirusShare_00499,vbclone,192790,exe,trojan,66.18,2021-11-13T16:50:08+00:00,2019-01-12
32079ebabdb4234eb924e7b722deae36,VirusShare_00499,vbclone,196815,exe,trojan,67.16,2021-11-09T08:59:29+00:00,2019-01-12
32100237f9c07c61280926010d6fa300,VirusShare_00499,vbclone,192724,exe,trojan,66.18,2021-11-13T11:25:07+00:00,2019-01-12
32fa8d6316454a795b6e467197d3e6b4,VirusShare_00499,vbclone,192790,exe,trojan,66.18,2021-11-13T16:25:38+00:00,2019-01-12
33fba1485a8945ea8dcc17f1a41ff6ae,VirusShare_00499,vbclone,192777,exe,trojan,77.61,2021-11-11T20:05:44+00:00,2019-01-12
3466c3ca1cb16a705e43e5e69292a608,VirusShare_00499,vbclone,192780,exe,trojan,66.18,2021-11-13T16:25:20+00:00,2019-01-12
3489e550f694510897da1b714ebe45ea,VirusShare_00499,vbclone,192692,exe,trojan,64.71,2021-11-10T20:00:34+00:00,2019-01-12
3490be23e8b93962d7071cdd171affe4,VirusShare_00499,vbclone,196742,exe,trojan,63.77,2021-11-09T15:37:19+00:00,2019-01-12
34ed9368da8c25d21d6f487f56970395,VirusShare_00499,vbclone,192660,exe,trojan,66.18,2021-11-10T20:00:34+00:00,2019-01-12
34ff0f5e6a2dcbf02e43087795c77ce5,VirusShare_00499,vbclone,192773,exe,trojan,67.16,2021-11-13T16:49:56+00:00,2019-01-12
354372f7d7d4901730d9e5bcf52cceea,VirusShare_00499,vbclone,192710,exe,trojan,67.16,2021-11-13T11:24:58+00:00,2019-01-12
354a2ba78cbdc91900e3d6eeb71f4893,VirusShare_00499,vbclone,192764,exe,trojan,67.16,2021-11-14T20:49:32+00:00,2019-01-12
3568eb2c81026919e65ebd2fe4bda5e2,VirusShare_00499,vbclone,189184,exe,trojan,70.59,2021-11-12T22:56:10+00:00,2019-01-12
35a07624a02d7b868d274d6aef7f2252,VirusShare_00499,vbclone,192768,exe,trojan,67.16,2021-11-13T16:50:00+00:00,2019-01-12
35d76f04ef355b36ee816243a7d0b151,VirusShare_00499,vbclone,192660,exe,trojan,66.18,2021-11-10T20:17:24+00:00,2019-01-12
35f7704bd01ea7501d6f3769eaeb0493,VirusShare_00499,vbclone,192733,exe,trojan,64.71,2021-11-09T11:52:16+00:00,2019-01-12
364d38e83227481d50042c16dae1f65f,VirusShare_00499,vbclone,192728,exe,trojan,66.67,2021-11-09T11:52:06+00:00,2019-01-12
367777dea1b45a95211037e96ae9bf35,VirusShare_00499,vbclone,196862,exe,trojan,69.12,2021-11-14T12:37:40+00:00,2019-01-12
368a791f2f601c42b523fe313afc8f59,VirusShare_00499,vbclone,192742,exe,trojan,67.65,2021-11-13T19:44:26+00:00,2019-01-12
368f1b134c11abd0df4de050f7c7437c,VirusShare_00499,vbclone,192749,exe,trojan,66.18,2021-11-13T15:11:36+00:00,2019-01-12
369d93e9ae8dca507e599d49b7c2dda4,VirusShare_00499,vbclone,192661,exe,trojan,67.65,2021-11-10T20:17:29+00:00,2019-01-12
36a515f39e6b9b9cbe1b4e039cb8aa76,VirusShare_00499,vbclone,192727,exe,trojan,67.65,2021-11-09T07:35:23+00:00,2019-01-12
36e7a78720de654211104593c543444d,VirusShare_00499,vbclone,192789,exe,trojan,66.18,2021-11-13T13:30:41+00:00,2019-01-12
36f47ef7ef4c08ec99589454ea8169d7,VirusShare_00499,vbclone,192759,exe,trojan,68.18,2021-11-13T16:49:58+00:00,2019-01-12
372e03823437be3cd2bcc257965b54a2,VirusShare_00499,vbclone,192757,exe,trojan,67.65,2021-11-13T13:30:38+00:00,2019-01-12
3771124ce8a3aa49d4ca2ecfe132d3db,VirusShare_00499,vbclone,196879,exe,trojan,65.67,2021-11-14T12:37:33+00:00,2019-01-12
378fbebe657c8ee6f3322f81a0e6160f,VirusShare_00499,vbclone,192759,exe,trojan,66.18,2021-11-13T16:25:32+00:00,2019-01-12
37a5572ac0f49c2852dd5aa126c9494d,VirusShare_00499,vbclone,192782,exe,trojan,67.16,2021-11-13T15:11:41+00:00,2019-01-12
37d528cc0c829ac9ba9d50c1c3605a51,VirusShare_00499,vbclone,192751,exe,trojan,64.71,2021-11-13T19:44:16+00:00,2019-01-12
37fe3a4c93b511fdc716df5bd934cba2,VirusShare_00499,vbclone,192748,exe,trojan,67.65,2021-11-14T20:49:14+00:00,2019-01-12
38027212b6b957923ed83d43b75c451b,VirusShare_00499,vbclone,192737,exe,trojan,67.16,2021-11-11T17:17:31+00:00,2019-01-12
382ab93c1205c60ba8d5d0ead0f463b5,VirusShare_00499,vbclone,192693,exe,trojan,64.62,2021-11-10T13:24:26+00:00,2019-01-12
384793ba995edfba12303f48706d13c2,VirusShare_00499,vbclone,192759,exe,trojan,68.18,2021-11-13T16:25:28+00:00,2019-01-12
3863c4e9f6a0f79a67c6c72e3eb0d28e,VirusShare_00499,vbclone,192723,exe,trojan,68.18,2021-11-13T15:51:38+00:00,2019-01-12
38e49829070a0388ab0c8a5e78265024,VirusShare_00499,vbclone,196884,exe,trojan,67.65,2021-11-14T12:37:42+00:00,2019-01-12
3903ca04f8ee6d648ee30dd0a53524de,VirusShare_00499,vbclone,192769,exe,trojan,64.71,2021-11-10T15:47:53+00:00,2019-01-12
397b4f5e99f6501f098b09890eb6f07f,VirusShare_00499,vbclone,192736,exe,trojan,65.15,2021-11-13T15:51:49+00:00,2019-01-12
3ab3dc7a8d0bc2720bffa61f0fbdb37e,VirusShare_00499,vbclone,192741,exe,trojan,64.18,2021-11-13T11:24:59+00:00,2019-01-12
3ae224e882263c95770886730c8c1974,VirusShare_00499,vbclone,192760,exe,trojan,61.76,2021-11-13T19:44:27+00:00,2019-01-12
3b64832c7e3dab384ddc3b5b3f7b979c,VirusShare_00499,vbclone,192687,exe,trojan,73.85,2021-11-10T23:35:41+00:00,2019-01-12
3b6bc7c6ba09f4648c58e8e6c5167bf1,VirusShare_00499,vbclone,192709,exe,trojan,70.15,2021-11-13T11:25:05+00:00,2019-01-12
3b885e06e8a12bd0ce7f04392234dd0e,VirusShare_00499,vbclone,192647,exe,trojan,64.71,2021-11-11T12:11:17+00:00,2019-01-12
3bb679b30159c166d180b41672f24023,VirusShare_00499,vbclone,192688,exe,trojan,65.15,2021-11-10T13:24:25+00:00,2019-01-12
3cdb87889e5f504fcc417e380fa0b666,VirusShare_00499,vbclone,192769,exe,trojan,66.18,2021-11-13T16:49:51+00:00,2019-01-12
3cdd579e5adfb8fecfa9a664ad0a65b8,VirusShare_00499,vbclone,192767,exe,trojan,66.18,2021-11-13T16:50:09+00:00,2019-01-12
3dc403b22dd7b02b2696929037551d91,VirusShare_00499,vbclone,189156,exe,trojan,70.15,2021-11-12T07:02:11+00:00,2019-01-12
3f3a04b4a2e42740052b5a78fe0aa643,VirusShare_00499,vbclone,192768,exe,trojan,67.16,2021-11-13T16:49:52+00:00,2019-01-12
3f535a07a38c0143dfd835803d7c75db,VirusShare_00499,vbclone,192758,exe,trojan,64.18,2021-11-14T20:49:31+00:00,2019-01-12
3f83e2d51315bcc86847919837864271,VirusShare_00499,vbclone,192691,exe,trojan,64.71,2021-11-10T20:17:27+00:00,2019-01-12
3fcdf337bc76c5b7491fdc09b0f3ada0,VirusShare_00499,vbclone,189165,exe,trojan,69.7,2021-11-12T07:02:06+00:00,2019-01-12
3fda84474c5a4f7a09eca14681658623,VirusShare_00499,vbclone,192784,exe,trojan,57.35,2021-11-14T20:49:32+00:00,2019-01-12
3fdd6f6c18876cff683d7204d99dc7ea,VirusShare_00499,vbclone,196857,exe,trojan,66.18,2021-11-11T19:21:22+00:00,2019-01-12
400b4d4c8ba8fb14c58216682a1fec97,VirusShare_00499,vbclone,192737,exe,trojan,67.16,2021-11-13T11:25:03+00:00,2019-01-12
403489d5295e6897adfa308a00af69db,VirusShare_00499,vbclone,192757,exe,trojan,68.18,2021-11-14T06:15:27+00:00,2019-01-12
407b20016f77ca376b1c5330347483b4,VirusShare_00499,vbclone,189190,exe,trojan,68.66,2021-11-12T22:56:06+00:00,2019-01-12
40d7297af99a57efb85ade81762981ff,VirusShare_00499,vbclone,192736,exe,trojan,66.18,2021-11-13T19:44:26+00:00,2019-01-12
40dc3d86bab0cfa1883d60be17be50d6,VirusShare_00499,vbclone,192795,exe,trojan,63.24,2021-11-13T16:25:24+00:00,2019-01-12
40ebe977299d13b136c22e4d02fd2f02,VirusShare_00499,vbclone,196813,exe,trojan,68.66,2021-11-09T08:59:19+00:00,2019-01-12
413f17f0542b04a8b019cb549c4e0173,VirusShare_00499,vbclone,192737,exe,trojan,64.06,2021-11-13T19:44:28+00:00,2019-01-12
41654b250af4d1f369d046c88caabbe6,VirusShare_00499,vbclone,192710,exe,trojan,67.65,2021-11-11T17:17:24+00:00,2019-01-12
4206ae608bb3e3e6f094b613a2980c8a,VirusShare_00499,vbclone,196835,exe,trojan,66.18,2021-11-11T19:21:15+00:00,2019-01-12
427ed1a35fc3851d5897bc3eeff93ee8,VirusShare_00499,vbclone,192699,exe,trojan,69.12,2021-11-09T07:35:37+00:00,2019-01-12
42cf9571ba3498aa25fe828d2c958d20,VirusShare_00499,vbclone,192677,exe,trojan,65.67,2021-11-10T20:00:39+00:00,2019-01-12
43079a6a1573e6848d33b0842e6cf620,VirusShare_00499,vbclone,192743,exe,trojan,70.15,2021-11-11T12:23:07+00:00,2019-01-12
432454fc53da471592cb5bf75fcddef7,VirusShare_00499,vbclone,192729,exe,trojan,66.18,2021-11-11T17:17:32+00:00,2019-01-12
43282bfbf6b5215ba04b3594f02073bf,VirusShare_00499,vbclone,192762,exe,trojan,66.18,2021-11-13T19:44:34+00:00,2019-01-12
440b46e3db52c8c413a3eec69c5d3853,VirusShare_00499,vbclone,196887,exe,trojan,66.18,2021-11-14T12:37:28+00:00,2019-01-12
448ff3cc0b5ffb658ce8bf420c684e6c,VirusShare_00499,vbclone,192770,exe,trojan,66.18,2021-11-13T16:49:51+00:00,2019-01-12
44fe69b024db33440a2de7abda775081,VirusShare_00499,vbclone,192795,exe,trojan,66.18,2021-11-13T15:11:41+00:00,2019-01-12
453b18f41a524229a2296179b2a15fa2,VirusShare_00499,vbclone,192718,exe,trojan,63.24,2021-11-09T11:52:07+00:00,2019-01-12
455a8bb7f68710da80092a729f45b106,VirusShare_00499,vbclone,192695,exe,trojan,66.67,2021-11-09T11:28:22+00:00,2019-01-12
4560ed99bc38702cef57d6b573c7d9be,VirusShare_00499,vbclone,192759,exe,trojan,66.18,2021-11-13T13:30:30+00:00,2019-01-12
459c28d56275d2faa7e7b6345365ac83,VirusShare_00499,vbclone,192771,exe,trojan,66.18,2021-11-10T15:47:58+00:00,2019-01-12
463e9ecb54c1f4701bcf35d1a0d6360b,VirusShare_00499,vbclone,192761,exe,trojan,66.18,2021-11-13T16:50:01+00:00,2019-01-12
46d9ee62365895cb26309d828fb7d03f,VirusShare_00499,vbclone,192778,exe,trojan,66.18,2021-11-14T20:49:23+00:00,2019-01-12
472feb49925f2a91a32f4aa13d282ca1,VirusShare_00499,vbclone,192686,exe,trojan,63.24,2021-11-09T19:38:29+00:00,2019-01-12
476463abc291e47a1265a2b3d047c493,VirusShare_00499,vbclone,192790,exe,trojan,66.18,2021-11-13T16:50:12+00:00,2019-01-12
47ac81f1a0dc8a66e9e80c2b8aa89951,VirusShare_00499,vbclone,192748,exe,trojan,64.71,2021-11-13T19:44:25+00:00,2019-01-12
47ae9a726a6197d224de5441efc31ce1,VirusShare_00499,vbclone,192724,exe,trojan,64.71,2021-11-09T11:28:33+00:00,2019-01-12
4830c7510f7e08a6b6a7ac62ccac303a,VirusShare_00499,vbclone,192753,exe,trojan,66.18,2021-11-13T15:51:43+00:00,2019-01-12
48abed9f5251f3462253d02b785556e4,VirusShare_00499,vbclone,192718,exe,trojan,63.24,2021-11-09T11:28:24+00:00,2019-01-12
48c108a4064a2a1796676f9bf36d45ea,VirusShare_00499,vbclone,192771,exe,trojan,76.12,2021-11-17T11:00:21+00:00,2019-01-12
48ddd1cda5090573082e48beca78c271,VirusShare_00499,vbclone,192747,exe,trojan,66.18,2021-11-13T11:25:13+00:00,2019-01-12
49a4af38dd3bd5fd309fbfa0b3865bc5,VirusShare_00499,vbclone,192767,exe,trojan,67.65,2021-11-13T16:25:39+00:00,2019-01-12
49ac0a21c6165ecd816842f429262971,VirusShare_00499,vbclone,192722,exe,trojan,69.23,2021-11-13T11:25:08+00:00,2019-01-12
49aefe3bb69152ff9064e28c0765de92,VirusShare_00499,vbclone,189193,exe,trojan,67.65,2021-11-12T22:56:18+00:00,2019-01-12
49c512ae98bb46cf9132128f5b8b67ba,VirusShare_00499,vbclone,192754,exe,trojan,68.18,2021-11-13T19:44:29+00:00,2019-01-12
49f72ddb969a3358593bba0bf6a758a9,VirusShare_00499,vbclone,196872,exe,trojan,67.65,2021-11-14T12:37:46+00:00,2019-01-12
4a4e414af382b74a24e312cc09f10cea,VirusShare_00499,vbclone,192776,exe,trojan,63.24,2021-11-13T16:25:23+00:00,2019-01-12
4a702bb95a70da8e38e96675951fff1a,VirusShare_00499,vbclone,192730,exe,trojan,67.16,2021-11-09T11:28:34+00:00,2019-01-12
4aa7b5f8d063a0141da5ca0e6a7f317a,VirusShare_00499,vbclone,192657,exe,trojan,72.06,2021-11-11T14:35:20+00:00,2019-01-12
4acd595b03269d194d1ba2a2cd9c65c6,VirusShare_00499,vbclone,192721,exe,trojan,69.7,2021-11-13T11:25:00+00:00,2019-01-12
4ad9b3fdd682919daf4ed4eaf3ce109c,VirusShare_00499,vbclone,192796,exe,trojan,64.71,2021-11-13T15:11:31+00:00,2019-01-12
4af8ecca4e46f4cba18444e219d0297d,VirusShare_00499,vbclone,192770,exe,trojan,68.66,2021-11-13T16:49:57+00:00,2019-01-12
4b136f6741347964f3915d167e887350,VirusShare_00499,vbclone,196876,exe,trojan,66.18,2021-11-14T12:37:45+00:00,2019-01-12
4bcea9478ad55a3d7e61ec85fe966036,VirusShare_00499,vbclone,192722,exe,trojan,66.18,2021-11-13T15:51:37+00:00,2019-01-12
4d3925227463e9ca8fbf0eabac03e298,VirusShare_00499,vbclone,192731,exe,trojan,64.71,2021-11-09T11:28:31+00:00,2019-01-12
4d40333765662c74a19752e721dbe5f7,VirusShare_00499,vbclone,192781,exe,trojan,63.24,2021-11-13T16:25:34+00:00,2019-01-12
4d79956b284522eef9bf7018066ea493,VirusShare_00499,vbclone,192661,exe,trojan,76.12,2021-11-11T06:34:31+00:00,2019-01-12
4e3cd9d70247d5144081f5b68efbfddd,VirusShare_00499,vbclone,192785,exe,trojan,64.71,2021-11-13T15:11:34+00:00,2019-01-12
4ebb006363febfc08de7086fc1ea58ad,VirusShare_00499,vbclone,189156,exe,trojan,70.59,2021-11-12T22:56:15+00:00,2019-01-12
4efbb9886f1a70cdd9df10e97546947b,VirusShare_00499,vbclone,192686,exe,trojan,73.53,2021-11-11T02:35:11+00:00,2019-01-12
4f02f4a116bb37e0fe3ab5cf22942a71,VirusShare_00499,vbclone,192691,exe,trojan,58.21,2021-11-14T20:50:37+00:00,2019-01-12
4f36d594884d79d5232d07425798f0c3,VirusShare_00499,vbclone,196843,exe,trojan,67.65,2021-11-11T19:21:20+00:00,2019-01-12
4f5549266fad86bfb6c3d06c06137ded,VirusShare_00499,vbclone,192745,exe,trojan,65.15,2021-11-14T06:15:37+00:00,2019-01-12
4f71e1e19436ae67d50b9638012cbe10,VirusShare_00499,vbclone,192746,exe,trojan,68.18,2021-11-13T11:25:00+00:00,2019-01-12
4f7255f513760cdbeea4c4699dd2ade2,VirusShare_00499,vbclone,196798,exe,trojan,65.67,2021-11-09T08:59:22+00:00,2019-01-12
4f8b864aa0b1cae8d615b4c1ddbcf213,VirusShare_00499,vbclone,196761,exe,trojan,65.15,2021-11-10T05:47:43+00:00,2019-01-12
4fb24ab64be87b504a6cbef24bf156ba,VirusShare_00499,vbclone,192694,exe,trojan,64.71,2021-11-10T20:00:41+00:00,2019-01-12
5002f7a958c5423d3f1261d739c46405,VirusShare_00499,vbclone,192766,exe,trojan,66.18,2021-11-13T15:11:27+00:00,2019-01-12
500dd5698ece0a1c46d680366c382b2e,VirusShare_00499,vbclone,192775,exe,trojan,66.18,2021-11-13T16:49:54+00:00,2019-01-12
502a056e63ab32dfe1cc8ad5edf20dbc,VirusShare_00499,vbclone,192733,exe,trojan,64.71,2021-11-09T11:28:25+00:00,2019-01-12
505558b7cf563c6becc9398b6e025b30,VirusShare_00499,vbclone,196862,exe,trojan,69.12,2021-11-14T12:37:39+00:00,2019-01-12
508dbf794a08d9f558a27442f3d7a450,VirusShare_00499,vbclone,192718,exe,trojan,66.18,2021-11-13T15:51:53+00:00,2019-01-12
509cde3dece1a917676bdbb5b866adf4,VirusShare_00499,vbclone,192714,exe,trojan,65.67,2021-11-09T11:52:18+00:00,2019-01-12
50adcd3d99a4cac77a43c499984b4adb,VirusShare_00499,vbclone,192785,exe,trojan,68.18,2021-11-14T06:15:22+00:00,2019-01-12
50f7cdf2ac6ccc7d404563f2918d3726,VirusShare_00499,vbclone,189119,exe,trojan,67.16,2021-11-12T07:01:57+00:00,2019-01-12
51144930d9801a04bf91a0d70a43b321,VirusShare_00499,vbclone,192692,exe,trojan,66.18,2021-11-10T20:17:25+00:00,2019-01-12
512890fc38a4a4dc8eb582fc0a6826f4,VirusShare_00499,vbclone,189196,exe,trojan,67.16,2021-11-12T22:56:20+00:00,2019-01-12
51b9f2a6a13fecc4e19abeaf7cd11b4c,VirusShare_00499,vbclone,192759,exe,trojan,67.65,2021-11-13T13:30:45+00:00,2019-01-12
51d266f7a51f65cfc0b5e1c4fc4b80f6,VirusShare_00499,vbclone,192720,exe,trojan,69.12,2021-11-13T11:25:09+00:00,2019-01-12
524474702ac289571fd6916a46d4308b,VirusShare_00499,vbclone,192775,exe,trojan,68.18,2021-11-14T06:15:23+00:00,2019-01-12
52b16f9283e0352db8ce32483c28046f,VirusShare_00499,vbclone,192691,exe,trojan,64.71,2021-11-10T20:00:24+00:00,2019-01-12
52e07e14ada306f48f4482b0eb06a1ec,VirusShare_00499,vbclone,192745,exe,trojan,64.71,2021-11-13T19:44:23+00:00,2019-01-12
52e8bf7260c69b4388e0a4affb27256c,VirusShare_00499,vbclone,192762,exe,trojan,67.65,2021-11-13T13:30:45+00:00,2019-01-12
53719ff9f5e5e744b468c872d7284d1d,VirusShare_00499,vbclone,192770,exe,trojan,61.19,2021-11-13T15:11:31+00:00,2019-01-12
53abf906bcaeb56394755ac0da4c7c3d,VirusShare_00499,vbclone,192762,exe,trojan,69.12,2021-11-13T16:49:54+00:00,2019-01-12
53bbbdeea7b728e9f9053115c01458d4,VirusShare_00499,vbclone,192788,exe,trojan,67.16,2021-11-13T13:30:38+00:00,2019-01-12
53e77d7db736d449f85ce3069c33d28c,VirusShare_00499,vbclone,192722,exe,trojan,63.08,2021-11-10T13:24:37+00:00,2019-01-12
5420b7510f0698200f37a816331cd529,VirusShare_00499,vbclone,196871,exe,trojan,69.12,2021-11-14T12:37:29+00:00,2019-01-12
542ecdcda81bb84440709f724567537c,VirusShare_00499,vbclone,192731,exe,trojan,65.15,2021-11-10T15:47:49+00:00,2019-01-12
543126ddd822ca139949a83c4732f165,VirusShare_00499,vbclone,196850,exe,trojan,67.65,2021-11-11T19:21:22+00:00,2019-01-12
54688f7b405c86328c2c93984246ae34,VirusShare_00499,vbclone,196803,exe,trojan,67.65,2021-11-09T08:59:28+00:00,2019-01-12
549319ac201ab3a25fbe98ae41f675d3,VirusShare_00499,vbclone,192778,exe,trojan,61.76,2021-11-13T16:25:34+00:00,2019-01-12
5495385c9c01fe17ae137298988c3b60,VirusShare_00499,vbclone,192739,exe,trojan,66.18,2021-11-13T11:25:11+00:00,2019-01-12
54d1696352918012a8ae6f87a18535e4,VirusShare_00499,vbclone,192734,exe,trojan,64.71,2021-11-13T15:51:55+00:00,2019-01-12
54faf75d589847a7e812fb911e1c28a1,VirusShare_00499,vbclone,192725,exe,trojan,66.67,2021-11-13T19:44:29+00:00,2019-01-12
55e97d9c218054f6b19a9fa38e56df6e,VirusShare_00499,vbclone,192738,exe,trojan,66.18,2021-11-13T15:51:48+00:00,2019-01-12
568d6b8508c23f81b299a97afa0fd414,VirusShare_00499,vbclone,192779,exe,trojan,63.24,2021-11-13T16:25:19+00:00,2019-01-12
56aa2daacc050488950a7d40755d6b13,VirusShare_00499,vbclone,192621,exe,trojan,69.12,2021-11-12T16:43:05+00:00,2019-01-12
56b0f132f7dc12a8d9b470d8f3429b9c,VirusShare_00499,vbclone,192606,exe,trojan,71.01,2021-11-09T22:26:36+00:00,2019-01-12
56c65caed6465f9d0ca67719d991866d,VirusShare_00499,vbclone,196842,exe,trojan,67.65,2021-11-11T19:21:28+00:00,2019-01-12
56e852c06a253d555ad72b80da1db2e0,VirusShare_00499,vbclone,196839,exe,trojan,67.65,2021-11-11T19:21:31+00:00,2019-01-12
56fefa26c1b1b4d4a8100a4d44f60e26,VirusShare_00499,vbclone,192788,exe,trojan,64.62,2021-11-13T16:25:33+00:00,2019-01-12
570ad71495425f087548f7d3c0d5833d,VirusShare_00499,vbclone,192690,exe,trojan,64.71,2021-11-10T20:17:29+00:00,2019-01-12
57568933bd96d1bf0d68b3aa623a43ce,VirusShare_00499,vbclone,192737,exe,trojan,61.76,2021-11-08T10:46:30+00:00,2019-01-12
578eb24b749e2545ac463b329e5adcbb,VirusShare_00499,vbclone,192748,exe,trojan,66.18,2021-11-13T11:25:08+00:00,2019-01-12
57969572ec323c22fcca400d38a3047f,VirusShare_00499,vbclone,192742,exe,trojan,68.18,2021-11-14T06:15:27+00:00,2019-01-12
57b5d23fd53152dddfe7fa9456f52771,VirusShare_00499,vbclone,192768,exe,trojan,66.18,2021-11-13T16:25:27+00:00,2019-01-12
57cbc07701abe4d6bae5c63119af5beb,VirusShare_00499,vbclone,192765,exe,trojan,66.18,2021-11-13T19:44:29+00:00,2019-01-12
58573f15522c5ed96e837ebf342d84fd,VirusShare_00499,vbclone,192749,exe,trojan,67.65,2021-11-14T20:49:32+00:00,2019-01-12
58b254d7eb188a04f36835f2141163f7,VirusShare_00499,vbclone,192745,exe,trojan,67.16,2021-11-14T06:15:37+00:00,2019-01-12
58b5f10c154c450b74a4b6426d1cc239,VirusShare_00499,vbclone,192760,exe,trojan,66.18,2021-11-13T15:11:46+00:00,2019-01-12
594349afa6b6672443565cbb4fde1689,VirusShare_00499,vbclone,192747,exe,trojan,64.71,2021-11-14T06:15:36+00:00,2019-01-12
595e7d9552417ed06e691f081d12c801,VirusShare_00499,vbclone,192771,exe,trojan,67.65,2021-11-13T15:11:29+00:00,2019-01-12
596e584dcd24b4615cbb70a59d5d142f,VirusShare_00499,vbclone,192690,exe,trojan,61.76,2021-11-14T20:50:51+00:00,2019-01-12
59b31473d69ada1a9ae4677ededb04a6,VirusShare_00499,vbclone,192760,exe,trojan,66.67,2021-11-14T06:15:21+00:00,2019-01-12
59c63b1890bb5e35b29189dd110820e2,VirusShare_00499,vbclone,192765,exe,trojan,67.65,2021-11-13T16:50:03+00:00,2019-01-12
59dacf162ce02c8fe2afb3a7274788d0,VirusShare_00499,vbclone,192757,exe,trojan,67.16,2021-11-13T15:51:38+00:00,2019-01-12
5a1603fcec9066a55d8c147ba4c9d86c,VirusShare_00499,vbclone,192761,exe,trojan,67.65,2021-11-13T16:25:23+00:00,2019-01-12
5a3e8a9cefdde4d9f59fcd435e44be1e,VirusShare_00499,vbclone,192725,exe,trojan,64.71,2021-11-13T15:51:41+00:00,2019-01-12
5a735cbe7fed62844491a661999ba4ce,VirusShare_00499,vbclone,192693,exe,trojan,66.18,2021-11-10T20:00:25+00:00,2019-01-12
5a98a7c5b630c5b7e7831a525c4f7f40,VirusShare_00499,vbclone,196761,exe,trojan,63.77,2021-11-09T15:36:57+00:00,2019-01-12
5ab2508e4c369354407342b21c813258,VirusShare_00499,vbclone,192764,exe,trojan,66.18,2021-11-13T16:25:26+00:00,2019-01-12
5abef5898cd47b70b1812297b0ec65bd,VirusShare_00499,vbclone,192710,exe,trojan,69.23,2021-11-13T11:25:13+00:00,2019-01-12
5b2ad453fe85787d53dab9c826df4ec3,VirusShare_00499,vbclone,192738,exe,trojan,64.18,2021-11-08T10:46:24+00:00,2019-01-12
5c1a7a3382187473ebd3ad1fafbb3a3f,VirusShare_00499,vbclone,192747,exe,trojan,66.18,2021-11-13T15:51:40+00:00,2019-01-12
5c25b3fc17acb70938359eb51cd5d7b6,VirusShare_00499,vbclone,192754,exe,trojan,64.06,2021-11-13T19:44:28+00:00,2019-01-12
5c517ec19c5eebcc2e123eaa319202ea,VirusShare_00499,vbclone,192753,exe,trojan,68.18,2021-11-14T06:15:34+00:00,2019-01-12
5cae7ebb5dc4461120ecd24e93f336ae,VirusShare_00499,vbclone,192717,exe,trojan,66.18,2021-11-13T15:51:52+00:00,2019-01-12
5ce07ab32f0193452ed1a8aa59f28252,VirusShare_00499,vbclone,196866,exe,trojan,76.47,2021-11-16T01:35:37+00:00,2019-01-12
5d0b2eaf5c5f428bb5348a053d18803a,VirusShare_00499,vbclone,192731,exe,trojan,66.18,2021-11-13T15:51:48+00:00,2019-01-12
5d4101964d467fc34e65e21677f8f31f,VirusShare_00499,vbclone,192734,exe,trojan,64.71,2021-11-09T11:52:09+00:00,2019-01-12
5d582d2790082cb98a74a136a6e086b3,VirusShare_00499,vbclone,192739,exe,trojan,67.65,2021-11-13T19:44:21+00:00,2019-01-12
5daea93803adacb1f56ec2cb2a6e4330,VirusShare_00499,vbclone,192781,exe,trojan,64.71,2021-11-13T13:30:39+00:00,2019-01-12
5deba0b7335d55b8e5234070de144ea2,VirusShare_00499,vbclone,189178,exe,trojan,67.65,2021-11-12T22:56:25+00:00,2019-01-12
5df3bf669f4b93d95004c5308745767e,VirusShare_00499,vbclone,192732,exe,trojan,64.71,2021-11-13T19:44:25+00:00,2019-01-12
5e1096d5dd026cbc2035b1ff7f304d38,VirusShare_00499,vbclone,192780,exe,trojan,66.18,2021-11-13T13:30:46+00:00,2019-01-12
5e1c4d51e094bd5a09818240d898dac1,VirusShare_00499,vbclone,192783,exe,trojan,66.67,2021-11-13T16:25:21+00:00,2019-01-12
5e69772f7c81337266229f6ed1e08a67,VirusShare_00499,vbclone,192726,exe,trojan,66.18,2021-11-13T19:44:19+00:00,2019-01-12
5e6ab69bb391f2f9b3861845baff2d3d,VirusShare_00499,vbclone,192677,exe,trojan,64.71,2021-11-14T20:50:42+00:00,2019-01-12
5e8e945f82834b70d96adb93ce4cb41a,VirusShare_00499,vbclone,189157,exe,trojan,70.59,2021-11-12T22:56:12+00:00,2019-01-12
5eb27713a1d348ccd93a081d13e2a3b5,VirusShare_00499,vbclone,192792,exe,trojan,66.18,2021-11-13T16:50:09+00:00,2019-01-12
5eba75fca2d3909708de709d18ecb801,VirusShare_00499,vbclone,192790,exe,trojan,64.71,2021-11-13T16:25:33+00:00,2019-01-12
5ee6e413d135966cb1dbafb32d016bb4,VirusShare_00499,vbclone,192773,exe,trojan,65.67,2021-11-10T15:47:54+00:00,2019-01-12
5ef1816489d67842988d6419e1ddc891,VirusShare_00499,vbclone,192763,exe,trojan,66.18,2021-11-13T19:44:17+00:00,2019-01-12
5ef6adc3da214e534aa3f381a6d99fb3,VirusShare_00499,vbclone,192738,exe,trojan,65.67,2021-11-13T15:51:45+00:00,2019-01-12
5f089cc862672e1dfade459e5529ab40,VirusShare_00499,vbclone,192778,exe,trojan,64.71,2021-11-13T13:30:31+00:00,2019-01-12
5f30b853b4657dc2b2ac0a36d42421d8,VirusShare_00499,vbclone,192735,exe,trojan,65.67,2021-11-09T11:52:12+00:00,2019-01-12
5f72d2d330e9832cc7ab0a08929fcceb,VirusShare_00499,vbclone,192791,exe,trojan,67.65,2021-11-14T20:49:21+00:00,2019-01-12
5fcc14517612f104ff9084115fdd7fc1,VirusShare_00499,vbclone,192746,exe,trojan,65.67,2021-11-13T11:25:01+00:00,2019-01-12
6004abbdc1545788d139b155fcd4caef,VirusShare_00499,vbclone,192757,exe,trojan,66.15,2021-11-14T06:15:32+00:00,2019-01-12
604167f6ffad399e4a09f32660f4c52b,VirusShare_00499,vbclone,189176,exe,trojan,68.66,2021-11-12T22:56:12+00:00,2019-01-12
606e9af88e65ac56be65b44355c57d8c,VirusShare_00499,vbclone,192788,exe,trojan,67.65,2021-11-13T16:50:02+00:00,2019-01-12
60dfc1b0583ba1da081496db159522cf,VirusShare_00499,vbclone,192695,exe,trojan,66.18,2021-11-10T20:17:34+00:00,2019-01-12
6139ca824623eefc5d0d6540cfa147ae,VirusShare_00499,vbclone,192684,exe,trojan,67.69,2021-11-09T07:35:21+00:00,2019-01-12
614cda298f60a7d15232bfcdfe3c4004,VirusShare_00499,vbclone,192779,exe,trojan,64.71,2021-11-13T13:30:31+00:00,2019-01-12
6159e82f8ef99b8e7a1ea1419af7509d,VirusShare_00499,vbclone,192648,exe,trojan,60.29,2021-11-09T19:38:13+00:00,2019-01-12
617f49661daf09ef13f8587acf4d77b6,VirusShare_00499,vbclone,196839,exe,trojan,67.65,2021-11-11T19:21:24+00:00,2019-01-12
61bc7f49a8052e5691a914c2e190f63a,VirusShare_00499,vbclone,196871,exe,trojan,76.12,2021-11-16T11:36:43+00:00,2019-01-12
61c102fe9ab18839be2c7dcd88c8bc1a,VirusShare_00499,vbclone,192725,exe,trojan,68.66,2021-11-13T07:22:39+00:00,2019-01-12
6262af1f654c1a26e6a79f1d68dbe0a9,VirusShare_00499,vbclone,192692,exe,trojan,73.13,2021-11-10T20:34:39+00:00,2019-01-12
62949715c83768e8d8f9498beefa21f3,VirusShare_00499,vbclone,192716,exe,trojan,66.18,2021-11-13T15:51:45+00:00,2019-01-12
6294b3bdfffa608829ad2f89f0e7c88f,VirusShare_00499,vbclone,192763,exe,trojan,66.18,2021-11-13T19:44:32+00:00,2019-01-12
6326899f4160b7475ecc852a64cd141c,VirusShare_00499,vbclone,192694,exe,trojan,64.71,2021-11-10T20:17:30+00:00,2019-01-12
6387d9fe380533a615042cfdf1faae29,VirusShare_00499,vbclone,192744,exe,trojan,64.71,2021-11-10T15:47:47+00:00,2019-01-12
63acedc9f2c2de1442c33370a4edbc0d,VirusShare_00499,vbclone,192705,exe,trojan,69.84,2021-11-09T10:05:07+00:00,2019-01-12
63c5ba9e657310ed66f75747dc8ee026,VirusShare_00499,vbclone,192736,exe,trojan,65.15,2021-11-10T15:47:48+00:00,2019-01-12
6461779ff5e88add0fa10ba38db1695b,VirusShare_00499,vbclone,192736,exe,trojan,65.67,2021-11-13T11:25:14+00:00,2019-01-12
64814b412f6de8da906faaafbcf90bdb,VirusShare_00499,vbclone,196892,exe,trojan,66.18,2021-11-14T12:37:48+00:00,2019-01-12
648cc993e7a6db6dea69c8e6cefe039c,VirusShare_00499,vbclone,192732,exe,trojan,67.65,2021-11-13T15:51:44+00:00,2019-01-12
64941b1cb462ff00b8a6e286f09895ac,VirusShare_00499,vbclone,192785,exe,trojan,66.67,2021-11-14T06:15:21+00:00,2019-01-12
653c57e6f59b39b8ddd958c9136be1db,VirusShare_00499,vbclone,192769,exe,trojan,66.18,2021-11-13T19:44:16+00:00,2019-01-12
65af5a8eb711de8b747460605e732637,VirusShare_00499,vbclone,192723,exe,trojan,68.18,2021-11-13T11:25:10+00:00,2019-01-12
65e18695b61a51123eb0c769ada109e4,VirusShare_00499,vbclone,192750,exe,trojan,65.15,2021-11-13T15:51:44+00:00,2019-01-12
65fb50c73aaa18a05536753c0f946848,VirusShare_00499,vbclone,192661,exe,trojan,66.18,2021-11-10T20:17:24+00:00,2019-01-12
6602793df73c864c4c58e2828152ff77,VirusShare_00499,vbclone,192753,exe,trojan,66.18,2021-11-13T15:11:40+00:00,2019-01-12
6608b6a19b4c40b2136b2b9451022ff9,VirusShare_00499,vbclone,189138,exe,trojan,67.19,2021-11-12T07:02:09+00:00,2019-01-12
6659fbbf7a4eb7fa304094d887974044,VirusShare_00499,vbclone,189159,exe,trojan,69.12,2021-11-12T22:56:16+00:00,2019-01-12
6682a07f82673d47c5b145f4fa34a9dc,VirusShare_00499,vbclone,189186,exe,trojan,68.66,2021-11-12T22:56:17+00:00,2019-01-12
66b9d8eecb682c2e7f22345949db57b1,VirusShare_00499,vbclone,189131,exe,trojan,68.66,2021-11-12T07:01:51+00:00,2019-01-12
67646f96d7b4db825b10742d096bff20,VirusShare_00499,vbclone,192791,exe,trojan,75.0,2021-11-17T11:34:13+00:00,2019-01-12
678ac292a7970ea498a3f6fb05800688,VirusShare_00499,vbclone,192743,exe,trojan,64.71,2021-11-13T19:44:31+00:00,2019-01-12
67972d98f1da703ecc092e6af04cee24,VirusShare_00499,vbclone,192767,exe,trojan,67.65,2021-11-13T13:30:40+00:00,2019-01-12
6799eb48d5d41d0649fcf8174dd56093,VirusShare_00499,vbclone,192763,exe,trojan,76.47,2021-11-11T23:34:11+00:00,2019-01-12
67b58f1bba33e4a2d81913490150a4cc,VirusShare_00499,vbclone,192786,exe,trojan,64.71,2021-11-13T16:49:56+00:00,2019-01-12
67cb7d0fb031a38b74764269d50cb23f,VirusShare_00499,vbclone,192774,exe,trojan,67.16,2021-11-13T15:11:41+00:00,2019-01-12
67f7f800a51ba44418030f6de62f633c,VirusShare_00499,vbclone,192752,exe,trojan,66.18,2021-11-13T15:51:37+00:00,2019-01-12
68a56b698e6eb5e07e6d5654ba374fe8,VirusShare_00499,vbclone,192769,exe,trojan,65.67,2021-11-13T13:30:34+00:00,2019-01-12
690489c18cfd57431db525abf148c7df,VirusShare_00499,vbclone,192766,exe,trojan,63.64,2021-11-13T19:44:34+00:00,2019-01-12
69b2525f1afe537e2cbca2c0de4cf44a,VirusShare_00499,vbclone,192748,exe,trojan,67.65,2021-11-13T16:25:38+00:00,2019-01-12
69d4abbf3d89388b6b8ac92ad415e397,VirusShare_00499,vbclone,196835,exe,trojan,67.65,2021-11-11T19:21:20+00:00,2019-01-12
69d9b4303bc53ff88d914ac7aaa51fc2,VirusShare_00499,vbclone,192762,exe,trojan,66.18,2021-11-13T19:44:33+00:00,2019-01-12
6a11e82f81a98286fd852d998009ac51,VirusShare_00499,vbclone,192760,exe,trojan,66.18,2021-11-13T16:50:00+00:00,2019-01-12
6a2952f7b05f45764c9fc4f2eab9b8ca,VirusShare_00499,vbclone,192729,exe,trojan,67.16,2021-11-13T11:25:02+00:00,2019-01-12
6a610dc815a30c3d8b6684ccca11d60f,VirusShare_00499,vbclone,189181,exe,trojan,69.12,2021-11-12T22:56:24+00:00,2019-01-12
6a653512b8c49daa0c3ac9e363cbc3e0,VirusShare_00499,vbclone,192779,exe,trojan,67.65,2021-11-13T13:30:44+00:00,2019-01-12
6a8b61ea722caa54694d80f1e514adaf,VirusShare_00499,vbclone,192683,exe,trojan,65.22,2021-11-09T10:05:11+00:00,2019-01-12
6a95def13f049b7c29d58562795922c3,VirusShare_00499,vbclone,192757,exe,trojan,66.18,2021-11-13T19:44:18+00:00,2019-01-12
6ab8f48db441992a9aa2de2604b0e730,VirusShare_00499,vbclone,192683,exe,trojan,77.94,2021-11-11T12:35:01+00:00,2019-01-12
6aff19ec929e0c5cb5247c15bea382f0,VirusShare_00499,vbclone,192700,exe,trojan,67.65,2021-11-11T17:17:29+00:00,2019-01-12
6b039aa557b3cdc1ced316dae680d313,VirusShare_00499,vbclone,192742,exe,trojan,66.67,2021-11-13T11:25:16+00:00,2019-01-12
6b298d2949ed96e0652bb14ebc55f38d,VirusShare_00499,vbclone,192751,exe,trojan,65.67,2021-11-13T13:30:49+00:00,2019-01-12
6b38cb63f22b17822a4272ead4ebff88,VirusShare_00499,vbclone,192753,exe,trojan,67.65,2021-11-14T20:49:20+00:00,2019-01-12
6b586128d1b8dd4018b7a6117e0a8933,VirusShare_00499,vbclone,189137,exe,trojan,71.21,2021-11-12T07:01:55+00:00,2019-01-12
6b780ec439d029a1717af8a6832b47ce,VirusShare_00499,vbclone,192744,exe,trojan,60.32,2021-11-13T11:25:04+00:00,2019-01-12
6ba322dc221f1dcd078051c98f03dbc6,VirusShare_00499,vbclone,192719,exe,trojan,67.65,2021-11-09T10:05:05+00:00,2019-01-12
6bfc18bb9321212e2c1a8763391972d2,VirusShare_00499,vbclone,192677,exe,trojan,62.12,2021-11-09T19:38:10+00:00,2019-01-12
6c437752a72a8593c7e8c055c0a3f18e,VirusShare_00499,vbclone,192756,exe,trojan,66.18,2021-11-13T16:49:50+00:00,2019-01-12
6c87f4f591ab070052bc0c66bbbff03d,VirusShare_00499,vbclone,192695,exe,trojan,64.18,2021-11-10T20:17:28+00:00,2019-01-12
6cb7fcbd50506ddc7b66c9b1bdf056a1,VirusShare_00499,vbclone,192758,exe,trojan,67.16,2021-11-13T16:50:10+00:00,2019-01-12
6cd21c2ec9055b320498db3a1472678f,VirusShare_00499,vbclone,189187,exe,trojan,70.59,2021-11-12T22:56:18+00:00,2019-01-12
6cff956ee64b5fa936972abb2139f661,VirusShare_00499,vbclone,192783,exe,trojan,66.18,2021-11-14T06:15:36+00:00,2019-01-12
6dab5b7d07a640f482d1a39a0144f112,VirusShare_00499,vbclone,192748,exe,trojan,64.71,2021-11-13T19:44:23+00:00,2019-01-12
6dfb434d3508f056adf8c582cdc6988d,VirusShare_00499,vbclone,192719,exe,trojan,67.19,2021-11-13T11:24:58+00:00,2019-01-12
6e6c11b2f8e20378b2de986d72bb94ea,VirusShare_00499,vbclone,192784,exe,trojan,63.64,2021-11-13T16:25:21+00:00,2019-01-12
6e771047bc7caf621c3beefe8855ef32,VirusShare_00499,vbclone,192770,exe,trojan,67.65,2021-11-13T16:25:29+00:00,2019-01-12
6e95a13effbd781509ed6474430a2793,VirusShare_00499,vbclone,196758,exe,trojan,65.22,2021-11-09T15:37:09+00:00,2019-01-12
6eb4514e18d2f45daab57177133002ff,VirusShare_00499,vbclone,192751,exe,trojan,66.18,2021-11-13T15:51:43+00:00,2019-01-12
6ed4f9a0d9fc5449b6f1c97a235c071a,VirusShare_00499,vbclone,196759,exe,trojan,64.62,2021-11-09T15:37:01+00:00,2019-01-12
6ee204cbf4ac44c83ee9c26595478526,VirusShare_00499,vbclone,192729,exe,trojan,64.71,2021-11-13T11:25:07+00:00,2019-01-12
6f0b6f2283b1758d79546705ab0fdc06,VirusShare_00499,vbclone,192707,exe,trojan,64.18,2021-11-14T20:50:39+00:00,2019-01-12
6f4dcd1ebc3400eeb3927ec02e5ac550,VirusShare_00499,vbclone,192657,exe,trojan,72.73,2021-11-11T06:04:54+00:00,2019-01-12
6fb55ed42662ed5672cbab7a61440356,VirusShare_00499,vbclone,192705,exe,trojan,68.18,2021-11-11T12:23:18+00:00,2019-01-12
6fb80b2067e3f5ef2a6a4d512684dcaa,VirusShare_00499,vbclone,192762,exe,trojan,64.71,2021-11-13T19:44:31+00:00,2019-01-12
6fe615f59e1beac0a147d611a6ffc3cd,VirusShare_00499,vbclone,192757,exe,trojan,67.65,2021-11-13T16:49:59+00:00,2019-01-12
6fee6758a190bf35657b3dbfad35017a,VirusShare_00499,vbclone,192750,exe,trojan,69.12,2021-11-13T16:49:53+00:00,2019-01-12
6ff237e57da66331618504e49ff895a4,VirusShare_00499,vbclone,192673,exe,trojan,64.18,2021-11-10T20:17:25+00:00,2019-01-12
6ff53a40465b0c02f56a6726748fd886,VirusShare_00499,vbclone,192629,exe,trojan,69.12,2021-11-12T16:43:07+00:00,2019-01-12
704f6ab006b927d237d42ae85b5adfb4,VirusShare_00499,vbclone,192679,exe,trojan,63.24,2021-11-10T20:17:25+00:00,2019-01-12
707e82f226611ffaef5290f6dd9328e6,VirusShare_00499,vbclone,196873,exe,trojan,67.65,2021-11-14T12:37:27+00:00,2019-01-12
70952a6d1215c7c2630756f4ec78580b,VirusShare_00499,vbclone,192761,exe,trojan,64.71,2021-11-13T15:11:34+00:00,2019-01-12
70c77579321e0e2e1d1f6d73ed1e7584,VirusShare_00499,vbclone,189146,exe,trojan,68.66,2021-11-12T07:01:54+00:00,2019-01-12
710223d0de0b4d6846788df323984f64,VirusShare_00499,vbclone,192732,exe,trojan,65.67,2021-11-13T19:44:33+00:00,2019-01-12
7198f7820246a042c70676fa39db9d11,VirusShare_00499,vbclone,192661,exe,trojan,66.18,2021-11-10T20:00:26+00:00,2019-01-12
71c5fc01a428dfec49cf59361c770d92,VirusShare_00499,vbclone,192789,exe,trojan,65.67,2021-11-13T16:25:37+00:00,2019-01-12
71d0ec3ada5020fa59e16b0d29bca130,VirusShare_00499,vbclone,192729,exe,trojan,66.18,2021-11-13T15:51:39+00:00,2019-01-12
721cce2ce52fa211f5e681c407429a64,VirusShare_00499,vbclone,192685,exe,trojan,65.22,2021-11-09T19:38:11+00:00,2019-01-12
72637fd54e8dd26392e1a13062ec54ae,VirusShare_00499,vbclone,192764,exe,trojan,65.67,2021-11-10T15:47:48+00:00,2019-01-12
7277efb6a6c1778b7a7baf124c7233b5,VirusShare_00499,vbclone,196873,exe,trojan,66.18,2021-11-14T12:37:23+00:00,2019-01-12
72b7f09d1368efd067c424b66e6fda0d,VirusShare_00499,vbclone,192699,exe,trojan,69.12,2021-11-11T17:17:34+00:00,2019-01-12
72d92d7eacb5e92c5e3c62bf2f8ba8ba,VirusShare_00499,vbclone,192779,exe,trojan,66.18,2021-11-13T13:30:47+00:00,2019-01-12
731254ecdb91d5c9ab59a110849d60eb,VirusShare_00499,vbclone,192672,exe,trojan,64.18,2021-11-14T20:50:39+00:00,2019-01-12
736a71a564abc1c32448b0f8d2382f04,VirusShare_00499,vbclone,192713,exe,trojan,69.23,2021-11-13T11:25:14+00:00,2019-01-12
73847595262bc17347dc161f2531db89,VirusShare_00499,vbclone,192782,exe,trojan,66.18,2021-11-13T16:25:38+00:00,2019-01-12
73914f41169c95f2b23b506113e51d0e,VirusShare_00499,vbclone,192755,exe,trojan,66.18,2021-11-13T13:30:34+00:00,2019-01-12
74aa2fb88e0f5e2f5d6426b52ec89330,VirusShare_00499,vbclone,192782,exe,trojan,66.18,2021-11-13T13:30:48+00:00,2019-01-12
74ad5333b7160bbc7010a1c99448bc68,VirusShare_00499,vbclone,196870,exe,trojan,69.12,2021-11-14T12:37:29+00:00,2019-01-12
74e78247bc961baaea639b01a47e1daf,VirusShare_00499,vbclone,192774,exe,trojan,65.67,2021-11-13T16:50:03+00:00,2019-01-12
74f63311515b1e78fd83241c757defee,VirusShare_00499,vbclone,192779,exe,trojan,66.18,2021-11-13T16:25:30+00:00,2019-01-12
7577e71b45a14af24ca00a77b878012a,VirusShare_00499,vbclone,192746,exe,trojan,66.18,2021-11-13T11:25:01+00:00,2019-01-12
75c603787eabd547235436edf83ef242,VirusShare_00499,vbclone,189189,exe,trojan,66.67,2021-11-12T22:58:19+00:00,2019-01-12
75c98e54e46db6741f17b5549279a672,VirusShare_00499,vbclone,192689,exe,trojan,66.18,2021-11-10T20:17:28+00:00,2019-01-12
75ca3598c399473168a46a97973ed8c3,VirusShare_00499,vbclone,192756,exe,trojan,65.15,2021-11-10T15:47:45+00:00,2019-01-12
75ddfc0bf22e6f323e0a000d0c28d649,VirusShare_00499,vbclone,192789,exe,trojan,77.61,2021-11-17T10:23:06+00:00,2019-01-12
763be46e39287491d57b03b3c2a8c6e1,VirusShare_00499,vbclone,192722,exe,trojan,63.77,2021-11-09T10:05:00+00:00,2019-01-12
769eea42fafd0c3db8842b17d5c854ce,VirusShare_00499,vbclone,192747,exe,trojan,67.65,2021-11-13T16:49:57+00:00,2019-01-12
76c8d4ed3894b5edb3987f4fcc060864,VirusShare_00499,vbclone,196887,exe,trojan,67.65,2021-11-14T12:37:30+00:00,2019-01-12
76cec906cdb75a57aef76d71155b8cfa,VirusShare_00499,vbclone,192730,exe,trojan,65.67,2021-11-13T15:51:47+00:00,2019-01-12
76eb0cea3f0d2aefcad263bc5d2d8945,VirusShare_00499,vbclone,192777,exe,trojan,66.67,2021-11-14T06:15:29+00:00,2019-01-12
778adc1ad573ec2e4447589b9aea6587,VirusShare_00499,vbclone,196874,exe,trojan,67.16,2021-11-14T12:37:34+00:00,2019-01-12
77dded4164d410df40d6558206b509e3,VirusShare_00499,vbclone,192796,exe,trojan,66.18,2021-11-13T15:11:28+00:00,2019-01-12
786e87213f918fbe0b63e0819ca675b7,VirusShare_00499,vbclone,192724,exe,trojan,64.71,2021-11-13T19:44:19+00:00,2019-01-12
78c75c7d2c8fd1ce84182f1b4d462d5d,VirusShare_00499,vbclone,192790,exe,trojan,65.22,2021-11-09T07:18:18+00:00,2019-01-12
78ed5ac882d357c2884a32ee815cc19b,VirusShare_00499,vbclone,196772,exe,trojan,63.77,2021-11-10T05:47:55+00:00,2019-01-12
793324d6f929874d0b9bfe54243518f1,VirusShare_00499,vbclone,196738,exe,trojan,66.67,2021-11-09T15:37:19+00:00,2019-01-12
7952ad9061e7b73b478f46c9690d380d,VirusShare_00499,vbclone,192710,exe,trojan,66.67,2021-11-09T10:05:19+00:00,2019-01-12
796ae43e435f1faea91babb72bc32db6,VirusShare_00499,vbclone,192683,exe,trojan,72.73,2021-11-11T11:05:21+00:00,2019-01-12
7a3b799619d3d1da7496ad696de82c41,VirusShare_00499,vbclone,196858,exe,trojan,67.65,2021-11-11T19:21:28+00:00,2019-01-12
7a6ee3a8e863794edd051373490e5cb8,VirusShare_00499,vbclone,196761,exe,trojan,70.59,2021-11-14T17:21:43+00:00,2019-01-12
7aa072b7d8ee0eda37879429060367de,VirusShare_00499,vbclone,192759,exe,trojan,64.62,2021-11-13T13:30:49+00:00,2019-01-12
7ad317e05f1afc3d08a879611cbc0183,VirusShare_00499,vbclone,192748,exe,trojan,66.67,2021-11-14T06:15:29+00:00,2019-01-12
7ae6973d35db3711fe67b6a7a7da9b4d,VirusShare_00499,vbclone,192717,exe,trojan,65.15,2021-11-10T13:24:36+00:00,2019-01-12
7b25ac26a5878e9576737e91a948ac04,VirusShare_00499,vbclone,192781,exe,trojan,64.71,2021-11-13T16:50:00+00:00,2019-01-12
7b9b58227e19131086b8731b979ef327,VirusShare_00499,vbclone,196865,exe,trojan,69.12,2021-11-14T12:37:41+00:00,2019-01-12
7bb5e8b7e3e7680e29e82f4de71fe5a4,VirusShare_00499,vbclone,192726,exe,trojan,67.65,2021-11-13T15:51:52+00:00,2019-01-12
7bc6ded3f92b984d14104b0621a88e1c,VirusShare_00499,vbclone,192725,exe,trojan,68.66,2021-11-11T12:23:10+00:00,2019-01-12
7bdc107037825fecbf6e26f1d1f5a528,VirusShare_00499,vbclone,192760,exe,trojan,67.16,2021-11-13T16:25:39+00:00,2019-01-12
7be326d9f1fe7b035aa3303963cee8d5,VirusShare_00499,vbclone,192725,exe,trojan,66.18,2021-11-13T19:44:26+00:00,2019-01-12
7be64e2bd0c2bcbed8176107365b8884,VirusShare_00499,vbclone,189171,exe,trojan,70.59,2021-11-12T22:56:23+00:00,2019-01-12
7c38fc159218fd8309c9e454e25be53f,VirusShare_00499,vbclone,192749,exe,trojan,69.12,2021-11-13T16:49:52+00:00,2019-01-12
7c3e1375ad1c1724defacbbcf1a37c27,VirusShare_00499,vbclone,192658,exe,trojan,64.71,2021-11-09T19:38:15+00:00,2019-01-12
7c6b9b91a53fa4af96f2d81043312fe6,VirusShare_00499,vbclone,192749,exe,trojan,63.24,2021-11-10T15:47:59+00:00,2019-01-12
7d167f293b6fb9a229cf7c13f7c80c75,VirusShare_00499,vbclone,192732,exe,trojan,68.18,2021-11-13T11:25:10+00:00,2019-01-12
7d35e4e1184600b9d6e46fbb0d9d017b,VirusShare_00499,vbclone,192745,exe,trojan,65.67,2021-11-11T17:17:22+00:00,2019-01-12
7d51db65d0d1bdac10d2c8fab42bebac,VirusShare_00499,vbclone,192743,exe,trojan,67.65,2021-11-11T12:23:21+00:00,2019-01-12
7d62cab08f4f250c05f65f51c7db5b2d,VirusShare_00499,vbclone,192760,exe,trojan,67.16,2021-11-13T19:44:24+00:00,2019-01-12
7d7a261e570d1052fc835d74097622c5,VirusShare_00499,vbclone,192774,exe,trojan,68.18,2021-11-14T06:15:24+00:00,2019-01-12
7db01c86cc81791b23c3cf972ed6e4e2,VirusShare_00499,vbclone,192686,exe,trojan,68.66,2021-11-09T07:35:34+00:00,2019-01-12
7deeaac78d9030d4fa19c5dce71c7b66,VirusShare_00499,vbclone,192745,exe,trojan,64.71,2021-11-10T15:47:57+00:00,2019-01-12
7dfb17fe6ba09560fd8d9c37578995a0,VirusShare_00499,vbclone,189142,exe,trojan,69.7,2021-11-12T07:01:58+00:00,2019-01-12
7e74ff873bc96f3d231c8d2d50bf9caf,VirusShare_00499,vbclone,192735,exe,trojan,68.97,2021-11-13T11:24:58+00:00,2019-01-12
7e9a941cd8bf1c4764cab323f87d459a,VirusShare_00499,vbclone,189193,exe,trojan,68.85,2021-11-12T22:56:15+00:00,2019-01-12
7f0ecf24811ead33c736de75882eb191,VirusShare_00499,vbclone,192662,exe,trojan,60.87,2021-11-09T19:38:14+00:00,2019-01-12
7f86ec6c873485f13e5235802342a077,VirusShare_00499,vbclone,192726,exe,trojan,63.24,2021-11-09T11:52:05+00:00,2019-01-12
7fb77de4dc0e52975de9af9694ec8684,VirusShare_00499,vbclone,196883,exe,trojan,66.18,2021-11-14T12:37:47+00:00,2019-01-12
7ff64bfa342cdc0f26e3be0ae9aeca90,VirusShare_00499,vbclone,192689,exe,trojan,64.71,2021-11-14T20:50:36+00:00,2019-01-12
805444abc5e7f56427a6a52c90f6dbc0,VirusShare_00499,vbclone,192736,exe,trojan,63.77,2021-11-09T11:52:10+00:00,2019-01-12
80c14c351bbcf851a7b3e25248023ab9,VirusShare_00499,vbclone,192784,exe,trojan,66.18,2021-11-13T13:30:33+00:00,2019-01-12
80d213083489ba3c20215e7bf2968a2a,VirusShare_00499,vbclone,192702,exe,trojan,69.12,2021-11-09T07:35:40+00:00,2019-01-12
80dcd893c0b7c9150cb63c5918a649e7,VirusShare_00499,vbclone,192778,exe,trojan,64.71,2021-11-13T15:11:29+00:00,2019-01-12
80ebf94b444b5782c284bb1cf1606752,VirusShare_00499,vbclone,192757,exe,trojan,76.47,2021-11-16T11:04:54+00:00,2019-01-12
80f927a41a49487feddcbe32d61ad474,VirusShare_00499,vbclone,192750,exe,trojan,76.12,2021-11-15T00:38:03+00:00,2019-01-12
8103c46857ee9988a3b5d901901cd1bb,VirusShare_00499,vbclone,192765,exe,trojan,67.65,2021-11-13T16:25:30+00:00,2019-01-12
812f9fbb730054e8cc22429b82eba404,VirusShare_00499,vbclone,192774,exe,trojan,67.16,2021-11-14T06:15:20+00:00,2019-01-12
81359098a4eb5950fae6b097f53447eb,VirusShare_00499,vbclone,192646,exe,trojan,66.67,2021-11-09T19:38:15+00:00,2019-01-12
81d14df7c63411408b782e10269cd2c9,VirusShare_00499,vbclone,192758,exe,trojan,64.06,2021-11-13T19:44:29+00:00,2019-01-12
81ee908a559033422b6d8581fadf932d,VirusShare_00499,vbclone,192774,exe,trojan,67.65,2021-11-13T13:30:39+00:00,2019-01-12
82079fba056f015ad1d3c8b1d970c3cd,VirusShare_00499,vbclone,192755,exe,trojan,64.71,2021-11-13T19:44:22+00:00,2019-01-12
82196f5b715842a1dd2f8e23fbbc014a,VirusShare_00499,vbclone,192697,exe,trojan,67.16,2021-11-10T14:29:04+00:00,2019-01-12
8234651d237e91e093b83dd0dafebbbf,VirusShare_00499,vbclone,189194,exe,trojan,66.67,2021-11-12T22:56:09+00:00,2019-01-12
825bbd90d07cf1aeae2d35e7c5fab140,VirusShare_00499,vbclone,196878,exe,trojan,66.18,2021-11-14T12:37:44+00:00,2019-01-12
826b6346fc49c68198164b869a1388bb,VirusShare_00499,vbclone,189163,exe,trojan,67.16,2021-11-12T22:56:14+00:00,2019-01-12
83aac8044b0b2b3c9f366754c11a0b36,VirusShare_00499,vbclone,192778,exe,trojan,67.16,2021-11-13T13:30:45+00:00,2019-01-12
8433f4e74c21c1ddf93f7a722bd96ba4,VirusShare_00499,vbclone,192696,exe,trojan,63.24,2021-11-10T20:17:34+00:00,2019-01-12
84afa1b317678c24f1e382aa8b8bd7ad,VirusShare_00499,vbclone,192736,exe,trojan,66.18,2021-11-10T15:47:50+00:00,2019-01-12
84ce97483a2522f6beb626b05718f71f,VirusShare_00499,vbclone,189123,exe,trojan,69.23,2021-11-12T07:02:10+00:00,2019-01-12
8505d310368180ae3a489f8f0107864b,VirusShare_00499,vbclone,192685,exe,trojan,63.77,2021-11-09T19:38:18+00:00,2019-01-12
85741f7561e1dea4d4324d540fa5830a,VirusShare_00499,vbclone,192718,exe,trojan,67.65,2021-11-13T11:25:08+00:00,2019-01-12
85b735b595de2638457b14638c0a55d0,VirusShare_00499,vbclone,192788,exe,trojan,67.16,2021-11-13T16:50:00+00:00,2019-01-12
85b768193304f3f6ea8541e8bc3703ba,VirusShare_00499,vbclone,192760,exe,trojan,66.18,2021-11-13T13:30:44+00:00,2019-01-12
85d3663a484e202e551d816fa78d202e,VirusShare_00499,vbclone,192770,exe,trojan,65.67,2021-11-14T06:15:36+00:00,2019-01-12
860fec178fcf1c0d4b0568a8baeb607f,VirusShare_00499,vbclone,192766,exe,trojan,66.18,2021-11-13T16:49:51+00:00,2019-01-12
866de2a0958fd88563e1f4b1430104ae,VirusShare_00499,vbclone,192746,exe,trojan,64.71,2021-11-13T15:51:37+00:00,2019-01-12
869143be73722f9908701734d238ad7c,VirusShare_00499,vbclone,192765,exe,trojan,65.15,2021-11-13T19:44:24+00:00,2019-01-12
86a254de6cdac0afcd3ccf54640f7dc2,VirusShare_00499,vbclone,192749,exe,trojan,65.67,2021-11-14T06:15:32+00:00,2019-01-12
86e0722176ced40fd5df61e36f8d9802,VirusShare_00499,vbclone,192684,exe,trojan,61.76,2021-11-10T20:00:34+00:00,2019-01-12
87466cac58c6d58a53d01e246979b1e6,VirusShare_00499,vbclone,192775,exe,trojan,66.18,2021-11-13T16:50:00+00:00,2019-01-12
87e360206d466f93fe05dc98583ec7a1,VirusShare_00499,vbclone,192721,exe,trojan,68.66,2021-11-13T15:51:48+00:00,2019-01-12
8846dc23f83ae53cda093210beaa6bf4,VirusShare_00499,vbclone,196862,exe,trojan,67.65,2021-11-14T12:37:47+00:00,2019-01-12
887c7c7cd2e9cc7cb879d89ea568a431,VirusShare_00499,vbclone,192752,exe,trojan,65.15,2021-11-13T19:44:32+00:00,2019-01-12
88a6b3e873e52b86cce2757978061a7f,VirusShare_00499,vbclone,192658,exe,trojan,67.65,2021-11-14T20:50:53+00:00,2019-01-12
88ac34855269624bd314fc2c104fe03d,VirusShare_00499,vbclone,192736,exe,trojan,64.71,2021-11-13T15:51:39+00:00,2019-01-12
88b7cc7ad2cabe15f9e5c661a7aa1c1e,VirusShare_00499,vbclone,192769,exe,trojan,60.29,2021-11-13T13:30:31+00:00,2019-01-12
890a3d88ac5a2ae253b8f68802d51878,VirusShare_00499,vbclone,192784,exe,trojan,66.18,2021-11-14T06:15:29+00:00,2019-01-12
890c2eb2658173722e6712a4ae28449c,VirusShare_00499,vbclone,192726,exe,trojan,65.67,2021-11-10T13:24:32+00:00,2019-01-12
89ff5addfdd57fd5808201a24239bed2,VirusShare_00499,vbclone,189189,exe,trojan,68.66,2021-11-12T22:56:12+00:00,2019-01-12
8ad028f721ba80dc34b8de27c7d22e19,VirusShare_00499,vbclone,192755,exe,trojan,64.18,2021-11-10T15:47:50+00:00,2019-01-12
8adc40f11546b12cdecfeb922d209608,VirusShare_00499,vbclone,192741,exe,trojan,64.71,2021-11-11T17:17:33+00:00,2019-01-12
8b2831639d3e4fe86564366a14c2139b,VirusShare_00499,vbclone,192710,exe,trojan,65.67,2021-11-10T13:24:36+00:00,2019-01-12
8b5a0419b17180b8123b401f742b7772,VirusShare_00499,vbclone,192744,exe,trojan,68.66,2021-11-14T06:15:27+00:00,2019-01-12
8b5c9acc8cefa6cf370b0cc1f99c7d36,VirusShare_00499,vbclone,192752,exe,trojan,67.16,2021-11-14T06:15:26+00:00,2019-01-12
8b9ffed9171a7cf7cceb0468ace72be7,VirusShare_00499,vbclone,192790,exe,trojan,64.71,2021-11-09T07:18:13+00:00,2019-01-12
8be9f8ebe7124bb2007b7ab62a30a9da,VirusShare_00499,vbclone,192734,exe,trojan,65.67,2021-11-08T10:46:27+00:00,2019-01-12
8c0bb246896d7a2c749c3c01152495ca,VirusShare_00499,vbclone,192764,exe,trojan,67.16,2021-11-13T16:50:05+00:00,2019-01-12
8c1e7d6d1f05fa057a631bd8faf3c13d,VirusShare_00499,vbclone,192786,exe,trojan,68.18,2021-11-14T06:15:21+00:00,2019-01-12
8c3d5d839fe897281291425d08c1caf3,VirusShare_00499,vbclone,192680,exe,trojan,66.18,2021-11-10T20:00:37+00:00,2019-01-12
8c68bf2dca106b0d01c23fd078345408,VirusShare_00499,vbclone,192751,exe,trojan,62.12,2021-11-08T10:46:40+00:00,2019-01-12
8c6b66e16355d4e5e18ef92a5cb05a16,VirusShare_00499,vbclone,192755,exe,trojan,68.66,2021-11-14T06:15:34+00:00,2019-01-12
8cd5d0066e84a5e64f1643c968d15f4c,VirusShare_00499,vbclone,192718,exe,trojan,66.18,2021-11-13T15:51:54+00:00,2019-01-12
8cd98cf5bf42b05b6108e92f0e11158c,VirusShare_00499,vbclone,192728,exe,trojan,69.23,2021-11-13T11:25:14+00:00,2019-01-12
8d108150c5e625a6faf6f5caae2bd64c,VirusShare_00499,vbclone,196899,exe,trojan,67.65,2021-11-14T12:37:30+00:00,2019-01-12
8d36c2d60080a4390547a8593fb8a1fc,VirusShare_00499,vbclone,192756,exe,trojan,66.67,2021-11-13T15:51:41+00:00,2019-01-12
8d624817027d8972e7289efe0c7eb092,VirusShare_00499,vbclone,196880,exe,trojan,67.65,2021-11-14T12:37:27+00:00,2019-01-12
8d713fedd4efecafea9f54e9ad240cb9,VirusShare_00499,vbclone,192795,exe,trojan,64.71,2021-11-13T16:25:33+00:00,2019-01-12
8dcf6aaca1d408b62a8d364299737493,VirusShare_00499,vbclone,192754,exe,trojan,67.16,2021-11-13T16:50:04+00:00,2019-01-12
8dd4cfb4c20f7d4e2886a0106935264b,VirusShare_00499,vbclone,192761,exe,trojan,67.16,2021-11-13T16:25:28+00:00,2019-01-12
8de59e2fdc99cad43c5882d7216051db,VirusShare_00499,vbclone,192758,exe,trojan,64.18,2021-11-13T15:51:44+00:00,2019-01-12
8deea4a9487b255a531d3924356bdf4f,VirusShare_00499,vbclone,192713,exe,trojan,67.65,2021-11-13T11:25:13+00:00,2019-01-12
8dff50b5aa35f1deebe6648ee031860c,VirusShare_00499,vbclone,192717,exe,trojan,67.69,2021-11-11T12:23:08+00:00,2019-01-12
8e74e8831a1a08f8c0351e67992b5b51,VirusShare_00499,vbclone,192710,exe,trojan,66.18,2021-11-11T17:17:35+00:00,2019-01-12
8e8803d7015e192b21a241d881c30620,VirusShare_00499,vbclone,196781,exe,trojan,56.52,2021-11-10T05:47:50+00:00,2019-01-12
8f76ee9d98e175bfd7446607aa6e4810,VirusShare_00499,vbclone,192685,exe,trojan,66.67,2021-11-09T10:05:17+00:00,2019-01-12
8ff8f810fc3efe3585625ece30d18208,VirusShare_00499,vbclone,192691,exe,trojan,66.18,2021-11-09T11:28:29+00:00,2019-01-12
90367cbc10fdba4ab8208c44d8779e20,VirusShare_00499,vbclone,189170,exe,trojan,63.79,2021-11-12T22:56:23+00:00,2019-01-12
905d8f250be797b17a60a71431014285,VirusShare_00499,vbclone,192790,exe,trojan,65.67,2021-11-13T16:49:55+00:00,2019-01-12
908a7592589e3e778aa2b0e18ad48ec7,VirusShare_00499,vbclone,189161,exe,trojan,68.66,2021-11-12T22:56:15+00:00,2019-01-12
90abc229087882e84c48df6f6d706dcd,VirusShare_00499,vbclone,192761,exe,trojan,67.16,2021-11-13T13:30:32+00:00,2019-01-12
9131ec7b415e5ec3c8f05dff72d23fb4,VirusShare_00499,vbclone,192774,exe,trojan,66.18,2021-11-13T16:49:58+00:00,2019-01-12
917f07727add11e1a0bf5baf29250a64,VirusShare_00499,vbclone,192792,exe,trojan,66.18,2021-11-13T13:30:47+00:00,2019-01-12
918b94fb69560b8cbc34d17aab535a4f,VirusShare_00499,vbclone,192782,exe,trojan,66.18,2021-11-13T16:50:09+00:00,2019-01-12
920346a8935e9b63ab3e3273b5b6ba9e,VirusShare_00499,vbclone,192659,exe,trojan,77.61,2021-11-13T03:09:36+00:00,2019-01-12
922aebadc4e4913ab8397da8056e9da3,VirusShare_00499,vbclone,196788,exe,trojan,67.65,2021-11-09T08:59:15+00:00,2019-01-12
929fb4989a2f8bb21d3acd251cfa7425,VirusShare_00499,vbclone,192746,exe,trojan,63.24,2021-11-13T11:25:12+00:00,2019-01-12
92cc3a7b977adadcb797f0713cfe4524,VirusShare_00499,vbclone,192757,exe,trojan,63.64,2021-11-10T15:47:44+00:00,2019-01-12
92ec4346eb8b38a01ac90599388a52ca,VirusShare_00499,vbclone,196903,exe,trojan,66.18,2021-11-14T12:37:43+00:00,2019-01-12
9317a62ab2eabc4afd70f2b89079cebd,VirusShare_00499,vbclone,196870,exe,trojan,66.67,2021-11-14T12:37:49+00:00,2019-01-12
93359d0b17a07d526f0698b9a77665df,VirusShare_00499,vbclone,192723,exe,trojan,69.23,2021-11-13T11:25:09+00:00,2019-01-12
934f56cedb8cff5df5d361967de86a9a,VirusShare_00499,vbclone,192736,exe,trojan,64.71,2021-11-11T12:23:08+00:00,2019-01-12
9350fac044becea5ede4106d23124991,VirusShare_00499,vbclone,192759,exe,trojan,64.18,2021-11-14T06:15:33+00:00,2019-01-12
938910a619bb5e92c05f333c3684ec5e,VirusShare_00499,vbclone,192663,exe,trojan,66.18,2021-11-10T20:00:41+00:00,2019-01-12
941f4df79481a9e5962bd3637943378b,VirusShare_00499,vbclone,192774,exe,trojan,66.18,2021-11-10T15:47:45+00:00,2019-01-12
944a5c787f95e78eb8d39a5f03927055,VirusShare_00499,vbclone,192793,exe,trojan,64.71,2021-11-13T16:50:04+00:00,2019-01-12
94807fe1497fd70cd6119e4621302ee6,VirusShare_00499,vbclone,192754,exe,trojan,68.66,2021-11-13T16:50:11+00:00,2019-01-12
950725f0f89983da76b6dbea4082a897,VirusShare_00499,vbclone,192753,exe,trojan,63.64,2021-11-08T10:46:22+00:00,2019-01-12
957172fba4d588bccccf7a4324de6fc3,VirusShare_00499,vbclone,192682,exe,trojan,65.15,2021-11-14T20:50:44+00:00,2019-01-12
95e40902945466039617b4c7817e7361,VirusShare_00499,vbclone,192755,exe,trojan,67.65,2021-11-13T16:49:57+00:00,2019-01-12
95ead48897b8de80d129f980f3cafd53,VirusShare_00499,vbclone,192762,exe,trojan,67.16,2021-11-13T13:30:43+00:00,2019-01-12
95f19fcbb7298777c072d4c17b55a176,VirusShare_00499,vbclone,192794,exe,trojan,66.18,2021-11-13T16:25:34+00:00,2019-01-12
95f21fd0d10aba28edfaa880729e8932,VirusShare_00499,vbclone,196873,exe,trojan,67.65,2021-11-14T12:37:22+00:00,2019-01-12
960ca8b01dc91381b221a817ba5a95d3,VirusShare_00499,vbclone,192766,exe,trojan,65.15,2021-11-13T19:44:31+00:00,2019-01-12
96490db6db95063759095c6c045613eb,VirusShare_00499,vbclone,192744,exe,trojan,64.18,2021-11-13T11:25:10+00:00,2019-01-12
965fd384d3854e099d7c265b788ecc11,VirusShare_00499,vbclone,192746,exe,trojan,68.66,2021-11-13T11:24:58+00:00,2019-01-12
9662ea21aa41076953162f3b9b2762b1,VirusShare_00499,vbclone,192792,exe,trojan,66.18,2021-11-13T13:30:42+00:00,2019-01-12
976c769cb0fe20709caed473022bd2b2,VirusShare_00499,vbclone,192795,exe,trojan,64.18,2021-11-13T15:11:39+00:00,2019-01-12
978170334d590c9ef0457b5568dd1230,VirusShare_00499,vbclone,192759,exe,trojan,65.67,2021-11-13T19:44:35+00:00,2019-01-12
97fe1edf95067b0ba5ab08ac74e894d6,VirusShare_00499,vbclone,192788,exe,trojan,64.71,2021-11-13T15:11:27+00:00,2019-01-12
98723605bd0d895997a550bf3713e774,VirusShare_00499,vbclone,192669,exe,trojan,65.15,2021-11-11T12:11:17+00:00,2019-01-12
991acc27101ed58d694fd9b204ad6a23,VirusShare_00499,vbclone,196764,exe,trojan,65.22,2021-11-09T15:37:13+00:00,2019-01-12
995427527fcbdf746d99cd4c15759317,VirusShare_00499,vbclone,192787,exe,trojan,77.94,2021-11-15T13:20:02+00:00,2019-01-12
99e463f223bf64bfb2028604c660b946,VirusShare_00499,vbclone,192752,exe,trojan,66.67,2021-11-14T06:15:21+00:00,2019-01-12
9a136b0a910813e3574df1e4b23fabc9,VirusShare_00499,vbclone,192670,exe,trojan,63.64,2021-11-10T20:17:33+00:00,2019-01-12
9abf83b676f1ec0eabf1e44d545faf1e,VirusShare_00499,vbclone,192686,exe,trojan,63.77,2021-11-09T19:38:17+00:00,2019-01-12
9ac492e0b4bb7308e266044cb9d6fbb9,VirusShare_00499,vbclone,192792,exe,trojan,67.65,2021-11-13T16:25:20+00:00,2019-01-12
9c1ecaafc1789849f6fdcaf95e00b7ee,VirusShare_00499,vbclone,189158,exe,trojan,69.12,2021-11-12T22:56:08+00:00,2019-01-12
9c5f101b4adbce319b9979aa9610cfa8,VirusShare_00499,vbclone,192695,exe,trojan,65.22,2021-11-09T11:28:23+00:00,2019-01-12
9cebbcfa350d9226ee89736c0f0782a0,VirusShare_00499,vbclone,192756,exe,trojan,67.16,2021-11-13T15:51:51+00:00,2019-01-12
9d369ba7c9eb2fe0ad13ea49b91d9a6b,VirusShare_00499,vbclone,192778,exe,trojan,64.71,2021-11-13T16:25:32+00:00,2019-01-12
9d4a6cfa86fcd27d88d43aef0b59d62c,VirusShare_00499,vbclone,196853,exe,trojan,64.71,2021-11-11T19:21:26+00:00,2019-01-12
9d5c0673565916c751f4467b51733aa9,VirusShare_00499,vbclone,192785,exe,trojan,63.64,2021-11-14T06:15:20+00:00,2019-01-12
9d75e7e92ef8208837476ae4e4ba1b3e,VirusShare_00499,vbclone,192795,exe,trojan,64.71,2021-11-13T16:25:33+00:00,2019-01-12
9da2b34343a78b3cf14d5b7c38ba447c,VirusShare_00499,vbclone,192753,exe,trojan,64.71,2021-11-13T15:51:43+00:00,2019-01-12
9e37c48fbe713ba027ecd70ffd25c778,VirusShare_00499,vbclone,192668,exe,trojan,66.18,2021-11-14T20:50:52+00:00,2019-01-12
9e7aece4e3f73ee9ec221bb60551d853,VirusShare_00499,vbclone,192731,exe,trojan,67.65,2021-11-13T19:44:33+00:00,2019-01-12
9e7f538d2bace9df7d4fb0ed8a22521c,VirusShare_00499,vbclone,189179,exe,trojan,68.66,2021-11-12T22:56:09+00:00,2019-01-12
9ee08d10bbd948a60840f4ce47784430,VirusShare_00499,vbclone,192764,exe,trojan,64.18,2021-11-13T19:44:35+00:00,2019-01-12
9ee39b018e876b888e1a8a66802dcf69,VirusShare_00499,vbclone,192767,exe,trojan,64.71,2021-11-13T19:44:22+00:00,2019-01-12
9f0a5863eb04700ddbe9df96ed97a630,VirusShare_00499,vbclone,192783,exe,trojan,67.16,2021-11-14T06:15:28+00:00,2019-01-12
9f15bba723a60d75803c9d0819ccabbe,VirusShare_00499,vbclone,192768,exe,trojan,66.18,2021-11-13T19:44:17+00:00,2019-01-12
9f37c7e04a63f474a182507e203ec239,VirusShare_00499,vbclone,192763,exe,trojan,66.18,2021-11-13T13:30:43+00:00,2019-01-12
9f505bc2afdf2318657fa6c88050b461,VirusShare_00499,vbclone,196851,exe,trojan,67.65,2021-11-11T19:21:28+00:00,2019-01-12
9f7962c76384db6a78d8da44b7fc8ae5,VirusShare_00499,vbclone,192730,exe,trojan,66.18,2021-11-13T19:44:34+00:00,2019-01-12
a1cac1aa6ddfa376952f2c76ed02806c,VirusShare_00499,vbclone,192738,exe,trojan,62.96,2021-11-09T11:52:12+00:00,2019-01-12
a27118455938dbd75a6f4bf251930af3,VirusShare_00499,vbclone,192681,exe,trojan,64.62,2021-11-10T20:17:36+00:00,2019-01-12
a44a8994993f59b26b44af71391ad21b,VirusShare_00499,vbclone,189164,exe,trojan,72.06,2021-11-12T22:56:05+00:00,2019-01-12
a4d942a939990261494849c647bc98b8,VirusShare_00499,vbclone,192764,exe,trojan,65.67,2021-11-14T20:49:28+00:00,2019-01-12
a59802afe7956660053a95ea2b9f8167,VirusShare_00499,vbclone,192668,exe,trojan,73.53,2021-11-11T19:05:47+00:00,2019-01-12
a9738f303e359763882ef5d51e7dbad3,VirusShare_00499,vbclone,192659,exe,trojan,65.67,2021-11-10T20:17:34+00:00,2019-01-12
aa99b9b2132da1e0b4e7e6ca625b5d7f,VirusShare_00499,vbclone,192783,exe,trojan,67.65,2021-11-14T20:49:30+00:00,2019-01-12
ac9fdcd15a04dfbff03590546f50afdd,VirusShare_00499,vbclone,192726,exe,trojan,67.16,2021-11-09T07:35:21+00:00,2019-01-12
aeace34758b1e1fef0a7f9a59f700109,VirusShare_00499,vbclone,192663,exe,trojan,67.16,2021-11-10T20:00:35+00:00,2019-01-12
b40993d508573f2e44c6c808569e29d8,VirusShare_00499,vbclone,192642,exe,trojan,63.77,2021-11-07T23:15:10+00:00,2019-01-12
b441312084059e0e1c4a232d53d04338,VirusShare_00499,vbclone,192718,exe,trojan,77.94,2021-11-14T15:13:06+00:00,2019-01-12
b45df68dcbe497b54467059e375e1cec,VirusShare_00499,vbclone,192618,exe,trojan,66.18,2021-11-10T19:57:05+00:00,2019-01-12
b4a36c35a44c79a69a5cf5e7eb3f0af7,VirusShare_00499,vbclone,192660,exe,trojan,73.53,2021-11-14T04:27:48+00:00,2019-01-12
b4cba049904e5f981f9539205cc3bee9,VirusShare_00499,vbclone,192703,exe,trojan,64.71,2021-11-09T01:01:34+00:00,2019-01-12
b500d7ba8bc0d88ae6c37a7c24ba91b4,VirusShare_00499,vbclone,192728,exe,trojan,66.18,2021-11-09T11:28:22+00:00,2019-01-12
b556798f591fba04770603d1936fad42,VirusShare_00499,vbclone,192767,exe,trojan,67.65,2021-11-13T16:25:33+00:00,2019-01-12
b58ab7abc7f7e4784573ab5b0d8ebc50,VirusShare_00499,vbclone,192698,exe,trojan,66.67,2021-11-09T10:05:05+00:00,2019-01-12
b58dddcdfde96778d8de79f1963f6604,VirusShare_00499,vbclone,192794,exe,trojan,64.18,2021-11-13T15:11:43+00:00,2019-01-12
b5b4ce77e44905bccdc96f17eb54abf8,VirusShare_00499,vbclone,192750,exe,trojan,66.18,2021-11-13T15:11:40+00:00,2019-01-12
b5cde548e0c577ad9bb8f09424b9a767,VirusShare_00499,vbclone,192726,exe,trojan,66.18,2021-11-13T07:22:43+00:00,2019-01-12
b607c9ceeafcdeadce58dcbc9202988a,VirusShare_00499,vbclone,192545,exe,trojan,79.41,2021-11-13T00:11:42+00:00,2019-01-12
b61e43feb2b9040b958d437adc8d3864,VirusShare_00499,vbclone,192656,exe,trojan,67.65,2021-11-10T20:17:35+00:00,2019-01-12
b668e5a4de0c763b788ee5fb7710e622,VirusShare_00499,vbclone,192776,exe,trojan,65.67,2021-11-10T15:47:50+00:00,2019-01-12
b676a7156f0e017da16b1f83201153a5,VirusShare_00499,vbclone,192698,exe,trojan,80.3,2021-11-11T23:16:28+00:00,2019-01-12
b68be0fc63b82ee63e5ecb0f33acf703,VirusShare_00499,vbclone,192726,exe,trojan,67.65,2021-11-13T11:25:14+00:00,2019-01-12
b6946a9beb575d165e627669a6a991ec,VirusShare_00499,vbclone,192720,exe,trojan,77.27,2021-11-16T20:34:38+00:00,2019-01-12
b6a47999d5e1c36c4b1a7393d9eb80e2,VirusShare_00499,vbclone,192663,exe,trojan,65.67,2021-11-11T12:11:16+00:00,2019-01-12
b6bce9600d648ed7e8afb322f9056ce1,VirusShare_00499,vbclone,192755,exe,trojan,67.16,2021-11-12T17:45:48+00:00,2019-01-12
b6c0461ecb45a23210a705e54b355bf5,VirusShare_00499,vbclone,192762,exe,trojan,68.18,2021-11-13T13:30:36+00:00,2019-01-12
b6c3e0dcd343d53f77a8ae2569c8f6a5,VirusShare_00499,vbclone,192744,exe,trojan,68.66,2021-11-12T09:41:14+00:00,2019-01-12
b6d2b34579a2db53a11853f0042e8f77,VirusShare_00499,vbclone,192674,exe,trojan,66.15,2021-11-10T20:17:28+00:00,2019-01-12
b6d846b3f29036672ef2532e26816974,VirusShare_00499,vbclone,192651,exe,trojan,67.65,2021-11-12T16:43:02+00:00,2019-01-12
b6e837a0bbbea740eb20a518f65ac7a4,VirusShare_00499,vbclone,192740,exe,trojan,65.15,2021-11-13T19:44:34+00:00,2019-01-12
b7067c56c4662a9aafc0dca74fb01f6b,VirusShare_00499,vbclone,192709,exe,trojan,63.77,2021-11-09T11:28:23+00:00,2019-01-12
b71469e53bb65b61d052d4bcdc1c3e1b,VirusShare_00499,vbclone,192683,exe,trojan,55.71,2021-11-09T19:38:26+00:00,2019-01-12
b77f890a37191aa20fce28ce4589ef54,VirusShare_00499,vbclone,192624,exe,trojan,66.18,2021-11-11T12:11:06+00:00,2019-01-12
b79d5de5677d09be3b6d825f70524de1,VirusShare_00499,vbclone,196847,exe,trojan,76.12,2021-11-15T12:08:18+00:00,2019-01-12
b79fc904fc9c56a21f752522d2cd756e,VirusShare_00499,vbclone,192762,exe,trojan,66.18,2021-11-14T06:15:32+00:00,2019-01-12
b7cbf4f688a478dbcb7857266eb70d91,VirusShare_00499,vbclone,192781,exe,trojan,65.67,2021-11-14T06:15:32+00:00,2019-01-12
b7e018d53f7115f7c8f53613aec6e77b,VirusShare_00499,vbclone,192791,exe,trojan,67.65,2021-11-13T13:30:31+00:00,2019-01-12
b80560334542d76040344a92814786b3,VirusShare_00499,vbclone,192660,exe,trojan,76.47,2021-11-14T07:38:27+00:00,2019-01-12
b80c3a3cf7b5792787dbf8ece4a1e6a3,VirusShare_00499,vbclone,192692,exe,trojan,74.63,2021-11-13T14:37:10+00:00,2019-01-12
b84abcddd52334f74203500b242d888d,VirusShare_00499,vbclone,192733,exe,trojan,66.18,2021-11-13T15:51:47+00:00,2019-01-12
b85f015f5268191b4695d8fe25c8ea65,VirusShare_00499,vbclone,192662,exe,trojan,66.13,2021-11-12T20:57:02+00:00,2019-01-12
b88ba852537bfd452bc32d653313e22f,VirusShare_00499,vbclone,192794,exe,trojan,64.71,2021-11-09T07:18:43+00:00,2019-01-12
b8b03a82d110e2089fd0d32c64f00d69,VirusShare_00499,vbclone,196902,exe,trojan,67.65,2021-11-14T12:37:27+00:00,2019-01-12
b8cc187623db8133d404adce45c7befe,VirusShare_00499,vbclone,192758,exe,trojan,63.64,2021-11-13T15:51:52+00:00,2019-01-12
b92cf4054bbaa933794e9f50f1e8d36e,VirusShare_00499,vbclone,196861,exe,trojan,74.63,2021-11-15T10:05:26+00:00,2019-01-12
b989cb3acdcc229de6dc159f9a8e852c,VirusShare_00499,vbclone,192725,exe,trojan,73.13,2021-11-13T06:13:37+00:00,2019-01-12
b9df069118db5425f7f4a463889db3f1,VirusShare_00499,vbclone,196849,exe,trojan,77.27,2021-11-15T06:12:30+00:00,2019-01-12
b9e80c94b4e213442d2a1cc654435277,VirusShare_00499,vbclone,196868,exe,trojan,67.65,2021-11-14T12:37:33+00:00,2019-01-12
b9fbe6bef7125ecfd3f2f612e8a305b5,VirusShare_00499,vbclone,192764,exe,trojan,63.64,2021-11-13T19:44:17+00:00,2019-01-12
ba0b00851e170e4c253c247732495b6c,VirusShare_00499,vbclone,192772,exe,trojan,66.18,2021-11-13T16:25:39+00:00,2019-01-12
ba429925556c12ab21567770e3301aba,VirusShare_00499,vbclone,192716,exe,trojan,74.63,2021-11-13T18:36:33+00:00,2019-01-12
ba4450b0fcb2e2374a6c67ff1d3f0251,VirusShare_00499,vbclone,189158,exe,trojan,67.16,2021-11-12T07:02:02+00:00,2019-01-12
ba8677f926c9da2f4ba7112cd7e06717,VirusShare_00499,vbclone,192765,exe,trojan,67.16,2021-11-13T16:25:30+00:00,2019-01-12
badc6fd355d9c3a9444f0079743a40e6,VirusShare_00499,vbclone,192711,exe,trojan,67.16,2021-11-12T23:47:56+00:00,2019-01-12
bb047a72b2d101843de432505cc54fe6,VirusShare_00499,vbclone,192785,exe,trojan,66.18,2021-11-13T15:11:42+00:00,2019-01-12
bb17818019b81021264a74d3d8a68786,VirusShare_00499,vbclone,192694,exe,trojan,73.02,2021-11-13T15:37:18+00:00,2019-01-12
bb2557461c294929ecfc385b5bd9c650,VirusShare_00499,vbclone,192720,exe,trojan,64.71,2021-11-13T15:51:38+00:00,2019-01-12
bb25f34c19c46793d5a62ee0d5c06db7,VirusShare_00499,vbclone,196747,exe,trojan,66.67,2021-11-09T15:37:00+00:00,2019-01-12
bb588e683fbbcc343b40dd71e7fc221b,VirusShare_00499,vbclone,192747,exe,trojan,68.18,2021-11-14T06:15:25+00:00,2019-01-12
bb8d29e9d3106f3cf0c86c6572adcae6,VirusShare_00499,vbclone,192752,exe,trojan,67.65,2021-11-13T16:50:02+00:00,2019-01-12
bbb069a47511318e3f1fbd44841320df,VirusShare_00499,vbclone,192753,exe,trojan,71.64,2021-11-14T16:10:36+00:00,2019-01-12
bbcdbcb6de0ea4c3362f1606bdd1c884,VirusShare_00499,vbclone,192751,exe,trojan,65.67,2021-11-13T16:25:28+00:00,2019-01-12
bc11353074e57bb6129fca462ba79737,VirusShare_00499,vbclone,192697,exe,trojan,63.24,2021-11-10T20:00:31+00:00,2019-01-12
bc200684c5926906ce5237a7f60212e7,VirusShare_00499,vbclone,189136,exe,trojan,70.15,2021-11-12T07:02:03+00:00,2019-01-12
bc8ba03e758609f7bdd5bf0ab1219323,VirusShare_00499,vbclone,196807,exe,trojan,65.67,2021-11-09T08:59:28+00:00,2019-01-12
bc9d014eaa663087269d54ccd4609afe,VirusShare_00499,vbclone,192674,exe,trojan,73.53,2021-11-14T03:10:19+00:00,2019-01-12
bca18c01c9fe05b4174ea26f5cc42803,VirusShare_00499,vbclone,192717,exe,trojan,75.0,2021-11-13T23:06:59+00:00,2019-01-12
bca1beab5221a37ee465ac3cdf7bd22f,VirusShare_00499,vbclone,192755,exe,trojan,66.18,2021-11-13T15:51:48+00:00,2019-01-12
bcf1d847686727e3872bfa58503da946,VirusShare_00499,vbclone,192659,exe,trojan,73.53,2021-11-14T01:40:42+00:00,2019-01-12
bcf1da9d6d8938e98468b6a63da40d12,VirusShare_00499,vbclone,192761,exe,trojan,69.12,2021-11-13T16:50:01+00:00,2019-01-12
bcf2408264f478d8174a8da0cbdc3c30,VirusShare_00499,vbclone,192768,exe,trojan,64.71,2021-11-10T15:48:06+00:00,2019-01-12
bd1874500c45be5bb709e2f119052a35,VirusShare_00499,vbclone,196710,exe,trojan,68.12,2021-11-09T01:10:13+00:00,2019-01-12
bd222f95e6fb1f86e4cc26be07eb00c5,VirusShare_00499,vbclone,192759,exe,trojan,67.65,2021-11-13T13:30:44+00:00,2019-01-12
bd37cb3a6701c4772396e04e1752a38f,VirusShare_00499,vbclone,196865,exe,trojan,68.66,2021-11-12T18:35:07+00:00,2019-01-12
bd3ea9f5c3ac12d18863fcd2370c6168,VirusShare_00499,vbclone,196704,exe,trojan,66.67,2021-11-08T21:48:00+00:00,2019-01-12
bd46a247a8f19d368011e3d97c396d79,VirusShare_00499,vbclone,192704,exe,trojan,76.12,2021-11-13T22:07:54+00:00,2019-01-12
bd4aec355feda9fec7d475860aa6cfe9,VirusShare_00499,vbclone,192763,exe,trojan,67.65,2021-11-13T16:50:02+00:00,2019-01-12
bd634dfca68aa07b276de1d22a6666f9,VirusShare_00499,vbclone,192718,exe,trojan,63.64,2021-11-09T11:52:12+00:00,2019-01-12
bd894bfd382b73b793148e917b1ccfd2,VirusShare_00499,vbclone,192718,exe,trojan,67.16,2021-11-12T18:54:19+00:00,2019-01-12
bd8ad35b12f3046a5b63de63c0d74eef,VirusShare_00499,vbclone,192757,exe,trojan,68.66,2021-11-12T20:02:11+00:00,2019-01-12
bdb66699760ef6e65fb05536ca3692fd,VirusShare_00499,vbclone,192779,exe,trojan,67.16,2021-11-13T16:49:56+00:00,2019-01-12
bdba5b6a47c3b49a5350098dd102b7ff,VirusShare_00499,vbclone,192736,exe,trojan,63.24,2021-11-09T11:52:12+00:00,2019-01-12
bdcd0397f34cbf056c8942330872b2d7,VirusShare_00499,vbclone,192674,exe,trojan,67.65,2021-11-12T18:36:36+00:00,2019-01-12
bdd5f20e8f8232c5bbe8a8930e2a4c67,VirusShare_00499,vbclone,192670,exe,trojan,72.06,2021-11-13T20:36:40+00:00,2019-01-12
bdff7275554f7153ea0c87009339e3d0,VirusShare_00499,vbclone,192750,exe,trojan,69.12,2021-11-12T19:58:06+00:00,2019-01-12
be02bf489fe80c0cf4a7ed0e9057d708,VirusShare_00499,vbclone,192750,exe,trojan,76.12,2021-11-14T17:37:02+00:00,2019-01-12
be04d1dc2bebcd9273997c15edc2d75b,VirusShare_00499,vbclone,192822,exe,trojan,63.24,2021-11-10T20:00:28+00:00,2019-01-12
be4e2706541181f1b261b38bcb175a55,VirusShare_00499,vbclone,192738,exe,trojan,67.16,2021-11-13T11:25:00+00:00,2019-01-12
be757a143c1a82d565a60700bc185ab8,VirusShare_00499,vbclone,189180,exe,trojan,70.59,2021-11-12T22:56:12+00:00,2019-01-12
be8badf5b38bfc8f4822fb754c28e19a,VirusShare_00499,vbclone,192715,exe,trojan,71.64,2021-11-14T15:39:33+00:00,2019-01-12
beaebaef0ecc4f3a144d55f7d5ff3d2c,VirusShare_00499,vbclone,196885,exe,trojan,66.18,2021-11-14T12:37:28+00:00,2019-01-12
bed26692b2589575de436b0198f0916e,VirusShare_00499,vbclone,192688,exe,trojan,64.71,2021-11-10T20:00:31+00:00,2019-01-12
bef7fac4e9ac539cf97f7b3a1e905b94,VirusShare_00499,vbclone,192704,exe,trojan,80.6,2021-11-14T17:36:43+00:00,2019-01-12
bf54cac99b6f39a3dc4349aad5c4f355,VirusShare_00499,vbclone,192658,exe,trojan,67.65,2021-11-12T18:27:07+00:00,2019-01-12
bf62650202b1b689202d960b7425a399,VirusShare_00499,vbclone,192662,exe,trojan,67.65,2021-11-12T18:04:41+00:00,2019-01-12
bf6eadfa5f0eb18b2e4a3e2a3857923f,VirusShare_00499,vbclone,189120,exe,trojan,68.12,2021-11-09T22:52:13+00:00,2019-01-12
bf77cb0729ac25ad9da87ba4f70145f5,VirusShare_00499,vbclone,192763,exe,trojan,67.65,2021-11-14T17:49:23+00:00,2019-01-12
bf7e3dd124427b5aba6117dc2e8c57bd,VirusShare_00499,vbclone,192747,exe,trojan,65.67,2021-11-13T11:24:59+00:00,2019-01-12
bfe3b79c8dfbdfc54aed6e1ddcf78b8f,VirusShare_00499,vbclone,192713,exe,trojan,75.0,2021-11-14T13:37:55+00:00,2019-01-12
c00f2eaf41af1376567130b0ebf02393,VirusShare_00499,vbclone,192791,exe,trojan,67.16,2021-11-10T19:36:25+00:00,2019-01-12
c0464ec2785a8eebbc29efe9b6f670ef,VirusShare_00499,vbclone,192746,exe,trojan,69.12,2021-11-12T20:47:20+00:00,2019-01-12
c05963ae675abe310071e514d4d49733,VirusShare_00499,vbclone,192729,exe,trojan,65.22,2021-11-09T20:27:02+00:00,2019-01-12
c09d71bebfb535ff1356e9cea7901a78,VirusShare_00499,vbclone,192673,exe,trojan,74.24,2021-11-14T05:11:42+00:00,2019-01-12
c0a79de7c9a2e773d7a44eb3b1dc5ba6,VirusShare_00499,vbclone,192768,exe,trojan,67.65,2021-11-13T16:25:27+00:00,2019-01-12
c118da5d58277253125e6eb026b97d7b,VirusShare_00499,vbclone,192718,exe,trojan,64.71,2021-11-09T10:05:12+00:00,2019-01-12
c11f8ff59d0ab2afde1600137443228a,VirusShare_00499,vbclone,192717,exe,trojan,64.18,2021-11-08T10:46:24+00:00,2019-01-12
c1e2665591201d6ff44fca6ac8552e0c,VirusShare_00499,vbclone,192707,exe,trojan,76.12,2021-11-14T17:36:57+00:00,2019-01-12
c209d42cf68976a2fcc21c9a59549df0,VirusShare_00499,vbclone,192680,exe,trojan,66.67,2021-11-10T01:13:16+00:00,2019-01-12
c25a78b57c5100f063472a057514f727,VirusShare_00499,vbclone,192694,exe,trojan,64.71,2021-11-10T20:00:22+00:00,2019-01-12
c2617f3011e8f5eea4934bb81fbdd82f,VirusShare_00499,vbclone,192685,exe,trojan,71.64,2021-11-10T19:05:44+00:00,2019-01-12
c2638bc5f911150b46c31b4ff8f56b88,VirusShare_00499,vbclone,192697,exe,trojan,64.71,2021-11-10T20:17:29+00:00,2019-01-12
c2691741f10a6cd104896fd4561cd5a7,VirusShare_00499,vbclone,192757,exe,trojan,64.71,2021-11-13T16:25:31+00:00,2019-01-12
c271e11a3ddf6d75901cbafca90c4d84,VirusShare_00499,vbclone,189121,exe,trojan,67.69,2021-11-12T07:02:09+00:00,2019-01-12
c2a0da62e4899a44cfe9f19604e2a4a7,VirusShare_00499,vbclone,192656,exe,trojan,75.0,2021-11-14T11:13:09+00:00,2019-01-12
c2dfdbfd92d847f6cb0f57488046fc3d,VirusShare_00499,vbclone,192768,exe,trojan,66.18,2021-11-13T13:30:36+00:00,2019-01-12
c320c3ab858e5055984bacb63caf3bb3,VirusShare_00499,vbclone,189178,exe,trojan,70.59,2021-11-12T22:56:18+00:00,2019-01-12
c3255d23882be42432b4ce59947c1130,VirusShare_00499,vbclone,196862,exe,trojan,74.24,2021-11-15T09:46:40+00:00,2019-01-12
c3315f98494006666c214d612143f565,VirusShare_00499,vbclone,189174,exe,trojan,70.59,2021-11-12T22:56:11+00:00,2019-01-12
c34ee0d917c3dbc4b9b3ae9afa5cccd0,VirusShare_00499,vbclone,192829,exe,trojan,63.24,2021-11-10T17:56:28+00:00,2019-01-12
c35c00218e330c9bdc28a6b58e022692,VirusShare_00499,vbclone,192708,exe,trojan,67.65,2021-11-09T07:35:33+00:00,2019-01-12
c361eb678c1ae64865d1c645668af65e,VirusShare_00499,vbclone,192728,exe,trojan,67.16,2021-11-10T01:36:46+00:00,2019-01-12
c363d2fecd583a4807646acd9d03a5fc,VirusShare_00499,vbclone,192764,exe,trojan,67.65,2021-11-13T13:30:40+00:00,2019-01-12
c37c0a536c7866e6e26ed3d5fc98f176,VirusShare_00499,vbclone,192660,exe,trojan,67.65,2021-11-12T17:44:59+00:00,2019-01-12
c3b416f6ae33f7554d2c5daca2798c85,VirusShare_00499,vbclone,192728,exe,trojan,67.65,2021-11-13T15:51:43+00:00,2019-01-12
c3fbb73fedd4928cf60b6036cdad5ec1,VirusShare_00499,vbclone,192673,exe,trojan,67.65,2021-11-12T20:45:34+00:00,2019-01-12
c41e479158232478674687728b74cfda,VirusShare_00499,vbclone,192743,exe,trojan,66.18,2021-11-13T15:51:51+00:00,2019-01-12
c4588bc80d8a661db5a9ec1b6fbcdb3f,VirusShare_00499,vbclone,192753,exe,trojan,58.82,2021-11-09T22:18:30+00:00,2019-01-12
c46b656909cd3950793e33d6b30f1cda,VirusShare_00499,vbclone,196863,exe,trojan,75.0,2021-11-13T23:36:19+00:00,2019-01-12
c495006d2dcce12e8a5bbd2d5c939234,VirusShare_00499,vbclone,192746,exe,trojan,75.0,2021-11-14T13:37:50+00:00,2019-01-12
c5512578f786a8291bac773d4ac25453,VirusShare_00499,vbclone,192712,exe,trojan,74.63,2021-11-15T10:34:42+00:00,2019-01-12
c55b710c67198cba1ac7a23b9ccf670e,VirusShare_00499,vbclone,192686,exe,trojan,61.76,2021-11-09T19:38:22+00:00,2019-01-12
c574aea20df0e9e7cf7baac021944d16,VirusShare_00499,vbclone,192755,exe,trojan,66.18,2021-11-13T15:51:39+00:00,2019-01-12
c57a482ce8404ebf6361ad6f5f9c7b2c,VirusShare_00499,vbclone,196789,exe,trojan,66.18,2021-11-09T08:59:24+00:00,2019-01-12
c59276f97f9e52af4ba1be4acd39dc7f,VirusShare_00499,vbclone,192674,exe,trojan,73.13,2021-11-14T02:11:58+00:00,2019-01-12
c5bb50881c90c516c4497337d3292abd,VirusShare_00499,vbclone,196764,exe,trojan,75.0,2021-11-13T06:13:34+00:00,2019-01-12
c5d751af843851d9c7ee79edb4a0a8a1,VirusShare_00499,vbclone,196861,exe,trojan,73.13,2021-11-15T16:35:16+00:00,2019-01-12
c615b2bb0e4c8980cdb6c772821451bb,VirusShare_00499,vbclone,192740,exe,trojan,66.15,2021-11-13T11:25:07+00:00,2019-01-12
c61b72639d5a19607a13f1731fb30f64,VirusShare_00499,vbclone,192778,exe,trojan,66.18,2021-11-13T16:50:04+00:00,2019-01-12
c61df3e68c5c8dfae3bcc4f98a12e6f0,VirusShare_00499,vbclone,192823,exe,trojan,64.71,2021-11-10T19:48:35+00:00,2019-01-12
c654a9518a73e9fc05b840fb61b6a469,VirusShare_00499,vbclone,192751,exe,trojan,66.18,2021-11-13T16:49:54+00:00,2019-01-12
c67099e201ada1471854421a6a038ded,VirusShare_00499,vbclone,192717,exe,trojan,76.12,2021-11-14T11:12:50+00:00,2019-01-12
c6793a499e4e2b85037a44556929b3eb,VirusShare_00499,vbclone,192742,exe,trojan,67.65,2021-11-11T12:23:09+00:00,2019-01-12
c6865d257e9f3ace55c5960c46a38c84,VirusShare_00499,vbclone,192661,exe,trojan,72.06,2021-11-14T11:12:52+00:00,2019-01-12
c691dc22671ff6d9af11722e83b6debb,VirusShare_00499,vbclone,196847,exe,trojan,69.12,2021-11-11T19:21:21+00:00,2019-01-12
c6bdcb0949eba7b515c9d3f98223dfb8,VirusShare_00499,vbclone,192736,exe,trojan,65.22,2021-11-13T19:44:30+00:00,2019-01-12
c6c41fd3069dfffddcbc43b89d3c096d,VirusShare_00499,vbclone,192738,exe,trojan,66.18,2021-11-13T19:44:26+00:00,2019-01-12
c71ec2a32384d4cfc59ef38c717112f0,VirusShare_00499,vbclone,192699,exe,trojan,64.71,2021-11-10T20:17:29+00:00,2019-01-12
c797011898767a69d68c7426a10fd325,VirusShare_00499,vbclone,192742,exe,trojan,66.18,2021-11-13T15:51:40+00:00,2019-01-12
c79a8408734d88ad9152ec899b99504a,VirusShare_00499,vbclone,192767,exe,trojan,68.66,2021-11-14T06:15:34+00:00,2019-01-12
c7ea87c135fde750135fc6ecfa12fa45,VirusShare_00499,vbclone,192793,exe,trojan,66.18,2021-11-13T15:11:28+00:00,2019-01-12
c8739cef30652b466f7402ee18f19289,VirusShare_00499,vbclone,192768,exe,trojan,68.18,2021-11-13T15:11:32+00:00,2019-01-12
c8cd6465487d81d62d524d18335927a1,VirusShare_00499,vbclone,196880,exe,trojan,67.65,2021-11-14T12:37:31+00:00,2019-01-12
c8ce0a2e66371bde3f6f349b1c35174d,VirusShare_00499,vbclone,192775,exe,trojan,67.16,2021-11-14T06:15:21+00:00,2019-01-12
c8d5cc9b4ffa00f5f18edff09fdab36b,VirusShare_00499,vbclone,192695,exe,trojan,73.13,2021-11-10T19:05:40+00:00,2019-01-12
c9012890062fd97933d6b3acc448a91f,VirusShare_00499,vbclone,192718,exe,trojan,68.12,2021-11-09T10:05:22+00:00,2019-01-12
c9b6c15a93dc19c289b07c21dca6382a,VirusShare_00499,vbclone,192711,exe,trojan,67.65,2021-11-11T12:23:23+00:00,2019-01-12
c9b86f80cdb9e9b3fa0dd0c116ba7fed,VirusShare_00499,vbclone,192761,exe,trojan,64.18,2021-11-10T15:47:55+00:00,2019-01-12
c9b8a7e960ace6dd0df325ab40758dc0,VirusShare_00499,vbclone,192698,exe,trojan,64.71,2021-11-14T20:50:37+00:00,2019-01-12
c9c71a8293d7934bb4f7b88957c3435a,VirusShare_00499,vbclone,192718,exe,trojan,66.18,2021-11-13T15:51:53+00:00,2019-01-12
ca4fc0ec6f682a6859cff437f149ca2c,VirusShare_00499,vbclone,189188,exe,trojan,69.12,2021-11-12T22:56:23+00:00,2019-01-12
ca85e403510ce8d673b6d4b62c8b8a81,VirusShare_00499,vbclone,192749,exe,trojan,63.24,2021-11-08T10:46:22+00:00,2019-01-12
cae5bf5057cfb6799c417fdd280f7a88,VirusShare_00499,vbclone,192725,exe,trojan,65.67,2021-11-09T07:35:30+00:00,2019-01-12
cae912988f4b56effc97eeef19efb315,VirusShare_00499,vbclone,192664,exe,trojan,73.13,2021-11-12T10:35:08+00:00,2019-01-12
cb0b5d4a698ee86fc78b84af935a37b3,VirusShare_00499,vbclone,192751,exe,trojan,69.12,2021-11-13T16:49:51+00:00,2019-01-12
cb34556b958e5212cb06a041ec4c8da5,VirusShare_00499,vbclone,192765,exe,trojan,66.18,2021-11-13T15:11:45+00:00,2019-01-12
cb4d0396961cb762af782ade38ea297a,VirusShare_00499,vbclone,192750,exe,trojan,64.71,2021-11-13T19:44:17+00:00,2019-01-12
cb75ea38a473d9545371a7c6db4f8975,VirusShare_00499,vbclone,192755,exe,trojan,67.16,2021-11-13T16:50:04+00:00,2019-01-12
cb99f0a27d4ceb5ade3c1cf5ab526ed7,VirusShare_00499,vbclone,192702,exe,trojan,66.18,2021-11-09T11:28:21+00:00,2019-01-12
cbc61e5a972ccf4d7e3b8c13bd6d0c07,VirusShare_00499,vbclone,192747,exe,trojan,67.69,2021-11-13T11:25:14+00:00,2019-01-12
cc6600d45d471858f8e4684578103834,VirusShare_00499,vbclone,192736,exe,trojan,68.66,2021-11-08T10:46:31+00:00,2019-01-12
ccef5f7cb74c1d3465844dbfd426dc79,VirusShare_00499,vbclone,196877,exe,trojan,67.16,2021-11-14T12:37:33+00:00,2019-01-12
cd706466db37159544f50f8874987e59,VirusShare_00499,vbclone,192770,exe,trojan,67.65,2021-11-14T20:49:15+00:00,2019-01-12
cda9e170f1639f569b7dbc14caffc6d9,VirusShare_00499,vbclone,192755,exe,trojan,65.15,2021-11-13T16:25:29+00:00,2019-01-12
cdecf8325fcec88a1f65371bdf1445b3,VirusShare_00499,vbclone,192749,exe,trojan,67.16,2021-11-14T06:15:31+00:00,2019-01-12
ce4cb4e9c9431777448bc59f5a7c7bd3,VirusShare_00499,vbclone,189180,exe,trojan,70.59,2021-11-12T22:56:10+00:00,2019-01-12
ce5017929624393f349081ceaca0dbb5,VirusShare_00499,vbclone,192779,exe,trojan,64.71,2021-11-13T13:30:39+00:00,2019-01-12
ce82fe613db03747c70ccd4ea3beb828,VirusShare_00499,vbclone,192815,exe,trojan,63.24,2021-11-09T07:18:42+00:00,2019-01-12
ceba62a5a2863a83153d342d6b3f5a7a,VirusShare_00499,vbclone,192758,exe,trojan,61.54,2021-11-10T15:48:04+00:00,2019-01-12
ced72d2b060e11ec088e016647d8d33c,VirusShare_00499,vbclone,196876,exe,trojan,66.18,2021-11-14T12:37:40+00:00,2019-01-12
ceee4c7b77e9a6d807c3938f72bb4661,VirusShare_00499,vbclone,192689,exe,trojan,75.0,2021-11-17T16:11:35+00:00,2019-01-12
cf0e9fef06331b30aee0207ddc088b99,VirusShare_00499,vbclone,192789,exe,trojan,64.71,2021-11-13T15:11:31+00:00,2019-01-12
cf4c8a44f431d292bcd109fad403b15b,VirusShare_00499,vbclone,192791,exe,trojan,64.18,2021-11-13T16:25:30+00:00,2019-01-12
cf563042595bb18642689605223c6c59,VirusShare_00499,vbclone,192776,exe,trojan,62.69,2021-11-14T06:15:25+00:00,2019-01-12
cf9451973d1f0530677ccab18d5c9427,VirusShare_00499,vbclone,192753,exe,trojan,67.16,2021-11-14T06:15:28+00:00,2019-01-12
cfc146fb570a9c1cde862d0e64bb3cc9,VirusShare_00499,vbclone,192702,exe,trojan,73.53,2021-11-18T00:41:31+00:00,2019-01-12
cfe6cd335cefe9e047b03f82fd65d590,VirusShare_00499,vbclone,192760,exe,trojan,67.65,2021-11-13T13:30:40+00:00,2019-01-12
cfe70dc8d42ffbcb495cb8280ace55bb,VirusShare_00499,vbclone,192709,exe,trojan,66.18,2021-11-13T11:25:09+00:00,2019-01-12
cfeffe24b96a92bd9eaed3fb3c741b71,VirusShare_00499,vbclone,192753,exe,trojan,64.18,2021-11-10T15:47:54+00:00,2019-01-12
cffe18dc9f0c48a1c0a0f7f787187241,VirusShare_00499,vbclone,192754,exe,trojan,64.71,2021-11-13T19:44:31+00:00,2019-01-12
d034e9e845458f0b8999f4e878fd7ba3,VirusShare_00499,vbclone,192717,exe,trojan,70.15,2021-11-13T11:25:12+00:00,2019-01-12
d07a5a4e4c163988145747557970bce9,VirusShare_00499,vbclone,192791,exe,trojan,65.15,2021-11-13T16:25:28+00:00,2019-01-12
d0939a43e343d5a064625da4f99680a5,VirusShare_00499,vbclone,192729,exe,trojan,67.65,2021-11-13T15:51:47+00:00,2019-01-12
d0c098655b0b6dd61b2d94e21db1e55a,VirusShare_00499,vbclone,192748,exe,trojan,65.15,2021-11-10T15:47:51+00:00,2019-01-12
d1139d4f1a8c71c1c704869274f6db94,VirusShare_00499,vbclone,192691,exe,trojan,61.02,2021-11-09T10:05:05+00:00,2019-01-12
d165ebcdbc08369fc03c51f784ac4001,VirusShare_00499,vbclone,192741,exe,trojan,63.08,2021-11-11T12:23:09+00:00,2019-01-12
d1a1ac050231bb0a64019f65db7c9785,VirusShare_00499,vbclone,192767,exe,trojan,65.67,2021-11-13T19:44:31+00:00,2019-01-12
d1e5240aadc6e44bacf944f5d20fcf90,VirusShare_00499,vbclone,192722,exe,trojan,75.0,2021-11-15T07:16:41+00:00,2019-01-12
d21c4b700c78eac719c98675903f2783,VirusShare_00499,vbclone,192752,exe,trojan,66.18,2021-11-13T15:51:48+00:00,2019-01-12
d262b6ef013b183b0a86cbd6198ec646,VirusShare_00499,vbclone,192719,exe,trojan,67.65,2021-11-10T14:28:57+00:00,2019-01-12
d375f442d99f5a0b9a85e7973832caa7,VirusShare_00499,vbclone,192767,exe,trojan,66.18,2021-11-13T19:44:27+00:00,2019-01-12
d379bb5e7159025ce4a322bb48508e37,VirusShare_00499,vbclone,196817,exe,trojan,64.71,2021-11-09T08:59:21+00:00,2019-01-12
d3977387665e3d958b802adb91d0e743,VirusShare_00499,vbclone,192671,exe,trojan,61.76,2021-11-09T19:38:29+00:00,2019-01-12
d3ad80e639d03fc753555bb266429268,VirusShare_00499,vbclone,192751,exe,trojan,67.65,2021-11-13T16:49:50+00:00,2019-01-12
d3af4767aa9ba847f5b69a669880546a,VirusShare_00499,vbclone,192720,exe,trojan,66.18,2021-11-13T15:51:51+00:00,2019-01-12
d3e3974ca35dbfc2eee2cb41dd756907,VirusShare_00499,vbclone,192700,exe,trojan,73.13,2021-11-10T23:35:34+00:00,2019-01-12
d3ec779f614e99ca02ca3f43424bcdb7,VirusShare_00499,vbclone,192690,exe,trojan,68.66,2021-11-10T20:00:40+00:00,2019-01-12
d3f0b18a042a7a851320194bfe6d851e,VirusShare_00499,vbclone,192766,exe,trojan,66.67,2021-11-10T15:47:46+00:00,2019-01-12
d425d7dc0cc4ff12b5d53971e2efad4d,VirusShare_00499,vbclone,192687,exe,trojan,64.71,2021-11-10T20:17:31+00:00,2019-01-12
d44d60bf9d30c3784c1ce324958e4467,VirusShare_00499,vbclone,192682,exe,trojan,64.71,2021-11-10T20:17:30+00:00,2019-01-12
d4946c01cd954ca8d24d2d48ce301145,VirusShare_00499,vbclone,189182,exe,trojan,70.59,2021-11-12T22:56:18+00:00,2019-01-12
d4be84e90ad891842d95ff4d5d84303b,VirusShare_00499,vbclone,192738,exe,trojan,64.18,2021-11-10T15:48:00+00:00,2019-01-12
d53026b5a401fd5d8a532a5878793d28,VirusShare_00499,vbclone,192764,exe,trojan,66.18,2021-11-13T19:44:35+00:00,2019-01-12
d580487b68ffc6c2153a87cddff1e392,VirusShare_00499,vbclone,196862,exe,trojan,69.12,2021-11-14T12:37:49+00:00,2019-01-12
d587c539e87e0038a9e520b647430874,VirusShare_00499,vbclone,192757,exe,trojan,64.71,2021-11-08T10:46:31+00:00,2019-01-12
d5b4bf0c6efedd5bd13e9c7b20531876,VirusShare_00499,vbclone,192756,exe,trojan,68.18,2021-11-14T06:15:24+00:00,2019-01-12
d5ff5a9145795b55bf6f5c543db29e3e,VirusShare_00499,vbclone,192764,exe,trojan,64.71,2021-11-13T15:11:43+00:00,2019-01-12
d61fdbd003ec453e9ffd554f5356ad82,VirusShare_00499,vbclone,196823,exe,trojan,72.06,2021-11-13T10:38:55+00:00,2019-01-12
d623d7eb96aa866e75348898c89cb9a6,VirusShare_00499,vbclone,192764,exe,trojan,67.65,2021-11-13T16:25:24+00:00,2019-01-12
d653b2fb39658065538656ba1d215c67,VirusShare_00499,vbclone,192704,exe,trojan,69.12,2021-11-09T10:05:04+00:00,2019-01-12
d6d9d1b0b0046d6b56bd3ec9d24cb7f1,VirusShare_00499,vbclone,192782,exe,trojan,65.67,2021-11-14T06:15:36+00:00,2019-01-12
d75152b00dd02ff3b97719d3cc3dbf0c,VirusShare_00499,vbclone,192658,exe,trojan,70.59,2021-11-10T19:05:43+00:00,2019-01-12
d763f6a0c83c0c3141c8a9336d470618,VirusShare_00499,vbclone,192761,exe,trojan,65.15,2021-11-13T19:44:24+00:00,2019-01-12
d7cc6a99bd8385e272919d5b30ecb0a3,VirusShare_00499,vbclone,196822,exe,trojan,76.47,2021-11-13T03:40:04+00:00,2019-01-12
d7ddae86a1bd42381ffb80e479cdf0c4,VirusShare_00499,vbclone,196821,exe,trojan,66.67,2021-11-09T08:59:21+00:00,2019-01-12
d7fcbd9abc886056413eaa51ebfcb7d7,VirusShare_00499,vbclone,189158,exe,trojan,70.15,2021-11-12T07:02:03+00:00,2019-01-12
d8063f6463a746a3dad0f4de5132e829,VirusShare_00499,vbclone,189194,exe,trojan,67.65,2021-11-12T22:56:17+00:00,2019-01-12
d837d3dff7fc597df1ad0bca2213fbde,VirusShare_00499,vbclone,192698,exe,trojan,66.18,2021-11-10T20:00:41+00:00,2019-01-12
d8584ee3d1ae006a02779d5bbee262f1,VirusShare_00499,vbclone,192763,exe,trojan,66.18,2021-11-13T16:50:12+00:00,2019-01-12
d872c32f7378ec59dc24a54b84adef10,VirusShare_00499,vbclone,192759,exe,trojan,67.19,2021-11-14T06:15:22+00:00,2019-01-12
d891594af061a95d95fced3bf85236bf,VirusShare_00499,vbclone,192734,exe,trojan,63.24,2021-11-09T11:52:06+00:00,2019-01-12
d8aceeca200ad5e29a88182e8a8fd1ae,VirusShare_00499,vbclone,192791,exe,trojan,66.15,2021-11-13T16:49:53+00:00,2019-01-12
d917ae2a2d8d1bb09b554463293ab304,VirusShare_00499,vbclone,189171,exe,trojan,70.15,2021-11-12T22:56:19+00:00,2019-01-12
d93442a376c5af716d9291d951eee688,VirusShare_00499,vbclone,192734,exe,trojan,65.15,2021-11-11T17:17:18+00:00,2019-01-12
d9654013e3dd3bf2d5ddc5281f227dbd,VirusShare_00499,vbclone,192661,exe,trojan,77.94,2021-11-11T05:34:48+00:00,2019-01-12
d99a6f65ee24b0530bd4bfbfb1408047,VirusShare_00499,vbclone,192712,exe,trojan,67.16,2021-11-13T11:25:05+00:00,2019-01-12
da5aa4f0b914baa6655e8a26afad484f,VirusShare_00499,vbclone,192769,exe,trojan,65.67,2021-11-13T16:50:07+00:00,2019-01-12
da60453e2af8cda2d934ca887e8177ef,VirusShare_00499,vbclone,192794,exe,trojan,75.0,2021-11-14T21:37:26+00:00,2019-01-12
dabe8559c9b8ca4359ded97a8bbe7bde,VirusShare_00499,vbclone,192764,exe,trojan,66.18,2021-11-14T06:15:37+00:00,2019-01-12
db19393c93bffdbd1ea0fc0247ba99fc,VirusShare_00499,vbclone,192749,exe,trojan,68.66,2021-11-13T16:25:35+00:00,2019-01-12
dbe88faf6f5b1992d5532f55008835a6,VirusShare_00499,vbclone,192683,exe,trojan,63.24,2021-11-10T20:00:38+00:00,2019-01-12
dc0c02636c067410dd013d5576ae41d7,VirusShare_00499,vbclone,192764,exe,trojan,70.31,2021-11-14T06:15:36+00:00,2019-01-12
dc21e262b63804f55383dbcc3aeaae1c,VirusShare_00499,vbclone,192693,exe,trojan,74.63,2021-11-13T02:38:54+00:00,2019-01-12
dc2cdd60b8a2a0f5b374fe0fd9cb281f,VirusShare_00499,vbclone,196823,exe,trojan,75.0,2021-11-13T08:41:25+00:00,2019-01-12
dc4f010b4f2c621a34cb30646d79d9bb,VirusShare_00499,vbclone,192780,exe,trojan,66.18,2021-11-13T16:50:10+00:00,2019-01-12
dc5795a5d99567f531155991262c6148,VirusShare_00499,vbclone,189137,exe,trojan,71.21,2021-11-12T07:01:55+00:00,2019-01-12
dc57c733392e89190fc0e3edf7be522b,VirusShare_00499,vbclone,192635,exe,trojan,76.12,2021-11-13T13:09:19+00:00,2019-01-12
dc6ba4e2aa263c8365f032fbfad6fdd3,VirusShare_00499,vbclone,196710,exe,trojan,75.0,2021-11-11T01:06:06+00:00,2019-01-12
dc6daea0c77f03e390138844fc64bfc7,VirusShare_00499,vbclone,192716,exe,trojan,68.75,2021-11-13T11:25:01+00:00,2019-01-12
dc70c8f8eee5d0d66acc425b31450715,VirusShare_00499,vbclone,192794,exe,trojan,80.88,2021-11-17T09:40:44+00:00,2019-01-12
dccefcc6f05ed28fee621572bdd2046f,VirusShare_00499,vbclone,192706,exe,trojan,66.18,2021-11-11T17:17:32+00:00,2019-01-12
dcdbac425be130dd659390d77da5c00b,VirusShare_00499,vbclone,189162,exe,trojan,68.66,2021-11-12T07:01:53+00:00,2019-01-12
dcec198db47a7512799c847065527581,VirusShare_00499,vbclone,192617,exe,trojan,70.77,2021-11-13T05:39:12+00:00,2019-01-12
dd1e4e7afdaae895bcc6b537b49dcded,VirusShare_00499,vbclone,192772,exe,trojan,67.65,2021-11-14T06:15:24+00:00,2019-01-12
ddcd793ba8076053c44efb90690fd5ef,VirusShare_00499,vbclone,192776,exe,trojan,65.67,2021-11-13T15:11:46+00:00,2019-01-12
ddd7040f51c7e6fdc5a25ae56f52144e,VirusShare_00499,vbclone,192738,exe,trojan,66.18,2021-11-13T15:51:42+00:00,2019-01-12
ddd8c22ee3fafbac0e9f1e22a4a04c5d,VirusShare_00499,vbclone,192789,exe,trojan,79.1,2021-11-18T05:41:07+00:00,2019-01-12
dde5ac2b27350bd92708e2c505fd3c45,VirusShare_00499,vbclone,192684,exe,trojan,63.24,2021-11-09T19:38:19+00:00,2019-01-12
de14271275d6f496b2d96d74213ef880,VirusShare_00499,vbclone,192681,exe,trojan,63.77,2021-11-09T19:38:11+00:00,2019-01-12
de33ec091bf0de77c841705e56192c68,VirusShare_00499,vbclone,189161,exe,trojan,70.59,2021-11-12T22:56:24+00:00,2019-01-12
de408b7edd3bbdc6672320393236f6af,VirusShare_00499,vbclone,192687,exe,trojan,64.18,2021-11-09T19:38:19+00:00,2019-01-12
dea0652869ba96a619200757dad1dd36,VirusShare_00499,vbclone,196824,exe,trojan,64.71,2021-11-09T08:59:25+00:00,2019-01-12
dea1195f02687b2a5932f231f5c7a5dc,VirusShare_00499,vbclone,192763,exe,trojan,66.18,2021-11-13T15:11:26+00:00,2019-01-12
deae5a2237d29e78924326f5bba8259e,VirusShare_00499,vbclone,192695,exe,trojan,64.71,2021-11-10T20:00:32+00:00,2019-01-12
df0b77d655e41a73e1e1de24c7241f6c,VirusShare_00499,vbclone,192718,exe,trojan,66.18,2021-11-13T11:25:01+00:00,2019-01-12
df0bcb108cc14eb00bc71da32450f2bd,VirusShare_00499,vbclone,192794,exe,trojan,76.47,2021-11-17T10:13:17+00:00,2019-01-12
df4823bedf08c17c74b6a430c0a09d1a,VirusShare_00499,vbclone,192760,exe,trojan,65.67,2021-11-13T13:30:43+00:00,2019-01-12
df85369ae2eafef2823f030001e1fb10,VirusShare_00499,vbclone,192728,exe,trojan,61.76,2021-11-08T10:46:22+00:00,2019-01-12
df8b7400be8331ef0cef856517a40ee4,VirusShare_00499,vbclone,192786,exe,trojan,64.62,2021-11-13T16:25:33+00:00,2019-01-12
dfa8dee960050cf17b5fc85be40f9e28,VirusShare_00499,vbclone,192674,exe,trojan,65.67,2021-11-10T20:00:28+00:00,2019-01-12
dffeb66de84506fc78b9c49df02bfc5b,VirusShare_00499,vbclone,192727,exe,trojan,67.16,2021-11-13T11:25:03+00:00,2019-01-12
e00ff91afa7b40efd6ec25105719e97c,VirusShare_00499,vbclone,192745,exe,trojan,63.24,2021-11-10T15:47:59+00:00,2019-01-12
e09fcff140a15fa38a2607b6b33899ad,VirusShare_00499,vbclone,192744,exe,trojan,66.67,2021-11-11T17:17:27+00:00,2019-01-12
e0b0bc8e7fbc147161e6fdd12ae9fdf3,VirusShare_00499,vbclone,192689,exe,trojan,64.18,2021-11-10T14:29:03+00:00,2019-01-12
e0f3db8343631a886022097ddab573bb,VirusShare_00499,vbclone,192706,exe,trojan,66.67,2021-11-09T11:28:35+00:00,2019-01-12
e0f5475f32874e24342eaad1cd7c7b86,VirusShare_00499,vbclone,192749,exe,trojan,67.16,2021-11-13T15:11:32+00:00,2019-01-12
e10099f6ae52da060f00bd94760fa3c6,VirusShare_00499,vbclone,192755,exe,trojan,67.65,2021-11-13T13:30:41+00:00,2019-01-12
e1130837bc6b5afdbb15ee7eee8e4987,VirusShare_00499,vbclone,192777,exe,trojan,67.65,2021-11-13T13:30:40+00:00,2019-01-12
e1323f1211d5176d009d83f10d7bdaf4,VirusShare_00499,vbclone,189129,exe,trojan,71.21,2021-11-12T07:01:56+00:00,2019-01-12
e14b24f2f7d08b7c1f04c6c912e46aa3,VirusShare_00499,vbclone,192791,exe,trojan,66.18,2021-11-13T13:30:43+00:00,2019-01-12
e17890b877860b8a30f566c3213d3cd3,VirusShare_00499,vbclone,192754,exe,trojan,65.67,2021-11-13T16:25:22+00:00,2019-01-12
e191c5d664afa30c04166d1bb849d4aa,VirusShare_00499,vbclone,189120,exe,trojan,71.64,2021-11-12T07:01:56+00:00,2019-01-12
e1fa6523aed1b649ca68931dcbaa83bb,VirusShare_00499,vbclone,192775,exe,trojan,66.18,2021-11-13T13:30:45+00:00,2019-01-12
e2c968954e96f3d8865648009d2a6f36,VirusShare_00499,vbclone,192703,exe,trojan,64.18,2021-11-14T21:30:47+00:00,2019-01-12
e2e4bb51b44621f00e68347f94a83be8,VirusShare_00499,vbclone,192664,exe,trojan,66.18,2021-11-10T20:17:34+00:00,2019-01-12
e2f9c4e415dcefe231d0545bee09f00b,VirusShare_00499,vbclone,196837,exe,trojan,67.16,2021-11-11T19:21:17+00:00,2019-01-12
e31f012f2a38b373e1c7d5af83f36802,VirusShare_00499,vbclone,192648,exe,trojan,63.24,2021-11-09T19:38:22+00:00,2019-01-12
e37e7134085a2d05fc9b7fb79d84b61e,VirusShare_00499,vbclone,192544,exe,trojan,76.47,2021-11-13T20:36:33+00:00,2019-01-12
e3881f3e2ce3479d08bf579b97fddfcb,VirusShare_00499,vbclone,192725,exe,trojan,73.53,2021-11-14T02:11:57+00:00,2019-01-12
e3b2c9bedb6b45d76d4d3141be1bdf70,VirusShare_00499,vbclone,192514,exe,trojan,72.88,2021-11-14T04:13:23+00:00,2019-01-12
e3dfed430125ab2dd36fc70e799e1d2a,VirusShare_00499,vbclone,192791,exe,trojan,65.67,2021-11-13T15:11:44+00:00,2019-01-12
e3ec37c627526034e72d7f5798becfbb,VirusShare_00499,vbclone,192695,exe,trojan,75.0,2021-11-13T04:38:35+00:00,2019-01-12
e40c08e4c9e7c81af85f7df258cc2937,VirusShare_00499,vbclone,192745,exe,trojan,67.16,2021-11-13T11:25:03+00:00,2019-01-12
e44a15ae6aae9c87a7121525bf4ab40c,VirusShare_00499,vbclone,192733,exe,trojan,64.71,2021-11-13T19:44:20+00:00,2019-01-12
e45be4840d4b9486399175e144c9c535,VirusShare_00499,vbclone,192777,exe,trojan,65.67,2021-11-14T06:15:33+00:00,2019-01-12
e4691f7952c343c674301814362d0f01,VirusShare_00499,vbclone,192773,exe,trojan,76.12,2021-11-15T13:10:49+00:00,2019-01-12
e4d36de4fa0c93e7bbf0fad7b0614d85,VirusShare_00499,vbclone,192761,exe,trojan,64.71,2021-11-13T19:44:17+00:00,2019-01-12
e4d6b48190d65f72305a817365277d12,VirusShare_00499,vbclone,192721,exe,trojan,62.69,2021-11-08T10:46:33+00:00,2019-01-12
e512d005f7a8ca31f6dbf09286193906,VirusShare_00499,vbclone,192692,exe,trojan,70.15,2021-11-12T18:56:47+00:00,2019-01-12
e545f9884951c98e1d68e25abf910c79,VirusShare_00499,vbclone,192788,exe,trojan,64.71,2021-11-13T16:25:27+00:00,2019-01-12
e58759c8e1107e494024e58b005fc159,VirusShare_00499,vbclone,192737,exe,trojan,64.18,2021-11-10T15:47:52+00:00,2019-01-12
e5a26623f76453e7d28ba3ce52862ea1,VirusShare_00499,vbclone,189170,exe,trojan,70.59,2021-11-12T22:56:07+00:00,2019-01-12
e617690bc36d3ff220fcf60909f2ed2c,VirusShare_00499,vbclone,192707,exe,trojan,66.18,2021-11-09T11:52:17+00:00,2019-01-12
e6257579fe1db5570b1ff424d70fecf0,VirusShare_00499,vbclone,192727,exe,trojan,66.67,2021-11-10T13:24:27+00:00,2019-01-12
e6b46457dd0dddc5f3a861dbaf2b1c4e,VirusShare_00499,vbclone,192739,exe,trojan,65.67,2021-11-10T15:48:01+00:00,2019-01-12
e6bc9836f442d6643ace411ccf348aba,VirusShare_00499,vbclone,196825,exe,trojan,70.59,2021-11-12T19:11:11+00:00,2019-01-12
e6c3dfe3386b4618e74313722024273f,VirusShare_00499,vbclone,192727,exe,trojan,68.12,2021-11-09T07:35:22+00:00,2019-01-12
e731f02f1a564d0c82f406b7a070b6b6,VirusShare_00499,vbclone,192772,exe,trojan,66.18,2021-11-13T16:50:09+00:00,2019-01-12
e7aba1de1ce5a74ae375e0f7c915c398,VirusShare_00499,vbclone,196870,exe,trojan,67.65,2021-11-14T12:37:43+00:00,2019-01-12
e7c692a93e67875df9a5d710b2fa37e0,VirusShare_00499,vbclone,192763,exe,trojan,66.18,2021-11-13T19:44:25+00:00,2019-01-12
e83e925a8f4c93277e2492edf7b09616,VirusShare_00499,vbclone,192771,exe,trojan,67.65,2021-11-13T16:25:36+00:00,2019-01-12
e8e3ae8dd8daa1656327efff51a3a12d,VirusShare_00499,vbclone,192729,exe,trojan,65.67,2021-11-11T17:17:26+00:00,2019-01-12
e95acca2cb2e76826a27730ef8b2cc13,VirusShare_00499,vbclone,192764,exe,trojan,64.18,2021-11-10T15:48:05+00:00,2019-01-12
ea1bdaae23700f35b0f9c74e808922b1,VirusShare_00499,vbclone,192743,exe,trojan,65.67,2021-11-13T11:25:08+00:00,2019-01-12
eaa5f734fe3394f647a39b60d1b33dc2,VirusShare_00499,vbclone,192769,exe,trojan,66.18,2021-11-13T15:11:36+00:00,2019-01-12
eaab7f760d2c5b6c4e502149c8a470eb,VirusShare_00499,vbclone,192728,exe,trojan,66.18,2021-11-13T11:25:00+00:00,2019-01-12
eac7c90d5fe91f0bfc436e1580824f3b,VirusShare_00499,vbclone,192773,exe,trojan,62.69,2021-11-10T15:47:47+00:00,2019-01-12
ead0a40d196184ec917c8ca01da87f3c,VirusShare_00499,vbclone,192770,exe,trojan,66.18,2021-11-13T13:30:31+00:00,2019-01-12
eb0064b3b112b5934389ce889da7c9ca,VirusShare_00499,vbclone,192731,exe,trojan,67.69,2021-11-11T12:23:22+00:00,2019-01-12
eb58029f595e3ffda536f42111f66ed0,VirusShare_00499,vbclone,192687,exe,trojan,65.22,2021-11-09T19:38:23+00:00,2019-01-12
eb923ff682587a8acf12acb21ded0c89,VirusShare_00499,vbclone,192724,exe,trojan,68.66,2021-11-12T18:57:58+00:00,2019-01-12
ec1e005c87fe55011a37538b79260acf,VirusShare_00499,vbclone,192703,exe,trojan,63.77,2021-11-09T11:52:11+00:00,2019-01-12
ec4f1976d53920fd0ef1d92b5b25b9e8,VirusShare_00499,vbclone,189164,exe,trojan,70.59,2021-11-12T22:56:23+00:00,2019-01-12
ec6587a9deaef72bf1d58c716ab5a9c1,VirusShare_00499,vbclone,192700,exe,trojan,74.63,2021-11-18T01:58:12+00:00,2019-01-12
ec6ab53fa7d21f675e10c8fff42a0c8c,VirusShare_00499,vbclone,192762,exe,trojan,65.15,2021-11-13T19:44:31+00:00,2019-01-12
ed21a583cfe69e47ba4cf5b56ad639aa,VirusShare_00499,vbclone,192717,exe,trojan,77.27,2021-11-15T05:38:46+00:00,2019-01-12
ed30ac5fc7b0162054f1dba65f965a7f,VirusShare_00499,vbclone,196800,exe,trojan,65.15,2021-11-09T08:59:18+00:00,2019-01-12
ed487c34b0ae1652e83f0363632c4fd8,VirusShare_00499,vbclone,192705,exe,trojan,72.06,2021-11-10T14:34:42+00:00,2019-01-12
ed4a2b881d5ac613787d5bc3d78d2478,VirusShare_00499,vbclone,192697,exe,trojan,70.59,2021-11-11T17:17:36+00:00,2019-01-12
ed5ab8d01ef224cc09cb9acaf99de3e6,VirusShare_00499,vbclone,192759,exe,trojan,67.65,2021-11-13T13:30:41+00:00,2019-01-12
ed5d5e1f78e239e6d8bf4ccbf321f832,VirusShare_00499,vbclone,192726,exe,trojan,66.67,2021-11-11T12:23:16+00:00,2019-01-12
ed606d211441be9ead77025bfd9d7b65,VirusShare_00499,vbclone,192778,exe,trojan,73.53,2021-11-17T01:52:12+00:00,2019-01-12
ed8f8f8f3950658f8e3bda7eb21a4c29,VirusShare_00499,vbclone,196820,exe,trojan,69.12,2021-11-12T19:06:36+00:00,2019-01-12
ed9443e81fb57933afc0dae976dac200,VirusShare_00499,vbclone,192765,exe,trojan,66.18,2021-11-13T16:25:29+00:00,2019-01-12
ed9dfa43aba5cc2243e50974856ab241,VirusShare_00499,vbclone,192752,exe,trojan,66.18,2021-11-13T16:25:32+00:00,2019-01-12
edad76d33ac621af2b846e338861898d,VirusShare_00499,vbclone,192718,exe,trojan,69.12,2021-11-11T17:17:32+00:00,2019-01-12
ee46cf840f1c447f4a63624a5aa6e641,VirusShare_00499,vbclone,192764,exe,trojan,64.71,2021-11-13T19:44:21+00:00,2019-01-12
ee46ea17df22aca5ec9938ecd3386de8,VirusShare_00499,vbclone,192726,exe,trojan,64.62,2021-11-13T05:39:11+00:00,2019-01-12
ee4f8a886ce649fd7524314492ee5363,VirusShare_00499,vbclone,196824,exe,trojan,69.12,2021-11-12T19:08:00+00:00,2019-01-12
ee54a758df9b6c596a61a1621527f056,VirusShare_00499,vbclone,192744,exe,trojan,67.16,2021-11-14T06:15:28+00:00,2019-01-12
ee62a8ab698e2256928215deae709a3a,VirusShare_00499,vbclone,192669,exe,trojan,66.18,2021-11-11T12:11:05+00:00,2019-01-12
ee78b7163dc4745fd95470ac5bbf7c7a,VirusShare_00499,vbclone,196824,exe,trojan,67.65,2021-11-12T19:06:52+00:00,2019-01-12
ee97a75108f5fbae2e3aeb4d62e10ef0,VirusShare_00499,vbclone,192661,exe,trojan,66.67,2021-11-09T19:38:16+00:00,2019-01-12
eeb628f4d2c037dc5bb2296a38ec3e06,VirusShare_00499,vbclone,192792,exe,trojan,77.61,2021-11-17T14:10:09+00:00,2019-01-12
eec4c86d78aeea56e1c68eb7e6b70866,VirusShare_00499,vbclone,192713,exe,trojan,65.67,2021-11-11T17:17:22+00:00,2019-01-12
eecc5e16fbba5627529e108fede549a6,VirusShare_00499,vbclone,192775,exe,trojan,66.18,2021-11-13T15:11:30+00:00,2019-01-12
ef15ff85631a6812b81f07982ddb7370,VirusShare_00499,vbclone,189174,exe,trojan,69.12,2021-11-12T22:56:18+00:00,2019-01-12
ef39eaf21f1611207e02d8042288f963,VirusShare_00499,vbclone,196759,exe,trojan,63.08,2021-11-10T05:47:51+00:00,2019-01-12
ef826cb77feb7e09189059555c734ae2,VirusShare_00499,vbclone,192789,exe,trojan,65.15,2021-11-13T16:25:29+00:00,2019-01-12
f084ac4d50369191cdc971f940618be2,VirusShare_00499,vbclone,192712,exe,trojan,69.12,2021-11-11T12:23:07+00:00,2019-01-12
f13db3787e83a9057fd9df4be3b86d2f,VirusShare_00499,vbclone,196826,exe,trojan,67.65,2021-11-11T19:21:22+00:00,2019-01-12
f18b7bbfe04c94b472cbf747c6456b55,VirusShare_00499,vbclone,192723,exe,trojan,67.65,2021-11-13T19:44:17+00:00,2019-01-12
f24305ba89772e21ee9ec0d1e5f4e230,VirusShare_00499,vbclone,196850,exe,trojan,67.16,2021-11-11T19:21:23+00:00,2019-01-12
f2470e5657a024de0269d4361deff341,VirusShare_00499,vbclone,192768,exe,trojan,64.71,2021-11-13T13:30:45+00:00,2019-01-12
f29abaa1a66fc28f76fa0f15a72c1f2c,VirusShare_00499,vbclone,192770,exe,trojan,63.24,2021-11-10T15:47:54+00:00,2019-01-12
f2ccec82b3044e23888b5df01afa5696,VirusShare_00499,vbclone,192688,exe,trojan,66.18,2021-11-10T20:17:42+00:00,2019-01-12
f3298c22995e26eaa3e2975848060b8c,VirusShare_00499,vbclone,192730,exe,trojan,68.66,2021-11-13T11:24:59+00:00,2019-01-12
f38dc042ba034c277f768e8e9e3958d4,VirusShare_00499,vbclone,192793,exe,trojan,66.18,2021-11-13T15:11:37+00:00,2019-01-12
f39622e992c362dd97829c95060fe86c,VirusShare_00499,vbclone,192756,exe,trojan,65.67,2021-11-13T16:50:05+00:00,2019-01-12
f3978812492df39b942c51e3c14277de,VirusShare_00499,vbclone,192731,exe,trojan,67.16,2021-11-13T11:25:05+00:00,2019-01-12
f3c455bc0bf740f62a19ad72aca3ba36,VirusShare_00499,vbclone,192722,exe,trojan,67.16,2021-11-13T11:25:06+00:00,2019-01-12
f3c598cc1d05a9286a1e5255b512d42c,VirusShare_00499,vbclone,192751,exe,trojan,66.18,2021-11-13T15:11:44+00:00,2019-01-12
f3d2af5124b59b83756573a194ff3492,VirusShare_00499,vbclone,192698,exe,trojan,65.67,2021-11-09T11:52:18+00:00,2019-01-12
f3e238fe182f6f6885a269ad35a29527,VirusShare_00499,vbclone,192745,exe,trojan,67.16,2021-11-14T06:15:20+00:00,2019-01-12
f44de7a022eb38b20e4cb9ca5d9ce886,VirusShare_00499,vbclone,192765,exe,trojan,66.18,2021-11-13T13:30:46+00:00,2019-01-12
f45bbf077710da9ba3590349a1800184,VirusShare_00499,vbclone,192763,exe,trojan,62.69,2021-11-10T15:47:49+00:00,2019-01-12
f504cb66e4c56e16c21e9173a9180169,VirusShare_00499,vbclone,192797,exe,trojan,64.71,2021-11-13T15:11:35+00:00,2019-01-12
f5308cde503e2db33a74b778748e35fe,VirusShare_00499,vbclone,192776,exe,trojan,64.71,2021-11-13T13:30:49+00:00,2019-01-12
f57c733b1a2396a1c8be019a174f9a1b,VirusShare_00499,vbclone,192741,exe,trojan,67.16,2021-11-13T11:25:03+00:00,2019-01-12
f61c88c2577bf9fd46464d63af3fdb55,VirusShare_00499,vbclone,192738,exe,trojan,67.16,2021-11-13T11:25:13+00:00,2019-01-12
f61d2466c5c78b8750a203371b7b6493,VirusShare_00499,vbclone,192759,exe,trojan,66.18,2021-11-13T19:44:20+00:00,2019-01-12
f6550d57ff889b06b6d0d1f87b7434e5,VirusShare_00499,vbclone,192731,exe,trojan,65.15,2021-11-13T19:44:22+00:00,2019-01-12
f66d63e9fa6a84301a9fc473c516c55e,VirusShare_00499,vbclone,192759,exe,trojan,67.16,2021-11-13T15:51:46+00:00,2019-01-12
f68d459e4d9ce65f169e93454e4cce34,VirusShare_00499,vbclone,196752,exe,trojan,61.76,2021-11-10T05:47:50+00:00,2019-01-12
f694a3636680f44869b699bd12b66db3,VirusShare_00499,vbclone,192797,exe,trojan,65.67,2021-11-13T15:11:46+00:00,2019-01-12
f6d1b34f57560561f055949aeb1569cd,VirusShare_00499,vbclone,192757,exe,trojan,71.21,2021-11-14T20:49:27+00:00,2019-01-12
f6fe07035f5eecb3c8850b9655c0bcde,VirusShare_00499,vbclone,192734,exe,trojan,67.16,2021-11-13T11:24:59+00:00,2019-01-12
f74b194ea10b02142e2296e8bd0eacda,VirusShare_00499,vbclone,192771,exe,trojan,67.65,2021-11-14T20:49:27+00:00,2019-01-12
f758c9d1f71756fe95c97a011f7af007,VirusShare_00499,vbclone,192680,exe,trojan,66.18,2021-11-10T20:00:26+00:00,2019-01-12
f767a3e654bf1683bd2a57255fb74e72,VirusShare_00499,vbclone,192777,exe,trojan,64.71,2021-11-13T16:49:55+00:00,2019-01-12
f7db1d746745f71b98af648c574e7020,VirusShare_00499,vbclone,196893,exe,trojan,66.18,2021-11-14T12:37:29+00:00,2019-01-12
f7f83722c340f949bb277f06e74ebde2,VirusShare_00499,vbclone,192737,exe,trojan,61.19,2021-11-09T11:52:17+00:00,2019-01-12
f83b1427a26053b10f54519f817be73c,VirusShare_00499,vbclone,192741,exe,trojan,64.71,2021-11-13T15:51:55+00:00,2019-01-12
f840d3218792cac67180b087c0867148,VirusShare_00499,vbclone,192789,exe,trojan,65.67,2021-11-13T16:50:05+00:00,2019-01-12
f916bc734186f0354993ca42f5046ee0,VirusShare_00499,vbclone,192781,exe,trojan,64.71,2021-11-13T16:49:50+00:00,2019-01-12
f9249363255f5afd17c20fcbbbd86c14,VirusShare_00499,vbclone,192650,exe,trojan,62.32,2021-11-09T19:38:10+00:00,2019-01-12
f955021fc1caa4f804d97d7be78d40ad,VirusShare_00499,vbclone,192759,exe,trojan,67.65,2021-11-13T16:50:09+00:00,2019-01-12
f9a173027eee71d08c86cb903fe29530,VirusShare_00499,vbclone,192730,exe,trojan,64.71,2021-11-13T15:51:54+00:00,2019-01-12
f9f27ebfd6d4308f1179a78ce7f0334b,VirusShare_00499,vbclone,192731,exe,trojan,66.18,2021-11-13T19:44:30+00:00,2019-01-12
fa6637fa94573583b9f91f8739d81d0d,VirusShare_00499,vbclone,192745,exe,trojan,65.67,2021-11-13T11:25:03+00:00,2019-01-12
fa8b28e72b760f2587575c4d48f30fc4,VirusShare_00499,vbclone,192723,exe,trojan,67.65,2021-11-13T15:51:44+00:00,2019-01-12
fb42db1a9485bbee16cf1931bfae447e,VirusShare_00499,vbclone,196787,exe,trojan,63.24,2021-11-10T05:47:43+00:00,2019-01-12
fb4806cfa0dd66c958674b3560a8d699,VirusShare_00499,vbclone,196748,exe,trojan,65.22,2021-11-09T15:37:04+00:00,2019-01-12
fb4d35558cf437fdde7e623d5e34c1b4,VirusShare_00499,vbclone,192727,exe,trojan,67.16,2021-11-13T07:22:42+00:00,2019-01-12
fb7b7dfc88518c616a6193de0f4b5153,VirusShare_00499,vbclone,192765,exe,trojan,64.71,2021-11-13T16:25:19+00:00,2019-01-12
fb7e67562911146ba2ee8413c0720ef9,VirusShare_00499,vbclone,189176,exe,trojan,70.15,2021-11-12T22:56:09+00:00,2019-01-12
fbe35c2972af453f2d65a1ce2da92f0c,VirusShare_00499,vbclone,192727,exe,trojan,67.65,2021-11-09T07:35:37+00:00,2019-01-12
fc035726d21d86b0b908d502127d3238,VirusShare_00499,vbclone,192760,exe,trojan,66.18,2021-11-13T16:25:31+00:00,2019-01-12
fc362aea2d47a5f5bb75f9c66e1fc5aa,VirusShare_00499,vbclone,192756,exe,trojan,64.71,2021-11-13T19:44:19+00:00,2019-01-12
fc76933685de8720f26d8b0a1359e857,VirusShare_00499,vbclone,192774,exe,trojan,66.18,2021-11-10T15:47:53+00:00,2019-01-12
fc8a51c9c553a35d04d1ad4d3a856d05,VirusShare_00499,vbclone,192742,exe,trojan,65.67,2021-11-13T15:51:50+00:00,2019-01-12
fcd86a1c42a57e539c40b7523c21c142,VirusShare_00499,vbclone,192748,exe,trojan,64.06,2021-11-13T11:25:01+00:00,2019-01-12
fdbaca2e0f95d9dab493e2773ad5d362,VirusShare_00499,vbclone,192689,exe,trojan,64.71,2021-11-10T20:00:22+00:00,2019-01-12
fe00e4be9efa6e11bd4b0b142a06ad19,VirusShare_00499,vbclone,192756,exe,trojan,65.67,2021-11-13T16:25:21+00:00,2019-01-12
fe2a7b138d6df71324d4dd9378ff2670,VirusShare_00499,vbclone,192752,exe,trojan,66.18,2021-11-13T15:11:40+00:00,2019-01-12
fe73e9d42ce073cea54b1bc40f3b678b,VirusShare_00499,vbclone,192761,exe,trojan,66.18,2021-11-13T13:30:35+00:00,2019-01-12
febbee0be1696ae23bdf7aae30fabd94,VirusShare_00499,vbclone,192719,exe,trojan,63.24,2021-11-09T11:28:25+00:00,2019-01-12
fecac0c95ef26720ef3d593d2fddf079,VirusShare_00499,vbclone,189167,exe,trojan,70.59,2021-11-12T22:56:08+00:00,2019-01-12
ff0c68889f0b16bdef3f5bb5a22c8fb3,VirusShare_00499,vbclone,189177,exe,trojan,71.21,2021-11-12T22:56:06+00:00,2019-01-12
ff4ca85a57364aa513b86a996c15ea03,VirusShare_00499,vbclone,192771,exe,trojan,66.18,2021-11-13T13:30:30+00:00,2019-01-12
ffada4c7563bae520bdefd6e2b8cd423,VirusShare_00499,vbclone,192679,exe,trojan,65.15,2021-11-10T20:17:26+00:00,2019-01-12
ffb170e0f0a07ef8c258c333b241215f,VirusShare_00499,vbclone,192768,exe,trojan,64.71,2021-11-13T19:44:18+00:00,2019-01-12
ffd300554f205b5ec93ab00f40489f2e,VirusShare_00499,vbclone,192673,exe,trojan,63.77,2021-11-09T19:38:24+00:00,2019-01-12
ffeed65389d22d9b92926aa10652f245,VirusShare_00499,vbclone,192700,exe,trojan,65.15,2021-11-10T13:24:33+00:00,2019-01-12
00710781ed5681561be6ae7c6e88984b,VirusShare_00495,vbclone,196693,exe,trojan,76.81,2021-11-04T15:44:30+00:00,2019-04-26
00863e00548e43e53e108e63a5422fea,VirusShare_00495,vbclone,196672,exe,trojan,80.88,2021-11-05T21:26:14+00:00,2019-04-26
009eab8ade76da53c736db8d17d48c7e,VirusShare_00495,vbclone,196673,exe,trojan,74.58,2021-11-05T09:00:48+00:00,2019-04-26
0181aa18ad316e8fe69e930e43c94664,VirusShare_00495,vbclone,196701,exe,trojan,66.67,2021-11-03T00:15:59+00:00,2019-04-26
01851d5a73538866487affc626cfc09c,VirusShare_00495,vbclone,196687,exe,trojan,79.71,2021-11-07T01:07:45+00:00,2019-04-26
019153fb680070414f74c9620fcaeae6,VirusShare_00495,vbclone,196677,exe,trojan,64.18,2021-11-08T07:46:02+00:00,2019-04-26
01addf68ce2f35a172ea79fa35215fa6,VirusShare_00495,vbclone,196689,exe,trojan,64.62,2021-11-03T00:16:10+00:00,2019-04-26
0234d0ac052933971698c50f0803cf33,VirusShare_00495,vbclone,196688,exe,trojan,79.71,2021-11-05T08:47:32+00:00,2019-04-26
02b3d4e7b884df3de33d500e0529e031,VirusShare_00495,vbclone,192773,exe,trojan,66.67,2021-11-05T21:06:06+00:00,2019-04-26
03ac7e80b53dde04d24b9f30de28b5dc,VirusShare_00495,vbclone,192809,exe,trojan,66.18,2021-11-04T05:10:19+00:00,2019-04-26
03d92f9c273e36dd665edb68cc83e586,VirusShare_00495,vbclone,192696,exe,trojan,69.57,2021-10-31T14:09:10+00:00,2019-04-26
04a191a163d750000334f8c9a3222ca6,VirusShare_00495,vbclone,192765,exe,trojan,68.12,2021-11-05T21:05:04+00:00,2019-04-26
04a35d31ba6f46178f0ed308a627aa31,VirusShare_00495,vbclone,196716,exe,trojan,68.18,2021-11-03T00:16:15+00:00,2019-04-26
04c1fc40be8f2329a48361cd9384b327,VirusShare_00495,vbclone,192701,exe,trojan,66.18,2021-11-03T05:19:57+00:00,2019-04-26
051da5ecb55b122b74706894f23828e1,VirusShare_00495,vbclone,196697,exe,trojan,76.81,2021-11-06T12:41:52+00:00,2019-04-26
055492014e73c64ad12fb04afd56305c,VirusShare_00495,vbclone,192797,exe,trojan,67.16,2021-11-04T05:10:19+00:00,2019-04-26
0591369ee20127cb77b30c76470866d1,VirusShare_00495,vbclone,192770,exe,trojan,66.67,2021-11-05T21:05:08+00:00,2019-04-26
06bad774e02c2993f134b0b499f4e96e,VirusShare_00495,vbclone,192719,exe,trojan,69.12,2021-11-01T05:22:22+00:00,2019-04-26
074182450bae8b19af5ccfbd416846e6,VirusShare_00495,vbclone,192728,exe,trojan,66.67,2021-11-04T17:58:46+00:00,2019-04-26
07e58631229960bf3d94a559b0bf0aea,VirusShare_00495,vbclone,192669,exe,trojan,69.57,2021-10-31T17:37:27+00:00,2019-04-26
086d568697301da3728f8194b186571c,VirusShare_00495,vbclone,192711,exe,trojan,81.16,2021-11-05T13:41:37+00:00,2019-04-26
08e4a3a0ba27a6d0f2c74c7bffa2a4d8,VirusShare_00495,vbclone,196750,exe,trojan,67.65,2021-11-08T11:01:53+00:00,2019-04-26
09154f7367cd6bbcad25a66d05b1cd08,VirusShare_00495,vbclone,192714,exe,trojan,66.18,2021-11-03T05:20:03+00:00,2019-04-26
096834abbbecb75191a73a99c48cf2a1,VirusShare_00495,vbclone,192712,exe,trojan,69.12,2021-10-31T14:09:20+00:00,2019-04-26
0ae0ec4c5570470d89b9da2ad6489e46,VirusShare_00495,vbclone,192795,exe,trojan,64.71,2021-11-04T05:10:28+00:00,2019-04-26
0b21ba2d280b2a253337a28930ec1e6c,VirusShare_00495,vbclone,192711,exe,trojan,66.18,2021-11-03T05:19:59+00:00,2019-04-26
0c83313c7a4b06809dadcd8d162c1771,VirusShare_00495,vbclone,196717,exe,trojan,67.65,2021-11-05T07:42:24+00:00,2019-04-26
0e4cdd7ac2395778adbd5ceccfb1acc1,VirusShare_00495,vbclone,196719,exe,trojan,62.69,2021-11-06T22:01:55+00:00,2019-04-26
0e913e6776258bd45832e65529f66b73,VirusShare_00495,vbclone,196702,exe,trojan,60.0,2021-11-08T07:46:07+00:00,2019-04-26
0f7135bc4a38314df909d92d28bb4032,VirusShare_00495,vbclone,196705,exe,trojan,68.12,2021-11-03T00:16:08+00:00,2019-04-26
10b7ae8bcbdbeaf4ea516f5f06b1f6a7,VirusShare_00495,vbclone,192813,exe,trojan,64.71,2021-11-04T05:10:10+00:00,2019-04-26
10e7652aa0a225485431feff2842d53d,VirusShare_00495,vbclone,196736,exe,trojan,67.65,2021-11-08T11:01:49+00:00,2019-04-26
11ab01a795c482279a1b3ca1dbf0e18c,VirusShare_00495,vbclone,196710,exe,trojan,66.67,2021-11-03T00:15:58+00:00,2019-04-26
11dc4a5dae2698e39ee7a658c901cf44,VirusShare_00495,vbclone,192703,exe,trojan,68.12,2021-10-31T14:09:21+00:00,2019-04-26
121fbc260d5e58d9569bd7dd70fc2d0b,VirusShare_00495,vbclone,196709,exe,trojan,64.71,2021-11-05T07:42:36+00:00,2019-04-26
131c89e9a5efbe6de8e4cd6b275f0c19,VirusShare_00495,vbclone,192948,exe,trojan,67.16,2021-11-04T11:50:39+00:00,2019-04-26
13721f490f8f5a361afe064b11851b46,VirusShare_00495,vbclone,196742,exe,trojan,65.67,2021-11-05T10:12:40+00:00,2019-04-26
13ff71f0b2213dd0f66102a15ae6095a,VirusShare_00495,vbclone,196698,exe,trojan,78.26,2021-11-06T21:58:11+00:00,2019-04-26
1446791a3fc5094aaf94c55d11b28fbd,VirusShare_00495,vbclone,196660,exe,trojan,81.16,2021-11-05T14:26:36+00:00,2019-04-26
14f676e1e319680223a66ae767d26e14,VirusShare_00495,vbclone,192710,exe,trojan,67.65,2021-11-03T05:19:46+00:00,2019-04-26
150dce48f1ead8006fb03874e2a48918,VirusShare_00495,vbclone,192766,exe,trojan,66.67,2021-11-05T21:05:19+00:00,2019-04-26
152518a9d6aadef6a4bfc67064a96f42,VirusShare_00495,vbclone,192726,exe,trojan,65.22,2021-11-04T17:58:49+00:00,2019-04-26
154a043ead8843fd81711c0cec728314,VirusShare_00495,vbclone,196664,exe,trojan,81.54,2021-11-05T12:16:22+00:00,2019-04-26
15940a6e4eeb91b66e463e149b288c5b,VirusShare_00495,vbclone,192823,exe,trojan,79.71,2021-11-08T15:43:01+00:00,2019-04-26
167d3ad45ac03ff12cf7ffe609a56fb1,VirusShare_00495,vbclone,196719,exe,trojan,61.76,2021-11-08T07:46:00+00:00,2019-04-26
1704bf981a2304b5d887c2505097c8f1,VirusShare_00495,vbclone,196654,exe,trojan,79.71,2021-11-04T12:22:03+00:00,2019-04-26
17111379549ec40095fd756f741a3205,VirusShare_00495,vbclone,196699,exe,trojan,68.12,2021-11-03T00:16:08+00:00,2019-04-26
17ad8864464ecb92d36bedc59ceee403,VirusShare_00495,vbclone,196708,exe,trojan,63.77,2021-11-03T00:16:11+00:00,2019-04-26
181b778ad99f62fd7b8dd1e8cdbf7e4b,VirusShare_00495,vbclone,192723,exe,trojan,73.91,2021-11-06T15:45:54+00:00,2019-04-26
18d4b9fcd6dea2362208832e590d3fb0,VirusShare_00495,vbclone,196740,exe,trojan,65.67,2021-11-05T07:42:37+00:00,2019-04-26
18f9af75f4d5d9408000b3013f8ed8dc,VirusShare_00495,vbclone,192783,exe,trojan,66.67,2021-11-05T21:05:09+00:00,2019-04-26
19547e7a8c09d5831469e82a39e59197,VirusShare_00495,vbclone,196683,exe,trojan,68.12,2021-11-03T00:15:56+00:00,2019-04-26
19e155a4735fb8ad75d19090e0b3ad67,VirusShare_00495,vbclone,196674,exe,trojan,66.67,2021-11-05T21:37:57+00:00,2019-04-26
1a00d7cd0192f08b61b791ba235ed6f1,VirusShare_00495,vbclone,196673,exe,trojan,69.57,2021-11-03T00:15:46+00:00,2019-04-26
1aab334d47015d64f18374dc3719d90b,VirusShare_00495,vbclone,196661,exe,trojan,77.61,2021-11-08T14:05:44+00:00,2019-04-26
1aed870ddbd971c4c58b447ee0fe5884,VirusShare_00495,vbclone,192761,exe,trojan,66.67,2021-11-05T21:06:06+00:00,2019-04-26
1b28d40f6a53995685360938f6945bae,VirusShare_00495,vbclone,196657,exe,trojan,78.26,2021-11-05T21:57:37+00:00,2019-04-26
1b371de4152c0a3f46267f1324556f8f,VirusShare_00495,vbclone,196703,exe,trojan,67.16,2021-11-05T07:42:30+00:00,2019-04-26
1c44ef1009e5209c3a92f12aad55004f,VirusShare_00495,vbclone,196696,exe,trojan,65.22,2021-11-03T00:15:57+00:00,2019-04-26
1c7fbd94d7fae9c975e5d9a2b80d4384,VirusShare_00495,vbclone,192849,exe,trojan,62.32,2021-10-31T12:20:35+00:00,2019-04-26
1d37319f0a2848d60a16b21a500370c2,VirusShare_00495,vbclone,196714,exe,trojan,68.12,2021-11-08T11:01:58+00:00,2019-04-26
1d81efb75a2e5301d535e15a95e24447,VirusShare_00495,vbclone,196720,exe,trojan,78.46,2021-11-08T20:59:48+00:00,2019-04-26
1e0fc8c8dcad82425e3fa9c8a393fd5a,VirusShare_00495,vbclone,192660,exe,trojan,69.57,2021-10-31T17:37:08+00:00,2019-04-26
1e3d97aadb23e82383bf86885f59e612,VirusShare_00495,vbclone,196741,exe,trojan,65.67,2021-11-08T11:01:57+00:00,2019-04-26
1e4db74cbaf1283a83881d43126b7778,VirusShare_00495,vbclone,192715,exe,trojan,67.16,2021-11-02T11:27:18+00:00,2019-04-26
1e6a4a8c3700a21edd073de3b6eef9e1,VirusShare_00495,vbclone,196687,exe,trojan,69.57,2021-11-03T00:16:06+00:00,2019-04-26
1ed8df3bd0dc1a26cac5e8a7ea96480a,VirusShare_00495,vbclone,192702,exe,trojan,67.16,2021-11-01T05:22:17+00:00,2019-04-26
1f5e5dc68f2958a57f5bfe9d8cff82c8,VirusShare_00495,vbclone,196719,exe,trojan,64.62,2021-11-03T00:16:13+00:00,2019-04-26
1f6c22d1927ccb30baf0b2f76d50a2c4,VirusShare_00495,vbclone,196744,exe,trojan,65.22,2021-11-08T11:01:42+00:00,2019-04-26
20140f581f48fe668b256c30e16a1082,VirusShare_00495,vbclone,192953,exe,trojan,70.15,2021-11-04T11:50:50+00:00,2019-04-26
206044316c53810c08b39b3a22d83c2a,VirusShare_00495,vbclone,192735,exe,trojan,65.22,2021-11-04T17:58:11+00:00,2019-04-26
209f70483c4985d597519a9ee957632d,VirusShare_00495,vbclone,196718,exe,trojan,63.24,2021-11-06T21:52:13+00:00,2019-04-26
212081aca348f6ec0d6397b5c99eeb97,VirusShare_00495,vbclone,192722,exe,trojan,77.94,2021-11-07T07:19:36+00:00,2019-04-26
21ecd2c19ef51202ad71e94a33105270,VirusShare_00495,vbclone,196696,exe,trojan,66.18,2021-11-03T00:15:44+00:00,2019-04-26
227503f0431e121e5772fa138d6d79de,VirusShare_00495,vbclone,192726,exe,trojan,68.12,2021-10-31T14:09:11+00:00,2019-04-26
23e7fc8ab238288a04f2064ac6c3bc1c,VirusShare_00495,vbclone,192729,exe,trojan,67.16,2021-11-03T05:19:55+00:00,2019-04-26
23ea1c8cd32dc9bf58b4cdbc62da7575,VirusShare_00495,vbclone,196705,exe,trojan,79.41,2021-11-06T08:17:02+00:00,2019-04-26
24c161504ba93beb8ddac2f0c43d5a38,VirusShare_00495,vbclone,196746,exe,trojan,66.67,2021-11-08T11:01:59+00:00,2019-04-26
256d34e27fc3af3e6778cc51aabc900f,VirusShare_00495,vbclone,196732,exe,trojan,66.67,2021-11-08T11:01:59+00:00,2019-04-26
257eb73d15fd31bda6f14a89d069aa40,VirusShare_00495,vbclone,192843,exe,trojan,64.18,2021-10-31T12:20:30+00:00,2019-04-26
25c0267b84846e51f1b9f34568fc4ca8,VirusShare_00495,vbclone,196674,exe,trojan,76.12,2021-11-06T05:16:20+00:00,2019-04-26
25cdc1ab9e0faf5611f9ba376967f153,VirusShare_00495,vbclone,192752,exe,trojan,68.66,2021-11-02T11:27:24+00:00,2019-04-26
25fe7999d40ef4030c081b3e16e50c28,VirusShare_00495,vbclone,196700,exe,trojan,77.94,2021-11-09T10:58:56+00:00,2019-04-26
2660f8798f6bb6f4caf5d8a20c4aa8b0,VirusShare_00495,vbclone,192691,exe,trojan,69.57,2021-11-01T05:22:33+00:00,2019-04-26
273a242bf38cf01f85dfa6f76d922cb6,VirusShare_00495,vbclone,196735,exe,trojan,63.77,2021-11-08T11:01:50+00:00,2019-04-26
2748db9cf7a333f055c41cbb5fd57d76,VirusShare_00495,vbclone,196704,exe,trojan,59.38,2021-11-06T21:52:17+00:00,2019-04-26
2751cae598b0c9d8f8cc50c5dba381ac,VirusShare_00495,vbclone,196710,exe,trojan,76.12,2021-11-10T00:16:39+00:00,2019-04-26
28c904026e744ccf9ec707e041467853,VirusShare_00495,vbclone,196711,exe,trojan,82.61,2021-11-06T04:44:37+00:00,2019-04-26
28fd0196a793ad84d875a7382c7f3f1c,VirusShare_00495,vbclone,196667,exe,trojan,79.71,2021-11-06T01:26:19+00:00,2019-04-26
2a2921b196c70d31ccee03468aa2c2ab,VirusShare_00495,vbclone,192849,exe,trojan,61.76,2021-10-31T12:20:26+00:00,2019-04-26
2a39928a2a2d3324d1b49370685a4482,VirusShare_00495,vbclone,192675,exe,trojan,76.47,2021-11-02T04:35:00+00:00,2019-04-26
2a7f98dd08c285f8be021487b5a6d7e2,VirusShare_00495,vbclone,192921,exe,trojan,63.24,2021-11-04T11:50:48+00:00,2019-04-26
2aa2a6fc37f9423cfc29ed6204984f16,VirusShare_00495,vbclone,196691,exe,trojan,66.67,2021-11-03T00:15:54+00:00,2019-04-26
2b237ca46ccddf9914a0bfb734feca0e,VirusShare_00495,vbclone,196723,exe,trojan,68.12,2021-11-05T07:42:41+00:00,2019-04-26
2b55867c25a5615a3f8a6e1a5f53ff47,VirusShare_00495,vbclone,192728,exe,trojan,68.66,2021-10-31T14:09:10+00:00,2019-04-26
2be99f2cacc0ae35da03665993a68571,VirusShare_00495,vbclone,196717,exe,trojan,66.67,2021-11-03T00:16:04+00:00,2019-04-26
2bf0d3b69971fbdd285149db19b18ba8,VirusShare_00495,vbclone,192710,exe,trojan,69.57,2021-10-31T14:09:10+00:00,2019-04-26
2c696bb26e6aa1b7b5cf02e6408ac3d5,VirusShare_00495,vbclone,196692,exe,trojan,63.24,2021-11-05T21:37:56+00:00,2019-04-26
2d1b4eab7af2855f6f100a390fa25e2c,VirusShare_00495,vbclone,196702,exe,trojan,67.65,2021-11-03T00:15:49+00:00,2019-04-26
2d3da2739d9eb7b6046387f17eda740e,VirusShare_00495,vbclone,196677,exe,trojan,77.61,2021-11-09T05:50:46+00:00,2019-04-26
2d6e5ffd34901c4140424b89fda56136,VirusShare_00495,vbclone,196722,exe,trojan,66.18,2021-11-08T11:01:44+00:00,2019-04-26
2e869455b054ab5aa805e7c8520e8b98,VirusShare_00495,vbclone,196655,exe,trojan,79.71,2021-11-07T01:01:01+00:00,2019-04-26
2f6d3a9f5a8dbbbd9df1611a92c6b5e2,VirusShare_00495,vbclone,196735,exe,trojan,64.71,2021-11-05T10:13:19+00:00,2019-04-26
2fc33dcae39d3037c2f693e70e334cc6,VirusShare_00495,vbclone,196678,exe,trojan,68.12,2021-11-03T00:15:50+00:00,2019-04-26
2fc96a469170833089bed971f238c425,VirusShare_00495,vbclone,192705,exe,trojan,76.81,2021-11-07T06:29:31+00:00,2019-04-26
30e2d014ff7342c85d856c0dcf9fc8e9,VirusShare_00495,vbclone,192721,exe,trojan,66.67,2021-11-03T05:19:51+00:00,2019-04-26
30e6baf0fc3e1b74382501bd015c8b22,VirusShare_00495,vbclone,192700,exe,trojan,63.77,2021-10-31T14:09:18+00:00,2019-04-26
33262ebd979fedb18cd829fd78df350c,VirusShare_00495,vbclone,196749,exe,trojan,61.76,2021-11-06T22:01:54+00:00,2019-04-26
332698cde4ed08f53d26406e71f62287,VirusShare_00495,vbclone,196694,exe,trojan,69.57,2021-11-03T00:16:13+00:00,2019-04-26
33d15037f89f4387a67c6f40201502e8,VirusShare_00495,vbclone,196661,exe,trojan,77.94,2021-11-07T05:53:17+00:00,2019-04-26
346a7c42f613e2d7e248239ae1c4ad80,VirusShare_00495,vbclone,196682,exe,trojan,66.18,2021-11-02T22:16:45+00:00,2019-04-26
3470fff6b388f0b064fdcc0eba15dd0a,VirusShare_00495,vbclone,192679,exe,trojan,68.12,2021-11-01T05:22:31+00:00,2019-04-26
34e399dbaa63dfa945b66a1becd59a59,VirusShare_00495,vbclone,196678,exe,trojan,62.69,2021-11-01T06:26:22+00:00,2019-04-26
352c81d5af95dfc73fd27313ae56b288,VirusShare_00495,vbclone,192747,exe,trojan,68.12,2021-11-05T21:04:58+00:00,2019-04-26
35d83af3f5f8f729daf06a8e6b1ab014,VirusShare_00495,vbclone,192736,exe,trojan,68.12,2021-11-02T11:28:05+00:00,2019-04-26
364f2b49ca7baecb0b6d64845b6f2054,VirusShare_00495,vbclone,196692,exe,trojan,60.0,2021-11-08T07:46:08+00:00,2019-04-26
3740d2677ff34f28f1501261cd793264,VirusShare_00495,vbclone,196700,exe,trojan,68.12,2021-11-03T00:16:02+00:00,2019-04-26
3748b9ecccec577288a8c49e59b6e371,VirusShare_00495,vbclone,196712,exe,trojan,69.12,2021-11-08T11:01:51+00:00,2019-04-26
3807e1a191f9e83b548faa8ac144119c,VirusShare_00495,vbclone,196701,exe,trojan,78.26,2021-11-08T12:13:30+00:00,2019-04-26
3815bbce38985bb533d836781e53bf38,VirusShare_00495,vbclone,192817,exe,trojan,78.26,2021-11-08T16:07:53+00:00,2019-04-26
381ec1cf7b36f19a3feb62a32e7ddb44,VirusShare_00495,vbclone,196666,exe,trojan,82.35,2021-11-08T07:55:27+00:00,2019-04-26
381f2ff0e4dd871fe2e03242dee9c5c2,VirusShare_00495,vbclone,192695,exe,trojan,67.65,2021-11-01T05:22:26+00:00,2019-04-26
382a1a552b08b2b8effccd1e5e99bbfe,VirusShare_00495,vbclone,192782,exe,trojan,66.67,2021-11-05T21:04:59+00:00,2019-04-26
384f9f0039e850dc9882186498c4d8f6,VirusShare_00495,vbclone,192717,exe,trojan,69.57,2021-11-03T05:19:46+00:00,2019-04-26
385cd9ef377c670d86b4f5e56ba9d2d4,VirusShare_00495,vbclone,196708,exe,trojan,68.12,2021-11-03T00:16:04+00:00,2019-04-26
390de81af2799c73bdec00920eb189b7,VirusShare_00495,vbclone,192715,exe,trojan,67.65,2021-11-02T11:28:08+00:00,2019-04-26
3936bc2d8ad2a634b10fc17663a1de37,VirusShare_00495,vbclone,192709,exe,trojan,67.65,2021-11-03T05:19:58+00:00,2019-04-26
396eb28e2de92e17033b65a9693ef1f8,VirusShare_00495,vbclone,196686,exe,trojan,77.27,2021-11-08T21:13:41+00:00,2019-04-26
398804be6223afb45d55b9e73a7cce3c,VirusShare_00495,vbclone,196684,exe,trojan,75.36,2021-11-08T17:41:42+00:00,2019-04-26
3a0b58d22aa02e0e755e30bfad217e2e,VirusShare_00495,vbclone,192836,exe,trojan,76.81,2021-11-09T10:04:21+00:00,2019-04-26
3a6be00d9216bc71796deff8f03428ed,VirusShare_00495,vbclone,192666,exe,trojan,77.61,2021-11-05T22:30:01+00:00,2019-04-26
3a982e76ae520f840dbefa49c0f3dbc1,VirusShare_00495,vbclone,196723,exe,trojan,64.71,2021-11-05T07:42:44+00:00,2019-04-26
3ac475ccab320b5c034ad79284e47f04,VirusShare_00495,vbclone,196686,exe,trojan,75.76,2021-11-06T06:29:57+00:00,2019-04-26
3ca5076abc451fa6f404089025b35b95,VirusShare_00495,vbclone,196713,exe,trojan,66.67,2021-11-08T11:01:45+00:00,2019-04-26
3d4b126e5b2816c4744dc13525e838dc,VirusShare_00495,vbclone,192790,exe,trojan,78.26,2021-10-31T18:35:25+00:00,2019-04-26
3d73d614795cb96bc3cee945fee07d26,VirusShare_00495,vbclone,196738,exe,trojan,64.71,2021-11-05T07:42:42+00:00,2019-04-26
3db2904c7171b2c8b22f8603e700493a,VirusShare_00495,vbclone,196689,exe,trojan,65.67,2021-11-02T12:41:19+00:00,2019-04-26
3e2fda0265192922bbeda7f12438f902,VirusShare_00495,vbclone,196720,exe,trojan,65.22,2021-11-08T11:01:53+00:00,2019-04-26
3f98631325f7b0ca45e93d6b5c1ab743,VirusShare_00495,vbclone,192687,exe,trojan,70.59,2021-11-01T05:22:29+00:00,2019-04-26
3fe49ab0b8370d1296d27aa2a0fb3800,VirusShare_00495,vbclone,196690,exe,trojan,64.18,2021-11-08T07:46:03+00:00,2019-04-26
400f9e57d0d6b8c29c432fcfb2e45004,VirusShare_00495,vbclone,196686,exe,trojan,76.12,2021-11-07T09:24:05+00:00,2019-04-26
401a764c9faf3e5a00e8a0bad426cd96,VirusShare_00495,vbclone,196691,exe,trojan,63.77,2021-11-08T07:45:56+00:00,2019-04-26
40565dafd58c1ea7541f3257bb25ad9e,VirusShare_00495,vbclone,196724,exe,trojan,68.12,2021-11-03T00:16:01+00:00,2019-04-26
405d0ff689c320c72fca50031c56e75d,VirusShare_00495,vbclone,196722,exe,trojan,68.66,2021-11-08T11:02:01+00:00,2019-04-26
409ea26cd7f2ebc859cc46f907258a1c,VirusShare_00495,vbclone,196686,exe,trojan,78.46,2021-11-06T03:54:44+00:00,2019-04-26
40dec01b159baf1ac44f4581ba483cbb,VirusShare_00495,vbclone,192729,exe,trojan,69.57,2021-11-02T11:27:10+00:00,2019-04-26
4115d9dfd71202d7aaca4d22b6a86a1f,VirusShare_00495,vbclone,192753,exe,trojan,64.71,2021-11-05T21:05:05+00:00,2019-04-26
4134fb069b203f3f2512ea298cced0e9,VirusShare_00495,vbclone,196701,exe,trojan,61.76,2021-11-08T07:45:55+00:00,2019-04-26
417c375a1909f1899d0b7cf0ab86456a,VirusShare_00495,vbclone,192704,exe,trojan,66.18,2021-11-03T05:20:00+00:00,2019-04-26
41c4b69c0ac2d122d5258e484708b211,VirusShare_00495,vbclone,196741,exe,trojan,64.18,2021-11-05T07:42:33+00:00,2019-04-26
41f9d2be16fc1a7b98f28ab0d189fe5b,VirusShare_00495,vbclone,196695,exe,trojan,62.32,2021-11-08T07:45:55+00:00,2019-04-26
421517dbaa55124e0502db0c50ac95a2,VirusShare_00495,vbclone,196667,exe,trojan,81.16,2021-11-08T10:26:21+00:00,2019-04-26
4215cc8ea7e33c005510bd2362a05d65,VirusShare_00495,vbclone,192707,exe,trojan,67.65,2021-11-03T05:19:48+00:00,2019-04-26
42f16ce70f27e4d64dcefd31074fdf06,VirusShare_00495,vbclone,192868,exe,trojan,80.88,2021-11-05T21:12:01+00:00,2019-04-26
430aa66284e66834f15f98874e82b718,VirusShare_00495,vbclone,196699,exe,trojan,65.22,2021-11-05T10:13:24+00:00,2019-04-26
4323f9eac84a3573b33ef79ab315436d,VirusShare_00495,vbclone,196749,exe,trojan,66.67,2021-11-08T11:01:56+00:00,2019-04-26
43b8aaeca065e2f7aa5a464fe01796ba,VirusShare_00495,vbclone,192953,exe,trojan,68.12,2021-11-04T11:50:42+00:00,2019-04-26
43cc2f2c8850d02f31ef3df5d7471d19,VirusShare_00495,vbclone,192862,exe,trojan,81.16,2021-11-06T21:33:41+00:00,2019-04-26
458fff8db9bad88fe06b60e7b2943dc7,VirusShare_00495,vbclone,192710,exe,trojan,67.19,2021-11-01T05:22:30+00:00,2019-04-26
45ab29bdb9cff7ac8c2ecc6d82f3b418,VirusShare_00495,vbclone,196744,exe,trojan,62.12,2021-11-05T10:13:16+00:00,2019-04-26
45deee4a2c07b92268a084b16c03625b,VirusShare_00495,vbclone,192676,exe,trojan,69.57,2021-10-31T17:37:08+00:00,2019-04-26
474c0234e59d175d2994d0d387bba047,VirusShare_00495,vbclone,196752,exe,trojan,75.36,2021-11-09T18:35:19+00:00,2019-04-26
4763c144e3fe982135c3e40e07bd8d18,VirusShare_00495,vbclone,196753,exe,trojan,63.79,2021-11-08T11:01:49+00:00,2019-04-26
4802a1dc5075e63445b655a1479c7fe7,VirusShare_00495,vbclone,196751,exe,trojan,65.22,2021-11-08T11:01:59+00:00,2019-04-26
48492f353392afd25aa8b773e28c8942,VirusShare_00495,vbclone,192673,exe,trojan,68.12,2021-10-31T17:37:26+00:00,2019-04-26
48ca22c372c34fa10cfb336d807434fc,VirusShare_00495,vbclone,192850,exe,trojan,61.76,2021-10-31T12:20:24+00:00,2019-04-26
48d0dc06873f325dda822c99e5add98e,VirusShare_00495,vbclone,196692,exe,trojan,69.57,2021-11-02T12:41:08+00:00,2019-04-26
48d514dc7ef5b85b740379ecc4ff2610,VirusShare_00495,vbclone,196693,exe,trojan,66.13,2021-11-05T21:37:57+00:00,2019-04-26
491329b2b6c8300ca65ed65b0ce6d6b0,VirusShare_00495,vbclone,192754,exe,trojan,67.65,2021-11-04T11:30:18+00:00,2019-04-26
49777c65decf8586a3c56b2cd510b87f,VirusShare_00495,vbclone,196720,exe,trojan,64.71,2021-11-05T07:42:27+00:00,2019-04-26
499e871af46a4bf06ccc715c5ca2fdee,VirusShare_00495,vbclone,196719,exe,trojan,69.12,2021-11-08T11:01:47+00:00,2019-04-26
49d106b51505692a395b1d4b3130a8ec,VirusShare_00495,vbclone,196741,exe,trojan,66.67,2021-11-05T07:42:30+00:00,2019-04-26
4a98fb49ff4fa70e9733ccc0fccaea93,VirusShare_00495,vbclone,192733,exe,trojan,79.41,2021-11-08T08:21:52+00:00,2019-04-26
4abc5d1bf9464e01df7308d9fb63069d,VirusShare_00495,vbclone,192949,exe,trojan,61.76,2021-11-04T11:50:52+00:00,2019-04-26
4b11d0222d137599e2f4696da93e7a89,VirusShare_00495,vbclone,196789,exe,trojan,73.02,2021-11-09T18:05:52+00:00,2019-04-26
4b5fe81386957b24301e1f7d18d03a66,VirusShare_00495,vbclone,196727,exe,trojan,67.16,2021-11-08T11:01:51+00:00,2019-04-26
4be41dfd87098e3d2a599902d002cd77,VirusShare_00495,vbclone,196750,exe,trojan,66.67,2021-11-08T11:01:58+00:00,2019-04-26
4c110509b8471db818b198ba87afce90,VirusShare_00495,vbclone,192777,exe,trojan,65.22,2021-11-05T21:05:03+00:00,2019-04-26
4c55b502f42e35fce0eb71b80415164a,VirusShare_00495,vbclone,192741,exe,trojan,67.65,2021-11-04T17:58:32+00:00,2019-04-26
4c6020bb430ad5ba74a2580472365a80,VirusShare_00495,vbclone,196718,exe,trojan,65.15,2021-11-05T07:42:36+00:00,2019-04-26
4c61aa37180873c2b8d71c7b2084d339,VirusShare_00495,vbclone,192700,exe,trojan,64.71,2021-11-01T05:22:28+00:00,2019-04-26
4c61fcab3a53405233abf24aa3f3b43b,VirusShare_00495,vbclone,192699,exe,trojan,69.57,2021-11-01T05:22:36+00:00,2019-04-26
4d7d207443892368f52e5e6f95c9b1a4,VirusShare_00495,vbclone,192640,exe,trojan,63.77,2021-11-05T22:15:45+00:00,2019-04-26
4df69e466afda4e002480d3fe9326411,VirusShare_00495,vbclone,192675,exe,trojan,69.57,2021-10-31T17:37:27+00:00,2019-04-26
4ee3a2b2083345b76eddc0b46786a560,VirusShare_00495,vbclone,192707,exe,trojan,64.71,2021-11-01T05:22:18+00:00,2019-04-26
5067a226863c4904ce0310e78da72d5a,VirusShare_00495,vbclone,196744,exe,trojan,68.66,2021-11-08T11:01:51+00:00,2019-04-26
50ddcd3056f194d2180dc29b82c4a68e,VirusShare_00495,vbclone,192675,exe,trojan,69.57,2021-10-31T17:37:24+00:00,2019-04-26
50fd5bb21a1dc345690119ec905b81e6,VirusShare_00495,vbclone,196672,exe,trojan,76.12,2021-11-05T00:00:16+00:00,2019-04-26
5214a4bf31411b3af3d0ad81cc59a67d,VirusShare_00495,vbclone,196704,exe,trojan,66.18,2021-11-03T00:15:45+00:00,2019-04-26
526f4888667513e3c76b1e293f52f211,VirusShare_00495,vbclone,196751,exe,trojan,66.67,2021-11-08T11:01:58+00:00,2019-04-26
52e52d77ad1d86167c651972ca54e0fa,VirusShare_00495,vbclone,196674,exe,trojan,68.12,2021-11-03T00:15:54+00:00,2019-04-26
53dff290a1cd89998cc02dff2157ffe8,VirusShare_00495,vbclone,196673,exe,trojan,74.24,2021-11-04T13:35:40+00:00,2019-04-26
545538723d66d94747917b955ef61099,VirusShare_00495,vbclone,196736,exe,trojan,65.67,2021-11-05T10:13:18+00:00,2019-04-26
54dff1726f658e13221fc5f45314a3dc,VirusShare_00495,vbclone,196718,exe,trojan,66.67,2021-11-08T11:01:57+00:00,2019-04-26
560d4e5f94914dda5d07f15b6393e21b,VirusShare_00495,vbclone,192729,exe,trojan,68.12,2021-11-02T11:28:09+00:00,2019-04-26
563e75fc821b93e5e5f4f6ffeaf97087,VirusShare_00495,vbclone,196736,exe,trojan,65.22,2021-11-08T11:01:50+00:00,2019-04-26
56459e1d0594abde8a4bf9fcf1c420e5,VirusShare_00495,vbclone,196777,exe,trojan,63.49,2021-11-09T00:32:59+00:00,2019-04-26
56778c00e6635b5164cd2aef7ee9a22d,VirusShare_00495,vbclone,196692,exe,trojan,65.22,2021-11-03T00:15:43+00:00,2019-04-26
56dc09dd90f7dc1ef98cff77d9a1c515,VirusShare_00495,vbclone,192722,exe,trojan,72.46,2021-11-07T22:21:52+00:00,2019-04-26
577ef7d81a47edab13905e3561832ed5,VirusShare_00495,vbclone,196690,exe,trojan,65.67,2021-11-02T12:41:10+00:00,2019-04-26
57806df58ffec5c2c65696c55eb9f839,VirusShare_00495,vbclone,196690,exe,trojan,65.22,2021-11-06T02:29:37+00:00,2019-04-26
5874546c53de961445fb79e3162a4302,VirusShare_00495,vbclone,196784,exe,trojan,64.29,2021-11-07T10:48:29+00:00,2019-04-26
58f39f23030abee33b64a5f9674ff976,VirusShare_00495,vbclone,196686,exe,trojan,63.24,2021-11-08T07:46:05+00:00,2019-04-26
590886d0f527a88cf2bbf118c0ec4968,VirusShare_00495,vbclone,196709,exe,trojan,79.41,2021-11-05T13:58:08+00:00,2019-04-26
596ff8fde4122a143104308a4e8f1ac5,VirusShare_00495,vbclone,196697,exe,trojan,78.26,2021-11-04T14:05:22+00:00,2019-04-26
598adf7d93ba631e06a340dc93698ce3,VirusShare_00495,vbclone,192720,exe,trojan,66.18,2021-10-31T14:09:19+00:00,2019-04-26
59a81e6d73aa3385b058b86864fde31f,VirusShare_00495,vbclone,192772,exe,trojan,64.71,2021-11-05T21:05:19+00:00,2019-04-26
59fc00cee8d9a4c53640072e51a24773,VirusShare_00495,vbclone,192709,exe,trojan,71.64,2021-10-31T14:09:13+00:00,2019-04-26
5a058a11f3b1dc822fe73f0c41d6649e,VirusShare_00495,vbclone,196718,exe,trojan,66.67,2021-11-08T11:01:48+00:00,2019-04-26
5ae4bd884c7b191d0409d02efc938fca,VirusShare_00495,vbclone,192742,exe,trojan,71.01,2021-11-02T11:27:09+00:00,2019-04-26
5b0756d9c7c6ee7d0b24c724f2a4efec,VirusShare_00495,vbclone,192702,exe,trojan,61.19,2021-11-03T05:19:54+00:00,2019-04-26
5b2f1ec8f4a71825b92cde0c3e390e67,VirusShare_00495,vbclone,196683,exe,trojan,62.32,2021-11-01T06:26:10+00:00,2019-04-26
5c257328644cf43c4e966e89ed9cecad,VirusShare_00495,vbclone,196667,exe,trojan,76.47,2021-11-05T09:08:31+00:00,2019-04-26
5cefe8b9dbfb97a615cdfd04970de017,VirusShare_00495,vbclone,196652,exe,trojan,79.1,2021-11-07T09:03:08+00:00,2019-04-26
5d1c326a52d8a6ccc2d25ef360109df8,VirusShare_00495,vbclone,192665,exe,trojan,68.12,2021-10-31T17:37:09+00:00,2019-04-26
5d3f1d1c62bce56a209ee1efdde937d6,VirusShare_00495,vbclone,196701,exe,trojan,76.47,2021-11-08T20:51:48+00:00,2019-04-26
5d8a27675e8c9ecaa81b9f23d287ae8b,VirusShare_00495,vbclone,196724,exe,trojan,77.94,2021-11-09T02:07:39+00:00,2019-04-26
5db3fbd4bdaa3036409ae2113f8a83e9,VirusShare_00495,vbclone,192676,exe,trojan,80.3,2021-11-03T06:18:44+00:00,2019-04-26
5dc2bcc5dee98df5f85e8ac8a7f22237,VirusShare_00495,vbclone,196660,exe,trojan,77.61,2021-11-08T23:45:27+00:00,2019-04-26
5df0fde0132db4bdaaf87a4e150d7cb3,VirusShare_00495,vbclone,196718,exe,trojan,66.18,2021-11-05T07:42:25+00:00,2019-04-26
5df95e2e43920e3476ee4fa8cee951eb,VirusShare_00495,vbclone,196681,exe,trojan,82.61,2021-11-05T09:51:08+00:00,2019-04-26
5e01dd53b525a5b436a88984d426bc6c,VirusShare_00495,vbclone,192855,exe,trojan,78.79,2021-11-10T09:09:15+00:00,2019-04-26
5e51c1d950f199b19f3456f1614deafa,VirusShare_00495,vbclone,196686,exe,trojan,81.16,2021-11-05T22:54:59+00:00,2019-04-26
5f06d63f26dda5ef694b8e07669877f4,VirusShare_00495,vbclone,196741,exe,trojan,65.22,2021-11-08T11:01:50+00:00,2019-04-26
5f14db7a6010fc82db07a4a99b038b6f,VirusShare_00495,vbclone,196687,exe,trojan,67.65,2021-11-03T00:16:11+00:00,2019-04-26
5f4df05b1a019af9388d653a75e69618,VirusShare_00495,vbclone,192731,exe,trojan,68.12,2021-10-31T14:09:13+00:00,2019-04-26
5f85875e50fcaafb352f5d300b87d7c6,VirusShare_00495,vbclone,192729,exe,trojan,69.57,2021-10-31T14:09:19+00:00,2019-04-26
5f97b09c635ce154028b68eb9197270d,VirusShare_00495,vbclone,196715,exe,trojan,76.81,2021-11-09T01:58:13+00:00,2019-04-26
5fa0afb8b1baa1bae92d7bcf9fb99ec4,VirusShare_00495,vbclone,192731,exe,trojan,66.67,2021-11-03T05:19:54+00:00,2019-04-26
5fa3cdf1beb3168765aa4efc002efb2b,VirusShare_00495,vbclone,192716,exe,trojan,69.57,2021-11-02T11:27:14+00:00,2019-04-26
5fa413271e92c4f0282cc1bdf79d0df6,VirusShare_00495,vbclone,196677,exe,trojan,76.47,2021-11-06T07:46:46+00:00,2019-04-26
601cdf84143541f3dd147d3feb7a4c0f,VirusShare_00495,vbclone,192695,exe,trojan,67.65,2021-10-31T14:09:13+00:00,2019-04-26
604259a3e21f4d6f075c875e82d4a18e,VirusShare_00495,vbclone,192705,exe,trojan,68.12,2021-10-31T14:09:14+00:00,2019-04-26
605215b5d94ae9665ffdf2af31a66ff0,VirusShare_00495,vbclone,196720,exe,trojan,68.12,2021-11-08T11:01:48+00:00,2019-04-26
60f6998c009cc96c44b0af64e4a79eb6,VirusShare_00495,vbclone,196723,exe,trojan,63.24,2021-11-05T10:13:27+00:00,2019-04-26
618f037d5afead90e8a91111a7a33827,VirusShare_00495,vbclone,196687,exe,trojan,78.26,2021-11-05T00:13:22+00:00,2019-04-26
62383f124948bf8058d874560f105c4c,VirusShare_00495,vbclone,196670,exe,trojan,79.71,2021-11-07T04:30:18+00:00,2019-04-26
62a99abb766f9a1dab4922e01d491b4c,VirusShare_00495,vbclone,196659,exe,trojan,66.18,2021-11-02T12:41:12+00:00,2019-04-26
62d22aff1a11e5934ab995bb689577f1,VirusShare_00495,vbclone,192699,exe,trojan,68.12,2021-11-04T17:58:01+00:00,2019-04-26
63e3f5e7ec5f8dd0161550021e1c60a5,VirusShare_00495,vbclone,196661,exe,trojan,79.41,2021-11-06T03:39:29+00:00,2019-04-26
64cf537a26be412bc957463adba30f8f,VirusShare_00495,vbclone,196741,exe,trojan,65.22,2021-11-05T10:13:14+00:00,2019-04-26
64dd4deccf1203cfeca1b4d733b014d5,VirusShare_00495,vbclone,192712,exe,trojan,65.22,2021-11-04T17:58:48+00:00,2019-04-26
64e5befaefbfb7354c9b1be4fe64775a,VirusShare_00495,vbclone,196752,exe,trojan,66.67,2021-11-08T11:02:00+00:00,2019-04-26
65b1cb085a52230aa64371f7efa2bba7,VirusShare_00495,vbclone,196703,exe,trojan,60.29,2021-11-08T07:45:59+00:00,2019-04-26
6679009860df3e1d7614dc077dc621bf,VirusShare_00495,vbclone,192950,exe,trojan,78.26,2021-11-05T23:43:56+00:00,2019-04-26
66d4b8467f6925883cb1656bc066f546,VirusShare_00495,vbclone,196742,exe,trojan,69.12,2021-11-05T07:42:42+00:00,2019-04-26
66e31e350c9a9127689ccfb29ced8cf6,VirusShare_00495,vbclone,196734,exe,trojan,62.3,2021-11-05T10:12:39+00:00,2019-04-26
673ce4d7c5b80478cc5799e53d87d8a0,VirusShare_00495,vbclone,196746,exe,trojan,66.67,2021-11-08T11:01:48+00:00,2019-04-26
67982ffce308c17b8b20cfd82a9356b4,VirusShare_00495,vbclone,192752,exe,trojan,71.01,2021-11-05T21:06:05+00:00,2019-04-26
67f84e61dd44c690d285026277bc96e0,VirusShare_00495,vbclone,196702,exe,trojan,63.24,2021-11-08T07:45:56+00:00,2019-04-26
68023b35a9c68ad5f1c4112788a59e4a,VirusShare_00495,vbclone,192821,exe,trojan,79.41,2021-11-08T14:15:57+00:00,2019-04-26
681458d4828f1f57b1753bfad8586d3b,VirusShare_00495,vbclone,192726,exe,trojan,67.65,2021-10-31T14:09:14+00:00,2019-04-26
68a08522601ab8614ce72017f3b3db7e,VirusShare_00495,vbclone,196678,exe,trojan,64.71,2021-11-08T07:46:05+00:00,2019-04-26
68ab4072805164fa434666313e794625,VirusShare_00495,vbclone,196690,exe,trojan,68.12,2021-11-03T00:15:48+00:00,2019-04-26
68cc9a668f555ffdd2c780d55adb796f,VirusShare_00495,vbclone,196711,exe,trojan,81.16,2021-11-08T21:56:20+00:00,2019-04-26
68e1dc25959bf9bed9ae2462234cc34d,VirusShare_00495,vbclone,196675,exe,trojan,63.24,2021-11-08T07:45:59+00:00,2019-04-26
69404144063814e18161b7db61a03457,VirusShare_00495,vbclone,192707,exe,trojan,65.22,2021-11-01T05:22:25+00:00,2019-04-26
6953c579739b41c83a64c5075c364794,VirusShare_00495,vbclone,196666,exe,trojan,66.67,2021-11-02T22:16:42+00:00,2019-04-26
69c081e520d7c21e6cce0cfc1fd12aa5,VirusShare_00495,vbclone,196670,exe,trojan,68.12,2021-11-03T00:15:57+00:00,2019-04-26
6b0dde2a6c37e56591635121d36884e2,VirusShare_00495,vbclone,192728,exe,trojan,69.57,2021-11-03T05:20:01+00:00,2019-04-26
6b49d7f2fcb86acea223ac9d1c747189,VirusShare_00495,vbclone,192714,exe,trojan,82.35,2021-11-04T15:13:43+00:00,2019-04-26
6c0108ca5970bdd990aae03b8075b553,VirusShare_00495,vbclone,192706,exe,trojan,67.65,2021-11-03T05:19:54+00:00,2019-04-26
6c5cd0e452e579a934abca6d6c88ba5d,VirusShare_00495,vbclone,192676,exe,trojan,69.12,2021-10-31T17:37:00+00:00,2019-04-26
6c6db572b61e5ee9bf090ef42b0e569c,VirusShare_00495,vbclone,196672,exe,trojan,68.12,2021-11-03T00:15:53+00:00,2019-04-26
6d5fa9a30ad8b642e27ed38bfd9c1399,VirusShare_00495,vbclone,196702,exe,trojan,61.76,2021-11-08T07:46:08+00:00,2019-04-26
6dd0bddcc17fb75eb1a3a50e9f6979e9,VirusShare_00495,vbclone,192745,exe,trojan,81.16,2021-11-06T18:57:46+00:00,2019-04-26
6dd56c51e7b2e5872a90b2ae1af33356,VirusShare_00495,vbclone,192717,exe,trojan,68.12,2021-11-04T17:58:06+00:00,2019-04-26
6df3c70ad576066040f6b823e65717aa,VirusShare_00495,vbclone,196733,exe,trojan,66.67,2021-11-08T11:01:42+00:00,2019-04-26
6e4fbccc54f30987b865af389b85b516,VirusShare_00495,vbclone,196719,exe,trojan,66.67,2021-11-08T11:01:55+00:00,2019-04-26
6e6a6ad3e21846422055bee4650e0d2f,VirusShare_00495,vbclone,192718,exe,trojan,72.09,2021-11-08T06:04:30+00:00,2019-04-26
6ef676b3a0d8e1c36fb7cd1955e49296,VirusShare_00495,vbclone,192753,exe,trojan,66.18,2021-11-05T21:05:07+00:00,2019-04-26
6f2c268739449e3ec1f6842b772d39df,VirusShare_00495,vbclone,192800,exe,trojan,68.66,2021-11-04T05:10:24+00:00,2019-04-26
6f32dd750cfb5e6ed39bc30daeaa1832,VirusShare_00495,vbclone,196747,exe,trojan,64.71,2021-11-08T11:02:00+00:00,2019-04-26
6f80253f0b3f3b92fa28921b9e33d058,VirusShare_00495,vbclone,196705,exe,trojan,66.18,2021-11-05T10:13:23+00:00,2019-04-26
6fb4cbdea8d86304625b427d81d7f4fe,VirusShare_00495,vbclone,196663,exe,trojan,66.15,2021-11-02T12:41:11+00:00,2019-04-26
701f1c12341de40362a71d3c8b5c3b1b,VirusShare_00495,vbclone,192760,exe,trojan,70.59,2021-11-05T21:04:55+00:00,2019-04-26
70f9731b42931bd11c7dedcd7e58cf9a,VirusShare_00495,vbclone,196683,exe,trojan,80.0,2021-11-05T21:53:29+00:00,2019-04-26
71b93b508b9aa0fd5c92ec996f691c33,VirusShare_00495,vbclone,196743,exe,trojan,62.9,2021-11-08T11:01:43+00:00,2019-04-26
71cf74200fd93bad4df5f0e2da0db75c,VirusShare_00495,vbclone,196652,exe,trojan,79.71,2021-11-08T17:11:36+00:00,2019-04-26
71e58a03d022b60eedf26e81e2ad6ef4,VirusShare_00495,vbclone,196680,exe,trojan,79.41,2021-11-05T09:06:59+00:00,2019-04-26
72533c378888f1e641edb203daaed94d,VirusShare_00495,vbclone,196650,exe,trojan,79.71,2021-11-03T06:04:59+00:00,2019-04-26
7312aa6ab09d6beee11588540b8c24ea,VirusShare_00495,vbclone,192754,exe,trojan,69.12,2021-11-05T21:04:56+00:00,2019-04-26
73316a95255f2ef38cc4e81ead820ab9,VirusShare_00495,vbclone,196664,exe,trojan,81.16,2021-11-03T14:13:11+00:00,2019-04-26
73475df73ec6d52ac76fea813d3560c3,VirusShare_00495,vbclone,196754,exe,trojan,66.67,2021-11-08T11:01:45+00:00,2019-04-26
741ce0b4a417d76254069e5151fd93df,VirusShare_00495,vbclone,192713,exe,trojan,69.12,2021-11-02T11:28:10+00:00,2019-04-26
74ac179ff3a8bc02ee7e3aecd953640a,VirusShare_00495,vbclone,192665,exe,trojan,71.01,2021-10-31T17:37:02+00:00,2019-04-26
7548f78fc6ae7fdb7166f277d6c997ee,VirusShare_00495,vbclone,192714,exe,trojan,66.18,2021-11-01T05:22:18+00:00,2019-04-26
7594ee3ed92e49bc69a05e6f15598e46,VirusShare_00495,vbclone,196692,exe,trojan,68.12,2021-11-03T00:15:51+00:00,2019-04-26
75dd2b26f0f5fded8e33793ea8da0de3,VirusShare_00495,vbclone,196745,exe,trojan,65.22,2021-11-08T11:01:54+00:00,2019-04-26
7618330be0048ac915afb14c817462ef,VirusShare_00495,vbclone,196688,exe,trojan,77.27,2021-11-05T12:27:00+00:00,2019-04-26
766c59700d07ed52904f614595c16a4a,VirusShare_00495,vbclone,196733,exe,trojan,67.16,2021-11-05T07:42:35+00:00,2019-04-26
76c4a5a89f346aa11f00615abcd960f7,VirusShare_00495,vbclone,196702,exe,trojan,64.71,2021-11-05T10:13:20+00:00,2019-04-26
770a6d72ad77b71d121ba70b38674832,VirusShare_00495,vbclone,196702,exe,trojan,68.12,2021-11-05T07:42:24+00:00,2019-04-26
77a9f3384ed57cfbf8fd62e2368bd5a0,VirusShare_00495,vbclone,196704,exe,trojan,66.18,2021-11-05T07:42:30+00:00,2019-04-26
787ac3a3fb64d4a494c664d6b036194a,VirusShare_00495,vbclone,192954,exe,trojan,79.71,2021-11-06T09:05:02+00:00,2019-04-26
78d6787ac4e2ac403a02c0ff14247bb9,VirusShare_00495,vbclone,192764,exe,trojan,68.12,2021-11-05T21:05:05+00:00,2019-04-26
79dd004fc3d9379be3aa55280345d3d1,VirusShare_00495,vbclone,196721,exe,trojan,66.18,2021-11-03T00:16:05+00:00,2019-04-26
7a474e95b26e1b1b27edb07b3f90846a,VirusShare_00495,vbclone,196662,exe,trojan,82.35,2021-11-06T03:32:54+00:00,2019-04-26
7a74c4aecddec4d33e6f3a86ba925d77,VirusShare_00495,vbclone,192747,exe,trojan,66.67,2021-11-04T11:30:19+00:00,2019-04-26
7aed487b14c7b68f010306e4685d6c0b,VirusShare_00495,vbclone,196679,exe,trojan,82.61,2021-11-05T20:28:23+00:00,2019-04-26
7b2c04e7feb732a6c3edf5fc026b85df,VirusShare_00495,vbclone,192667,exe,trojan,66.15,2021-11-03T08:24:25+00:00,2019-04-26
7b40d7257c83a28e1dd5a5eb4e49c949,VirusShare_00495,vbclone,196669,exe,trojan,68.12,2021-11-03T00:15:50+00:00,2019-04-26
7b9cfdd3cd5b3a1f6367aee9440d4f71,VirusShare_00495,vbclone,196692,exe,trojan,81.16,2021-11-05T22:15:01+00:00,2019-04-26
7bb72efda11c27c2df3e43e234b8ffb6,VirusShare_00495,vbclone,196694,exe,trojan,67.65,2021-11-03T00:16:03+00:00,2019-04-26
7bd7ca180d7a3b7daccff267e05ec1ab,VirusShare_00495,vbclone,196703,exe,trojan,66.67,2021-11-05T07:42:44+00:00,2019-04-26
7c5ce816a3d49243ee83beb0f09f9fda,VirusShare_00495,vbclone,196690,exe,trojan,82.61,2021-11-05T19:57:00+00:00,2019-04-26
7d21ed11407592c3623bd38ff6b35892,VirusShare_00495,vbclone,192704,exe,trojan,75.36,2021-11-06T23:09:49+00:00,2019-04-26
7d367b53f6cfb5ad581e3d16c22cfdbf,VirusShare_00495,vbclone,192685,exe,trojan,66.18,2021-11-01T05:22:25+00:00,2019-04-26
7ed5ebaee57b8fd392a3182f2ba624c6,VirusShare_00495,vbclone,196689,exe,trojan,62.3,2021-11-05T21:38:02+00:00,2019-04-26
7ef4b4ed4bb50df7b2d86bf058d3a7bd,VirusShare_00495,vbclone,196724,exe,trojan,66.67,2021-11-08T11:01:58+00:00,2019-04-26
7f0347c86ec56b02bede3e02ded13d97,VirusShare_00495,vbclone,192663,exe,trojan,79.41,2021-11-04T07:09:18+00:00,2019-04-26
7f1c12b146cfbdb41991bb20aa67047e,VirusShare_00495,vbclone,192728,exe,trojan,68.12,2021-11-02T11:28:03+00:00,2019-04-26
7f6ed15fb360343e8bf864bb13ae002f,VirusShare_00495,vbclone,196701,exe,trojan,66.18,2021-11-03T00:15:57+00:00,2019-04-26
80306483e23412ca6149fc0e44ec3da4,VirusShare_00495,vbclone,196700,exe,trojan,65.22,2021-11-03T00:16:16+00:00,2019-04-26
8047ee4ffe77b587e270af385f1d69f7,VirusShare_00495,vbclone,196720,exe,trojan,79.41,2021-11-08T17:33:25+00:00,2019-04-26
8086dd993b12566c642aab743dc7f839,VirusShare_00495,vbclone,192673,exe,trojan,68.12,2021-10-31T17:37:02+00:00,2019-04-26
8099f99dec3047a034a36a5a5baa0f6f,VirusShare_00495,vbclone,192663,exe,trojan,67.65,2021-10-31T17:36:58+00:00,2019-04-26
813957eab10205c4e97e98a0033b6d02,VirusShare_00495,vbclone,196738,exe,trojan,63.77,2021-11-08T11:02:00+00:00,2019-04-26
813b3349947a90ff4419850498fdbe70,VirusShare_00495,vbclone,196699,exe,trojan,66.67,2021-11-03T00:16:00+00:00,2019-04-26
82588aafd8a3b98bf248e3e28e1867f4,VirusShare_00495,vbclone,196729,exe,trojan,65.52,2021-11-08T11:01:51+00:00,2019-04-26
82aa29ed568f33b890f977af5fc99086,VirusShare_00495,vbclone,196682,exe,trojan,75.76,2021-11-05T00:21:03+00:00,2019-04-26
82dae6ef48cd7e1bd17bee92a6f67d3f,VirusShare_00495,vbclone,196704,exe,trojan,61.76,2021-11-08T07:46:06+00:00,2019-04-26
83972ce580c73c6427122c1fd825bcfe,VirusShare_00495,vbclone,192663,exe,trojan,77.27,2021-11-02T12:35:14+00:00,2019-04-26
8423c9e00d364b073fc818b5e7c48fbc,VirusShare_00495,vbclone,192825,exe,trojan,64.18,2021-10-31T12:20:27+00:00,2019-04-26
845740fc840cf823e488c5d1eff6f6fa,VirusShare_00495,vbclone,196691,exe,trojan,66.18,2021-11-03T00:15:44+00:00,2019-04-26
85f3883040b0ca558538b35c08629873,VirusShare_00495,vbclone,196685,exe,trojan,69.57,2021-11-02T22:16:37+00:00,2019-04-26
86396e6566d3efa94067732cccef139e,VirusShare_00495,vbclone,196747,exe,trojan,62.9,2021-11-08T11:01:52+00:00,2019-04-26
864509b46d3e65941be5bef9d6c88709,VirusShare_00495,vbclone,196684,exe,trojan,76.47,2021-11-04T13:44:27+00:00,2019-04-26
86c2e047ead421c4fc6a0a69409eec61,VirusShare_00495,vbclone,196683,exe,trojan,64.71,2021-11-08T07:46:09+00:00,2019-04-26
8717b964afbdc1cf1b1ef3425069fcc3,VirusShare_00495,vbclone,196671,exe,trojan,79.71,2021-11-08T17:27:36+00:00,2019-04-26
8752fdb156a5efffc58707046cf29c2b,VirusShare_00495,vbclone,196682,exe,trojan,61.76,2021-11-08T07:45:59+00:00,2019-04-26
8938d0a5c8ab273dd8df4e7801345b68,VirusShare_00495,vbclone,196702,exe,trojan,64.29,2021-11-03T00:15:51+00:00,2019-04-26
8986d961dcb46b383cbc893a9beb19a4,VirusShare_00495,vbclone,196687,exe,trojan,61.76,2021-11-08T07:45:59+00:00,2019-04-26
89900b03a1ef087682c90677402bf068,VirusShare_00495,vbclone,192720,exe,trojan,77.94,2021-11-08T21:35:11+00:00,2019-04-26
89e857e42ece3017c704bfda46c3710b,VirusShare_00495,vbclone,192808,exe,trojan,67.69,2021-11-04T05:10:26+00:00,2019-04-26
8a0d6a851efbebc86c88f300798cf6be,VirusShare_00495,vbclone,192676,exe,trojan,68.12,2021-10-31T17:37:07+00:00,2019-04-26
8a247e85a6414bdc91b1221bf66949c6,VirusShare_00495,vbclone,196697,exe,trojan,79.41,2021-11-05T19:10:33+00:00,2019-04-26
8a54aa7de17eb4b237ab9d665bc0e92a,VirusShare_00495,vbclone,196672,exe,trojan,64.29,2021-11-03T00:15:52+00:00,2019-04-26
8a7339fa016fb32d0044766f6aad48e5,VirusShare_00495,vbclone,192721,exe,trojan,66.67,2021-11-03T05:19:59+00:00,2019-04-26
8a85ebfabdfd566175a18671ada9e8eb,VirusShare_00495,vbclone,192737,exe,trojan,68.12,2021-11-02T11:27:25+00:00,2019-04-26
8aa91f10c612429187b42066b0bcbb08,VirusShare_00495,vbclone,192702,exe,trojan,64.18,2021-11-03T05:20:01+00:00,2019-04-26
8ab9bafaedae07ed511a8b5bd70878da,VirusShare_00495,vbclone,196704,exe,trojan,67.16,2021-11-05T07:42:30+00:00,2019-04-26
8b002eb25f5f3ac9f15ec5984fa67807,VirusShare_00495,vbclone,192703,exe,trojan,71.01,2021-10-31T14:09:15+00:00,2019-04-26
8b1b3cd3b449d1da3cd31a67e6e40eb9,VirusShare_00495,vbclone,196693,exe,trojan,65.22,2021-11-03T00:15:46+00:00,2019-04-26
8b91d5068824d0073dcce83e40854f28,VirusShare_00495,vbclone,196696,exe,trojan,79.71,2021-11-07T00:32:33+00:00,2019-04-26
8bb3fd81bd4f052d5f3c97be34c00ff5,VirusShare_00495,vbclone,192736,exe,trojan,68.12,2021-11-02T11:28:09+00:00,2019-04-26
8bca87bdfb4cdb99326a6e1d810b563e,VirusShare_00495,vbclone,192729,exe,trojan,68.12,2021-11-02T11:27:11+00:00,2019-04-26
8bf0f75a01d8300cf19a95e94eb22fc3,VirusShare_00495,vbclone,192850,exe,trojan,62.32,2021-10-31T12:20:35+00:00,2019-04-26
8c4fba6820afdb7a98deabc564e2b0ea,VirusShare_00495,vbclone,196665,exe,trojan,76.47,2021-11-08T06:54:28+00:00,2019-04-26
8d980dba545603d0014d2a2e8588d8ae,VirusShare_00495,vbclone,196765,exe,trojan,76.81,2021-11-09T16:08:25+00:00,2019-04-26
8eac9afb8e91670680e72192137f3bf3,VirusShare_00495,vbclone,192683,exe,trojan,66.67,2021-11-01T05:22:18+00:00,2019-04-26
8f165347c30c332febbc3cf063a25c0d,VirusShare_00495,vbclone,196740,exe,trojan,64.71,2021-11-08T11:01:55+00:00,2019-04-26
8f244f0bc3cdd0e2867ded83775b8211,VirusShare_00495,vbclone,192678,exe,trojan,79.71,2021-11-04T04:54:15+00:00,2019-04-26
8f51c7491c7605596807100c3455a4bd,VirusShare_00495,vbclone,192751,exe,trojan,65.22,2021-11-02T11:28:09+00:00,2019-04-26
90d578c378796b9c2e15727f43fcd298,VirusShare_00495,vbclone,192778,exe,trojan,64.71,2021-11-05T21:05:06+00:00,2019-04-26
922b4e31b7b10b4566ce7c9a82b76d5a,VirusShare_00495,vbclone,196728,exe,trojan,64.18,2021-11-05T10:13:21+00:00,2019-04-26
944650c963aaf7c889ad431d7b438c8c,VirusShare_00495,vbclone,196695,exe,trojan,68.12,2021-11-03T00:15:53+00:00,2019-04-26
95acd4a1b42a8bce944a9f0557829768,VirusShare_00495,vbclone,196687,exe,trojan,68.66,2021-11-06T02:29:31+00:00,2019-04-26
9630168935cc56e9317b30518459bae3,VirusShare_00495,vbclone,196712,exe,trojan,63.77,2021-11-05T10:13:17+00:00,2019-04-26
9632286d59301cb638d10edb319ae045,VirusShare_00495,vbclone,196718,exe,trojan,63.64,2021-11-03T00:16:12+00:00,2019-04-26
96d00bd9efd4422bc425ac15ca4898dc,VirusShare_00495,vbclone,192746,exe,trojan,68.66,2021-11-05T21:04:58+00:00,2019-04-26
96dd413ca4116d55c2ce500d660a9268,VirusShare_00495,vbclone,196665,exe,trojan,79.69,2021-11-06T18:32:28+00:00,2019-04-26
9735bd8fce22b25563da61a26e53f4e0,VirusShare_00495,vbclone,196702,exe,trojan,66.18,2021-11-03T00:15:45+00:00,2019-04-26
9747ff7bf55f3bab0ef753f20ae07361,VirusShare_00495,vbclone,196695,exe,trojan,67.16,2021-11-03T00:15:48+00:00,2019-04-26
9758fbae1f8d2b85780ce2230773ba1f,VirusShare_00495,vbclone,196668,exe,trojan,68.12,2021-11-03T00:15:55+00:00,2019-04-26
97b9457f57c5c77051f19d9d45526274,VirusShare_00495,vbclone,196714,exe,trojan,77.27,2021-11-09T05:39:27+00:00,2019-04-26
97ea3544208436070cdb8ccdaa8fc4f8,VirusShare_00495,vbclone,196674,exe,trojan,68.12,2021-11-03T00:15:54+00:00,2019-04-26
986edba6cd75919c598aa332104ae72f,VirusShare_00495,vbclone,192936,exe,trojan,70.15,2021-11-04T11:50:49+00:00,2019-04-26
98b19fd17057ca648ef7397efd2ce719,VirusShare_00495,vbclone,192755,exe,trojan,69.12,2021-11-05T21:05:07+00:00,2019-04-26
98dd1c87a98a07378f92f245730244cf,VirusShare_00495,vbclone,196662,exe,trojan,80.88,2021-11-07T06:51:15+00:00,2019-04-26
992fa646146e498d63885fc26822b9da,VirusShare_00495,vbclone,196710,exe,trojan,68.18,2021-11-05T10:13:20+00:00,2019-04-26
998c38835b97acb8bec4b4f2a1ccffee,VirusShare_00495,vbclone,196700,exe,trojan,65.67,2021-11-05T10:13:14+00:00,2019-04-26
9b76981ff4fc6d364c992d33ade444d8,VirusShare_00495,vbclone,196692,exe,trojan,79.71,2021-11-05T14:00:30+00:00,2019-04-26
9b807220d989f52bf28b23f3885853d6,VirusShare_00495,vbclone,196745,exe,trojan,66.67,2021-11-08T11:01:47+00:00,2019-04-26
9bb04c3ae7e3d34f29d20c9194ec9ff3,VirusShare_00495,vbclone,192783,exe,trojan,66.18,2021-11-05T21:05:09+00:00,2019-04-26
9c79016bbb65d9b34e77481dc5290dea,VirusShare_00495,vbclone,196670,exe,trojan,78.26,2021-11-05T19:08:51+00:00,2019-04-26
9c967616de4ae42f88ca936470b2e087,VirusShare_00495,vbclone,196729,exe,trojan,65.52,2021-11-08T11:01:45+00:00,2019-04-26
9ca390eff8883c7f0da93c203b0d194e,VirusShare_00495,vbclone,192723,exe,trojan,63.77,2021-10-31T14:09:18+00:00,2019-04-26
9d11f92f4413d432ba3f7cf454357936,VirusShare_00495,vbclone,196715,exe,trojan,80.6,2021-11-07T21:25:29+00:00,2019-04-26
9d7ace52f25cbe6574ade49b36a73515,VirusShare_00495,vbclone,192728,exe,trojan,69.57,2021-10-31T14:09:16+00:00,2019-04-26
9de20e6f5d3826640cf9e50b3d38906d,VirusShare_00495,vbclone,192789,exe,trojan,82.54,2021-11-08T08:33:21+00:00,2019-04-26
9e4f9a579b796ba56ef7ecd4b1525f10,VirusShare_00495,vbclone,192761,exe,trojan,65.22,2021-11-05T21:05:04+00:00,2019-04-26
9ea3650d98636cb4d60c7febda9b2ee7,VirusShare_00495,vbclone,196789,exe,trojan,65.08,2021-11-09T00:32:59+00:00,2019-04-26
9ed1317851be56b0551d690cc5a2f4a6,VirusShare_00495,vbclone,196681,exe,trojan,78.26,2021-11-08T01:30:27+00:00,2019-04-26
9fd0a3f69b9e7a0807abd8d32ec798cc,VirusShare_00495,vbclone,192673,exe,trojan,78.26,2021-11-03T04:08:02+00:00,2019-04-26
a26d8bd22182002d7ba77254d867930a,VirusShare_00495,vbclone,192675,exe,trojan,79.71,2021-11-04T14:11:32+00:00,2019-04-26
a378c4b311d1a8e48d81f2176af3ea98,VirusShare_00495,vbclone,192744,exe,trojan,65.22,2021-11-04T17:58:09+00:00,2019-04-26
a91b120085f80c98ec360f35a91255d0,VirusShare_00495,vbclone,192747,exe,trojan,64.52,2021-11-02T11:27:24+00:00,2019-04-26
aad6df0798d3718a966875a0e8bcf512,VirusShare_00495,vbclone,192676,exe,trojan,68.12,2021-10-31T17:37:11+00:00,2019-04-26
b04921b3e38c5d6376be68a3db7d5dcf,VirusShare_00495,vbclone,192818,exe,trojan,74.63,2021-11-10T08:41:16+00:00,2019-04-26
b1477e5531fb24a9e98d951671c6298d,VirusShare_00495,vbclone,192731,exe,trojan,66.67,2021-11-04T20:52:32+00:00,2019-04-26
b16505d17ba1ce77d7d59da1b15f9172,VirusShare_00495,vbclone,196709,exe,trojan,67.16,2021-11-06T22:00:16+00:00,2019-04-26
b1b4225d5b19c42db697015224127c36,VirusShare_00495,vbclone,192854,exe,trojan,76.47,2021-11-09T07:07:06+00:00,2019-04-26
b1c114b5451b31841d27e87901220ce6,VirusShare_00495,vbclone,192855,exe,trojan,64.71,2021-11-07T21:05:46+00:00,2019-04-26
b1d8fa7838f5002d4211c3d8b779462d,VirusShare_00495,vbclone,196661,exe,trojan,72.06,2021-11-02T12:41:18+00:00,2019-04-26
b25a3d028ded265341cf4c7e074b7ede,VirusShare_00495,vbclone,196674,exe,trojan,63.24,2021-11-07T18:41:50+00:00,2019-04-26
b28d85535faf2aa422b20f08815d110c,VirusShare_00495,vbclone,196699,exe,trojan,65.67,2021-11-05T00:49:05+00:00,2019-04-26
b29c1111a09df370414e47e040bce21b,VirusShare_00495,vbclone,196682,exe,trojan,76.81,2021-11-07T21:51:10+00:00,2019-04-26
b3897a9b4af2b4ad3dc95739ee21478f,VirusShare_00495,vbclone,196723,exe,trojan,64.18,2021-11-05T07:42:27+00:00,2019-04-26
b3abfc1497665ca9503ee9a8b2806a0e,VirusShare_00495,vbclone,196707,exe,trojan,69.57,2021-11-03T00:16:15+00:00,2019-04-26
b3b98cf9455d27b987dc09b3c55b4800,VirusShare_00495,vbclone,192856,exe,trojan,63.77,2021-11-07T19:53:03+00:00,2019-04-26
b48d15990cdd3997ae2c1cf5746b9bd0,VirusShare_00495,vbclone,196706,exe,trojan,79.1,2021-11-05T09:15:44+00:00,2019-04-26
b4bdd4497357c8ab8bf902839cc2e520,VirusShare_00495,vbclone,192727,exe,trojan,71.01,2021-10-31T14:09:11+00:00,2019-04-26
b4dba3ab8789cd29747181544ae6b717,VirusShare_00495,vbclone,196660,exe,trojan,69.57,2021-10-31T19:43:45+00:00,2019-04-26
b50d1ab6ef1a259176471d7201e12a95,VirusShare_00495,vbclone,196740,exe,trojan,64.71,2021-11-05T07:42:33+00:00,2019-04-26
b550db282e74009f24778842f9fa424a,VirusShare_00495,vbclone,196699,exe,trojan,69.57,2021-11-03T00:15:53+00:00,2019-04-26
b5df2b116c3f0b6c30a1d69e34331fab,VirusShare_00495,vbclone,192734,exe,trojan,76.12,2021-11-06T14:34:33+00:00,2019-04-26
b5ed36f8866fd2adc29ef85e4bd86f58,VirusShare_00495,vbclone,196764,exe,trojan,62.9,2021-11-09T00:32:59+00:00,2019-04-26
b60f4aa359ea314fec0800cbb2418076,VirusShare_00495,vbclone,192856,exe,trojan,66.18,2021-11-07T21:19:47+00:00,2019-04-26
b6494af8ce8d357a9f642b2c8c61d5d8,VirusShare_00495,vbclone,196696,exe,trojan,69.57,2021-11-03T00:16:00+00:00,2019-04-26
b6704104cfaf624f6482b82a71dc46f0,VirusShare_00495,vbclone,192646,exe,trojan,65.22,2021-11-07T23:13:22+00:00,2019-04-26
b69f5121415bdb355b31341e17b39e15,VirusShare_00495,vbclone,192721,exe,trojan,71.43,2021-11-07T08:01:49+00:00,2019-04-26
b709d1488af9331a7cee393b211b9e12,VirusShare_00495,vbclone,192805,exe,trojan,66.67,2021-11-04T05:10:15+00:00,2019-04-26
b76750cdca0a2c667e2a327ca7af7f78,VirusShare_00495,vbclone,196705,exe,trojan,69.57,2021-10-30T22:03:33+00:00,2019-04-26
b7721b0c1c778535a539c57fbf2aac31,VirusShare_00495,vbclone,192856,exe,trojan,67.16,2021-11-06T08:03:11+00:00,2019-04-26
b7a2eda8fa15ebcee3aaeb0860fdf1a0,VirusShare_00495,vbclone,196699,exe,trojan,76.47,2021-11-06T13:41:54+00:00,2019-04-26
b81c105912a4ab63f34e73d66ecef5ab,VirusShare_00495,vbclone,196738,exe,trojan,69.7,2021-11-08T11:02:01+00:00,2019-04-26
b847cb49b85d60ff06c832475fd3e5a2,VirusShare_00495,vbclone,196687,exe,trojan,69.12,2021-11-07T20:04:55+00:00,2019-04-26
b879c79798f78c20fa22590406312e55,VirusShare_00495,vbclone,196747,exe,trojan,67.16,2021-11-08T11:01:43+00:00,2019-04-26
b87aea3b358579576824aae1c6b5e143,VirusShare_00495,vbclone,192685,exe,trojan,79.71,2021-11-06T09:18:03+00:00,2019-04-26
b88163d621cd123b12bd24fae51a29c5,VirusShare_00495,vbclone,192976,exe,trojan,66.67,2021-11-05T20:04:58+00:00,2019-04-26
b8f3be8e713e4776bf0ecede89791845,VirusShare_00495,vbclone,196730,exe,trojan,66.18,2021-11-08T11:01:57+00:00,2019-04-26
b901fd2c1d04a047102f85251d42b6e3,VirusShare_00495,vbclone,196717,exe,trojan,60.61,2021-11-08T07:46:08+00:00,2019-04-26
b920e122d704e7dc2c018e31fd88aea8,VirusShare_00495,vbclone,192847,exe,trojan,67.65,2021-11-07T19:24:05+00:00,2019-04-26
b9d69c1a180057eba228b30219e86865,VirusShare_00495,vbclone,192758,exe,trojan,66.67,2021-11-05T21:04:59+00:00,2019-04-26
b9dee3fcc26ed261eee3dea04eec18ac,VirusShare_00495,vbclone,192694,exe,trojan,69.57,2021-10-31T14:09:19+00:00,2019-04-26
b9e327362845a187946e143953d9388d,VirusShare_00495,vbclone,192843,exe,trojan,69.57,2021-11-07T20:40:25+00:00,2019-04-26
ba00b561724f8cdbf7755c99fc47041d,VirusShare_00495,vbclone,192544,exe,trojan,77.61,2021-11-05T17:09:32+00:00,2019-04-26
ba1ca16b6cca7acc615dd7934c1143ee,VirusShare_00495,vbclone,192669,exe,trojan,68.12,2021-10-31T17:37:00+00:00,2019-04-26
ba60190d7990dfbf192db7d2c28b5bf7,VirusShare_00495,vbclone,192706,exe,trojan,72.06,2021-11-06T04:52:19+00:00,2019-04-26
ba9b7b29f5fe57a25e18cf65fed7ce59,VirusShare_00495,vbclone,192545,exe,trojan,79.41,2021-11-06T21:41:01+00:00,2019-04-26
baaaabc59752ec86521d94b0cd386698,VirusShare_00495,vbclone,192974,exe,trojan,67.65,2021-11-05T21:20:09+00:00,2019-04-26
bb4a50915307546cb4dfe7af7f2eee8c,VirusShare_00495,vbclone,192772,exe,trojan,66.18,2021-11-05T21:05:05+00:00,2019-04-26
bbdb97e60a4842496cdf06a593673582,VirusShare_00495,vbclone,196682,exe,trojan,76.92,2021-11-07T20:13:14+00:00,2019-04-26
bbe20e9c789c711859d3e36acb4f69ca,VirusShare_00495,vbclone,196678,exe,trojan,67.16,2021-11-02T12:41:10+00:00,2019-04-26
bcd57e3c740403c68f402d0119b7e88f,VirusShare_00495,vbclone,192906,exe,trojan,73.33,2021-11-06T03:06:21+00:00,2019-04-26
bcd6190b00c918a8772d721207cb6776,VirusShare_00495,vbclone,196708,exe,trojan,66.18,2021-11-05T07:42:42+00:00,2019-04-26
bcfc17105983d9a6c298b60e01be7343,VirusShare_00495,vbclone,192797,exe,trojan,77.94,2021-11-08T06:35:53+00:00,2019-04-26
bd2ce2ec4fd129b99fdec4bb79d2e570,VirusShare_00495,vbclone,192697,exe,trojan,69.57,2021-10-31T14:09:21+00:00,2019-04-26
bd39040a11cb87b954fd7a8a62b21fde,VirusShare_00495,vbclone,192858,exe,trojan,63.77,2021-11-07T23:57:29+00:00,2019-04-26
bd8e0148b4e2e9502b1fde80c5cfb3ca,VirusShare_00495,vbclone,196672,exe,trojan,78.26,2021-11-08T23:37:47+00:00,2019-04-26
bd9a594f51b52cd70d87100623781ac3,VirusShare_00495,vbclone,192824,exe,trojan,79.41,2021-11-07T08:01:07+00:00,2019-04-26
bdb65ce9bc5fe9ee3c6e79d8ed790434,VirusShare_00495,vbclone,192695,exe,trojan,74.63,2021-11-04T13:23:51+00:00,2019-04-26
bdc4946d6a2975f586cfd9df34d17b6d,VirusShare_00495,vbclone,196712,exe,trojan,75.76,2021-11-07T03:05:35+00:00,2019-04-26
bdf16f14eca5158d72d16138e2c65bae,VirusShare_00495,vbclone,196668,exe,trojan,66.67,2021-11-07T19:54:36+00:00,2019-04-26
bdfbb94d699ae64299eed10076860305,VirusShare_00495,vbclone,196697,exe,trojan,76.81,2021-11-08T03:42:38+00:00,2019-04-26
bedf2ad6e85bb0a30906eacd0b226978,VirusShare_00495,vbclone,196732,exe,trojan,65.52,2021-11-08T11:01:54+00:00,2019-04-26
bf4d490ec0e46ae8e20807f9fd3f530e,VirusShare_00495,vbclone,196684,exe,trojan,63.24,2021-11-03T09:19:28+00:00,2019-04-26
bf4e3d7f2e73ad7625772fbe3213c2df,VirusShare_00495,vbclone,196731,exe,trojan,67.65,2021-11-08T11:01:49+00:00,2019-04-26
bf752b0fec6737e57bff939646f3cd7c,VirusShare_00495,vbclone,196704,exe,trojan,66.18,2021-11-03T00:16:17+00:00,2019-04-26
bf891f96da8b5b923b328c719a4fa404,VirusShare_00495,vbclone,196686,exe,trojan,80.6,2021-11-08T09:05:57+00:00,2019-04-26
bf913dca998219d34b06a4d4fcb9c5ac,VirusShare_00495,vbclone,192726,exe,trojan,68.12,2021-11-02T11:27:16+00:00,2019-04-26
bfa5c362857465c5adbb6348f95558ca,VirusShare_00495,vbclone,192948,exe,trojan,79.41,2021-11-06T15:06:07+00:00,2019-04-26
bff0d5bef64294d747c2cf263d64b3f6,VirusShare_00495,vbclone,196666,exe,trojan,62.5,2021-11-02T15:24:12+00:00,2019-04-26
c039e98eae5c85608a2e969ac43cba29,VirusShare_00495,vbclone,196670,exe,trojan,79.71,2021-11-05T14:27:21+00:00,2019-04-26
c06cc75c70d1e55ba5ad9522e984db67,VirusShare_00495,vbclone,196695,exe,trojan,77.14,2021-11-06T02:13:35+00:00,2019-04-26
c0e36026c243a7281c57e0ad210fe1df,VirusShare_00495,vbclone,196734,exe,trojan,66.18,2021-11-05T07:42:44+00:00,2019-04-26
c158cc72721b4f0c757cbfac775c991b,VirusShare_00495,vbclone,192743,exe,trojan,66.67,2021-11-03T17:52:16+00:00,2019-04-26
c246268af1f57e6db845cff0778803ef,VirusShare_00495,vbclone,196690,exe,trojan,81.16,2021-11-07T19:22:06+00:00,2019-04-26
c25633a328a9af0fabd307278c752d79,VirusShare_00495,vbclone,192838,exe,trojan,69.12,2021-11-06T08:03:09+00:00,2019-04-26
c26ba4073eb0a059b3b252591b821fe8,VirusShare_00495,vbclone,192784,exe,trojan,69.12,2021-11-05T21:05:07+00:00,2019-04-26
c26f0f2c47a37363f8079766d400326a,VirusShare_00495,vbclone,192744,exe,trojan,67.65,2021-11-04T11:30:15+00:00,2019-04-26
c2af2a2ec5a49642fb29b95d89f1e680,VirusShare_00495,vbclone,192929,exe,trojan,66.67,2021-11-04T11:50:54+00:00,2019-04-26
c2edbb60b763b2940835a2e303dae8e4,VirusShare_00495,vbclone,192722,exe,trojan,69.57,2021-10-31T14:09:23+00:00,2019-04-26
c3b946a4336908483657bc6a8e393324,VirusShare_00495,vbclone,196671,exe,trojan,75.36,2021-11-07T22:35:07+00:00,2019-04-26
c527a20a957888fcdc326aebc3efb8a2,VirusShare_00495,vbclone,192807,exe,trojan,65.22,2021-11-04T05:10:16+00:00,2019-04-26
c52fadfdac348102a57b9b6340544b50,VirusShare_00495,vbclone,196726,exe,trojan,66.67,2021-11-08T11:01:56+00:00,2019-04-26
c5ade845645607866a25d94e102cc6c2,VirusShare_00495,vbclone,196696,exe,trojan,68.12,2021-11-03T00:16:03+00:00,2019-04-26
c5c9762135ae168ef8bf7dde5b817160,VirusShare_00495,vbclone,196721,exe,trojan,67.65,2021-11-08T11:01:55+00:00,2019-04-26
c5eca1de8b2ea31067d0b8f12129574f,VirusShare_00495,vbclone,196696,exe,trojan,77.61,2021-11-09T01:29:14+00:00,2019-04-26
c61ada24c0c8428d1f19dfb79e010074,VirusShare_00495,vbclone,192690,exe,trojan,78.26,2021-11-03T13:05:43+00:00,2019-04-26
c650c468d96edd96bb3c4807e79cd256,VirusShare_00495,vbclone,192593,exe,trojan,76.12,2021-11-06T09:34:49+00:00,2019-04-26
c663af2b96ca6a770ec34e45031bc3aa,VirusShare_00495,vbclone,192743,exe,trojan,76.81,2021-11-05T23:36:02+00:00,2019-04-26
c66d0eaf9e3faf4fd6fd9af2330f0120,VirusShare_00495,vbclone,196676,exe,trojan,80.0,2021-11-06T02:24:50+00:00,2019-04-26
c6e24a8c525abfbfcffc4e687cac663d,VirusShare_00495,vbclone,192719,exe,trojan,66.18,2021-11-03T05:19:54+00:00,2019-04-26
c6ef9fc21babfbaa48243da3102482ed,VirusShare_00495,vbclone,192598,exe,trojan,64.71,2021-11-05T22:15:25+00:00,2019-04-26
c75d6f79b6c9356c1f9438b2716b4217,VirusShare_00495,vbclone,192667,exe,trojan,75.0,2021-11-05T14:41:06+00:00,2019-04-26
c7720f2cdd8462a3e926aa2b3350b92b,VirusShare_00495,vbclone,196670,exe,trojan,77.94,2021-11-05T11:05:34+00:00,2019-04-26
c80a4f6d94588a16d4d2d8e1cc57b682,VirusShare_00495,vbclone,196683,exe,trojan,68.57,2021-11-06T02:29:35+00:00,2019-04-26
c84943c5fd362838ae9cbdcaf03b8957,VirusShare_00495,vbclone,192723,exe,trojan,69.57,2021-11-02T11:27:16+00:00,2019-04-26
c84c6ab1da7fb76678a7b0775ef98ad7,VirusShare_00495,vbclone,196716,exe,trojan,66.18,2021-11-08T11:01:47+00:00,2019-04-26
c8741bbdea8c5551b4758411540de392,VirusShare_00495,vbclone,196682,exe,trojan,76.81,2021-11-06T16:08:04+00:00,2019-04-26
c883deda496489cf328352a77b945667,VirusShare_00495,vbclone,192721,exe,trojan,77.94,2021-11-06T13:05:45+00:00,2019-04-26
c8db830637521bd7da06fbba09ab183c,VirusShare_00495,vbclone,196718,exe,trojan,62.3,2021-11-05T10:12:40+00:00,2019-04-26
c92f768c555dbbfde4995d55fe81fa28,VirusShare_00495,vbclone,192690,exe,trojan,76.47,2021-11-03T04:27:45+00:00,2019-04-26
c96dbf878211aaa086d73b0337c2d8cc,VirusShare_00495,vbclone,196728,exe,trojan,63.77,2021-11-08T11:01:42+00:00,2019-04-26
c995e00ba186d58c61243db059ce7f19,VirusShare_00495,vbclone,196677,exe,trojan,63.08,2021-11-08T07:45:53+00:00,2019-04-26
c9d2b229b01f1c9acbf1897eb6643521,VirusShare_00495,vbclone,196689,exe,trojan,76.81,2021-11-04T13:50:29+00:00,2019-04-26
c9ea2814b214c529bf3aa3b379005bc8,VirusShare_00495,vbclone,196698,exe,trojan,65.67,2021-11-03T00:16:14+00:00,2019-04-26
ca129c606a984e21f6742dc57654ed06,VirusShare_00495,vbclone,192639,exe,trojan,66.67,2021-11-05T22:15:43+00:00,2019-04-26
ca43033816d77efaa3d1765810c6c726,VirusShare_00495,vbclone,192544,exe,trojan,79.41,2021-11-05T01:35:07+00:00,2019-04-26
ca559fd8e9ad73a9b356cbcc350f1cfe,VirusShare_00495,vbclone,196710,exe,trojan,68.66,2021-11-05T07:42:42+00:00,2019-04-26
ca7efba794ccd6631eee9035d859f60e,VirusShare_00495,vbclone,196711,exe,trojan,79.41,2021-11-07T07:36:24+00:00,2019-04-26
cb2235b9332c9e7334f92205a9f5ee52,VirusShare_00495,vbclone,196637,exe,trojan,81.16,2021-11-03T04:13:14+00:00,2019-04-26
cb33569cd7186ddd40c25e48ccbe6677,VirusShare_00495,vbclone,192947,exe,trojan,76.81,2021-11-06T07:35:10+00:00,2019-04-26
cb5548d294aa8213fee191e29e043d7c,VirusShare_00495,vbclone,196694,exe,trojan,77.94,2021-11-09T01:36:31+00:00,2019-04-26
cb6408d5da3b6312bbaf745c4e53259c,VirusShare_00495,vbclone,192707,exe,trojan,65.67,2021-11-03T05:19:58+00:00,2019-04-26
cb7c4c6ac69d31b8f019fac67502c4b9,VirusShare_00495,vbclone,192709,exe,trojan,69.12,2021-10-31T14:09:15+00:00,2019-04-26
cbefbcc3a8741831b1ef06d6c62d3484,VirusShare_00495,vbclone,196723,exe,trojan,66.67,2021-11-08T11:01:51+00:00,2019-04-26
cc2351a93c5149b6b5be07e6042847c2,VirusShare_00495,vbclone,192709,exe,trojan,76.81,2021-11-07T20:53:03+00:00,2019-04-26
cc798641683966a2c3042f6f6fd88b9b,VirusShare_00495,vbclone,196698,exe,trojan,63.77,2021-11-06T02:29:31+00:00,2019-04-26
ccca4662c4587d3475c25aa027d45329,VirusShare_00495,vbclone,192705,exe,trojan,65.15,2021-11-01T05:22:33+00:00,2019-04-26
ccd9878b83f1b93b976ce32c2c61f171,VirusShare_00495,vbclone,196641,exe,trojan,75.0,2021-11-01T00:35:33+00:00,2019-04-26
ccfc6e85265d471ed18fbfeade6c6c73,VirusShare_00495,vbclone,192735,exe,trojan,69.57,2021-11-02T11:27:17+00:00,2019-04-26
cd2ea829d8ab0cf8343a0b551e367b03,VirusShare_00495,vbclone,192839,exe,trojan,77.94,2021-11-09T02:31:34+00:00,2019-04-26
cd5d581af3ebf572eccbcf432cc1f328,VirusShare_00495,vbclone,196686,exe,trojan,66.18,2021-11-03T00:15:45+00:00,2019-04-26
cd6342bc66e6aa71e69322f903392cb9,VirusShare_00495,vbclone,192714,exe,trojan,69.57,2021-11-01T05:22:29+00:00,2019-04-26
cd9f816b64d780731371be26b9be4344,VirusShare_00495,vbclone,192723,exe,trojan,67.74,2021-11-02T11:28:10+00:00,2019-04-26
cdef0e8b27172a0ddbb23695487b77a6,VirusShare_00495,vbclone,192740,exe,trojan,78.26,2021-11-05T20:05:21+00:00,2019-04-26
cf39505d2e2f519bdf34b97d59db13b0,VirusShare_00495,vbclone,192658,exe,trojan,79.1,2021-11-03T07:44:47+00:00,2019-04-26
cf60c2ced0de82caf169bd1e76135f38,VirusShare_00495,vbclone,192717,exe,trojan,69.57,2021-10-31T14:09:20+00:00,2019-04-26
cf7e859b88baf4573709924129df0b41,VirusShare_00495,vbclone,196725,exe,trojan,67.16,2021-11-08T11:01:44+00:00,2019-04-26
cfa5b3db45afa0ed34927e3b6709e4d4,VirusShare_00495,vbclone,196713,exe,trojan,62.69,2021-11-05T10:13:15+00:00,2019-04-26
cfb99c3e124fcbcdb0c1ecdd74771f52,VirusShare_00495,vbclone,196710,exe,trojan,63.24,2021-11-05T10:13:19+00:00,2019-04-26
cfc475dc64b06955f207485468b81254,VirusShare_00495,vbclone,196681,exe,trojan,66.67,2021-11-06T02:29:38+00:00,2019-04-26
d00223ac6b22f434b8ab383672c54f5c,VirusShare_00495,vbclone,192725,exe,trojan,68.12,2021-11-02T11:27:13+00:00,2019-04-26
d0222d39a7fd113da98b57f530ab7a1a,VirusShare_00495,vbclone,196636,exe,trojan,75.76,2021-11-01T00:35:40+00:00,2019-04-26
d0c516261040daa6a93ac3f43d4e5b66,VirusShare_00495,vbclone,196686,exe,trojan,66.67,2021-11-03T00:15:56+00:00,2019-04-26
d16fd43467022d4abf16fc3deac929eb,VirusShare_00495,vbclone,196641,exe,trojan,79.41,2021-11-04T09:19:04+00:00,2019-04-26
d179d5566123e286c205d9011bdc2d4a,VirusShare_00495,vbclone,196688,exe,trojan,66.67,2021-11-03T00:16:07+00:00,2019-04-26
d1d6988d36ccbe44814c75ef90c4eb6c,VirusShare_00495,vbclone,196728,exe,trojan,81.16,2021-11-03T08:57:20+00:00,2019-04-26
d1f882537fa015601d0c769bcccbeae0,VirusShare_00495,vbclone,196715,exe,trojan,64.71,2021-11-05T07:42:29+00:00,2019-04-26
d1f9e9cdfc72b6633836faf6327160ce,VirusShare_00495,vbclone,192751,exe,trojan,76.47,2021-11-09T05:05:23+00:00,2019-04-26
d20793a97860686d11dc1ffacf7c0b84,VirusShare_00495,vbclone,196693,exe,trojan,78.26,2021-11-06T11:34:44+00:00,2019-04-26
d3423d254b8e5e9f91842dd1ae37fe8a,VirusShare_00495,vbclone,192816,exe,trojan,78.26,2021-11-09T10:35:33+00:00,2019-04-26
d36c505e48454a6dff217d6c686e1f2e,VirusShare_00495,vbclone,192737,exe,trojan,75.0,2021-11-05T23:43:43+00:00,2019-04-26
d39e80cae4d4275830a4561ff3aa3681,VirusShare_00495,vbclone,192657,exe,trojan,73.91,2021-11-01T03:05:13+00:00,2019-04-26
d3a027d0ac71a92037135cb7a88e7c9c,VirusShare_00495,vbclone,196692,exe,trojan,79.71,2021-11-07T09:08:59+00:00,2019-04-26
d3da6484c11114f9e4ddb1184baeefb0,VirusShare_00495,vbclone,196656,exe,trojan,67.16,2021-11-02T12:41:16+00:00,2019-04-26
d41a50bf6eaad4e566cb1547aff0d22e,VirusShare_00495,vbclone,192737,exe,trojan,73.91,2021-11-05T23:43:44+00:00,2019-04-26
d514a1966f0a561bd261397b928cd7cc,VirusShare_00495,vbclone,196681,exe,trojan,79.71,2021-11-08T12:22:47+00:00,2019-04-26
d54a380566c2a5361beb698b9d8b20ff,VirusShare_00495,vbclone,196699,exe,trojan,75.76,2021-11-03T06:03:44+00:00,2019-04-26
d5886e27855b2a93e6c130483e6145ec,VirusShare_00495,vbclone,192801,exe,trojan,76.47,2021-11-07T20:28:57+00:00,2019-04-26
d5bc84365a7b11068c6c985dea97d091,VirusShare_00495,vbclone,192732,exe,trojan,76.81,2021-11-08T02:55:53+00:00,2019-04-26
d621c2c0f6d3b4d533ac67a10e8db5be,VirusShare_00495,vbclone,196724,exe,trojan,76.81,2021-11-07T04:05:29+00:00,2019-04-26
d64d87273fa64aff8430db0ae046df28,VirusShare_00495,vbclone,192803,exe,trojan,76.47,2021-11-06T10:05:34+00:00,2019-04-26
d6d0e403efc06ebeae0bf38d4d3cd99c,VirusShare_00495,vbclone,196733,exe,trojan,62.69,2021-11-06T21:52:19+00:00,2019-04-26
d74bee7b9050964571536d8989b8a7a9,VirusShare_00495,vbclone,192959,exe,trojan,82.61,2021-11-07T23:19:48+00:00,2019-04-26
d74bfa92475f4bc43fc76b0d4111072a,VirusShare_00495,vbclone,196658,exe,trojan,66.15,2021-11-02T12:41:14+00:00,2019-04-26
d7798384860a5045069e5e5b0882b83a,VirusShare_00495,vbclone,196700,exe,trojan,61.76,2021-11-08T07:46:07+00:00,2019-04-26
d7e13ea69ab9e28496d0045d523eac67,VirusShare_00495,vbclone,196702,exe,trojan,77.61,2021-11-05T08:20:57+00:00,2019-04-26
d824033cde0c647b0b342105e0ad8b4a,VirusShare_00495,vbclone,192690,exe,trojan,79.1,2021-11-03T06:49:11+00:00,2019-04-26
d8b0090abfe489d2ade3588b66caedc8,VirusShare_00495,vbclone,192693,exe,trojan,70.59,2021-10-31T14:09:19+00:00,2019-04-26
d8ef433dc40242b8d901abd199cb30a1,VirusShare_00495,vbclone,192542,exe,trojan,69.57,2021-11-03T20:51:16+00:00,2019-04-26
d8fd0fa77098c36263c2e47bf3c0501e,VirusShare_00495,vbclone,196641,exe,trojan,76.81,2021-11-03T03:08:43+00:00,2019-04-26
d921c429f8554a8149411c3778d005c9,VirusShare_00495,vbclone,196689,exe,trojan,66.18,2021-11-03T00:15:43+00:00,2019-04-26
d9363f880a3ad8e04e10175896f9c550,VirusShare_00495,vbclone,196697,exe,trojan,68.12,2021-11-03T00:16:10+00:00,2019-04-26
d96fe98e378b17b19451b2795c528a1c,VirusShare_00495,vbclone,192816,exe,trojan,76.81,2021-11-08T23:05:25+00:00,2019-04-26
d980ca0ad8fabb36850938135fc61cd4,VirusShare_00495,vbclone,196686,exe,trojan,66.18,2021-11-03T00:15:43+00:00,2019-04-26
da1079d5f858ef976966002ecf33364d,VirusShare_00495,vbclone,192903,exe,trojan,80.6,2021-11-06T02:05:16+00:00,2019-04-26
dae057bc805a7700469cfc024dba9df1,VirusShare_00495,vbclone,192658,exe,trojan,79.71,2021-11-01T14:05:18+00:00,2019-04-26
db1b4d700f9be959f267d98a547bad40,VirusShare_00495,vbclone,196714,exe,trojan,63.24,2021-11-06T21:52:16+00:00,2019-04-26
dc4608a583532e3518cc93288f2f9c92,VirusShare_00495,vbclone,192944,exe,trojan,68.66,2021-11-04T11:50:38+00:00,2019-04-26
dc480701267eec22d32465d663443c2b,VirusShare_00495,vbclone,192740,exe,trojan,63.77,2021-11-04T17:58:02+00:00,2019-04-26
dc6cb185d05f5b64bd890c5c560da03f,VirusShare_00495,vbclone,192659,exe,trojan,78.26,2021-11-03T02:53:30+00:00,2019-04-26
dd921d373f38602cc33d6af6251f8312,VirusShare_00495,vbclone,196675,exe,trojan,64.71,2021-11-02T12:41:08+00:00,2019-04-26
dee486e97359490b812c37b68a3b67b5,VirusShare_00495,vbclone,196658,exe,trojan,77.94,2021-11-04T07:41:28+00:00,2019-04-26
df05a28cf165bd5269b682bb259cfdd5,VirusShare_00495,vbclone,196724,exe,trojan,80.88,2021-11-08T18:21:59+00:00,2019-04-26
df299bcc58ce890d82ae803a1e07aafa,VirusShare_00495,vbclone,196660,exe,trojan,76.47,2021-11-03T02:06:09+00:00,2019-04-26
df98edf505bee20527a548de9358f1c1,VirusShare_00495,vbclone,196676,exe,trojan,63.24,2021-11-08T07:45:54+00:00,2019-04-26
dfb051cc808f6da9755672fc7e1e9efa,VirusShare_00495,vbclone,192705,exe,trojan,67.65,2021-10-31T14:09:14+00:00,2019-04-26
dfeb26dc1f5c124a27aadeb796f0a31d,VirusShare_00495,vbclone,192851,exe,trojan,63.77,2021-10-31T12:20:35+00:00,2019-04-26
e01f3df5f9eb19384a46e5685f7a5db8,VirusShare_00495,vbclone,192696,exe,trojan,64.18,2021-11-01T05:22:24+00:00,2019-04-26
e0d36131d4bf09c4e02048228b9867ca,VirusShare_00495,vbclone,196675,exe,trojan,79.71,2021-11-07T23:11:55+00:00,2019-04-26
e0f8e9905edbe068a85763f392f7d9ec,VirusShare_00495,vbclone,196686,exe,trojan,75.36,2021-11-06T07:31:58+00:00,2019-04-26
e1f573a68f6a894ef634cd58e9e672f4,VirusShare_00495,vbclone,192704,exe,trojan,66.18,2021-11-01T05:22:44+00:00,2019-04-26
e21df969ecdb4aecb60fdde3dfcac8eb,VirusShare_00495,vbclone,192627,exe,trojan,66.18,2021-11-05T22:15:28+00:00,2019-04-26
e27ce010cc85c679c4424d6fa592e7fa,VirusShare_00495,vbclone,196676,exe,trojan,80.88,2021-11-09T04:54:08+00:00,2019-04-26
e2c0ea91c28b1beade8089b0e8d4765a,VirusShare_00495,vbclone,196700,exe,trojan,76.81,2021-11-06T20:31:40+00:00,2019-04-26
e32af444feacacd92d56203f5f997f23,VirusShare_00495,vbclone,196692,exe,trojan,63.24,2021-11-08T07:46:02+00:00,2019-04-26
e353ff31a617995d3debf2df6361ea65,VirusShare_00495,vbclone,196684,exe,trojan,66.18,2021-11-05T21:37:53+00:00,2019-04-26
e36abce8688c6afe0509b2076a659277,VirusShare_00495,vbclone,196699,exe,trojan,63.77,2021-11-08T07:45:56+00:00,2019-04-26
e389605cdf7fdf8c78d57a16a566fcf1,VirusShare_00495,vbclone,196699,exe,trojan,81.16,2021-11-05T14:40:02+00:00,2019-04-26
e41cf625fb8c5c4f19983e064b065832,VirusShare_00495,vbclone,196706,exe,trojan,65.67,2021-11-05T07:42:33+00:00,2019-04-26
e48668e09ec86f21e2b17c46c50fab65,VirusShare_00495,vbclone,196731,exe,trojan,65.67,2021-11-08T11:01:46+00:00,2019-04-26
e4da70b42cefd4ed2df4548a78d9923c,VirusShare_00495,vbclone,196716,exe,trojan,63.24,2021-11-08T07:46:04+00:00,2019-04-26
e521533be9efa255b98a4ed25dfd6df4,VirusShare_00495,vbclone,196698,exe,trojan,68.12,2021-11-03T00:16:01+00:00,2019-04-26
e53919a46a98c4e923efb6ab1296547c,VirusShare_00495,vbclone,196691,exe,trojan,75.76,2021-11-06T14:51:08+00:00,2019-04-26
e5fc8a99840d0529e26581947b786212,VirusShare_00495,vbclone,196671,exe,trojan,81.16,2021-11-05T22:43:52+00:00,2019-04-26
e74f8fa2a53b4d0bdd28563ce137bd62,VirusShare_00495,vbclone,192717,exe,trojan,68.12,2021-11-02T11:28:07+00:00,2019-04-26
e7ea7353e9e9b206adaa8a43489c9049,VirusShare_00495,vbclone,196676,exe,trojan,76.81,2021-11-05T11:29:30+00:00,2019-04-26
e7f8b5fc1f2ca547fe3ee005481b7c65,VirusShare_00495,vbclone,196688,exe,trojan,66.18,2021-11-03T00:16:06+00:00,2019-04-26
e8582bc6ba650c966b8b83f53c621631,VirusShare_00495,vbclone,192720,exe,trojan,67.65,2021-11-02T11:28:06+00:00,2019-04-26
e87db6115e9f44d9289b3c134ae9793b,VirusShare_00495,vbclone,192715,exe,trojan,64.71,2021-11-03T05:19:59+00:00,2019-04-26
e88a3ba56f6be3fe45cd62ec7fb303b3,VirusShare_00495,vbclone,196692,exe,trojan,64.18,2021-11-03T00:16:13+00:00,2019-04-26
e8d094cc4faef761b3b3eaa86bdef2b4,VirusShare_00495,vbclone,192706,exe,trojan,68.12,2021-11-01T05:22:30+00:00,2019-04-26
e8fa43b72d7565823748432f085e1036,VirusShare_00495,vbclone,192686,exe,trojan,78.26,2021-11-01T04:05:00+00:00,2019-04-26
e94f6cc63d6977ccd8117d5b9f4737c2,VirusShare_00495,vbclone,196666,exe,trojan,66.67,2021-11-03T00:15:58+00:00,2019-04-26
e95453d19eefaedcffae88fa1ae9ed06,VirusShare_00495,vbclone,196751,exe,trojan,66.67,2021-11-08T11:01:56+00:00,2019-04-26
e95580f288e6490cb800c4f991900bf6,VirusShare_00495,vbclone,196666,exe,trojan,66.18,2021-11-05T21:38:01+00:00,2019-04-26
e9c2286f3a6e672b44095c24d8141f3c,VirusShare_00495,vbclone,196711,exe,trojan,68.18,2021-11-08T11:01:50+00:00,2019-04-26
ea2f8eaf80a6179a2f77cb62cc96ef73,VirusShare_00495,vbclone,192677,exe,trojan,69.12,2021-10-31T17:37:00+00:00,2019-04-26
ea4a7edd282aee61c889f4fd470487d3,VirusShare_00495,vbclone,196661,exe,trojan,79.41,2021-11-05T10:43:15+00:00,2019-04-26
ea6598455d4b6f9b94de6a202a6f69ad,VirusShare_00495,vbclone,196656,exe,trojan,76.81,2021-11-06T13:50:59+00:00,2019-04-26
eae7f76e273175109cad4fa89909825f,VirusShare_00495,vbclone,196752,exe,trojan,65.22,2021-11-08T11:01:44+00:00,2019-04-26
eb4facc368997b15f7817274328b5aac,VirusShare_00495,vbclone,196707,exe,trojan,62.12,2021-11-08T07:46:02+00:00,2019-04-26
ebaed61d31fcc39f5057f9c7fa279991,VirusShare_00495,vbclone,196669,exe,trojan,66.67,2021-11-03T00:15:42+00:00,2019-04-26
ec1ba2e740d0385d602dc0824d814cb2,VirusShare_00495,vbclone,196657,exe,trojan,79.41,2021-11-05T12:55:54+00:00,2019-04-26
ed47cf183a75c18d157a50e13219dec2,VirusShare_00495,vbclone,196725,exe,trojan,61.29,2021-11-06T21:52:15+00:00,2019-04-26
ed6af6f22d50c99a1edc3c8ea9b9d0dd,VirusShare_00495,vbclone,192669,exe,trojan,68.12,2021-10-31T17:37:04+00:00,2019-04-26
ed79fbc1a127e97339f361bd7c01742c,VirusShare_00495,vbclone,192706,exe,trojan,66.67,2021-11-03T05:19:52+00:00,2019-04-26
eda9deaa2cafaa3e26a2accbf4a11ae8,VirusShare_00495,vbclone,192915,exe,trojan,67.16,2021-11-04T11:50:36+00:00,2019-04-26
ede1e6454a20f07306538b2f1a17bd65,VirusShare_00495,vbclone,192686,exe,trojan,75.76,2021-11-01T05:35:01+00:00,2019-04-26
ee622958ca3d85fba410c86fa325a885,VirusShare_00495,vbclone,192683,exe,trojan,71.64,2021-11-01T05:22:34+00:00,2019-04-26
eefc4b188781151d3e5d623dfc4032d5,VirusShare_00495,vbclone,192784,exe,trojan,66.18,2021-11-05T21:05:18+00:00,2019-04-26
ef447f5a5babb187e1fc6129eca4ec5f,VirusShare_00495,vbclone,196666,exe,trojan,76.81,2021-11-05T11:26:34+00:00,2019-04-26
ef461137bd32c39220e232d8dc2a4570,VirusShare_00495,vbclone,196678,exe,trojan,68.12,2021-10-31T17:07:40+00:00,2019-04-26
ef6d193fb65ca5998736c8a52d254ef4,VirusShare_00495,vbclone,196687,exe,trojan,79.1,2021-11-05T17:52:48+00:00,2019-04-26
efe42b0d4fa2c2174d23bec5b861dae5,VirusShare_00495,vbclone,196743,exe,trojan,79.71,2021-11-08T21:52:02+00:00,2019-04-26
f06ec7fa553601b5cdc0f635f4b76556,VirusShare_00495,vbclone,196676,exe,trojan,62.12,2021-11-08T07:46:01+00:00,2019-04-26
f0cb2bd3ca9e95bac237668bfae873e0,VirusShare_00495,vbclone,196705,exe,trojan,76.12,2021-11-04T11:29:29+00:00,2019-04-26
f0d9fa417beb44a920922d8f9382a095,VirusShare_00495,vbclone,196729,exe,trojan,67.65,2021-11-08T11:01:50+00:00,2019-04-26
f12f7d94311678e34f6aa33e2dbb46a3,VirusShare_00495,vbclone,196707,exe,trojan,80.88,2021-11-06T23:14:53+00:00,2019-04-26
f1928be8613f119d72edcec00c05337a,VirusShare_00495,vbclone,192733,exe,trojan,75.36,2021-11-06T20:45:37+00:00,2019-04-26
f196b15f0bb5064d66e616a9758b3b8b,VirusShare_00495,vbclone,196694,exe,trojan,63.64,2021-11-03T09:19:32+00:00,2019-04-26
f1da5df996f24bf6cdbf50dca88461f7,VirusShare_00495,vbclone,196692,exe,trojan,68.12,2021-11-03T00:16:02+00:00,2019-04-26
f261e509443a9797bb860c2a8526061b,VirusShare_00495,vbclone,192963,exe,trojan,78.26,2021-11-10T02:23:52+00:00,2019-04-26
f2840b575f12c7c76f532d68b6c9359f,VirusShare_00495,vbclone,196681,exe,trojan,66.18,2021-11-02T12:41:06+00:00,2019-04-26
f28c6de06dd2f8681b42327cad30ff0b,VirusShare_00495,vbclone,196722,exe,trojan,65.22,2021-11-08T11:01:42+00:00,2019-04-26
f3939d42234dc0703984d5e959a02e2b,VirusShare_00495,vbclone,192626,exe,trojan,64.71,2021-11-05T22:15:31+00:00,2019-04-26
f3b4271c62e7f1eeded69fde03434b49,VirusShare_00495,vbclone,196671,exe,trojan,66.18,2021-11-05T21:37:48+00:00,2019-04-26
f53cff77b04222199bab5823c8e68412,VirusShare_00495,vbclone,196692,exe,trojan,76.81,2021-11-04T20:05:35+00:00,2019-04-26
f5d804962316c3460f61a9003064959c,VirusShare_00495,vbclone,196685,exe,trojan,77.27,2021-11-07T22:35:05+00:00,2019-04-26
f6c6f52f1852243ba00170ab5d30ddb5,VirusShare_00495,vbclone,196705,exe,trojan,65.15,2021-11-05T07:42:45+00:00,2019-04-26
f6d683424b1d90c601955c57c6b3ec35,VirusShare_00495,vbclone,196685,exe,trojan,79.37,2021-11-05T04:22:02+00:00,2019-04-26
f7de94891cfaa9727ca91df66ba53ef4,VirusShare_00495,vbclone,196690,exe,trojan,68.12,2021-11-03T00:15:53+00:00,2019-04-26
fa39b924850c20dc10fd5d07afbd958d,VirusShare_00495,vbclone,192722,exe,trojan,67.16,2021-11-02T11:27:12+00:00,2019-04-26
faa433210fccdcc270030103fe232d52,VirusShare_00495,vbclone,196695,exe,trojan,67.65,2021-11-03T00:15:43+00:00,2019-04-26
fb05d933eaea4c9ee80dcc875eabf875,VirusShare_00495,vbclone,192756,exe,trojan,79.1,2021-11-09T17:04:54+00:00,2019-04-26
fb19692eb84411dab8ccd5b1077ef5e5,VirusShare_00495,vbclone,196702,exe,trojan,66.18,2021-11-03T00:15:41+00:00,2019-04-26
fb59a8543281d5bba9abda9b1bb3b9a1,VirusShare_00495,vbclone,196674,exe,trojan,62.32,2021-11-03T00:15:44+00:00,2019-04-26
fb5ac47ee96fe6dd3a6e17a2df4dba01,VirusShare_00495,vbclone,196694,exe,trojan,81.16,2021-11-05T17:01:18+00:00,2019-04-26
fc32aabfd8a86cb968ce6e8766559c89,VirusShare_00495,vbclone,192827,exe,trojan,63.77,2021-10-31T12:20:32+00:00,2019-04-26
fd256914eb7ab76384950b63ba7fa5b4,VirusShare_00495,vbclone,192717,exe,trojan,66.67,2021-10-31T14:09:13+00:00,2019-04-26
fd31cafd2fbdb5562dcea2f183dbc61b,VirusShare_00495,vbclone,196664,exe,trojan,65.22,2021-11-02T12:41:39+00:00,2019-04-26
fd664ed2bc4ac34287a1bf4df3703c99,VirusShare_00495,vbclone,192712,exe,trojan,69.12,2021-10-31T14:09:15+00:00,2019-04-26
fd7885e6e418ccd87fa77e5c6f7851ff,VirusShare_00495,vbclone,196669,exe,trojan,82.61,2021-11-08T21:59:43+00:00,2019-04-26
fddcc7056eed51fbae457723b9e63cda,VirusShare_00495,vbclone,192729,exe,trojan,69.57,2021-11-02T11:27:17+00:00,2019-04-26
fe10d1463e69577ab82f9809f23743a5,VirusShare_00495,vbclone,192728,exe,trojan,68.12,2021-10-31T14:09:10+00:00,2019-04-26
feebb8faec826c5ddb1a3c7ba3dfa179,VirusShare_00495,vbclone,196704,exe,trojan,62.5,2021-11-08T07:46:08+00:00,2019-04-26
ff0d94a0ef3c5df1e4bb55f74a6e4487,VirusShare_00495,vbclone,196718,exe,trojan,64.71,2021-11-08T07:46:13+00:00,2019-04-26
ff1de4720e925397a06268db166676af,VirusShare_00495,vbclone,196671,exe,trojan,76.47,2021-11-05T18:12:09+00:00,2019-04-26
ff4447bb5057d18eb21bbc07b05c35d1,VirusShare_00495,vbclone,196649,exe,trojan,78.26,2021-11-01T17:17:01+00:00,2019-04-26
025b85a2c922bc5d2f41d7c41efd2bbd,VirusShare_00499,vbclone,196793,exe,trojan,80.88,2021-11-13T10:46:32+00:00,2019-04-26
040fb99d18c3f28ae668bad1b9bea807,VirusShare_00499,vbclone,196772,exe,trojan,76.47,2021-11-13T02:33:55+00:00,2019-04-26
052803188b0f3063c2446377263a57d2,VirusShare_00499,vbclone,196789,exe,trojan,65.67,2021-11-13T05:38:48+00:00,2019-04-26
05599dfac0f6ce8ed464e2a1182adf3e,VirusShare_00499,vbclone,196743,exe,trojan,76.47,2021-11-12T04:17:49+00:00,2019-04-26
0588fd534e40ce00fb134f514266715b,VirusShare_00499,vbclone,196799,exe,trojan,64.62,2021-11-13T05:38:44+00:00,2019-04-26
0e87abd167965879196ac3b0023c0cc8,VirusShare_00499,vbclone,192743,exe,trojan,67.65,2021-11-10T16:20:12+00:00,2019-04-26
0f53bd1b0854b4aa3cf26c38ea8a4d46,VirusShare_00499,vbclone,196788,exe,trojan,65.67,2021-11-13T05:38:31+00:00,2019-04-26
12aa885ca517e91b4c2a63bf7c87e105,VirusShare_00499,vbclone,196752,exe,trojan,77.27,2021-11-12T08:41:54+00:00,2019-04-26
12fe1de9eb8242c182bebd83229edb03,VirusShare_00499,vbclone,192739,exe,trojan,66.67,2021-11-10T16:20:20+00:00,2019-04-26
1344e0a4634a5ae6a179d9a33b522da9,VirusShare_00499,vbclone,196770,exe,trojan,66.18,2021-11-13T05:38:37+00:00,2019-04-26
147ba3721c199f48b57b1566851b0b8e,VirusShare_00499,vbclone,196774,exe,trojan,77.94,2021-11-12T02:43:29+00:00,2019-04-26
14b1e3b64e9881483a9c85419038a62d,VirusShare_00499,vbclone,196791,exe,trojan,66.18,2021-11-13T05:38:42+00:00,2019-04-26
153414a45b1fa26b78698dac5ee07c03,VirusShare_00499,vbclone,192714,exe,trojan,79.1,2021-11-13T10:12:15+00:00,2019-04-26
15493c69dcf0ae65b7f7ac9153270ece,VirusShare_00499,vbclone,192861,exe,trojan,77.61,2021-11-13T10:29:40+00:00,2019-04-26
15d5ccc178f50c35e936b4f7669543c0,VirusShare_00499,vbclone,196755,exe,trojan,76.12,2021-11-17T00:59:40+00:00,2019-04-26
1605e8718fe87880df450ff62bc3309e,VirusShare_00499,vbclone,196795,exe,trojan,66.67,2021-11-13T05:38:33+00:00,2019-04-26
1848c54883f4f5cc91c5caa716bf4c2a,VirusShare_00499,vbclone,196773,exe,trojan,74.63,2021-11-17T02:19:55+00:00,2019-04-26
1ae9b0a39a1525a69635106fcbd3a274,VirusShare_00499,vbclone,196767,exe,trojan,79.41,2021-11-12T04:25:45+00:00,2019-04-26
1b270e853872a6f2509ed276b1083ccb,VirusShare_00499,vbclone,196755,exe,trojan,75.0,2021-11-17T13:41:04+00:00,2019-04-26
1d6a127d0b3210e402e164452d0f02b4,VirusShare_00499,vbclone,196800,exe,trojan,74.63,2021-11-17T05:59:37+00:00,2019-04-26
201f41d91e9d092842fe0507da5fbf10,VirusShare_00499,vbclone,196751,exe,trojan,64.71,2021-11-09T00:33:12+00:00,2019-04-26
22c721cc242012c766c518203ddd3753,VirusShare_00499,vbclone,196784,exe,trojan,68.66,2021-11-13T05:38:48+00:00,2019-04-26
2349efd0d3fc589a0434a3acd577bc57,VirusShare_00499,vbclone,196789,exe,trojan,76.47,2021-11-17T04:22:34+00:00,2019-04-26
25518935f17f395c61b15c45b08bfeae,VirusShare_00499,vbclone,196768,exe,trojan,79.1,2021-11-17T06:03:24+00:00,2019-04-26
2582ff9c8dabad0b422e8612800fc57c,VirusShare_00499,vbclone,196751,exe,trojan,76.47,2021-11-12T04:46:27+00:00,2019-04-26
283c0a8823b435c9b96d9439cde9bcdb,VirusShare_00499,vbclone,196779,exe,trojan,65.15,2021-11-13T05:38:42+00:00,2019-04-26
29910720365b99dac3c8ad28e5063bd0,VirusShare_00499,vbclone,196683,exe,trojan,64.18,2021-11-12T18:11:18+00:00,2019-04-26
2c7ce55bbaa513aba105cadcec23fe51,VirusShare_00499,vbclone,196786,exe,trojan,74.63,2021-11-17T13:17:50+00:00,2019-04-26
2cb3378a84b01dba443feba163c11ebb,VirusShare_00499,vbclone,196764,exe,trojan,73.53,2021-11-12T04:10:04+00:00,2019-04-26
2d835db6e4d1cfcca0d15606d0d98b3a,VirusShare_00499,vbclone,192847,exe,trojan,77.61,2021-11-17T08:34:06+00:00,2019-04-26
2d9a86822022a9a50b000c2fef140fa9,VirusShare_00499,vbclone,196682,exe,trojan,67.65,2021-11-12T18:07:59+00:00,2019-04-26
2dd652cec7ca5cdc01ddcc308263fd70,VirusShare_00499,vbclone,196763,exe,trojan,77.94,2021-11-17T04:03:11+00:00,2019-04-26
2e02d4b54bb43fc165d77adee035980c,VirusShare_00499,vbclone,192857,exe,trojan,80.6,2021-11-16T06:02:36+00:00,2019-04-26
2e2d14c30668340a342e468e32f6bc90,VirusShare_00499,vbclone,196769,exe,trojan,76.47,2021-11-17T14:13:13+00:00,2019-04-26
30c9d2edb8bcf5fdbc236a8fb822d133,VirusShare_00499,vbclone,192842,exe,trojan,80.3,2021-11-16T05:34:10+00:00,2019-04-26
32a6409c9256f0456c66a51e4e100f82,VirusShare_00499,vbclone,192884,exe,trojan,77.61,2021-11-13T08:42:03+00:00,2019-04-26
32b3c1621f0cd077c53220663b8df0e8,VirusShare_00499,vbclone,192719,exe,trojan,70.15,2021-11-10T16:20:23+00:00,2019-04-26
34aa1c215d316790f0906e35325632d9,VirusShare_00499,vbclone,196787,exe,trojan,74.63,2021-11-17T05:28:11+00:00,2019-04-26
35e0119a11cc8a5be5418aad30418b52,VirusShare_00499,vbclone,192896,exe,trojan,77.61,2021-11-13T04:38:08+00:00,2019-04-26
377ab0a6fc757e9670ba880539c6ecc0,VirusShare_00499,vbclone,196796,exe,trojan,72.06,2021-11-17T10:43:57+00:00,2019-04-26
396e5304ebd81c650a079fcc85d94f4f,VirusShare_00499,vbclone,196795,exe,trojan,67.16,2021-11-13T05:38:49+00:00,2019-04-26
3bdb32d9f5542e71b9d56d03a463c2e4,VirusShare_00499,vbclone,196758,exe,trojan,81.82,2021-11-13T04:02:06+00:00,2019-04-26
3c498d03d0cb88d26569c477598c969d,VirusShare_00499,vbclone,196832,exe,trojan,77.94,2021-11-13T04:08:18+00:00,2019-04-26
3d15a160ee4ac803b18a3c5d4dd73eb6,VirusShare_00499,vbclone,196800,exe,trojan,77.61,2021-11-17T10:45:49+00:00,2019-04-26
3eef3fc3935d0323498da4171cd0789e,VirusShare_00499,vbclone,192878,exe,trojan,66.67,2021-11-09T15:19:57+00:00,2019-04-26
3f4e91b346cbb34d19833be0bf50b2ab,VirusShare_00499,vbclone,196760,exe,trojan,73.53,2021-11-17T01:04:33+00:00,2019-04-26
3fceb587b5125d00a75523cc835eea76,VirusShare_00499,vbclone,196769,exe,trojan,75.0,2021-11-17T09:01:06+00:00,2019-04-26
3fda9bb69330e2f3dd78ce1748319f57,VirusShare_00499,vbclone,196776,exe,trojan,75.0,2021-11-17T01:34:14+00:00,2019-04-26
429e5c4256962080a304355ccecd39bb,VirusShare_00499,vbclone,196773,exe,trojan,65.67,2021-11-13T05:38:45+00:00,2019-04-26
4409984ba213f71d1e2b2e10f719a445,VirusShare_00499,vbclone,192865,exe,trojan,77.61,2021-11-13T03:28:18+00:00,2019-04-26
473fcafdc3545505db2b451a18e80e7d,VirusShare_00499,vbclone,192861,exe,trojan,79.1,2021-11-13T08:21:49+00:00,2019-04-26
4853e6528c95a1fd1f0826af2d9de487,VirusShare_00499,vbclone,196781,exe,trojan,76.12,2021-11-17T09:36:36+00:00,2019-04-26
4ae115eaa13213d12408d90f74c7c1c8,VirusShare_00499,vbclone,196783,exe,trojan,77.94,2021-11-17T13:15:13+00:00,2019-04-26
4bfb01a8fdcabc0b2a3055536366dbdf,VirusShare_00499,vbclone,196783,exe,trojan,72.31,2021-11-17T06:10:12+00:00,2019-04-26
4c0469c7680257b57f5a2130c80cacd0,VirusShare_00499,vbclone,196770,exe,trojan,66.18,2021-11-09T00:29:49+00:00,2019-04-26
4d462282a2da72f3712c9a4f71dc157b,VirusShare_00499,vbclone,196800,exe,trojan,76.56,2021-11-17T07:12:36+00:00,2019-04-26
4e9ac244b141ce9f0b2d088b26f1c464,VirusShare_00499,vbclone,196797,exe,trojan,66.18,2021-11-13T05:38:49+00:00,2019-04-26
52e0b8f2207005e1459b4d0bee6ab3c2,VirusShare_00499,vbclone,192899,exe,trojan,77.27,2021-11-13T09:34:56+00:00,2019-04-26
53d85b3cdfd08e212cf75bde999bd098,VirusShare_00499,vbclone,196774,exe,trojan,75.0,2021-11-12T09:52:17+00:00,2019-04-26
54c0efe9b3cf1d0a6f925d6575c674aa,VirusShare_00499,vbclone,196801,exe,trojan,65.67,2021-11-13T05:38:34+00:00,2019-04-26
5671df92f5d556c1babf43e80e4a2827,VirusShare_00499,vbclone,196804,exe,trojan,76.47,2021-11-13T02:57:50+00:00,2019-04-26
58ef3e0ac69a31ebc5ae50ae5cd3910b,VirusShare_00499,vbclone,196795,exe,trojan,74.24,2021-11-17T08:38:43+00:00,2019-04-26
5b8f9a7c96352e7bbfd0aadc0f5e627b,VirusShare_00499,vbclone,196759,exe,trojan,67.16,2021-11-13T05:38:42+00:00,2019-04-26
5c029987ed854e0885da44d21f68f5e5,VirusShare_00499,vbclone,196769,exe,trojan,75.0,2021-11-17T02:07:55+00:00,2019-04-26
5f7f6c0629054d7f2429834db597e7ac,VirusShare_00499,vbclone,192711,exe,trojan,75.0,2021-11-11T00:05:04+00:00,2019-04-26
601a0ae49a4b218f769399a0baada30f,VirusShare_00499,vbclone,196781,exe,trojan,74.6,2021-11-17T08:23:45+00:00,2019-04-26
604b62d2121ca3c742fd47a716338cbb,VirusShare_00499,vbclone,196777,exe,trojan,67.16,2021-11-13T05:38:47+00:00,2019-04-26
63de80c07f3388aafd09341450b1c003,VirusShare_00499,vbclone,196776,exe,trojan,70.59,2021-11-17T15:57:26+00:00,2019-04-26
676616cd6204fc33f3937812f824ba34,VirusShare_00499,vbclone,196797,exe,trojan,65.67,2021-11-13T05:38:42+00:00,2019-04-26
69eebd9c8b5918f2c4599b0e8ad68f98,VirusShare_00499,vbclone,192900,exe,trojan,80.3,2021-11-13T07:50:22+00:00,2019-04-26
6b961385cc9d79fb9481514a448f19d7,VirusShare_00499,vbclone,196748,exe,trojan,80.0,2021-11-13T06:54:54+00:00,2019-04-26
6cecd720acd791aaf94464cba742b067,VirusShare_00499,vbclone,196800,exe,trojan,74.24,2021-11-17T07:43:46+00:00,2019-04-26
6dc48c90d8819afeb42a855815a11743,VirusShare_00499,vbclone,196704,exe,trojan,67.65,2021-11-14T17:27:43+00:00,2019-04-26
6e56d27885f970f387b05608042bbc5a,VirusShare_00499,vbclone,196704,exe,trojan,79.1,2021-11-17T01:15:27+00:00,2019-04-26
6eb25aa09495f28c0f9ab31f5294fec4,VirusShare_00499,vbclone,196780,exe,trojan,67.65,2021-11-13T05:38:44+00:00,2019-04-26
6ec907081bf0624b14c448f3dcb94ca5,VirusShare_00499,vbclone,196760,exe,trojan,67.16,2021-11-13T05:38:42+00:00,2019-04-26
6f20d64a9abe6347e25d638df3bff6c4,VirusShare_00499,vbclone,196799,exe,trojan,75.0,2021-11-12T03:51:33+00:00,2019-04-26
6ffc2f750296b258ade02935458e4e01,VirusShare_00499,vbclone,192715,exe,trojan,70.59,2021-11-10T16:20:27+00:00,2019-04-26
72453c45800ef6cbf07969fb3d8724ab,VirusShare_00499,vbclone,192880,exe,trojan,77.94,2021-11-13T11:04:55+00:00,2019-04-26
735becbb166931e5e6d71bb16f544810,VirusShare_00499,vbclone,196789,exe,trojan,78.79,2021-11-12T07:59:51+00:00,2019-04-26
743de58f942a06835082cce0cf11ee30,VirusShare_00499,vbclone,192874,exe,trojan,77.27,2021-11-13T05:20:07+00:00,2019-04-26
75a80c19faa1d4dab3ad3c57d04b5c0f,VirusShare_00499,vbclone,196778,exe,trojan,73.13,2021-11-17T00:57:06+00:00,2019-04-26
78aa3c5d17d89db4010153cecc331c6e,VirusShare_00499,vbclone,196703,exe,trojan,67.16,2021-11-14T13:20:50+00:00,2019-04-26
78e512df07bc91c47757c8caee6a0cac,VirusShare_00499,vbclone,196760,exe,trojan,65.15,2021-11-09T00:33:15+00:00,2019-04-26
79daf67c11cbc1f5ec593c062a013a1f,VirusShare_00499,vbclone,196772,exe,trojan,79.41,2021-11-17T03:09:02+00:00,2019-04-26
80c61f1cc20d057bb55a09589f953a62,VirusShare_00499,vbclone,196772,exe,trojan,77.61,2021-11-12T03:14:46+00:00,2019-04-26
80c7af46d20378b77e2a2042be6e25e2,VirusShare_00499,vbclone,192868,exe,trojan,66.67,2021-11-09T15:19:56+00:00,2019-04-26
847f5b808354c16f969247df4cd72682,VirusShare_00499,vbclone,196704,exe,trojan,73.85,2021-11-17T15:18:48+00:00,2019-04-26
84ea6518e34aa2b9b8e3ef6be6751d81,VirusShare_00499,vbclone,196702,exe,trojan,80.88,2021-11-17T22:11:57+00:00,2019-04-26
859f934298951e7bd0f6cf9cba0345ee,VirusShare_00499,vbclone,196733,exe,trojan,77.61,2021-11-12T05:40:29+00:00,2019-04-26
8a368eecb9416417283a7c5c3c87653c,VirusShare_00499,vbclone,192870,exe,trojan,77.27,2021-11-13T11:37:01+00:00,2019-04-26
8d994c57d8ba811123f5e7db500dfeff,VirusShare_00499,vbclone,196784,exe,trojan,64.62,2021-11-13T05:38:44+00:00,2019-04-26
8dbfbca066a78be0c030479716af404f,VirusShare_00499,vbclone,196773,exe,trojan,66.18,2021-11-09T00:29:52+00:00,2019-04-26
944a6c421061b7ccc4366715bb8bf8be,VirusShare_00499,vbclone,196797,exe,trojan,67.16,2021-11-13T05:38:40+00:00,2019-04-26
948bf38421b0221561b3138fdfe2c064,VirusShare_00499,vbclone,196799,exe,trojan,66.18,2021-11-13T05:38:38+00:00,2019-04-26
97406b0d71dbc14777719e43b6f1fbe4,VirusShare_00499,vbclone,192895,exe,trojan,78.79,2021-11-13T11:26:15+00:00,2019-04-26
976d16d80f25b0b91e118db921e2a543,VirusShare_00499,vbclone,196782,exe,trojan,77.61,2021-11-17T06:14:32+00:00,2019-04-26
9a2c7cd825831aa0e0d226192a148277,VirusShare_00499,vbclone,196734,exe,trojan,65.22,2021-11-09T00:29:59+00:00,2019-04-26
9b312ff4afdb10afcd003d23f6b5196d,VirusShare_00499,vbclone,196771,exe,trojan,77.94,2021-11-12T02:38:56+00:00,2019-04-26
9ed08ed9da3b0750cf6e80a569421803,VirusShare_00499,vbclone,196760,exe,trojan,75.76,2021-11-17T01:25:05+00:00,2019-04-26
b258d72f59138306ceb5115ab7885f05,VirusShare_00499,vbclone,196773,exe,trojan,77.94,2021-11-12T04:00:59+00:00,2019-04-26
b2d284a4851f918082898241c7d68972,VirusShare_00499,vbclone,192569,exe,trojan,70.15,2021-11-10T03:55:51+00:00,2019-04-26
b52a5fd1962100b1322b87a3f0943d17,VirusShare_00499,vbclone,196774,exe,trojan,75.0,2021-11-13T02:22:13+00:00,2019-04-26
b5a98e527a9702a06f5541658c36f128,VirusShare_00499,vbclone,192720,exe,trojan,69.12,2021-11-10T16:20:22+00:00,2019-04-26
b7a52a74cee59c11db83a041ed26baf7,VirusShare_00499,vbclone,196722,exe,trojan,73.53,2021-11-15T18:07:12+00:00,2019-04-26
b7ad4070d36f31f88a4facdf54c7cc92,VirusShare_00499,vbclone,192748,exe,trojan,79.41,2021-11-13T14:12:14+00:00,2019-04-26
b7ca0f24a3e64c309db2777e953b0796,VirusShare_00499,vbclone,196788,exe,trojan,79.1,2021-11-18T02:17:09+00:00,2019-04-26
b96bf190c2d0d58eb03c602a28c09646,VirusShare_00499,vbclone,192754,exe,trojan,79.41,2021-11-13T11:10:23+00:00,2019-04-26
b9e7fff2f9b19f73c03f3183b4cf1a7d,VirusShare_00499,vbclone,192825,exe,trojan,73.53,2021-11-13T14:37:22+00:00,2019-04-26
bb0467b5b629c352e1f0343f334ac400,VirusShare_00499,vbclone,196766,exe,trojan,72.73,2021-11-17T08:14:07+00:00,2019-04-26
bbd4702c2ccd007f86d783f8ebd164ee,VirusShare_00499,vbclone,196804,exe,trojan,75.76,2021-11-13T13:44:26+00:00,2019-04-26
bd88eb2311f80f61a91f7c8edcfe4187,VirusShare_00499,vbclone,196779,exe,trojan,77.27,2021-11-17T08:59:43+00:00,2019-04-26
be27d84c0247fce804cbc49e4606e452,VirusShare_00499,vbclone,192756,exe,trojan,77.94,2021-11-13T18:36:16+00:00,2019-04-26
c1399d7238e28e38b21aaa7f875bca6a,VirusShare_00499,vbclone,192516,exe,trojan,76.47,2021-11-13T07:38:19+00:00,2019-04-26
c1bcb5972cc1adfae1f2bb3857b2e9a6,VirusShare_00499,vbclone,196779,exe,trojan,70.59,2021-11-14T20:22:03+00:00,2019-04-26
c22d2879283425c6a1622f9b1a8d99f2,VirusShare_00499,vbclone,192755,exe,trojan,79.1,2021-11-12T22:34:48+00:00,2019-04-26
c3c5fe45379bf97e3ff215cd2527e0d2,VirusShare_00499,vbclone,196762,exe,trojan,65.62,2021-11-13T05:38:36+00:00,2019-04-26
c3d95a452f37026fbd8732a590dc3b7e,VirusShare_00499,vbclone,192748,exe,trojan,79.1,2021-11-13T05:10:35+00:00,2019-04-26
c446cab4902aa9e7d86d3c69c81d186c,VirusShare_00499,vbclone,192753,exe,trojan,77.61,2021-11-13T00:11:46+00:00,2019-04-26
c4e33a7f130a7200ea21cc1d1594889a,VirusShare_00499,vbclone,196801,exe,trojan,66.18,2021-11-13T05:38:34+00:00,2019-04-26
c4e84ea071960b1db5b6fbd3ea5d9758,VirusShare_00499,vbclone,196803,exe,trojan,66.18,2021-11-13T05:38:31+00:00,2019-04-26
cc60d3d6f5aa09247538a60091f39681,VirusShare_00499,vbclone,196797,exe,trojan,77.61,2021-11-17T01:34:40+00:00,2019-04-26
cc8e280bbf2f4f837b3c942502f12bc4,VirusShare_00499,vbclone,196706,exe,trojan,77.94,2021-11-16T01:05:14+00:00,2019-04-26
ccb2c07c7f04fdb28817027661ecb70d,VirusShare_00499,vbclone,196761,exe,trojan,78.79,2021-11-17T08:29:20+00:00,2019-04-26
d0c006f74061b9344095d15e32b4385e,VirusShare_00499,vbclone,196796,exe,trojan,68.18,2021-11-12T18:52:24+00:00,2019-04-26
d18730911afed8e93217c392902bbe19,VirusShare_00499,vbclone,196765,exe,trojan,69.12,2021-11-12T19:10:36+00:00,2019-04-26
d43518c1c41c91d7c2b837d080161469,VirusShare_00499,vbclone,196799,exe,trojan,74.24,2021-11-17T04:05:38+00:00,2019-04-26
d51f7db4ff7760e348a5e75e3063138e,VirusShare_00499,vbclone,196788,exe,trojan,64.18,2021-11-13T05:38:38+00:00,2019-04-26
d58278990c5e97ea9e538e893a3e20bf,VirusShare_00499,vbclone,196794,exe,trojan,76.92,2021-11-16T09:31:26+00:00,2019-04-26
d600fd6dec6551a45ac14246f16b9da6,VirusShare_00499,vbclone,196697,exe,trojan,77.94,2021-11-13T04:38:37+00:00,2019-04-26
d69c481d8114c7749c5f116c78a4e3d0,VirusShare_00499,vbclone,196756,exe,trojan,79.1,2021-11-13T10:09:18+00:00,2019-04-26
dcf13ac33d202c29219015492a23ebc1,VirusShare_00499,vbclone,196752,exe,trojan,73.85,2021-11-16T06:14:24+00:00,2019-04-26
dd420e03058bbed2f8fc75b1e1f10b4c,VirusShare_00499,vbclone,196704,exe,trojan,72.73,2021-11-17T06:18:50+00:00,2019-04-26
de4304261584e8617e1b119783a0762c,VirusShare_00499,vbclone,196697,exe,trojan,73.53,2021-11-12T18:51:48+00:00,2019-04-26
df0a9d7d3e11d6d28ca0c54f4f5f7560,VirusShare_00499,vbclone,196774,exe,trojan,77.94,2021-11-17T03:27:41+00:00,2019-04-26
e0f534e3f99bae2bd2d521ac8849b93f,VirusShare_00499,vbclone,196766,exe,trojan,64.71,2021-11-09T00:33:12+00:00,2019-04-26
e1956e56b4c9bbc430758a44e4a954c1,VirusShare_00499,vbclone,196776,exe,trojan,77.94,2021-11-13T06:00:42+00:00,2019-04-26
e20ed8c1a82f9babfc1a6635f32ab5a7,VirusShare_00499,vbclone,196789,exe,trojan,79.41,2021-11-12T03:44:02+00:00,2019-04-26
e2b9ffec417290f2426400801abcfd8c,VirusShare_00499,vbclone,196705,exe,trojan,77.61,2021-11-16T05:35:07+00:00,2019-04-26
e6ae61e6b7a35e03489053de724f11ec,VirusShare_00499,vbclone,196798,exe,trojan,74.63,2021-11-18T06:08:01+00:00,2019-04-26
e7dd10afb6fd72158e46212c4f1c9f21,VirusShare_00499,vbclone,196761,exe,trojan,77.94,2021-11-13T02:57:17+00:00,2019-04-26
e80cd412da6a6e284568e0a6b259b9af,VirusShare_00499,vbclone,196759,exe,trojan,80.3,2021-11-13T14:10:43+00:00,2019-04-26
ec00c580933b6f748f9a18f9947f702a,VirusShare_00499,vbclone,196754,exe,trojan,70.15,2021-11-12T19:00:03+00:00,2019-04-26
ec4ba2bfc2f2eab1ed8a54efeb397f25,VirusShare_00499,vbclone,196747,exe,trojan,68.66,2021-11-12T18:59:13+00:00,2019-04-26
ecad7e440b4d68de553bc4671d7938ce,VirusShare_00499,vbclone,196796,exe,trojan,69.12,2021-11-12T18:58:13+00:00,2019-04-26
ecf956ec24bda69b97139c4f09d4ee2d,VirusShare_00499,vbclone,196768,exe,trojan,79.1,2021-11-12T07:57:35+00:00,2019-04-26
edbe4266089c1ca59afe0ce6a3694781,VirusShare_00499,vbclone,196780,exe,trojan,73.21,2021-11-16T10:05:40+00:00,2019-04-26
ee3e87383b3babee3c492adc89d7ed4e,VirusShare_00499,vbclone,196762,exe,trojan,74.24,2021-11-16T00:23:46+00:00,2019-04-26
ef4faedd10936037470b84c21a689642,VirusShare_00499,vbclone,196747,exe,trojan,80.6,2021-11-16T14:06:23+00:00,2019-04-26
f13fbf85cc6e4f57060ac896d007a58f,VirusShare_00499,vbclone,196794,exe,trojan,72.06,2021-11-17T01:39:18+00:00,2019-04-26
f89ad8df14188bd67e2da9add5b08192,VirusShare_00499,vbclone,196740,exe,trojan,76.12,2021-11-12T05:05:28+00:00,2019-04-26
fa720b09015f06de76cd6df0b12fabb1,VirusShare_00499,vbclone,196754,exe,trojan,76.12,2021-11-12T07:39:57+00:00,2019-04-26
fb935c6b67635c8d30b3e3223b0e4b8f,VirusShare_00499,vbclone,196762,exe,trojan,78.79,2021-11-12T09:13:29+00:00,2019-04-26
fbdae8a7a990f6f462c80f1cec7f0bb6,VirusShare_00499,vbclone,196762,exe,trojan,65.67,2021-11-13T05:38:32+00:00,2019-04-26
