hash_md5,lote_origen,familia_probable,size,extension,tipo_probable,detection_percent,fecha_escaneo_vt,dia_creacion_archivo
0482e456c4d052afbc269719a8d18196,VirusShare_00495,zusy,1391104,exe,trojan,65.22,2021-11-07T17:03:29+00:00,
0aef5e09fa155bbec9051c5126882758,VirusShare_00495,zusy,1260032,exe,trojan,60.87,2021-11-05T19:00:29+00:00,
0e7957a4cc14b5492cdebbf4b59c9860,VirusShare_00495,zusy,1395712,exe,trojan,75.0,2021-11-05T18:03:25+00:00,
11a0cc9387969e63113f33a7f7053260,VirusShare_00495,zusy,1391104,exe,trojan,73.13,2021-11-08T06:06:14+00:00,
178bbc886590f95558bb31ae95a975bc,VirusShare_00495,zusy,1395712,exe,trojan,73.91,2021-11-05T17:29:09+00:00,
188d8880bb099b1a1d9e625c47316b50,VirusShare_00495,zusy,1391104,exe,trojan,73.53,2021-11-05T17:19:58+00:00,
1fa94448b522859c6a95e905be5ce0bc,VirusShare_00495,zusy,1395712,exe,trojan,63.77,2021-11-08T17:38:43+00:00,
25a8fbd16365e47efe4eacf661053a0a,VirusShare_00495,zusy,1391104,exe,trojan,59.42,2021-11-07T16:31:55+00:00,
26da95e6db651b26a7a8547e19b6d987,VirusShare_00495,zusy,1391104,exe,trojan,72.46,2021-11-06T21:35:15+00:00,
271c813c9ebffbe8e3941fda1eace879,VirusShare_00495,zusy,1391104,exe,trojan,66.67,2021-11-03T21:13:34+00:00,
292cdbde753a752fbb14afdd738373fe,VirusShare_00495,zusy,50408,exe,sin_inferir,2.99,2021-11-06T14:23:34+00:00,
35cebb477bfe914185c9405bb43cc17d,VirusShare_00495,zusy,1395712,exe,trojan,75.36,2021-11-09T00:30:12+00:00,
35edef058d6050340b9ae2ac5b77ffb7,VirusShare_00495,zusy,1395712,exe,trojan,61.76,2021-11-07T17:21:02+00:00,
36e546fee020d5efc10cefc2d2f20c64,VirusShare_00495,zusy,1260032,exe,trojan,72.06,2021-11-05T17:20:04+00:00,
38cdc5d5e52a44b475b0e2054d2c0050,VirusShare_00495,zusy,1395712,exe,trojan,62.32,2021-11-05T21:20:28+00:00,
3906796bd43b1a9ffc1c075e630c0fc2,VirusShare_00495,zusy,1260032,exe,trojan,58.82,2021-11-03T21:33:34+00:00,
3c8c9543710fdb717c52b80b6e6e73f4,VirusShare_00495,zusy,74984,exe,trojan,37.68,2021-11-07T18:10:33+00:00,
4688012656b71848132a4829f38a020e,VirusShare_00495,zusy,1395712,exe,trojan,65.22,2021-11-07T17:41:42+00:00,
4838141b4fdc363c0711f95194c9a050,VirusShare_00495,zusy,4608,exe,trojan,60.29,2021-11-09T06:25:09+00:00,
49caea0db0efc645bf80bef23a671f09,VirusShare_00495,zusy,1391104,exe,trojan,56.72,2021-11-07T17:26:24+00:00,
4a87e1c88cc9b341ee365a1f0a00e1c2,VirusShare_00495,zusy,1395712,exe,trojan,73.91,2021-11-07T15:06:25+00:00,
4c724291fa19ee3e94826574636e72cd,VirusShare_00495,zusy,1395712,exe,trojan,75.36,2021-11-05T17:02:51+00:00,
64166fc81873a7222383b1ded0b3b444,VirusShare_00495,zusy,1391104,exe,trojan,72.46,2021-11-05T17:00:41+00:00,
6b78d4b86fbafa2db143837f071c412f,VirusShare_00495,zusy,1260032,exe,trojan,76.81,2021-11-05T17:02:17+00:00,
7004fc90e19e7b4bdc97a2e13ad9d023,VirusShare_00495,zusy,1395712,exe,trojan,75.36,2021-11-05T17:36:54+00:00,
77bcadb0e05d8bcf1b87e00fd7f06197,VirusShare_00495,zusy,1391104,exe,trojan,69.12,2021-11-03T21:12:29+00:00,
7828c1909889c1567edb8805b97aa849,VirusShare_00495,zusy,1395712,exe,trojan,79.71,2021-11-08T22:06:58+00:00,
7af2f5f74751e23afa097034f522ca9b,VirusShare_00495,zusy,1395712,exe,trojan,69.12,2021-11-05T17:01:38+00:00,
7eb9efae5714eafd05f7ee4f56332011,VirusShare_00495,zusy,1391104,exe,trojan,77.61,2021-11-08T20:29:33+00:00,
815935c79f7ffd8a6fe99e8882318cc0,VirusShare_00495,zusy,1395712,exe,trojan,69.12,2021-11-05T17:01:43+00:00,
883eecbd3a7ed7366b955d2ee4547820,VirusShare_00495,zusy,1391104,exe,trojan,65.22,2021-11-03T22:05:59+00:00,
924ffd6e0817827be8a3c90e9efa7179,VirusShare_00495,zusy,803328,exe,trojan,62.32,2021-11-07T16:56:37+00:00,
94d5b0add713a00a2f72bbeb35525151,VirusShare_00495,zusy,42216,exe,sin_inferir,2.99,2021-11-06T13:35:28+00:00,
97f5f9f711e0a5a6ccd20b3aaaab4acf,VirusShare_00495,zusy,803328,exe,trojan,62.32,2021-11-07T17:57:08+00:00,
98ac3c778473884fed4d4aaf5656fee2,VirusShare_00495,zusy,1260032,exe,trojan,59.42,2021-11-07T17:03:04+00:00,
a2dd8b826c005663ae9b7171a1d747fc,VirusShare_00495,zusy,1391104,exe,trojan,71.01,2021-11-05T17:02:35+00:00,
abc85bb1b0c350676a0bb8453bc0962c,VirusShare_00495,zusy,1395712,exe,trojan,64.62,2021-11-06T15:34:49+00:00,
afa5f2afbf17a8e670656adc0a2b8589,VirusShare_00495,zusy,1395712,exe,trojan,67.65,2021-11-03T20:27:48+00:00,
b030d9dac9a112dea0cd03ab2b8b94c6,VirusShare_00495,zusy,1260032,exe,trojan,52.94,2021-11-06T14:28:19+00:00,
b235f8ee961fbf7754f1fe702c75271a,VirusShare_00495,zusy,1391104,exe,trojan,73.91,2021-11-05T17:10:44+00:00,
b3d31f67c38d2cd5c3e30f1c2041b028,VirusShare_00495,zusy,1260032,exe,trojan,73.53,2021-11-08T22:02:59+00:00,
b7106aed6c0c25c82550692247e2d3c1,VirusShare_00495,zusy,1391104,exe,trojan,71.01,2021-11-05T17:10:41+00:00,
bc3c41990659333f55ff9a0e965f706d,VirusShare_00495,zusy,1395712,exe,trojan,64.71,2021-11-06T15:46:48+00:00,
c2b1d577f1bd75e71b8d07fdf8f16fbd,VirusShare_00495,zusy,1395712,exe,trojan,62.32,2021-11-08T17:12:56+00:00,
c69a436220ad459a2d95b676b2117ed4,VirusShare_00495,zusy,4608,exe,trojan,46.38,2021-11-06T23:18:55+00:00,
cc0283712a2ef84d89c34d86dee41700,VirusShare_00495,zusy,1391104,exe,trojan,75.0,2021-11-09T11:41:30+00:00,
d83dee54baf488cb29d9097f776185cd,VirusShare_00495,zusy,1391104,exe,trojan,63.77,2021-11-06T16:00:51+00:00,
d9fea2913e625ed2f56583551fad968e,VirusShare_00495,zusy,1395712,exe,trojan,68.12,2021-11-03T22:53:16+00:00,
df5a162552c401165b38adcb1c33be7f,VirusShare_00495,zusy,1395712,exe,trojan,61.19,2021-11-03T20:27:48+00:00,
e23f68b171aa4e7e107fd48934a5cbcf,VirusShare_00495,zusy,1391104,exe,trojan,73.91,2021-11-09T06:06:34+00:00,
ebac29fead9cf345388436a25e8da4e4,VirusShare_00495,zusy,1260032,exe,trojan,59.42,2021-11-07T16:46:11+00:00,
fa4f1bd45ad2da58e7fdabaa2dadb46f,VirusShare_00495,zusy,1391104,exe,trojan,60.87,2021-11-08T16:52:52+00:00,
fd8bf82af6e5e089fda68d9c2be39123,VirusShare_00495,zusy,1395712,exe,trojan,77.94,2021-11-09T05:26:26+00:00,
04575bf6dc82cab0a3968d4069acbaf1,VirusShare_00499,zusy,1391104,exe,trojan,62.69,2021-11-10T19:42:18+00:00,
148163e6e2371ea9c8f2e9b4f0a568bb,VirusShare_00499,zusy,4096,exe,trojan,58.21,2021-11-15T18:07:20+00:00,
35484533fcf12141fc6d96933247cbbf,VirusShare_00499,zusy,1391104,exe,trojan,65.15,2021-11-10T19:57:12+00:00,
3b049cdf9bf0e6539fe850e39f98dfb3,VirusShare_00499,zusy,1395712,exe,trojan,74.63,2021-11-16T05:19:31+00:00,
461bbdf045d8576de1c899339090d640,VirusShare_00499,zusy,2409984,exe,trojan,72.73,2021-11-15T12:40:55+00:00,
4a4ab6fec0af9c10f52852f881a53635,VirusShare_00499,zusy,1391104,exe,trojan,75.0,2021-11-11T15:27:35+00:00,
60c5fd5388c3d06807522594d7d49a7f,VirusShare_00499,zusy,1395712,exe,trojan,76.47,2021-11-13T07:20:15+00:00,
60db2849aec88052012a299b48e84413,VirusShare_00499,zusy,1395712,exe,trojan,64.18,2021-11-10T18:17:11+00:00,
7f28bfd7c61022e45ba4eb03a7eee129,VirusShare_00499,zusy,1395712,exe,trojan,65.22,2021-11-11T18:53:07+00:00,
86cda5db8d5b23bed1a069285725fff2,VirusShare_00499,zusy,1391104,exe,trojan,60.61,2021-11-13T17:00:51+00:00,
8b24591572b94ab6f47f0d0fa11bf07a,VirusShare_00499,zusy,1391104,exe,trojan,61.76,2021-11-12T18:07:30+00:00,
a5fdefb4f4d4d36115098f720c7eee84,VirusShare_00499,zusy,2782208,exe,trojan,73.53,2021-11-15T14:55:56+00:00,
abc537291397817be053216ce5022464,VirusShare_00499,zusy,1391104,exe,trojan,77.94,2021-11-13T06:00:21+00:00,
bf12e783099bfe26a5139a1d773d3bbb,VirusShare_00499,zusy,1391104,exe,trojan,78.12,2021-11-15T10:12:57+00:00,
1d6d7710447bb55e5faa1117ebb4d906,VirusShare_00499,zusy,431104,exe,trojan,75.81,2021-11-13T06:31:03+00:00,1970-01-01
19afe274201b5b0e08692e69ece15d40,VirusShare_00495,zusy,307243,exe,trojan,53.62,2021-11-05T00:34:10+00:00,1992-06-19
1cb70c6ea245d7a54a98e2ab2be13abe,VirusShare_00495,zusy,337138,exe,trojan,68.12,2021-11-02T01:05:27+00:00,1992-06-19
2eeaf117ae9ef5e94efe9e7093b4e9c7,VirusShare_00495,zusy,331872,exe,trojan,52.24,2021-11-06T00:16:59+00:00,1992-06-19
2f231325ab58780ef2480ebf3d53da34,VirusShare_00495,zusy,1659936,exe,trojan,51.47,2021-11-05T11:35:28+00:00,1992-06-19
310b07e35b52c2916d6a294a362389b0,VirusShare_00495,zusy,1659936,exe,trojan,49.28,2021-11-05T11:37:18+00:00,1992-06-19
3a55584845873c90c9b1c4d2095d0529,VirusShare_00495,zusy,1659936,exe,trojan,52.17,2021-11-05T11:46:44+00:00,1992-06-19
3cbcf9ddf52d7456d9eebc6d112ba8bc,VirusShare_00495,zusy,1659936,exe,trojan,51.47,2021-11-05T07:02:27+00:00,1992-06-19
47d45af01c189212a8b70befc53f1bf3,VirusShare_00495,zusy,259627,exe,trojan,55.07,2021-11-05T00:34:15+00:00,1992-06-19
49568b02a701b16b0975de84c9a1fdf4,VirusShare_00495,zusy,1659936,exe,trojan,52.17,2021-11-05T12:01:27+00:00,1992-06-19
4f382c1fdf38f2037bd58aabd4cf581b,VirusShare_00495,zusy,380332,exe,trojan,55.07,2021-11-03T14:55:09+00:00,1992-06-19
5193f2faebb2df95877234eff04da2fa,VirusShare_00495,zusy,1659936,exe,trojan,49.28,2021-11-05T12:08:50+00:00,1992-06-19
533a3f4175a33dbf65d9277a75eb3629,VirusShare_00495,zusy,297659,exe,trojan,51.47,2021-10-31T19:02:15+00:00,1992-06-19
5f9043b8529b88cb7e73ddead86d8f3c,VirusShare_00495,zusy,1564016,exe,trojan,52.17,2021-11-08T16:33:55+00:00,1992-06-19
602807545b76da1d1f6a2707db07068b,VirusShare_00495,zusy,1659936,exe,trojan,51.47,2021-11-05T12:22:59+00:00,1992-06-19
664d636f4a59d54af43d7bdf4d5f9ccf,VirusShare_00495,zusy,1659936,exe,trojan,54.41,2021-11-05T12:28:52+00:00,1992-06-19
6cbc11e076614f5b49245ede10857c2a,VirusShare_00495,zusy,380332,exe,trojan,52.94,2021-10-31T07:48:36+00:00,1992-06-19
6ebde02e9762cc59e146fdb6293d4d9a,VirusShare_00495,zusy,1659904,exe,trojan,43.48,2021-11-05T02:06:29+00:00,1992-06-19
6fe1efbafa126265bec40cbe72754983,VirusShare_00495,zusy,418744,exe,trojan,57.35,2021-11-08T16:33:55+00:00,1992-06-19
8fe7191a53ddf462deda522207fec7a9,VirusShare_00495,zusy,1659936,exe,trojan,51.47,2021-11-05T13:07:15+00:00,1992-06-19
904868b948e4496120fe61c7ac1bb8b1,VirusShare_00495,zusy,1659936,exe,trojan,50.72,2021-11-05T13:07:45+00:00,1992-06-19
916f5f6cc743f4ed00abe726dc235f05,VirusShare_00495,zusy,1659936,exe,trojan,70.15,2021-11-08T19:14:03+00:00,1992-06-19
9e79a404542b3ba18050680d980ed251,VirusShare_00495,zusy,1659936,exe,trojan,50.72,2021-11-05T13:23:14+00:00,1992-06-19
a8bbb25f0229cf366571c99fa84a9aeb,VirusShare_00495,zusy,1659936,exe,trojan,50.72,2021-11-05T13:33:19+00:00,1992-06-19
ad3304fa91416e20e9e76cfef0ffeb08,VirusShare_00495,zusy,1659936,exe,trojan,50.72,2021-11-05T13:40:29+00:00,1992-06-19
ad78c08171c9154843441efbc09fa9f7,VirusShare_00495,zusy,2036496,exe,trojan,42.42,2021-11-09T02:51:19+00:00,1992-06-19
b3f9c30c73bbadb77ad8750e73a7dc3b,VirusShare_00495,zusy,1659936,exe,trojan,53.03,2021-11-05T13:46:00+00:00,1992-06-19
b78c9082763721445ebf00f8aae35605,VirusShare_00495,zusy,1659936,exe,trojan,50.72,2021-11-05T13:52:27+00:00,1992-06-19
cacaadd8266bcc844b5af56baebf6085,VirusShare_00495,zusy,1659904,exe,trojan,44.93,2021-11-05T00:28:55+00:00,1992-06-19
cd23c3043580dba6561e0990adb8237d,VirusShare_00495,zusy,1659936,exe,trojan,52.94,2021-11-05T14:16:21+00:00,1992-06-19
d1a7be9fc9a6bf4676837c01dd89c522,VirusShare_00495,zusy,1659936,exe,trojan,72.06,2021-11-07T02:35:24+00:00,1992-06-19
d65176b5f9ffd5ac5c77d159ddd1d725,VirusShare_00495,zusy,327704,exe,trojan,56.52,2021-11-08T16:33:55+00:00,1992-06-19
d65c04b4d54491510b091265aec6c717,VirusShare_00495,zusy,408600,exe,trojan,57.35,2021-11-08T16:33:56+00:00,1992-06-19
d69def054a06913ef4dac023b57eac44,VirusShare_00495,zusy,1659936,exe,trojan,50.72,2021-11-05T14:24:54+00:00,1992-06-19
dc91ca5aeb4dae19f2b10bcff72ce0a1,VirusShare_00495,zusy,1659936,exe,trojan,53.62,2021-11-05T14:31:45+00:00,1992-06-19
e5e919d432881fbb0678e6bb19acd8e9,VirusShare_00495,zusy,315048,exe,trojan,57.97,2021-11-04T12:39:03+00:00,1992-06-19
ec55953a79df365353d2d92255986630,VirusShare_00495,zusy,1659936,exe,trojan,53.62,2021-11-05T14:46:11+00:00,1992-06-19
ef61c7bb90b8fc777306f957b3c1fa9a,VirusShare_00495,zusy,1659936,exe,trojan,53.62,2021-11-05T14:51:06+00:00,1992-06-19
efe651adf6dfc657dfe4d65434e2de5c,VirusShare_00495,zusy,996352,exe,trojan,72.46,2021-10-24T07:04:33+00:00,1992-06-19
f8303aa36129f79dbec876fdf27e64ac,VirusShare_00495,zusy,275988,exe,trojan,56.52,2021-10-31T07:48:38+00:00,1992-06-19
05d660d235dac39cb55e2165637a94ac,VirusShare_00499,zusy,42496,exe,trojan,63.24,2021-11-15T14:35:00+00:00,1992-06-19
0618df4a80f22b109d2518373dcab889,VirusShare_00499,zusy,795136,exe,trojan,60.29,2021-11-14T04:31:17+00:00,1992-06-19
0cfceb4e889d1c23d827547eb93e5b35,VirusShare_00499,zusy,764416,exe,trojan,41.79,2021-11-12T12:54:35+00:00,1992-06-19
111c41430d1c4867aac23fa146540c0b,VirusShare_00499,zusy,425288,exe,trojan,52.24,2021-11-14T06:25:26+00:00,1992-06-19
1a1809988ed8f631ea58e01047803c25,VirusShare_00499,zusy,764416,exe,trojan,36.36,2021-11-12T12:16:26+00:00,1992-06-19
1dec273cb2c6d2a0037f001b7a213b1d,VirusShare_00499,zusy,597296,exe,trojan,56.72,2021-11-14T06:25:26+00:00,1992-06-19
38a95dd5981b2142b62e126c8638d914,VirusShare_00499,zusy,423688,exe,trojan,58.21,2021-11-14T06:25:26+00:00,1992-06-19
5823be33c8074abe3c4a4443acd4f102,VirusShare_00499,zusy,286304,exe,trojan,58.21,2021-11-14T06:25:26+00:00,1992-06-19
5a98743e29769059efde5dbb91e6a043,VirusShare_00499,zusy,1398368,exe,trojan,52.94,2021-11-14T17:06:50+00:00,1992-06-19
6c53ce37d67dc9d960e17429e0c950dc,VirusShare_00499,zusy,4894263,exe,trojan,51.47,2021-11-16T00:43:52+00:00,1992-06-19
78d405539fc4ef47a2d2e592eb784989,VirusShare_00499,zusy,720440,exe,trojan,58.82,2021-11-14T15:04:53+00:00,1992-06-19
8e12aaf0ff14254ec3eb7bd466e4a2d2,VirusShare_00499,zusy,302408,exe,trojan,55.88,2021-11-14T15:04:53+00:00,1992-06-19
96d63e03c68ded352fecf32f64f5d733,VirusShare_00499,zusy,1398368,exe,trojan,52.94,2021-11-14T14:24:38+00:00,1992-06-19
c81826d908e97dcfe33447fac8176ad0,VirusShare_00499,zusy,764416,exe,trojan,62.69,2021-11-15T04:55:02+00:00,1992-06-19
ca4c709f5516752c455da074be392132,VirusShare_00499,zusy,301176,exe,trojan,65.67,2021-11-16T11:36:48+00:00,1992-06-19
d8d7d73382ab8120c3d00157e4e7eb3d,VirusShare_00499,zusy,9433309,exe,trojan,50.75,2021-11-17T07:02:52+00:00,1992-06-19
f0f4c079e67def8994b9aeeb826b4ca7,VirusShare_00499,zusy,4560331,exe,trojan,52.94,2021-11-16T14:48:25+00:00,1992-06-19
f71747248a50c41ff0f6b59aacb58afa,VirusShare_00499,zusy,5756251,exe,trojan,50.79,2021-11-16T19:06:55+00:00,1992-06-19
fd25f393c764fc9613a1674277a1fab1,VirusShare_00499,zusy,490176,exe,trojan,52.94,2021-11-14T15:04:53+00:00,1992-06-19
3ddc91ad34600695b91cf936c9cc6c0b,VirusShare_00499,zusy,62720,exe,trojan,73.53,2021-11-13T05:31:31+00:00,1997-03-13
277815d3f8c5eab533d47a6e046092a4,VirusShare_00499,zusy,1384960,exe,trojan,51.47,2021-11-13T05:33:33+00:00,1997-07-16
85c9703d6868ab87daee77756afea76c,VirusShare_00499,zusy,432128,exe,trojan,37.31,2021-11-13T12:54:31+00:00,1999-07-07
16114b20de5b5ff0e5c3cc09b9a8be0f,VirusShare_00495,zusy,196608,exe,trojan,42.03,2021-11-07T04:39:37+00:00,2000-02-26
2bd2a0248de875046e317af61a7ec028,VirusShare_00495,zusy,382116,exe,worm,59.38,2021-11-04T09:35:10+00:00,2001-08-17
3bd58a84c5615f05b2a2638a72f613ac,VirusShare_00495,zusy,2099557,exe,trojan,61.43,2021-11-03T20:34:52+00:00,2001-08-17
4512bb78530a360a5fd065c3d5463b3a,VirusShare_00495,zusy,36864,exe,riskware,17.91,2021-11-06T15:30:54+00:00,2001-08-17
4ae964a9e4a182a856e20f5fcc000ffe,VirusShare_00495,zusy,36864,exe,riskware,17.91,2021-11-06T15:31:11+00:00,2001-08-17
5bc82b0ced31878a637f642a82083c4c,VirusShare_00495,zusy,36864,exe,riskware,17.65,2021-11-06T15:31:53+00:00,2001-08-17
919a330c38b04199dde56b9b3785f289,VirusShare_00495,zusy,369198,exe,trojan,60.87,2021-11-03T19:38:19+00:00,2001-08-17
aee7d46d65d5a2246da6a24f23bc56ca,VirusShare_00495,zusy,36864,exe,riskware,17.65,2021-11-06T15:29:30+00:00,2001-08-17
0bd00e13b2af90a5299bc827add4b849,VirusShare_00499,zusy,375640,exe,trojan,61.76,2021-11-09T19:35:27+00:00,2001-08-17
36bafd63ed767418c695590bcbc5f49b,VirusShare_00495,zusy,388608,exe,trojan,64.71,2021-11-08T01:24:16+00:00,2004-08-04
7bba8f0a22cf6494efb398582748ddaa,VirusShare_00495,zusy,388608,exe,trojan,38.1,2021-11-03T22:27:55+00:00,2004-08-04
cb3a665592f506bde81058ad3d29ad25,VirusShare_00495,zusy,388608,exe,exploit,66.67,2021-11-06T10:41:47+00:00,2004-08-04
9594fd6a45e1b7549811acd3d5c2edc7,VirusShare_00499,zusy,388608,exe,trojan,65.15,2021-11-11T05:34:08+00:00,2004-08-04
4dfed40dd7f549fc81be174b5c922f77,VirusShare_00499,zusy,3670016,exe,trojan,79.41,2021-11-11T17:19:53+00:00,2005-04-01
0c08cf3f0e31a18245732584b0d4f3b4,VirusShare_00499,zusy,213486,exe,trojan,73.13,2021-11-12T06:09:35+00:00,2007-06-02
17315431a87b5d6671879ed5bb35248f,VirusShare_00499,zusy,213486,exe,trojan,72.73,2021-11-12T05:28:27+00:00,2007-06-02
2a87e5053666b16ed86188d3560718d4,VirusShare_00499,zusy,213486,exe,trojan,75.0,2021-11-12T03:21:17+00:00,2007-06-02
2f5e724f9db54d30254ba2fabf8b177c,VirusShare_00499,zusy,213486,exe,trojan,75.0,2021-11-12T12:25:04+00:00,2007-06-02
441301a394d5929cb82e078cdd1612c6,VirusShare_00499,zusy,213486,exe,trojan,73.13,2021-11-12T00:56:06+00:00,2007-06-02
53347841ca58371e1141491d8fed5efa,VirusShare_00499,zusy,213486,exe,trojan,66.67,2021-11-12T06:09:36+00:00,2007-06-02
bc103255b40216a09e2390329db7f186,VirusShare_00499,zusy,213486,exe,trojan,76.47,2021-11-11T22:14:39+00:00,2007-06-02
bedd5771e9c2377f1f740f5c01821600,VirusShare_00499,zusy,213486,exe,trojan,76.47,2021-11-12T10:24:19+00:00,2007-06-02
c433589afcd9b5ac8540c40996b6947f,VirusShare_00499,zusy,213486,exe,trojan,73.13,2021-11-11T18:32:26+00:00,2007-06-02
dbaca9c7e8dc719fc85556a772a434f9,VirusShare_00499,zusy,213486,exe,trojan,75.0,2021-11-12T00:24:45+00:00,2007-06-02
0b2876e618cc25b417c8147bf36caaf4,VirusShare_00495,zusy,14661,exe,trojan,62.32,2021-11-09T01:54:33+00:00,2007-08-17
1cd11d97c552a82a54ebead97e3616be,VirusShare_00495,zusy,14661,exe,trojan,57.35,2021-11-03T20:19:17+00:00,2007-08-17
4b48d119ec8cae5bf3c570b14cc0775f,VirusShare_00495,zusy,14661,exe,trojan,55.07,2021-11-03T21:22:23+00:00,2007-08-17
4dd5c56665673ea1ad6172bc626d1c2b,VirusShare_00495,zusy,311113,exe,trojan,52.17,2021-11-04T17:13:37+00:00,2007-08-17
cd935f0839cbe86506a0309b6d0df173,VirusShare_00495,zusy,14661,exe,trojan,50.72,2021-11-06T13:44:30+00:00,2007-08-17
32fe382364291373ea1a63160a97cbda,VirusShare_00499,zusy,14848,exe,trojan,52.24,2021-11-12T17:33:19+00:00,2007-08-17
09c01349acc698b179842a73cc3b1b13,VirusShare_00499,zusy,55808,exe,trojan,79.41,2021-11-12T17:35:41+00:00,2008-01-12
015ec34e11166cb17d5f82cfe70e8260,VirusShare_00495,zusy,32768,exe,trojan,73.53,2021-11-07T04:43:20+00:00,2008-04-19
02a8e8e8884a246a786faa15a0885160,VirusShare_00495,zusy,537829,exe,trojan,68.12,2021-11-03T15:06:30+00:00,2008-04-19
02e3c25c8e9a847791cee477d81552bf,VirusShare_00495,zusy,1274038,exe,trojan,66.67,2021-11-06T18:02:06+00:00,2008-04-19
03266462be0651c2bac4e9a7856bab68,VirusShare_00495,zusy,428915,exe,trojan,63.24,2021-11-07T16:25:03+00:00,2008-04-19
03afa440f1656f5a967b7107ae444301,VirusShare_00495,zusy,341723,exe,trojan,69.57,2021-11-07T01:08:31+00:00,2008-04-19
0600ebdd50464622cd6b7bc0cbce852b,VirusShare_00495,zusy,378041,exe,trojan,69.7,2021-11-07T11:04:23+00:00,2008-04-19
07c3cadbdbfccb569f80e9fefeb4ee08,VirusShare_00495,zusy,7923715,exe,trojan,66.18,2021-11-07T03:25:50+00:00,2008-04-19
0899e6045954b73850a6428998deb2ff,VirusShare_00495,zusy,13363305,exe,trojan,77.61,2021-11-05T06:18:09+00:00,2008-04-19
09d8ac3d36b8f5c878d820cd9b15f0ed,VirusShare_00495,zusy,118784,exe,trojan,59.7,2021-11-08T06:09:32+00:00,2008-04-19
09f7f16d0f0d3cf09c9bad92917ba770,VirusShare_00495,zusy,285177,exe,trojan,67.65,2021-10-31T07:45:24+00:00,2008-04-19
0a404a6a580d2419838188f2f004d5b2,VirusShare_00495,zusy,1018571,exe,trojan,68.12,2021-11-05T12:06:54+00:00,2008-04-19
0a47a717fdb7bc5a58f3c9b99e40d021,VirusShare_00495,zusy,8683491,exe,trojan,67.16,2021-11-07T09:30:50+00:00,2008-04-19
0dae8fdc897531bafaa51249e0ca448d,VirusShare_00495,zusy,6305507,exe,trojan,66.18,2021-11-06T19:29:13+00:00,2008-04-19
0e6ca9fc84a0c9defb8d8070c10a911c,VirusShare_00495,zusy,32768,exe,trojan,66.67,2021-11-05T19:25:13+00:00,2008-04-19
0ee097989278abda9d9f035eccf28c39,VirusShare_00495,zusy,2231478,exe,trojan,63.24,2021-11-07T13:23:35+00:00,2008-04-19
0f998cb152065a26d820b2c01f6f3512,VirusShare_00495,zusy,1637167,exe,trojan,66.67,2021-11-03T09:07:20+00:00,2008-04-19
128ac8c0306becb48523b7e15ae7b878,VirusShare_00495,zusy,13505069,exe,trojan,71.01,2021-11-03T15:06:30+00:00,2008-04-19
16c6ff5748b03b433a4313e3ba9bf286,VirusShare_00495,zusy,9730646,exe,trojan,62.32,2021-11-07T13:23:54+00:00,2008-04-19
17ad6232c6754bb8fd4b2d3c761919fd,VirusShare_00495,zusy,57344,exe,trojan,63.64,2021-11-08T06:08:58+00:00,2008-04-19
195d3e51e1174761125e2566ebd89810,VirusShare_00495,zusy,375155,exe,trojan,68.12,2021-11-07T01:08:38+00:00,2008-04-19
19b2b69af7f2024faeac41805f07387c,VirusShare_00495,zusy,907882,exe,trojan,70.59,2021-11-05T12:06:55+00:00,2008-04-19
19c28810fba3fd42b4ca1ab8778d06b6,VirusShare_00495,zusy,1113565,exe,trojan,79.71,2021-11-08T05:58:48+00:00,2008-04-19
19f38db3a65c7fc04f364ba09d270abd,VirusShare_00495,zusy,391854,exe,trojan,58.57,2021-10-31T07:33:39+00:00,2008-04-19
1a16c6f32820e6182092cde467bfee00,VirusShare_00495,zusy,106496,exe,trojan,62.69,2021-11-08T06:11:49+00:00,2008-04-19
1aa4085aa70b6e3a460b4dc4afcdad71,VirusShare_00495,zusy,104747,exe,trojan,73.53,2021-10-31T04:20:30+00:00,2008-04-19
1bbcf778c412e479fe758dd8362d881a,VirusShare_00495,zusy,229448,exe,trojan,65.22,2021-11-03T15:06:35+00:00,2008-04-19
1ce6292d3371b82dbd4526aa90899d7f,VirusShare_00495,zusy,388665,exe,trojan,69.12,2021-10-31T07:45:21+00:00,2008-04-19
1ce9f7d3e93a52f743e213227c989663,VirusShare_00495,zusy,32768,exe,trojan,65.22,2021-11-08T06:09:40+00:00,2008-04-19
1ea5e15be430633d6a646e825ac3320c,VirusShare_00495,zusy,369996,exe,trojan,70.59,2021-11-07T11:04:22+00:00,2008-04-19
200fc88d95c15454eebef5e15a915fa7,VirusShare_00495,zusy,4060797,exe,trojan,69.57,2021-11-06T20:02:22+00:00,2008-04-19
210692d0a8f8566437039f08dd372336,VirusShare_00495,zusy,63502,exe,trojan,72.46,2021-10-30T19:36:44+00:00,2008-04-19
21954ab61ac01f5e33758281c4261af6,VirusShare_00495,zusy,382614,exe,trojan,63.24,2021-10-31T07:50:38+00:00,2008-04-19
220672cdaafdfafb256c3b282552f1df,VirusShare_00495,zusy,159744,exe,trojan,62.9,2021-11-08T06:11:59+00:00,2008-04-19
2248510156819f915103ce66aa9b4ddd,VirusShare_00495,zusy,45056,exe,trojan,63.77,2021-11-08T06:11:38+00:00,2008-04-19
2330303883e1d72db2c959f9fae95b97,VirusShare_00495,zusy,560675,exe,trojan,66.18,2021-11-06T19:29:19+00:00,2008-04-19
23ea385d114828b73b66ab176c0d463f,VirusShare_00495,zusy,7923715,exe,trojan,74.63,2021-11-08T13:55:22+00:00,2008-04-19
2518b41ee23a38040598fed2439fdb80,VirusShare_00495,zusy,4143568,exe,trojan,66.1,2021-11-02T06:49:05+00:00,2008-04-19
27151942329f234a0fee16604f9effb6,VirusShare_00495,zusy,299008,exe,trojan,62.32,2021-11-08T06:10:55+00:00,2008-04-19
27f3b650dd55de3f6183878486bfea6c,VirusShare_00495,zusy,56949,exe,trojan,72.06,2021-11-02T04:26:21+00:00,2008-04-19
28f05b857c4d13daa8d25291fff7ad59,VirusShare_00495,zusy,442689,exe,trojan,77.61,2021-11-06T22:38:57+00:00,2008-04-19
2bc8be9578c9586faee9e5880a883c66,VirusShare_00495,zusy,3250976,exe,trojan,73.53,2021-11-07T09:30:45+00:00,2008-04-19
2c093375bb361841188212e00dbae7aa,VirusShare_00495,zusy,69632,exe,trojan,62.69,2021-11-08T06:11:43+00:00,2008-04-19
2c6d47efea439c599234af71f0672831,VirusShare_00495,zusy,2061834,exe,trojan,60.61,2021-11-06T23:35:28+00:00,2008-04-19
2c835cb3ef50daf001e2b22199492ad9,VirusShare_00495,zusy,380605,exe,trojan,66.67,2021-11-03T09:07:20+00:00,2008-04-19
2da111cf4cb23c0727b129aa7007a1ba,VirusShare_00495,zusy,45056,exe,trojan,63.64,2021-11-08T06:10:28+00:00,2008-04-19
3096b5b025b265975d444a87e81f617f,VirusShare_00495,zusy,1236925,exe,trojan,69.57,2021-11-03T15:06:35+00:00,2008-04-19
327da2cc7be7daf8bee27e10d4201760,VirusShare_00495,zusy,8598672,exe,trojan,65.22,2021-11-03T13:46:43+00:00,2008-04-19
340485088451ca2fb8b743c66f81d257,VirusShare_00495,zusy,9887139,exe,trojan,65.22,2021-11-07T03:25:50+00:00,2008-04-19
36a13be00e52be3196798bd42f9baf5c,VirusShare_00495,zusy,483605,exe,trojan,66.67,2021-11-08T17:18:55+00:00,2008-04-19
3a8c03191d88f8707c458de304e8d017,VirusShare_00495,zusy,7923715,exe,trojan,66.67,2021-11-03T16:34:11+00:00,2008-04-19
3aa1dfd7ab2134745116df1850b6f387,VirusShare_00495,zusy,341723,exe,trojan,69.57,2021-11-07T16:24:59+00:00,2008-04-19
3ef6e26262ecd5aed798352fbf601e0a,VirusShare_00495,zusy,57344,exe,trojan,67.65,2021-11-08T06:08:48+00:00,2008-04-19
3ff0bb26ad6d6171ca1075a88da412ea,VirusShare_00495,zusy,59336,exe,trojan,69.57,2021-10-30T20:27:22+00:00,2008-04-19
420e45f881e54b9c258a82de5f7ea23d,VirusShare_00495,zusy,11996555,exe,trojan,69.57,2021-11-05T12:07:04+00:00,2008-04-19
42a2b615da0832e010448d1ba88d131e,VirusShare_00495,zusy,5000976,exe,trojan,66.67,2021-11-06T18:08:57+00:00,2008-04-19
42ee15b84ca2d03bf316c9fd14a9d99f,VirusShare_00495,zusy,271568,exe,trojan,67.16,2021-11-03T14:35:24+00:00,2008-04-19
42f7e29a5fbb72ae11c402bbc47e4959,VirusShare_00495,zusy,849682,exe,trojan,81.16,2021-11-02T02:35:03+00:00,2008-04-19
440543535b65e931b507137c77ffef68,VirusShare_00495,zusy,6305513,exe,trojan,70.15,2021-11-07T13:59:58+00:00,2008-04-19
44e775a6074ba568a43c115de4a0c25c,VirusShare_00495,zusy,1887754,exe,trojan,70.59,2021-11-07T12:46:02+00:00,2008-04-19
461582d0da09f93b09e0490a4bdc836f,VirusShare_00495,zusy,3576513,exe,trojan,67.69,2021-11-08T17:18:42+00:00,2008-04-19
475bd6177f0e746969fe68cb28bc1054,VirusShare_00495,zusy,2818067,exe,trojan,65.0,2021-11-02T06:49:07+00:00,2008-04-19
47968407af8ccb61b50a9a7fbff7fabe,VirusShare_00495,zusy,32768,exe,trojan,62.32,2021-11-05T19:35:53+00:00,2008-04-19
48e331ad640b8f0b2c4eabaf2bc194ec,VirusShare_00495,zusy,2632907,exe,trojan,73.13,2021-11-07T11:04:21+00:00,2008-04-19
49de8ebeb666e77bad347dafaf415d3b,VirusShare_00495,zusy,9642576,exe,trojan,66.18,2021-11-03T14:35:20+00:00,2008-04-19
4b6b5bf8bbba0f82cc685f6349de154a,VirusShare_00495,zusy,655536,exe,trojan,74.63,2021-11-08T00:35:00+00:00,2008-04-19
4e9c430e61d1e31bccd7af0a284605a0,VirusShare_00495,zusy,7475531,exe,trojan,67.65,2021-11-06T19:29:12+00:00,2008-04-19
510d50fba1f05738d9cb487fb9de88d3,VirusShare_00495,zusy,523985,exe,trojan,73.13,2021-11-09T03:05:58+00:00,2008-04-19
5171b0efb6b68703ff68965eb59217d7,VirusShare_00495,zusy,570717,exe,trojan,71.01,2021-11-07T03:40:10+00:00,2008-04-19
536b5ca023a5221add09f12417a41ddf,VirusShare_00495,zusy,49152,exe,trojan,62.32,2021-11-08T06:10:21+00:00,2008-04-19
5373caf23fd5ac0c36dda71b280ce1e4,VirusShare_00495,zusy,56546,exe,trojan,77.94,2021-11-01T15:35:08+00:00,2008-04-19
541155401954f1f183943b604ae92660,VirusShare_00495,zusy,381372,exe,trojan,74.63,2021-11-07T09:30:44+00:00,2008-04-19
559bf9e670823231783ee1595d65aa4e,VirusShare_00495,zusy,1052511,exe,trojan,69.12,2021-11-03T09:28:22+00:00,2008-04-19
55e2e268261137074a90aac2e5f9ea0f,VirusShare_00495,zusy,679643,exe,trojan,66.13,2021-11-07T01:08:28+00:00,2008-04-19
566346b9b49739efbf18d9ed5367fde4,VirusShare_00495,zusy,312991,exe,trojan,71.01,2021-11-06T10:35:49+00:00,2008-04-19
5a7cead0e9ada4c0fd157fa393126882,VirusShare_00495,zusy,6248961,exe,trojan,67.65,2021-11-03T13:46:38+00:00,2008-04-19
5a93c25efbf4f2c7629fa0e08e99479e,VirusShare_00495,zusy,8683497,exe,trojan,62.5,2021-11-07T13:59:38+00:00,2008-04-19
5b69b890193f7cfa6e7b12eb07e737af,VirusShare_00495,zusy,69632,exe,trojan,63.77,2021-11-08T06:10:25+00:00,2008-04-19
5c36396127a10e72ae3021bbb6d2e90e,VirusShare_00495,zusy,2212688,exe,trojan,68.12,2021-11-06T20:02:22+00:00,2008-04-19
5cf8f09ca19dea871e80d53366f2bc51,VirusShare_00495,zusy,936155,exe,trojan,75.76,2021-11-08T10:21:30+00:00,2008-04-19
601bb630c839aaab46a14bfbacef063a,VirusShare_00495,zusy,714793,exe,trojan,70.59,2021-11-07T11:04:18+00:00,2008-04-19
60a89b361a8a08c7f83b99fcf085dc0e,VirusShare_00495,zusy,473484,exe,trojan,56.52,2021-11-07T09:30:43+00:00,2008-04-19
61f8d18cda95d88444ac47e304813d80,VirusShare_00495,zusy,773874,exe,trojan,68.12,2021-11-08T17:18:41+00:00,2008-04-19
6271804691e28a7586ef31401859e6e3,VirusShare_00495,zusy,492556,exe,trojan,69.12,2021-11-07T10:51:57+00:00,2008-04-19
6281bcc48a01df73511da9013a5ec219,VirusShare_00495,zusy,331281,exe,trojan,66.18,2021-10-31T07:45:18+00:00,2008-04-19
6749d5eebfc40f5c59dd3a8cc48d2ec0,VirusShare_00495,zusy,8425638,exe,trojan,68.12,2021-11-03T15:06:33+00:00,2008-04-19
68988998999988adb74412f58f8ee459,VirusShare_00495,zusy,53248,exe,trojan,63.77,2021-11-08T06:11:47+00:00,2008-04-19
697cd25aba7a82e98ec330ca7b1ef7f5,VirusShare_00495,zusy,285177,exe,trojan,71.01,2021-11-07T12:45:58+00:00,2008-04-19
6bccf510c05561110c0750b27b116ba3,VirusShare_00495,zusy,32768,exe,trojan,67.65,2021-11-08T06:11:51+00:00,2008-04-19
6cd3664786e3db845ea0a5a395c1573c,VirusShare_00495,zusy,326797,exe,trojan,71.64,2021-10-31T04:15:15+00:00,2008-04-19
6ce863e3e431c039d87aff1673aad240,VirusShare_00495,zusy,433002,exe,trojan,69.12,2021-10-31T08:25:00+00:00,2008-04-19
6e3e0ed03d6e6b58c966842a22923c53,VirusShare_00495,zusy,531852,exe,trojan,71.64,2021-11-07T09:30:43+00:00,2008-04-19
6eb4a1d1916858737ba569fa6a264ed3,VirusShare_00495,zusy,4300760,exe,trojan,66.18,2021-11-07T16:25:03+00:00,2008-04-19
70c50f0e6d93603291961bea7e487939,VirusShare_00495,zusy,7380412,exe,trojan,63.24,2021-11-03T14:35:19+00:00,2008-04-19
7252f54260842fd3960f82827f932ef2,VirusShare_00495,zusy,353894,exe,trojan,70.59,2021-11-07T16:25:01+00:00,2008-04-19
7255b9d2d739e8f9efdb9fce900c3cc7,VirusShare_00495,zusy,2937419,exe,trojan,70.77,2021-11-03T19:29:47+00:00,2008-04-19
74a783be91add4c079eb88cf77fa5662,VirusShare_00495,zusy,389120,exe,trojan,59.42,2021-11-08T06:08:52+00:00,2008-04-19
74b741b3607cd2c050c60c3af197d7d4,VirusShare_00495,zusy,1774662,exe,trojan,68.12,2021-11-08T02:44:50+00:00,2008-04-19
75631a232fffd7651a43202307fee79c,VirusShare_00495,zusy,397810,exe,trojan,77.94,2021-11-05T03:05:57+00:00,2008-04-19
774b3a4bcbcada5d013a10f19767c00d,VirusShare_00495,zusy,7338940,exe,trojan,64.71,2021-11-07T12:46:03+00:00,2008-04-19
775041a15b6e2d3519333baf325b3fbd,VirusShare_00495,zusy,442473,exe,trojan,68.12,2021-11-07T03:40:06+00:00,2008-04-19
78312d45c45e2a38c7b56e659e9cb0e2,VirusShare_00495,zusy,627263,exe,trojan,75.36,2021-11-07T00:48:33+00:00,2008-04-19
792e4efd76e68827b57782ead6f827ab,VirusShare_00495,zusy,936155,exe,trojan,68.12,2021-11-02T03:23:30+00:00,2008-04-19
7a5bc9fdc5365c013863f99dba072cfd,VirusShare_00495,zusy,968721,exe,trojan,66.18,2021-11-03T15:06:31+00:00,2008-04-19
7b1c790ed5df28624690ed4eb859a162,VirusShare_00495,zusy,749559,exe,trojan,70.15,2021-11-07T19:45:53+00:00,2008-04-19
7cfdfe4554501fa5dab6f0f7bde3856f,VirusShare_00495,zusy,5702310,exe,trojan,68.12,2021-11-07T03:40:08+00:00,2008-04-19
7d78a46e6c4b43e38438fafb2a4aedce,VirusShare_00495,zusy,6979403,exe,trojan,77.94,2021-11-08T07:35:12+00:00,2008-04-19
7e16f01e18b0345750c5295cbb9fc839,VirusShare_00495,zusy,4087022,exe,trojan,75.36,2021-11-08T04:19:27+00:00,2008-04-19
7e1ce86332b78b6f73d76710d09b6583,VirusShare_00495,zusy,392417,exe,trojan,69.57,2021-11-07T13:59:12+00:00,2008-04-19
8070f6b1a9ee0c2ae2b70876298e5dd7,VirusShare_00495,zusy,7295194,exe,trojan,62.32,2021-11-05T12:06:55+00:00,2008-04-19
81224fb032cd5e4a38054826fbead347,VirusShare_00495,zusy,256680,exe,trojan,66.67,2021-11-03T16:34:23+00:00,2008-04-19
822327adf3a8faecfb52d8787d202ffe,VirusShare_00495,zusy,57344,exe,trojan,63.77,2021-11-08T06:09:58+00:00,2008-04-19
82dc01077d7bceadec734bb44c959034,VirusShare_00495,zusy,499761,exe,trojan,66.18,2021-10-31T07:45:15+00:00,2008-04-19
835dea47b19d8bf94e0044ddf659806f,VirusShare_00495,zusy,151552,exe,trojan,67.16,2021-11-08T06:11:10+00:00,2008-04-19
8778c3aeeffa2c6641a79ffd5a72c97d,VirusShare_00495,zusy,8435651,exe,trojan,68.12,2021-11-03T16:34:14+00:00,2008-04-19
88390a8e0bf399e06944981fc620712b,VirusShare_00495,zusy,9371841,exe,trojan,68.12,2021-11-07T03:40:14+00:00,2008-04-19
88ca226361f75d4593c653bb1420dc71,VirusShare_00495,zusy,4364289,exe,trojan,69.57,2021-11-08T17:18:42+00:00,2008-04-19
9096e7be604aba076359b4ec1baa99bf,VirusShare_00495,zusy,1259146,exe,trojan,63.77,2021-11-07T18:33:46+00:00,2008-04-19
90c99fbb24e4429c058aa206dd20404b,VirusShare_00495,zusy,253952,exe,trojan,58.82,2021-11-08T06:10:24+00:00,2008-04-19
91f1901f5145dd5626bf69a160012e8a,VirusShare_00495,zusy,499761,exe,trojan,68.12,2021-11-03T15:06:28+00:00,2008-04-19
93002d6d26c0f7e53583a403d966d861,VirusShare_00495,zusy,285526,exe,trojan,68.12,2021-11-07T02:28:10+00:00,2008-04-19
936ef9c270c4af336293c7ddd95b4dec,VirusShare_00495,zusy,7308107,exe,trojan,69.57,2021-11-07T03:25:54+00:00,2008-04-19
950a83629e554e1391ec0f0e1ce1565f,VirusShare_00495,zusy,13450961,exe,trojan,69.12,2021-11-07T09:10:40+00:00,2008-04-19
957901c3bb22d91cbf4bad93819004e9,VirusShare_00495,zusy,378083,exe,trojan,62.69,2021-11-07T01:08:29+00:00,2008-04-19
9bf16ec806a4547ca90f20c4f825f7c8,VirusShare_00495,zusy,32768,exe,trojan,62.69,2021-11-05T19:27:38+00:00,2008-04-19
9e1aa114080e109a54cb7355b054675a,VirusShare_00495,zusy,262144,exe,trojan,64.71,2021-11-08T06:11:37+00:00,2008-04-19
9e21cb6fae899906ffdaa0adce303755,VirusShare_00495,zusy,8435651,exe,trojan,69.12,2021-11-07T09:30:45+00:00,2008-04-19
9f32e53250b4955bb9eb12a87d86267c,VirusShare_00495,zusy,364138,exe,trojan,70.59,2021-11-03T14:48:41+00:00,2008-04-19
a03a3f69d4095f760fe60add85411cbe,VirusShare_00495,zusy,936656,exe,trojan,64.71,2021-11-03T14:35:17+00:00,2008-04-19
a210d4c5463098d795b9a499a2a811c6,VirusShare_00495,zusy,14274058,exe,trojan,67.65,2021-10-31T08:15:35+00:00,2008-04-19
a9bfd1244fedf3a3138809cb6c76e625,VirusShare_00495,zusy,2332097,exe,trojan,65.22,2021-11-07T03:40:09+00:00,2008-04-19
aa8e6b7a8c0c663fe1a962afd5956421,VirusShare_00495,zusy,13335032,exe,trojan,65.22,2021-11-07T03:40:15+00:00,2008-04-19
b02de0c4c094ca25a9aa7d97c70dad70,VirusShare_00495,zusy,7281995,exe,trojan,66.67,2021-11-06T19:29:24+00:00,2008-04-19
b1248af7bcc1535df8a9dcec3bec68e3,VirusShare_00495,zusy,392411,exe,trojan,67.16,2021-11-03T19:29:43+00:00,2008-04-19
b1c30e8d7ba49ce04b47ba3a9f2d69b2,VirusShare_00495,zusy,11940009,exe,trojan,63.77,2021-11-07T03:40:12+00:00,2008-04-19
b2408831787455a4b54d1c93fe26c605,VirusShare_00495,zusy,388665,exe,trojan,68.12,2021-11-06T20:02:19+00:00,2008-04-19
b28e77750421c0af9cdff51d3f047585,VirusShare_00495,zusy,964929,exe,trojan,69.12,2021-11-06T18:08:48+00:00,2008-04-19
b5f5e4b7466e9bdbe7391c05ff100998,VirusShare_00495,zusy,7475531,exe,trojan,68.12,2021-11-03T16:34:25+00:00,2008-04-19
b6e3b14ecf923cef10456df67a19ac7c,VirusShare_00495,zusy,380200,exe,trojan,71.01,2021-11-03T14:35:22+00:00,2008-04-19
b9d4e5fe567cb475a10ca83f87078f3d,VirusShare_00495,zusy,297348,exe,trojan,69.57,2021-11-07T03:40:09+00:00,2008-04-19
bb91649d7a0bd690523b06d8d7d0c2e1,VirusShare_00495,zusy,731032,exe,trojan,71.01,2021-11-03T14:35:21+00:00,2008-04-19
bde56545f17223da80df2c56919e34f3,VirusShare_00495,zusy,118784,exe,trojan,63.24,2021-11-08T06:11:29+00:00,2008-04-19
be8fa3ab5585639bb07e0faa8a4c2c7c,VirusShare_00495,zusy,4177788,exe,trojan,77.94,2021-11-08T00:14:33+00:00,2008-04-19
bf26fdfa2f9e8504c027530dc074b7ef,VirusShare_00495,zusy,14463777,exe,trojan,74.24,2021-11-03T10:14:54+00:00,2008-04-19
c0f1ff8f52078b77411f6144643d7e96,VirusShare_00495,zusy,262144,exe,trojan,63.24,2021-11-08T06:09:27+00:00,2008-04-19
c309bd3e29ec11f7ebbcf0e13141ead7,VirusShare_00495,zusy,584580,exe,trojan,67.16,2021-11-03T16:34:10+00:00,2008-04-19
c3c5ac03d6e1c372a04221116b64aa3c,VirusShare_00495,zusy,392411,exe,trojan,70.15,2021-11-07T11:04:22+00:00,2008-04-19
c3ee7a54799e85df3b1201c96051f4a8,VirusShare_00495,zusy,5987555,exe,trojan,70.59,2021-11-07T11:04:20+00:00,2008-04-19
c4da897b9b6912ea8ddcf27a617608e9,VirusShare_00495,zusy,442689,exe,trojan,67.65,2021-10-31T07:45:23+00:00,2008-04-19
c5fa475fe0d43f2934380e334c1f4e2c,VirusShare_00495,zusy,372170,exe,trojan,62.32,2021-11-06T20:12:50+00:00,2008-04-19
c65d7fd1343aeb0308aa2831b5b3015f,VirusShare_00495,zusy,2320522,exe,trojan,68.12,2021-11-04T00:45:47+00:00,2008-04-19
c6b04e7bd49763f2595c480bf46b84c4,VirusShare_00495,zusy,445211,exe,trojan,69.12,2021-11-07T11:04:18+00:00,2008-04-19
c9af26ccc51d824512458b68d469cc5f,VirusShare_00495,zusy,353894,exe,trojan,72.46,2021-11-07T01:08:33+00:00,2008-04-19
ca32fb1c216ab6654c09c638cb92bd62,VirusShare_00495,zusy,3682091,exe,trojan,65.22,2021-11-01T03:40:06+00:00,2008-04-19
caecafbaca2e8e25f498f8ac8db1e876,VirusShare_00495,zusy,1057019,exe,trojan,71.01,2021-11-03T16:34:15+00:00,2008-04-19
cc73309ab0f318ecf884e0cf875ae4da,VirusShare_00495,zusy,341723,exe,trojan,69.57,2021-11-07T09:30:46+00:00,2008-04-19
cd219edac3bb467f5e22dc4cd2f0f858,VirusShare_00495,zusy,13422682,exe,trojan,65.22,2021-11-05T12:06:56+00:00,2008-04-19
cd8b55d8c5ed896b6ed5d4342771e2c5,VirusShare_00495,zusy,1052721,exe,trojan,81.82,2021-11-05T08:05:45+00:00,2008-04-19
ce7875fbf956c4f7a908cd72971064f8,VirusShare_00495,zusy,6392458,exe,trojan,65.22,2021-11-05T12:06:56+00:00,2008-04-19
cf85431b708c08620f2178738e662051,VirusShare_00495,zusy,1694204,exe,trojan,72.46,2021-11-03T15:19:55+00:00,2008-04-19
d006e06a5e4f43c2eaf3e103cc170d96,VirusShare_00495,zusy,496135,exe,trojan,65.22,2021-10-31T07:35:44+00:00,2008-04-19
d1673ef5f79154affd60af820f9f2909,VirusShare_00495,zusy,8294286,exe,trojan,69.57,2021-11-03T15:06:34+00:00,2008-04-19
d3b73a1469722501efa4d35fdd241a30,VirusShare_00495,zusy,57344,exe,trojan,63.64,2021-11-08T06:08:47+00:00,2008-04-19
d76bb2b3ceeb71d29109b07f6dc0d7f0,VirusShare_00495,zusy,9428387,exe,trojan,66.18,2021-11-07T03:25:52+00:00,2008-04-19
d9e7f52dacbd43d1e190a26c1dd7d715,VirusShare_00495,zusy,5931009,exe,trojan,69.57,2021-11-03T13:46:43+00:00,2008-04-19
da5947a3ccc8f4af75300b3c9eb21199,VirusShare_00495,zusy,509723,exe,trojan,68.12,2021-11-07T12:45:53+00:00,2008-04-19
dafc481439596457bfe48d4d6dabc266,VirusShare_00495,zusy,9803570,exe,trojan,66.67,2021-11-07T11:04:26+00:00,2008-04-19
dd26ad3d067c9c6b7394aebd8b65b9ee,VirusShare_00495,zusy,5964390,exe,trojan,72.06,2021-11-08T17:18:48+00:00,2008-04-19
de02a44f768e17785e1070120da8dfba,VirusShare_00495,zusy,9755668,exe,trojan,70.15,2021-11-07T09:30:47+00:00,2008-04-19
de105bce6d8378604b4449eb4481af70,VirusShare_00495,zusy,7554083,exe,trojan,69.57,2021-11-03T16:34:14+00:00,2008-04-19
de689ba82cfc65f77284cd756936a756,VirusShare_00495,zusy,339495,exe,trojan,75.36,2021-11-03T15:19:50+00:00,2008-04-19
df2e32a932ca71556ed50ab762b1d385,VirusShare_00495,zusy,420127,exe,trojan,73.91,2021-11-07T03:36:29+00:00,2008-04-19
e0cb3295bc0c5b883175ba992b16c196,VirusShare_00495,zusy,9802326,exe,trojan,71.01,2021-11-07T17:09:37+00:00,2008-04-19
e0f855fc76169f6f4f53c7e34edcbe41,VirusShare_00495,zusy,6448609,exe,trojan,76.81,2021-11-08T12:28:57+00:00,2008-04-19
e3db54deb7a25bd5c2fc7a8a9bf79ab2,VirusShare_00495,zusy,492556,exe,trojan,68.66,2021-11-03T13:45:33+00:00,2008-04-19
e61455a8fa4170a23edebe3011c0a6f4,VirusShare_00495,zusy,5036067,exe,trojan,75.0,2021-11-08T03:56:10+00:00,2008-04-19
e708de157404c42b548b1c9a1e589842,VirusShare_00495,zusy,11996555,exe,trojan,72.46,2021-11-02T03:23:34+00:00,2008-04-19
e7b37b84a360a0e300105a1a502d6aaf,VirusShare_00495,zusy,45056,exe,trojan,63.08,2021-11-08T06:12:13+00:00,2008-04-19
ec390aa5c1c125d9f13952e964e68ed8,VirusShare_00495,zusy,493697,exe,trojan,65.22,2021-11-07T00:47:53+00:00,2008-04-19
f0ae453c3449ff826e36e8fb124c4f4a,VirusShare_00495,zusy,1055793,exe,trojan,69.12,2021-11-06T18:08:47+00:00,2008-04-19
f17650e3c7550b977a30a2d55e226d3a,VirusShare_00495,zusy,13419851,exe,trojan,68.12,2021-11-03T16:34:11+00:00,2008-04-19
f25fe7f392a455d7199dba116a9f2a22,VirusShare_00495,zusy,94208,exe,trojan,67.16,2021-11-08T06:11:32+00:00,2008-04-19
f318c4d1984689eeeb8b1e697814739a,VirusShare_00495,zusy,1021475,exe,trojan,66.18,2021-11-07T16:24:56+00:00,2008-04-19
f32555346986cd5b229ad32d70144184,VirusShare_00495,zusy,7960405,exe,trojan,76.81,2021-11-04T19:36:46+00:00,2008-04-19
f3342d9ece727bbd381921c47e1a76fd,VirusShare_00495,zusy,8501586,exe,trojan,71.01,2021-11-03T15:06:29+00:00,2008-04-19
f3cca2fdeb5974241be72e2146b8a089,VirusShare_00495,zusy,90112,exe,trojan,64.71,2021-11-08T06:09:19+00:00,2008-04-19
f64e2be09322d4ff63b5de13716faaee,VirusShare_00495,zusy,8683491,exe,trojan,66.67,2021-11-03T18:18:34+00:00,2008-04-19
f6bc63cba6a4a01d7abce062f9d5fbb6,VirusShare_00495,zusy,445211,exe,trojan,69.57,2021-11-07T16:24:56+00:00,2008-04-19
fa71e540fcfe11502b3cbe85b39c8a32,VirusShare_00495,zusy,11996555,exe,trojan,66.67,2021-11-07T16:25:04+00:00,2008-04-19
faec5934d726c353b467bf61019afc28,VirusShare_00495,zusy,7281995,exe,trojan,66.67,2021-11-07T03:25:53+00:00,2008-04-19
fcfb9518b107b5e1da7a2fd430fa3d43,VirusShare_00495,zusy,14350685,exe,trojan,60.29,2021-11-06T16:25:26+00:00,2008-04-19
fe6ac9db55496cd6066509d6a4fef54c,VirusShare_00495,zusy,342066,exe,trojan,73.91,2021-11-03T15:19:53+00:00,2008-04-19
0047897b9eebbd12c0f029522f9fcd17,VirusShare_00499,zusy,65536,exe,trojan,66.18,2021-11-13T19:02:56+00:00,2008-04-19
027339a2a988ff5de11002647df7e44c,VirusShare_00499,zusy,243295,exe,trojan,67.65,2021-11-13T13:52:14+00:00,2008-04-19
0368bef75c3a45e3923852b4379f0573,VirusShare_00499,zusy,15219390,exe,trojan,68.18,2021-11-08T08:37:17+00:00,2008-04-19
0b6f8bb7f6b75b1583d125b7dd6b7d08,VirusShare_00499,zusy,118784,exe,trojan,76.47,2021-11-16T20:32:47+00:00,2008-04-19
0e1c02be53c7b613d5d13bff92667237,VirusShare_00499,zusy,3167193,exe,trojan,76.47,2021-11-16T07:40:41+00:00,2008-04-19
10d999eed5eca198bf7adb44139423f0,VirusShare_00499,zusy,73728,exe,trojan,72.06,2021-11-13T18:59:41+00:00,2008-04-19
149950c5448338f37ab94b36bad3a6c3,VirusShare_00499,zusy,504129,exe,trojan,66.67,2021-11-14T10:19:01+00:00,2008-04-19
15464bc020934225613661a6578256f8,VirusShare_00499,zusy,352256,exe,trojan,75.76,2021-11-15T08:50:27+00:00,2008-04-19
176c1094d625bd49d2f0e119e92f2e4d,VirusShare_00499,zusy,147456,exe,trojan,74.63,2021-11-15T08:49:44+00:00,2008-04-19
1874de8145f303237987a7a7bf5ddee7,VirusShare_00499,zusy,749553,exe,trojan,67.65,2021-11-14T10:19:04+00:00,2008-04-19
1c2a6b48e7dbb4db5f97bbf7e0718079,VirusShare_00499,zusy,40960,exe,trojan,75.0,2021-11-14T21:10:30+00:00,2008-04-19
1f0f8236bd5736115fb99446074502ad,VirusShare_00499,zusy,399121,exe,trojan,72.06,2021-11-11T23:00:28+00:00,2008-04-19
1f767fb36cbc7968595a317704318aa1,VirusShare_00499,zusy,7923475,exe,trojan,66.18,2021-11-09T04:50:54+00:00,2008-04-19
1fb3ac911b7b9bb4b38690e003ae3c8d,VirusShare_00499,zusy,359210,exe,trojan,72.73,2021-11-13T03:54:13+00:00,2008-04-19
28f16eebde5df41e32905c0b0536a521,VirusShare_00499,zusy,285177,exe,trojan,72.06,2021-11-14T18:29:35+00:00,2008-04-19
2a7d7cce3e8a0f47404f05da1b3a963c,VirusShare_00499,zusy,13363305,exe,trojan,64.18,2021-11-14T10:19:12+00:00,2008-04-19
2f46e0868a81d9fa9fa57a00891355c8,VirusShare_00499,zusy,6248961,exe,trojan,64.41,2021-11-14T10:19:10+00:00,2008-04-19
316efa7a0d67994520f81648200df919,VirusShare_00499,zusy,4177788,exe,trojan,73.53,2021-11-13T00:22:45+00:00,2008-04-19
31a083344d4f2370e8af98229c6c7e05,VirusShare_00499,zusy,15390512,exe,trojan,64.52,2021-11-14T10:19:01+00:00,2008-04-19
34e850bc5356c2aa3354829028751ccc,VirusShare_00499,zusy,122880,exe,trojan,71.64,2021-11-13T19:02:49+00:00,2008-04-19
36ffa565c839aa84e8bca1e495fa263c,VirusShare_00499,zusy,4089070,exe,trojan,70.59,2021-11-13T13:44:29+00:00,2008-04-19
377d76296dc68295225eb8d81c947b74,VirusShare_00499,zusy,228178,exe,trojan,71.64,2021-11-13T00:22:58+00:00,2008-04-19
3fa3fb48499e2e2e8aff8e1c653af1b3,VirusShare_00499,zusy,513535,exe,trojan,64.71,2021-11-09T04:50:54+00:00,2008-04-19
3ffb0bcfe27097ce9bfc8cdbfaac7335,VirusShare_00499,zusy,4060797,exe,trojan,68.25,2021-11-14T10:19:01+00:00,2008-04-19
41663736dd6a001956a63eb851d589f8,VirusShare_00499,zusy,424314,exe,trojan,74.63,2021-11-12T09:10:51+00:00,2008-04-19
4912798abd686190203f95233b83bc22,VirusShare_00499,zusy,114688,exe,trojan,70.59,2021-11-13T19:01:36+00:00,2008-04-19
4a79aea250d4a11770fc3c415ad8ac6c,VirusShare_00499,zusy,297348,exe,trojan,73.53,2021-11-14T10:19:06+00:00,2008-04-19
4b5f3c3ce3ad2f7ad0092dc5ed3009bb,VirusShare_00499,zusy,381372,exe,trojan,72.06,2021-11-14T18:29:33+00:00,2008-04-19
4c0b4e89f04aa453de0753c5e7a4a4cb,VirusShare_00499,zusy,447033,exe,trojan,68.25,2021-11-14T10:18:57+00:00,2008-04-19
59320ee0a2a2ff42b83b71a654d63622,VirusShare_00499,zusy,732209,exe,trojan,71.64,2021-11-13T06:55:13+00:00,2008-04-19
59fadea2a7f20252f7c3e399f698f321,VirusShare_00499,zusy,7924880,exe,trojan,67.69,2021-11-14T10:19:07+00:00,2008-04-19
5cbbbcb8aac45d5b7f578085a3e07075,VirusShare_00499,zusy,13501831,exe,trojan,65.15,2021-11-14T10:18:58+00:00,2008-04-19
5d4968251d42eb8a6bd5ef0ab0bcf1ff,VirusShare_00499,zusy,77824,exe,trojan,73.53,2021-11-13T18:56:06+00:00,2008-04-19
6791d9f24a008da1be699666beedb183,VirusShare_00499,zusy,406356,exe,trojan,71.64,2021-11-14T18:29:33+00:00,2008-04-19
68ea5a0dae404026c3e012c7f4f3fe71,VirusShare_00499,zusy,285177,exe,trojan,69.7,2021-11-14T10:19:02+00:00,2008-04-19
694e64737c57d004d5b67a8cde595797,VirusShare_00499,zusy,964929,exe,trojan,68.66,2021-11-14T10:18:57+00:00,2008-04-19
6a489d1b4984a3fb44fdac7ee322dcbd,VirusShare_00499,zusy,480539,exe,trojan,70.15,2021-11-11T00:55:26+00:00,2008-04-19
6d6119b82673d2528911413f4b60b110,VirusShare_00499,zusy,8510457,exe,trojan,67.69,2021-11-14T10:19:05+00:00,2008-04-19
6f481048b0c0e262d5ba4eb5362e8508,VirusShare_00499,zusy,420670,exe,trojan,67.74,2021-11-11T05:17:01+00:00,2008-04-19
737321fe39da07ae914720acf0676fb9,VirusShare_00499,zusy,2212688,exe,trojan,69.7,2021-11-14T10:19:01+00:00,2008-04-19
74717dfdcba4784986654cd894ca57e3,VirusShare_00499,zusy,11940009,exe,trojan,67.16,2021-11-14T10:19:09+00:00,2008-04-19
75baa7f427639556905f81b4d2260009,VirusShare_00499,zusy,12789249,exe,trojan,66.67,2021-11-14T10:19:00+00:00,2008-04-19
75e9afad203391795567e0465ed6ace4,VirusShare_00499,zusy,1639809,exe,trojan,72.06,2021-11-13T13:44:28+00:00,2008-04-19
8472a95eb5f39d1c798726fc8681a384,VirusShare_00499,zusy,901120,exe,trojan,77.61,2021-11-15T11:08:25+00:00,2008-04-19
89194a7a63c6b9b924638ea0f7c83d56,VirusShare_00499,zusy,324826,exe,trojan,70.77,2021-11-13T13:52:08+00:00,2008-04-19
8e8f0c89d7072f1010eb1351b639536f,VirusShare_00499,zusy,1052721,exe,trojan,69.23,2021-11-14T10:19:08+00:00,2008-04-19
9967d42e7003e596611d97838fad7db8,VirusShare_00499,zusy,6392063,exe,trojan,75.0,2021-11-14T20:07:31+00:00,2008-04-19
9da8c897971ec16b47add9229d94e510,VirusShare_00499,zusy,353894,exe,trojan,70.15,2021-11-14T18:29:38+00:00,2008-04-19
9fdb89c1c5c60a0cd9f36c2a38dcf082,VirusShare_00499,zusy,335865,exe,trojan,71.64,2021-11-14T10:19:03+00:00,2008-04-19
a737a81f8aea1e283ba8e80bca9e4fbc,VirusShare_00499,zusy,1447056,exe,trojan,70.15,2021-11-14T10:19:00+00:00,2008-04-19
a99dc66e2fceaf01b506f7d86f3eaabf,VirusShare_00499,zusy,8626945,exe,trojan,77.61,2021-11-12T13:05:35+00:00,2008-04-19
b2b053ce2b251db89c1623fbb622ce67,VirusShare_00499,zusy,4087022,exe,trojan,70.59,2021-11-14T13:40:21+00:00,2008-04-19
b57aa649ce4552da887b5232c5fe02ca,VirusShare_00499,zusy,520829,exe,trojan,66.18,2021-11-13T13:44:35+00:00,2008-04-19
c08eb9d1c0b19371c1ecaa55fae84251,VirusShare_00499,zusy,175711,exe,trojan,69.12,2021-11-11T19:33:54+00:00,2008-04-19
c2c1666a51ff6ee434567867a5d95122,VirusShare_00499,zusy,245766,exe,trojan,74.63,2021-11-12T21:05:31+00:00,2008-04-19
c34daa8ad01c4530c9bfcb2e3b70b24b,VirusShare_00499,zusy,33173,exe,trojan,67.65,2021-11-14T11:49:01+00:00,2008-04-19
c4a5088adc56bee24a63163a99515adf,VirusShare_00499,zusy,12845795,exe,trojan,65.15,2021-11-14T15:57:57+00:00,2008-04-19
c5284ea780fbf045273dd956352cb65a,VirusShare_00499,zusy,8623954,exe,trojan,70.59,2021-11-09T07:18:53+00:00,2008-04-19
c81945688574fda4b29da8bdda313f9f,VirusShare_00499,zusy,408878,exe,trojan,69.12,2021-11-10T21:19:49+00:00,2008-04-19
cc65637cd22c52b763f8386f5678e249,VirusShare_00499,zusy,492556,exe,trojan,67.16,2021-11-14T10:19:10+00:00,2008-04-19
ceecdb80fdfabe41a52db1eb206ea651,VirusShare_00499,zusy,312991,exe,trojan,77.94,2021-11-14T13:09:36+00:00,2008-04-19
d165f10e287ac7549cda428445860924,VirusShare_00499,zusy,370848,exe,trojan,72.46,2021-11-09T16:18:52+00:00,2008-04-19
d3847017a868a0607d09776b1e808ec6,VirusShare_00499,zusy,106496,exe,trojan,63.24,2021-11-13T18:59:47+00:00,2008-04-19
d7c22b832a153cdb4104a0640d770252,VirusShare_00499,zusy,8350832,exe,trojan,69.12,2021-11-09T04:50:56+00:00,2008-04-19
d95ab1547f811667cb607b0c2b120707,VirusShare_00499,zusy,102400,exe,trojan,72.06,2021-11-13T19:00:58+00:00,2008-04-19
d95bea4560ecf47d8d6c91d45159a276,VirusShare_00499,zusy,442473,exe,trojan,69.12,2021-11-14T10:19:01+00:00,2008-04-19
daae186461144d82e3dae432ccc069cd,VirusShare_00499,zusy,94208,exe,trojan,69.12,2021-11-13T19:04:01+00:00,2008-04-19
db602480f68721af4ab3a344d8f8f3c0,VirusShare_00499,zusy,376126,exe,trojan,70.59,2021-11-12T00:35:00+00:00,2008-04-19
dbc2e6e4058d2afae46f1cc19cece977,VirusShare_00499,zusy,388665,exe,trojan,68.25,2021-11-14T10:18:58+00:00,2008-04-19
dbd5ee927a2e91e1b2d7cf79da514cbd,VirusShare_00499,zusy,493697,exe,trojan,66.67,2021-11-10T12:50:02+00:00,2008-04-19
dc55efefff26e6e1eacebb9241b84cd5,VirusShare_00499,zusy,319807,exe,trojan,79.41,2021-11-13T10:38:32+00:00,2008-04-19
e55dc16520d9d43741c62af9c06a8616,VirusShare_00499,zusy,9747024,exe,trojan,61.9,2021-11-14T10:19:09+00:00,2008-04-19
ed58e62dab74b67881d1c113e12133ce,VirusShare_00499,zusy,408878,exe,trojan,69.12,2021-11-13T13:44:30+00:00,2008-04-19
f3468ad54d634c6ce8f36339755b143a,VirusShare_00499,zusy,927796,exe,trojan,72.06,2021-11-13T00:23:01+00:00,2008-04-19
f87c506c95202e9631cb4d2a115859ae,VirusShare_00499,zusy,2789794,exe,trojan,70.59,2021-11-10T21:19:51+00:00,2008-04-19
f8d64a38b80be9f99eed8c92624cd7e0,VirusShare_00499,zusy,9642576,exe,trojan,65.67,2021-11-14T10:19:04+00:00,2008-04-19
f93219939ffed7e168d949140b68984f,VirusShare_00499,zusy,998409,exe,trojan,70.15,2021-11-14T10:19:00+00:00,2008-04-19
f9eb27b32ebcb36b102ad4803b2861ff,VirusShare_00499,zusy,321537,exe,trojan,69.12,2021-11-14T10:18:58+00:00,2008-04-19
fe7c068d7931143a3d0af916eac000dc,VirusShare_00499,zusy,122880,exe,trojan,72.06,2021-11-13T19:02:57+00:00,2008-04-19
b118f584a29557ccec81cb98f3a523de,VirusShare_00499,zusy,28672,exe,trojan,65.15,2021-11-15T10:53:32+00:00,2008-05-19
450de43ff0bf4532a304280abb668627,VirusShare_00499,zusy,77844,exe,trojan,56.72,2021-11-12T12:15:49+00:00,2009-05-31
29cf5deb3200b2c7138ff3d72ed4ffc1,VirusShare_00499,zusy,450560,exe,trojan,74.63,2021-11-13T15:51:58+00:00,2009-09-29
2cd190e8dbc67ac2a58b44467754c34d,VirusShare_00499,zusy,129536,exe,trojan,63.24,2021-11-10T18:54:18+00:00,2009-09-29
67b93953057ebfc555eb0c3f72591130,VirusShare_00499,zusy,450560,exe,trojan,72.06,2021-11-13T15:48:15+00:00,2009-09-29
15f7ebc9eea882129e93b0e4a3975469,VirusShare_00495,zusy,862401,exe,trojan,48.53,2021-11-02T02:58:09+00:00,2010-06-16
ee33ace40cf7276b81fe0e28e77672f0,VirusShare_00495,zusy,3804247,exe,trojan,67.16,2021-11-08T16:34:48+00:00,2010-06-16
fd7448d5241ec365802aee43e1afbed3,VirusShare_00495,zusy,403310,exe,trojan,81.16,2021-11-07T00:47:12+00:00,2010-08-26
647c2e9b8ebadac4731730034912187f,VirusShare_00499,zusy,400986,exe,trojan,81.16,2021-11-09T15:39:24+00:00,2010-08-26
8c8c06c0ad42d1a376759e1ec7846dd9,VirusShare_00499,zusy,401220,exe,trojan,82.09,2021-11-12T05:06:25+00:00,2010-08-26
c7835e5668763646f0128d4368f4e8b0,VirusShare_00499,zusy,400164,exe,trojan,82.35,2021-11-12T10:58:04+00:00,2010-08-26
f25eb8f025f197e47a4599c0484f51c4,VirusShare_00499,zusy,249856,exe,trojan,79.41,2021-11-12T11:57:27+00:00,2010-08-31
7684e970ef85aa78bd5deccb2765ba33,VirusShare_00499,zusy,580326,exe,trojan,75.0,2021-11-12T18:08:38+00:00,2010-10-20
07b77b6d48e99b5c94040411f2f42d06,VirusShare_00499,zusy,471107,exe,trojan,77.27,2021-11-10T02:19:54+00:00,2010-12-13
2b04df87d237933c7e71774904fc6e0c,VirusShare_00499,zusy,446496,exe,trojan,77.61,2021-11-13T12:24:11+00:00,2010-12-13
d96a9a72a8e2b99d4d2674e849631db1,VirusShare_00499,zusy,401987,exe,trojan,79.71,2021-11-10T02:20:09+00:00,2010-12-13
d9759cc0225a240005bf4ad0ac23ef47,VirusShare_00499,zusy,388675,exe,trojan,80.88,2021-11-10T02:19:29+00:00,2010-12-13
2a34ded36e80d9ef5d6e66a9c42f393a,VirusShare_00495,zusy,1604260,exe,trojan,76.81,2021-11-05T00:43:01+00:00,2011-06-28
3561ca60db91d72d5f6e4731dbd17f21,VirusShare_00495,zusy,1604260,exe,trojan,78.26,2021-10-31T07:15:13+00:00,2011-06-28
4782fa7098b8f66c3d92d5d62ecb8000,VirusShare_00495,zusy,1604260,exe,trojan,82.61,2021-11-07T23:36:46+00:00,2011-06-28
48d1d16a935362a7e51d537ca0ee3232,VirusShare_00495,zusy,1604260,exe,trojan,76.47,2021-11-05T02:24:24+00:00,2011-06-28
50793f3db8475ead5c6f6f650f59ed1b,VirusShare_00495,zusy,1604260,exe,trojan,76.81,2021-11-04T22:02:24+00:00,2011-06-28
558339c4937a3921393d42be11bbe61b,VirusShare_00495,zusy,1604260,exe,trojan,76.81,2021-11-05T00:31:51+00:00,2011-06-28
6183131a5da8d276fb776541d68bbeb5,VirusShare_00495,zusy,1604260,exe,trojan,76.47,2021-11-05T07:37:15+00:00,2011-06-28
61fd4943712aa39d6b40b58a07a07c4c,VirusShare_00495,zusy,1604260,exe,trojan,75.36,2021-11-05T02:16:48+00:00,2011-06-28
6b30d49b5a1a446e1464bfd347a18995,VirusShare_00495,zusy,1604260,exe,trojan,77.94,2021-11-05T12:34:11+00:00,2011-06-28
8720fd95803db6901bf377c241b28f7e,VirusShare_00495,zusy,1604260,exe,trojan,73.44,2021-11-05T03:18:22+00:00,2011-06-28
8c7f47d9cfb796f275a583a326baa3a3,VirusShare_00495,zusy,1604260,exe,trojan,76.81,2021-11-05T00:28:44+00:00,2011-06-28
9c6deb16da193e3d4bc8b7a66c06eedb,VirusShare_00495,zusy,1604260,exe,trojan,78.26,2021-11-05T12:07:18+00:00,2011-06-28
a522c32c5c9f790fe2dd7d1495f436d9,VirusShare_00495,zusy,1604260,exe,trojan,76.81,2021-11-05T15:14:52+00:00,2011-06-28
a56933d0dda01f619d8d588bcb00c446,VirusShare_00495,zusy,1604260,exe,trojan,81.16,2021-11-04T11:42:07+00:00,2011-06-28
b78032620e5ac33b216f9b55825ed704,VirusShare_00495,zusy,1604260,exe,trojan,79.71,2021-11-04T06:50:26+00:00,2011-06-28
c414d1de8cf412d2d076a495ddf807c7,VirusShare_00495,zusy,1604260,exe,trojan,79.41,2021-11-07T06:55:35+00:00,2011-06-28
c8251112af2b6904203e2781747c905e,VirusShare_00495,zusy,1604260,exe,trojan,75.76,2021-11-05T03:38:37+00:00,2011-06-28
d4617b78d508bf29271667a2dee285fd,VirusShare_00495,zusy,1604260,exe,trojan,76.81,2021-11-07T00:39:21+00:00,2011-06-28
da371c444e2d68420f34cf855ae2316d,VirusShare_00495,zusy,1604260,exe,trojan,77.94,2021-11-05T11:21:16+00:00,2011-06-28
e130702294b6042c3aa79355ef996cf7,VirusShare_00495,zusy,1604260,exe,trojan,78.26,2021-11-05T03:04:52+00:00,2011-06-28
ef2dfe98ca6bca782d525d088cbdf95e,VirusShare_00495,zusy,1604260,exe,trojan,76.47,2021-11-05T16:30:04+00:00,2011-06-28
f5142ed7b19704b9c928bf827ed332c2,VirusShare_00495,zusy,1604260,exe,trojan,78.26,2021-11-05T02:05:41+00:00,2011-06-28
f58a36b11ce5d2cb2b7358055695029c,VirusShare_00495,zusy,1604260,exe,trojan,78.26,2021-11-05T00:48:48+00:00,2011-06-28
f96bc31c910ce7474a733e127ea66767,VirusShare_00495,zusy,1604260,exe,trojan,75.76,2021-11-03T13:29:39+00:00,2011-06-28
034ffd0cef5ce80eab74a1a5c835e345,VirusShare_00499,zusy,1604260,exe,trojan,77.94,2021-11-12T09:58:12+00:00,2011-06-28
08e23a58d16095f5d0ea0b859639e410,VirusShare_00499,zusy,1604260,exe,trojan,84.85,2021-11-15T11:40:38+00:00,2011-06-28
0dfcdc1ea8b6ab5bc6973a5e6584c327,VirusShare_00499,zusy,1604260,exe,trojan,77.61,2021-11-12T20:29:21+00:00,2011-06-28
0ef71cb1bed5a8ed3f0dbc7b909e91ed,VirusShare_00499,zusy,1604260,exe,trojan,76.47,2021-11-14T15:20:56+00:00,2011-06-28
0fcc82c4dd52239df1f7cbf88bd4634f,VirusShare_00499,zusy,1604260,exe,trojan,76.12,2021-11-11T11:30:31+00:00,2011-06-28
126a43ce913d506bea1900e8b603d88a,VirusShare_00499,zusy,1604260,exe,trojan,76.47,2021-11-13T21:14:21+00:00,2011-06-28
131f9273097fdfa8d9881058da2cfd94,VirusShare_00499,zusy,1604260,exe,trojan,74.63,2021-11-11T10:48:37+00:00,2011-06-28
1be2ba48be3d2c558e2d07d850a8806e,VirusShare_00499,zusy,1604260,exe,trojan,76.47,2021-11-12T17:01:21+00:00,2011-06-28
2174b461ae14ee8249d5b62eb6be563b,VirusShare_00499,zusy,1604260,exe,trojan,77.94,2021-11-12T12:17:24+00:00,2011-06-28
2253e1abe5e8689595b53a3d6070b558,VirusShare_00499,zusy,1604260,exe,trojan,75.0,2021-11-13T15:43:34+00:00,2011-06-28
24644c28c37710a61d51d8b93a440fb4,VirusShare_00499,zusy,1604260,exe,trojan,75.0,2021-11-10T21:05:54+00:00,2011-06-28
27f99c2ec929ce8825095a064ed0d5bd,VirusShare_00499,zusy,1604260,exe,trojan,76.12,2021-11-11T11:07:54+00:00,2011-06-28
306550cb98959d474b274ed3547cc5e4,VirusShare_00499,zusy,1604260,exe,trojan,77.61,2021-11-11T11:30:31+00:00,2011-06-28
32c74817d3f975d4d002eb3677d2d2be,VirusShare_00499,zusy,1604260,exe,trojan,75.0,2021-11-11T12:30:37+00:00,2011-06-28
33c617b4a5e1f79b46a9168b3decaecf,VirusShare_00499,zusy,1604260,exe,trojan,77.94,2021-11-11T13:21:05+00:00,2011-06-28
3666bfbe661e1e7a0df36a8341519a86,VirusShare_00499,zusy,1604260,exe,trojan,76.47,2021-11-13T14:15:13+00:00,2011-06-28
3a434c6fd2e011f452d1ef9ed8bdc169,VirusShare_00499,zusy,1604260,exe,trojan,77.61,2021-11-14T14:11:18+00:00,2011-06-28
3da01bf53e45ff002d5c35686d671026,VirusShare_00499,zusy,1604260,exe,trojan,77.94,2021-11-13T18:19:30+00:00,2011-06-28
3f69b24ed2a9e4a5c134e0bccbb726b2,VirusShare_00499,zusy,1604260,exe,trojan,76.92,2021-11-11T09:27:46+00:00,2011-06-28
403f83df1d901681630bc3399b37f44f,VirusShare_00499,zusy,1604260,exe,trojan,76.12,2021-11-11T10:23:23+00:00,2011-06-28
447e4a2203c78d4a6c5d3c8bb4ec13e1,VirusShare_00499,zusy,1604260,exe,trojan,74.24,2021-11-10T19:45:56+00:00,2011-06-28
49db496b5e1377bb6a03c51073b75bac,VirusShare_00499,zusy,1604260,exe,trojan,76.47,2021-11-14T03:26:20+00:00,2011-06-28
5128e7bf3b4f2422a1c7fbd415679108,VirusShare_00499,zusy,1604260,exe,trojan,77.94,2021-11-11T12:57:41+00:00,2011-06-28
527bddf72c0e60773e37c0ad59de3f03,VirusShare_00499,zusy,1604260,exe,trojan,76.12,2021-11-11T08:40:40+00:00,2011-06-28
5487f12343af5e872b4d0535cb737160,VirusShare_00499,zusy,1604260,exe,trojan,76.47,2021-11-11T02:18:33+00:00,2011-06-28
556c7b28dd879cbf17252ef70a836cd8,VirusShare_00499,zusy,1604260,exe,trojan,76.47,2021-11-12T06:56:13+00:00,2011-06-28
568865cf188a5d0fc0085c627b3de91a,VirusShare_00499,zusy,1604260,exe,trojan,76.47,2021-11-10T20:47:40+00:00,2011-06-28
5832d0d17f0ab9499c0c17dcf4461343,VirusShare_00499,zusy,1604260,exe,trojan,76.12,2021-11-08T20:59:37+00:00,2011-06-28
5aa5c388853ce4b992a32d2f0d680b0c,VirusShare_00499,zusy,1604260,exe,trojan,74.63,2021-11-11T08:52:21+00:00,2011-06-28
60b9aaf28412defd8ee30b815c3a9d2b,VirusShare_00499,zusy,1604260,exe,trojan,76.12,2021-11-11T05:47:09+00:00,2011-06-28
6242578a2bdadb49ca6550cee3423ad5,VirusShare_00499,zusy,1604260,exe,trojan,82.35,2021-11-16T02:12:04+00:00,2011-06-28
66ff13c03ae5896714063a8f23663694,VirusShare_00499,zusy,1604260,exe,trojan,77.27,2021-11-11T00:56:04+00:00,2011-06-28
6810c29467c4703e2c7a2648c06bc6c5,VirusShare_00499,zusy,1604260,exe,trojan,79.1,2021-11-13T23:15:47+00:00,2011-06-28
684c79bdaf3bcfa179529182e31b888d,VirusShare_00499,zusy,1604260,exe,trojan,84.06,2021-11-09T16:35:01+00:00,2011-06-28
6cb4eccc43e98a9cdd7f8b371d8330f4,VirusShare_00499,zusy,1604260,exe,trojan,76.12,2021-11-14T02:15:00+00:00,2011-06-28
6fd7850a1c8781f3363756c8bd75eaf6,VirusShare_00499,zusy,1604260,exe,trojan,75.76,2021-11-11T08:35:01+00:00,2011-06-28
708bc361106f55f5e775522a5f3149af,VirusShare_00499,zusy,1604260,exe,trojan,77.94,2021-11-11T14:15:18+00:00,2011-06-28
71664080d906fbdcf31c5062e158bf9f,VirusShare_00499,zusy,1604260,exe,trojan,77.94,2021-11-13T20:02:20+00:00,2011-06-28
7c35f6febdb1af0359f90c40cde9cdb1,VirusShare_00499,zusy,1604260,exe,trojan,77.94,2021-11-13T10:49:05+00:00,2011-06-28
7dff841fa763e953dfbb5a79a84576cf,VirusShare_00499,zusy,1604260,exe,trojan,75.38,2021-11-12T06:56:15+00:00,2011-06-28
7e9ecec266977cba7231962a91457512,VirusShare_00499,zusy,1604260,exe,trojan,77.27,2021-11-11T11:06:21+00:00,2011-06-28
827894e8a785dbf3e92574e3d090b1c1,VirusShare_00499,zusy,1604260,exe,trojan,76.47,2021-11-10T19:09:58+00:00,2011-06-28
834f1826ede33bcbd00ed7de5209f99d,VirusShare_00499,zusy,1604260,exe,trojan,70.59,2021-11-11T09:24:21+00:00,2011-06-28
8a1f81e5a293c1d0ca0afb84e6bdcbfe,VirusShare_00499,zusy,1604260,exe,trojan,77.61,2021-11-14T17:01:08+00:00,2011-06-28
8fc2c964fc5e7abf2ab84b9b0c509be3,VirusShare_00499,zusy,1604260,exe,trojan,82.35,2021-11-13T13:09:20+00:00,2011-06-28
9044a13c96866b7595fc61e19cdb0fc9,VirusShare_00499,zusy,1604260,exe,trojan,77.61,2021-11-12T10:00:19+00:00,2011-06-28
969a1edcefe388902e4dfcbbcdd2328d,VirusShare_00499,zusy,1604260,exe,trojan,76.12,2021-11-12T09:53:17+00:00,2011-06-28
9a690b35840e77e331d82fadb261a841,VirusShare_00499,zusy,1604260,exe,trojan,73.85,2021-11-11T10:23:22+00:00,2011-06-28
9ae2cc8c17c4deed00b4de9b18c8e847,VirusShare_00499,zusy,1604260,exe,trojan,76.47,2021-11-11T17:42:44+00:00,2011-06-28
9cea0eae03fe7f82e67045373cd4a280,VirusShare_00499,zusy,1604260,exe,trojan,84.85,2021-11-13T11:39:31+00:00,2011-06-28
a10406a74d2a6dca437e2b1635dac883,VirusShare_00499,zusy,1604260,exe,trojan,77.94,2021-11-08T13:26:36+00:00,2011-06-28
a16e41386dd002c26e0126b46ac338da,VirusShare_00499,zusy,1604260,exe,trojan,76.47,2021-11-11T02:14:09+00:00,2011-06-28
aaffd02904ea44149b8dafc33db56906,VirusShare_00499,zusy,1604260,exe,trojan,76.12,2021-11-11T10:21:19+00:00,2011-06-28
ab51faee550e6199153bd50485b0e222,VirusShare_00499,zusy,1604260,exe,trojan,76.47,2021-11-09T03:15:13+00:00,2011-06-28
ae7b1da382e972875d90e82b5aa90023,VirusShare_00499,zusy,1604260,exe,trojan,70.59,2021-11-13T00:05:37+00:00,2011-06-28
af26b8823d6cc9571c7ca42e313c73db,VirusShare_00499,zusy,1604260,exe,trojan,77.27,2021-11-12T11:06:03+00:00,2011-06-28
b24e6b9c38686b9e8d7f0d246f8b160e,VirusShare_00499,zusy,1604260,exe,trojan,76.47,2021-11-11T02:18:53+00:00,2011-06-28
b296037a1f6cd0e9563f95d15337e326,VirusShare_00499,zusy,1604260,exe,trojan,76.81,2021-11-08T23:33:39+00:00,2011-06-28
b2e2d86a071b663826f39cd365750b15,VirusShare_00499,zusy,1604260,exe,trojan,77.94,2021-11-09T06:51:46+00:00,2011-06-28
ba785785b016696a8d40559cf774bd7c,VirusShare_00499,zusy,1604260,exe,trojan,76.12,2021-11-12T09:58:07+00:00,2011-06-28
bc244225f90c50c21d06634c4b2af837,VirusShare_00499,zusy,1604260,exe,trojan,74.24,2021-11-10T07:18:01+00:00,2011-06-28
c04146f3b5c97ac7c58fbbea3b2b7741,VirusShare_00499,zusy,1604260,exe,trojan,74.63,2021-11-13T22:58:27+00:00,2011-06-28
c07960b2ddd288b4561aa67c15c5616d,VirusShare_00499,zusy,1604260,exe,trojan,76.47,2021-11-10T19:28:26+00:00,2011-06-28
c319e0225ca265d37f26ec67b8921513,VirusShare_00499,zusy,1604260,exe,trojan,77.94,2021-11-10T08:49:41+00:00,2011-06-28
c34b96db2eb0439ae0a3a58a640ade35,VirusShare_00499,zusy,1604260,exe,trojan,77.61,2021-11-14T17:19:07+00:00,2011-06-28
caf724c31fd7da1619d3da67cdc90318,VirusShare_00499,zusy,1604260,exe,trojan,85.07,2021-11-15T12:53:00+00:00,2011-06-28
cc3630e8fc60892e898c224a1408e661,VirusShare_00499,zusy,1604260,exe,trojan,76.12,2021-11-12T09:21:51+00:00,2011-06-28
d62e7dd296447e4849f06c2d9c9a6f15,VirusShare_00499,zusy,1604260,exe,trojan,76.12,2021-11-13T23:31:56+00:00,2011-06-28
d8f13ffc6ce276d739b9ca35c087e374,VirusShare_00499,zusy,1604260,exe,trojan,76.47,2021-11-12T21:22:23+00:00,2011-06-28
d9b4c76a167a00c09ba5becf23836914,VirusShare_00499,zusy,1604260,exe,trojan,77.61,2021-11-14T05:23:11+00:00,2011-06-28
e0478393e09816a75c14b2dba081d58f,VirusShare_00499,zusy,1604260,exe,trojan,76.47,2021-11-12T11:59:32+00:00,2011-06-28
e1abab336fc31fa129903c7d6cb26ac0,VirusShare_00499,zusy,1604260,exe,trojan,77.94,2021-11-10T22:43:12+00:00,2011-06-28
e4406c3b9f67689b3ca57574cc468afc,VirusShare_00499,zusy,1604260,exe,trojan,76.12,2021-11-12T09:58:11+00:00,2011-06-28
e522dc4c19c6ed0a853d9d17bc1fb50d,VirusShare_00499,zusy,1604260,exe,trojan,76.47,2021-11-10T09:42:38+00:00,2011-06-28
e6ae63a51dd9efcc917219e3187f8934,VirusShare_00499,zusy,1604260,exe,trojan,77.61,2021-11-11T11:30:34+00:00,2011-06-28
e824d331f8a1db44a2b8fad3838e0523,VirusShare_00499,zusy,1604260,exe,trojan,75.81,2021-11-09T08:33:07+00:00,2011-06-28
eddb9d76f8c43afe57274c196d54396f,VirusShare_00499,zusy,1604260,exe,trojan,76.47,2021-11-12T11:38:12+00:00,2011-06-28
f447ad13569190e37e2d397cc5da67a1,VirusShare_00499,zusy,1604260,exe,trojan,75.0,2021-11-10T20:27:56+00:00,2011-06-28
f58f0814d3b2c2d472e96efc9a6edfb6,VirusShare_00499,zusy,1604260,exe,trojan,76.12,2021-11-11T16:51:36+00:00,2011-06-28
f71a66b3444b1404c309182a16f926c9,VirusShare_00499,zusy,1604260,exe,trojan,76.47,2021-11-11T16:50:44+00:00,2011-06-28
00d5697b8d407d124c1c73bb0aeb30e8,VirusShare_00495,zusy,1108132,exe,trojan,78.26,2021-11-05T00:52:49+00:00,2012-02-04
0dd7f58b3ae016e0ddfee60cb5e554ec,VirusShare_00495,zusy,1108132,exe,trojan,75.0,2021-11-05T10:47:51+00:00,2012-02-04
12686a32db3a0c20f843ac168bd128f1,VirusShare_00495,zusy,1108132,exe,trojan,79.71,2021-11-04T11:36:30+00:00,2012-02-04
16b8b59d1daa950bd2822712f9898137,VirusShare_00495,zusy,1108132,exe,trojan,77.94,2021-11-04T05:34:17+00:00,2012-02-04
2586f4bcf6fcc904dd325387cde1b42e,VirusShare_00495,zusy,1108132,exe,trojan,76.47,2021-11-05T09:54:15+00:00,2012-02-04
2a71203a72de25607ec8657f7444aaae,VirusShare_00495,zusy,1108132,exe,trojan,74.63,2021-11-05T00:40:35+00:00,2012-02-04
2e111ec4d2a8353b9848e292bff9b053,VirusShare_00495,zusy,1108132,exe,trojan,78.26,2021-11-05T00:52:36+00:00,2012-02-04
31cc584318a02c6636149021403aba74,VirusShare_00495,zusy,1108132,exe,trojan,77.61,2021-11-04T01:58:54+00:00,2012-02-04
375beea3d25019b0345a06b494fea260,VirusShare_00495,zusy,1108132,exe,trojan,75.36,2021-11-05T02:11:39+00:00,2012-02-04
3c86d69622b94adaaa0cab63fb9d6660,VirusShare_00495,zusy,1108132,exe,trojan,78.26,2021-11-05T00:29:04+00:00,2012-02-04
49b121b4d0970e1c074a8d9c5849bba3,VirusShare_00495,zusy,1108132,exe,trojan,78.26,2021-11-05T03:21:32+00:00,2012-02-04
4deba11869c448da396385b6e455af38,VirusShare_00495,zusy,1108132,exe,trojan,81.16,2021-11-05T09:01:08+00:00,2012-02-04
564494aeaec6a3307789eb946928979d,VirusShare_00495,zusy,1108132,exe,trojan,85.29,2021-11-07T00:36:49+00:00,2012-02-04
6bb391e8f3da1941d683a6524f04c6a7,VirusShare_00495,zusy,1108132,exe,trojan,74.63,2021-11-05T12:34:22+00:00,2012-02-04
6dc5977d05cabe76a50e1182b76203bb,VirusShare_00495,zusy,1108132,exe,trojan,79.71,2021-11-05T03:21:44+00:00,2012-02-04
71dfa3325055065927cee27b5f4f72b2,VirusShare_00495,zusy,1108132,exe,trojan,76.81,2021-11-05T12:39:01+00:00,2012-02-04
79c03897fd4b411e08109b4696c47e9c,VirusShare_00495,zusy,1108132,exe,trojan,76.81,2021-11-05T02:30:36+00:00,2012-02-04
97bbcd3dfb860a6a93da322d51380337,VirusShare_00495,zusy,1108132,exe,trojan,78.26,2021-11-04T21:12:29+00:00,2012-02-04
9917a7414f3ba01e241e405d284de356,VirusShare_00495,zusy,1108132,exe,trojan,76.47,2021-11-07T15:40:44+00:00,2012-02-04
a602f5a991e3ecec7599b8c950206db3,VirusShare_00495,zusy,1108132,exe,trojan,76.81,2021-11-07T04:35:27+00:00,2012-02-04
ac4eb0c9f06c599704cac4248316cd54,VirusShare_00495,zusy,1108132,exe,trojan,78.26,2021-11-04T00:07:52+00:00,2012-02-04
aedc13fb83e2e7d59e19f601d7fa91ed,VirusShare_00495,zusy,1108132,exe,trojan,76.47,2021-11-05T07:11:04+00:00,2012-02-04
b92cb6d02f09981245cb2072f2039f21,VirusShare_00495,zusy,1108132,exe,trojan,78.26,2021-11-05T02:50:32+00:00,2012-02-04
c521c14011386ef77862f98d2db2da8a,VirusShare_00495,zusy,1108132,exe,trojan,76.81,2021-11-05T02:16:34+00:00,2012-02-04
c6bb2741317d97c98aeaea818a8cc425,VirusShare_00495,zusy,1108132,exe,trojan,76.81,2021-11-05T15:14:51+00:00,2012-02-04
c76155b150ad803f3c9c4f771835c217,VirusShare_00495,zusy,1108132,exe,trojan,76.81,2021-11-05T00:52:39+00:00,2012-02-04
d08a3ba3252a5dbd5e6a507d4ce36dd0,VirusShare_00495,zusy,1108132,exe,trojan,75.76,2021-11-05T16:34:12+00:00,2012-02-04
d696f7d26eae627fd673115bc5b08ba2,VirusShare_00495,zusy,1108132,exe,trojan,76.12,2021-11-05T02:18:03+00:00,2012-02-04
d8341acceccf5196a22619b80eb70a1a,VirusShare_00495,zusy,1108132,exe,trojan,75.36,2021-11-05T12:04:02+00:00,2012-02-04
e382d5eaf9b564030300904cd76c6084,VirusShare_00495,zusy,1108132,exe,trojan,76.12,2021-11-05T15:08:59+00:00,2012-02-04
e6e06be7a1cada8968ec0bcaa334bbde,VirusShare_00495,zusy,1108132,exe,trojan,76.81,2021-11-04T00:36:10+00:00,2012-02-04
ea0a546adb0bbdc252fbe11af9704d3b,VirusShare_00495,zusy,1108132,exe,trojan,79.41,2021-11-05T13:02:20+00:00,2012-02-04
eb752d2c2f0b0289cad7554f1e46d121,VirusShare_00495,zusy,1108132,exe,trojan,77.94,2021-11-07T10:24:07+00:00,2012-02-04
f0e6598a32a4c4601d7d73f47924fa8d,VirusShare_00495,zusy,1108132,exe,trojan,76.81,2021-11-04T22:44:36+00:00,2012-02-04
007f330d7c1a49c4939d249eded8d7ab,VirusShare_00499,zusy,1108132,exe,trojan,75.0,2021-11-12T11:44:05+00:00,2012-02-04
01099a92936c275e742660dc7677fffa,VirusShare_00499,zusy,1108132,exe,trojan,76.47,2021-11-10T19:46:58+00:00,2012-02-04
0679a8e655508a851f4c6058ad7832e6,VirusShare_00499,zusy,1108132,exe,trojan,76.12,2021-11-10T20:47:58+00:00,2012-02-04
184404044caecee5b5d2fece0e97fde7,VirusShare_00499,zusy,1108132,exe,trojan,76.47,2021-11-13T23:34:54+00:00,2012-02-04
1866c09f8b6b9eb4a2e3501a37d1e66e,VirusShare_00499,zusy,1108132,exe,trojan,76.47,2021-11-11T08:52:25+00:00,2012-02-04
1b83bea40a08b8145545630cc7195459,VirusShare_00499,zusy,1108132,exe,trojan,73.13,2021-11-09T20:05:32+00:00,2012-02-04
1e0302a1f7353f88eff6f6fcc5aaab68,VirusShare_00499,zusy,1108132,exe,trojan,77.94,2021-11-10T18:13:04+00:00,2012-02-04
1e3acb85a00989e8611654be167bcdd5,VirusShare_00499,zusy,1108132,exe,trojan,76.12,2021-11-10T15:59:59+00:00,2012-02-04
1f1af5bf7eac8515e8216d9e81c8ca81,VirusShare_00499,zusy,1108132,exe,trojan,75.0,2021-11-11T09:13:37+00:00,2012-02-04
237a8599cf3943c30be922ce87e38bdc,VirusShare_00499,zusy,1108132,exe,trojan,73.13,2021-11-11T16:19:34+00:00,2012-02-04
261190de8162614e6e0dd174fefab9ca,VirusShare_00499,zusy,1108132,exe,trojan,77.94,2021-11-13T21:48:25+00:00,2012-02-04
2775015feb7b264da7315d5308061329,VirusShare_00499,zusy,1108132,exe,trojan,83.58,2021-11-15T09:03:28+00:00,2012-02-04
27e8fa4344834cf57fb086ee44b269ba,VirusShare_00499,zusy,1108132,exe,trojan,71.64,2021-11-12T12:01:28+00:00,2012-02-04
2b979dfba3165728e9ec8b836dfb9d6c,VirusShare_00499,zusy,1108132,exe,trojan,76.12,2021-11-12T09:34:21+00:00,2012-02-04
2c1b89b88527dacabb33e41f61e098fe,VirusShare_00499,zusy,1108132,exe,trojan,77.94,2021-11-11T16:19:48+00:00,2012-02-04
31b7a9bf2e1365cf644680d51a22d333,VirusShare_00499,zusy,1108132,exe,trojan,76.81,2021-11-09T19:29:03+00:00,2012-02-04
3587a9d26dc24222cda01eb53e0aacd3,VirusShare_00499,zusy,1108132,exe,trojan,82.35,2021-11-14T14:37:17+00:00,2012-02-04
35d63253cdbc4753bdcd80bfd6ae5a22,VirusShare_00499,zusy,1108132,exe,trojan,77.94,2021-11-11T08:50:36+00:00,2012-02-04
3606e506f9909662aa38d5e01eedbf51,VirusShare_00499,zusy,1108132,exe,trojan,76.47,2021-11-11T11:43:22+00:00,2012-02-04
3f6f3e9417bf633e3bc9cac44082242b,VirusShare_00499,zusy,1108132,exe,trojan,76.47,2021-11-13T16:02:35+00:00,2012-02-04
3f75e772d8d5ce10bc6d61a21df51276,VirusShare_00499,zusy,1108132,exe,trojan,76.12,2021-11-11T17:41:46+00:00,2012-02-04
427b748fec0349b320b87b911bcdfde4,VirusShare_00499,zusy,1108132,exe,trojan,76.12,2021-11-12T09:25:19+00:00,2012-02-04
42cc48c33e4c517fc05dd55ebe863d98,VirusShare_00499,zusy,1108132,exe,trojan,76.12,2021-11-12T09:43:13+00:00,2012-02-04
44e5664a764f4d1104a0f4b2fd2be21c,VirusShare_00499,zusy,1108132,exe,trojan,85.29,2021-11-15T11:11:34+00:00,2012-02-04
452b29dd23942e62e79a9a53b823a7bf,VirusShare_00499,zusy,1108132,exe,trojan,75.76,2021-11-14T15:14:41+00:00,2012-02-04
45ce6881b4c70e4aa0248bf334dde481,VirusShare_00499,zusy,1108132,exe,trojan,78.79,2021-11-12T09:57:06+00:00,2012-02-04
470d5740083171ceb2b1bbc3397f1fd5,VirusShare_00499,zusy,1108132,exe,trojan,76.47,2021-11-11T16:17:40+00:00,2012-02-04
472c8c40de66e9fdb2175f414bf550f3,VirusShare_00499,zusy,1108132,exe,trojan,73.44,2021-11-11T08:37:23+00:00,2012-02-04
47a1459bd6e70eb1a639033ca2163eda,VirusShare_00499,zusy,1108132,exe,trojan,72.73,2021-11-13T19:59:23+00:00,2012-02-04
491175c9a8648609a21d667c3a953a48,VirusShare_00499,zusy,1108132,exe,trojan,74.63,2021-11-11T15:19:40+00:00,2012-02-04
4a90d0858b1eaeab81cc0cc9350807db,VirusShare_00499,zusy,1108132,exe,trojan,73.13,2021-11-11T13:40:20+00:00,2012-02-04
4badfac90ecedbf60322df6bd5798a9c,VirusShare_00499,zusy,1108132,exe,trojan,79.41,2021-11-14T16:49:21+00:00,2012-02-04
4bf19606e26909776521eaee24db024b,VirusShare_00499,zusy,1108132,exe,trojan,75.0,2021-11-10T22:21:58+00:00,2012-02-04
4c48c9e0c9d614bab99ca07a2d960ce1,VirusShare_00499,zusy,1108132,exe,trojan,75.76,2021-11-11T11:30:31+00:00,2012-02-04
4cd4438ecd9f60270cbca6be30861d7d,VirusShare_00499,zusy,1108132,exe,trojan,76.47,2021-11-10T20:06:37+00:00,2012-02-04
4ce773f83669c2b3542ee1684afb6c15,VirusShare_00499,zusy,1108132,exe,trojan,79.1,2021-11-12T09:56:19+00:00,2012-02-04
4e6b8f34122827fbd5f6c784955a114f,VirusShare_00499,zusy,1108132,exe,trojan,76.12,2021-11-12T06:30:58+00:00,2012-02-04
52643cd01ffdb9d9075e2b0060387e83,VirusShare_00499,zusy,1108132,exe,trojan,76.12,2021-11-12T09:50:28+00:00,2012-02-04
542bb02c7076216e7f8075f6de1fb66a,VirusShare_00499,zusy,1108132,exe,trojan,76.12,2021-11-13T08:54:10+00:00,2012-02-04
54873ddc08ff31228b2b033467a53ba7,VirusShare_00499,zusy,1108132,exe,trojan,74.63,2021-11-11T09:27:40+00:00,2012-02-04
57d23d73ad56ad02eb0a896c3b63226b,VirusShare_00499,zusy,1108132,exe,trojan,71.64,2021-11-12T05:33:12+00:00,2012-02-04
57d8273b4eec3286eace5f8d70e2a606,VirusShare_00499,zusy,1108132,exe,trojan,76.47,2021-11-10T22:38:00+00:00,2012-02-04
5995a7520b99b3a9a8031708c2445480,VirusShare_00499,zusy,1108132,exe,trojan,77.27,2021-11-11T10:30:21+00:00,2012-02-04
5b95c957486c3170ed7a80c988696878,VirusShare_00499,zusy,1108132,exe,trojan,74.63,2021-11-14T05:48:42+00:00,2012-02-04
5cf298a601c0e8c55823c3ce815a49cd,VirusShare_00499,zusy,1108132,exe,trojan,75.0,2021-11-11T17:36:23+00:00,2012-02-04
5dce4b41032c39e8cfa9e70119c87546,VirusShare_00499,zusy,1108132,exe,trojan,73.53,2021-11-11T14:28:50+00:00,2012-02-04
61f4db2049353cf2260c1444164a3d7a,VirusShare_00499,zusy,1108132,exe,trojan,75.0,2021-11-11T05:49:32+00:00,2012-02-04
66602de3324abf172809fcf543f4d9d9,VirusShare_00499,zusy,1108132,exe,trojan,77.61,2021-11-12T10:27:08+00:00,2012-02-04
66973e346507c6b2bffdd1de19467b9f,VirusShare_00499,zusy,1108132,exe,trojan,73.13,2021-11-09T18:59:08+00:00,2012-02-04
67b4a3d37fc0b667953d84b6de854781,VirusShare_00499,zusy,1108132,exe,trojan,76.47,2021-11-10T18:46:08+00:00,2012-02-04
687261bf732e2acc6833262b830f36f1,VirusShare_00499,zusy,1108132,exe,trojan,77.61,2021-11-12T09:58:15+00:00,2012-02-04
6a6394149682414bed613242cc27b7f4,VirusShare_00499,zusy,1108132,exe,trojan,74.24,2021-11-10T23:35:01+00:00,2012-02-04
6c335fed7d46acc7182f4e379df7c5b4,VirusShare_00499,zusy,1108132,exe,trojan,76.47,2021-11-13T13:59:43+00:00,2012-02-04
6e2fbf3093422f27bf895f16176f8605,VirusShare_00499,zusy,1108132,exe,trojan,79.41,2021-11-14T13:38:04+00:00,2012-02-04
7609e2d130f1795e6ec5b7b8777f51ab,VirusShare_00499,zusy,1108132,exe,trojan,73.13,2021-11-11T08:36:34+00:00,2012-02-04
794d91deec1b9db3026d0244bb34bf74,VirusShare_00499,zusy,1108132,exe,trojan,75.0,2021-11-11T02:37:20+00:00,2012-02-04
79fafdf3b02efce3136624c4c3a4ecb2,VirusShare_00499,zusy,1108132,exe,trojan,82.09,2021-11-14T17:36:43+00:00,2012-02-04
7b28dce2dcb78a0e81e6455acb04b02c,VirusShare_00499,zusy,1108132,exe,trojan,76.12,2021-11-11T08:36:30+00:00,2012-02-04
7cb9cfe5f824f280de59c02b0fedf903,VirusShare_00499,zusy,1108132,exe,trojan,76.47,2021-11-13T16:50:21+00:00,2012-02-04
7eb7ad1d8f3160f62025653a5e213fcd,VirusShare_00499,zusy,1108132,exe,trojan,71.88,2021-11-12T07:00:57+00:00,2012-02-04
7f53765f3f015e63ed89d621bae01e16,VirusShare_00499,zusy,1108132,exe,trojan,75.0,2021-11-12T09:53:16+00:00,2012-02-04
7fc61d6e00253197674d73fb49a956cd,VirusShare_00499,zusy,1108132,exe,trojan,66.18,2021-11-10T22:30:15+00:00,2012-02-04
842733bfb4d3fabe710751e94162a393,VirusShare_00499,zusy,1108132,exe,trojan,72.58,2021-11-10T12:59:45+00:00,2012-02-04
842d274c0b38bcb8e8d169c140063f19,VirusShare_00499,zusy,1108132,exe,trojan,76.12,2021-11-12T19:39:18+00:00,2012-02-04
885f52055340cee76468522dac606fbb,VirusShare_00499,zusy,1108132,exe,trojan,75.0,2021-11-11T05:48:36+00:00,2012-02-04
8d6403d2e4d2b881c311f003b835790a,VirusShare_00499,zusy,1108132,exe,trojan,77.05,2021-11-15T12:51:59+00:00,2012-02-04
8df691759060a6b26bd6f052a5ffb512,VirusShare_00499,zusy,1108132,exe,trojan,75.76,2021-11-14T14:32:22+00:00,2012-02-04
931f7006cfdad73a7a22e1a36aedf10b,VirusShare_00499,zusy,1108132,exe,trojan,76.12,2021-11-12T09:24:10+00:00,2012-02-04
951344069865d5f3ccfa59a9cda5f5d0,VirusShare_00499,zusy,1108132,exe,trojan,75.76,2021-11-12T09:42:01+00:00,2012-02-04
97518ed7c314192e8f3f65f9482d7edc,VirusShare_00499,zusy,1108132,exe,trojan,76.12,2021-11-13T08:09:24+00:00,2012-02-04
993639661717ec4cc812ce43e9c91a1c,VirusShare_00499,zusy,1108132,exe,trojan,77.94,2021-11-07T18:33:39+00:00,2012-02-04
9aff1e205567848c7d463afc3bcd2847,VirusShare_00499,zusy,1108132,exe,trojan,77.61,2021-11-10T21:25:58+00:00,2012-02-04
9d305ff456de895fc034621a3faa3c1c,VirusShare_00499,zusy,1108132,exe,trojan,77.94,2021-11-12T10:28:05+00:00,2012-02-04
a1bf3eb3ebad889282bfe535bf67cf24,VirusShare_00499,zusy,1108132,exe,trojan,75.76,2021-11-10T15:00:48+00:00,2012-02-04
a44361d34ba6da4dabbd7fb03944e8a8,VirusShare_00499,zusy,1108132,exe,trojan,75.0,2021-11-13T00:47:29+00:00,2012-02-04
a6f1088a3a8cfcd5763af8375d082f49,VirusShare_00499,zusy,1108132,exe,trojan,77.42,2021-11-12T06:58:10+00:00,2012-02-04
a7ee1f0c7a08b02bdcd88217472080c1,VirusShare_00499,zusy,1108132,exe,trojan,76.47,2021-11-12T05:40:58+00:00,2012-02-04
acc7855cff57cb7d3db46ef986b4ede3,VirusShare_00499,zusy,1108132,exe,trojan,73.44,2021-11-11T08:37:23+00:00,2012-02-04
acfabeb11225ea54e27670d8d1c288a9,VirusShare_00499,zusy,1108132,exe,trojan,79.1,2021-11-14T13:09:37+00:00,2012-02-04
ae7a1a80446834549ae963eab3c444bd,VirusShare_00499,zusy,1108132,exe,trojan,75.76,2021-11-11T09:14:43+00:00,2012-02-04
b2a9685dc6e4e1988bb608c2eed2b416,VirusShare_00499,zusy,1108132,exe,trojan,71.64,2021-11-10T07:24:34+00:00,2012-02-04
b374144fec1809ed71af68c89592edae,VirusShare_00499,zusy,1108132,exe,trojan,77.94,2021-11-10T19:09:55+00:00,2012-02-04
b3972f9a68f36061e099bd31eb7a828c,VirusShare_00499,zusy,1108132,exe,trojan,77.61,2021-11-10T20:04:50+00:00,2012-02-04
b4560988ab9ea0b1f6378a55bb167833,VirusShare_00499,zusy,1108132,exe,trojan,76.47,2021-11-10T20:25:59+00:00,2012-02-04
b6c479a99a3640105e817c083256e25c,VirusShare_00499,zusy,1108132,exe,trojan,77.61,2021-11-10T19:18:10+00:00,2012-02-04
b6d21ac221b32fe1d0bcca89389f6509,VirusShare_00499,zusy,1108132,exe,trojan,74.63,2021-11-13T14:22:28+00:00,2012-02-04
b8473e1968e1ab8c5c0865288c733d13,VirusShare_00499,zusy,1108132,exe,trojan,76.12,2021-11-11T10:30:08+00:00,2012-02-04
b858b78f14f6f50b79168dbd1a30fd69,VirusShare_00499,zusy,1108132,exe,trojan,75.0,2021-11-10T23:48:01+00:00,2012-02-04
b8a5797f266141225abeaec6f4f2c909,VirusShare_00499,zusy,1108132,exe,trojan,83.82,2021-11-17T13:55:31+00:00,2012-02-04
bbb28a8fc72852899b2215fdc868bc4c,VirusShare_00499,zusy,1108132,exe,trojan,75.0,2021-11-14T01:34:38+00:00,2012-02-04
bbeb0911214a98860f5785f9d17aa9ee,VirusShare_00499,zusy,1108132,exe,trojan,76.47,2021-11-10T07:17:08+00:00,2012-02-04
bd1b7a16a848b410ac568ee2732b6fd0,VirusShare_00499,zusy,1108132,exe,trojan,76.12,2021-11-11T09:27:41+00:00,2012-02-04
be935d5dc7b279ad935a475423d9fdf3,VirusShare_00499,zusy,1108132,exe,trojan,76.47,2021-11-13T13:19:33+00:00,2012-02-04
bea05cf54666ffc52c8387ad658d22b4,VirusShare_00499,zusy,1108132,exe,trojan,76.47,2021-11-11T14:36:33+00:00,2012-02-04
c03f03b284a33c27d743694eba1c4d98,VirusShare_00499,zusy,1108132,exe,trojan,80.3,2021-11-14T06:38:38+00:00,2012-02-04
c0d8d7876eb2de71eefdd3b3fc789dd9,VirusShare_00499,zusy,1108132,exe,trojan,76.47,2021-11-10T20:05:54+00:00,2012-02-04
c1b784eaeddf601ff591064314953154,VirusShare_00499,zusy,1108132,exe,trojan,76.47,2021-11-12T12:18:31+00:00,2012-02-04
c321a81db51945c04bc83ebf92b3e0ca,VirusShare_00499,zusy,1108132,exe,trojan,73.53,2021-11-14T13:42:24+00:00,2012-02-04
c3a6aac42807183a14d9447b463b3f47,VirusShare_00499,zusy,1108132,exe,trojan,76.47,2021-11-13T07:49:10+00:00,2012-02-04
c8ebbfe9f11d81492721a02361a5c198,VirusShare_00499,zusy,1108132,exe,trojan,75.0,2021-11-12T23:37:26+00:00,2012-02-04
ca5156bc893ffd937d17321efad342b0,VirusShare_00499,zusy,1108132,exe,trojan,75.0,2021-11-10T23:48:06+00:00,2012-02-04
caceeeb8b3879741b4b8c8781ae1839d,VirusShare_00499,zusy,1108132,exe,trojan,76.47,2021-11-13T03:21:53+00:00,2012-02-04
d0e166382b98aa6b09c72f0abbadd9b1,VirusShare_00499,zusy,1108132,exe,trojan,75.0,2021-11-11T09:14:53+00:00,2012-02-04
d235a75afe786ceae8aad6e6fee64b9e,VirusShare_00499,zusy,1108132,exe,trojan,75.0,2021-11-10T18:02:21+00:00,2012-02-04
d2677080ba8764d5980406dc4270fc6f,VirusShare_00499,zusy,1108132,exe,trojan,80.6,2021-11-14T17:36:57+00:00,2012-02-04
d38e01d659e3140aad5d46a1b9a3952b,VirusShare_00499,zusy,1108132,exe,trojan,77.94,2021-11-14T01:52:31+00:00,2012-02-04
d4459107e909925597aa110442043a62,VirusShare_00499,zusy,1108132,exe,trojan,74.24,2021-11-12T12:02:13+00:00,2012-02-04
dc5d2ab6aec8b3df26a20c12d15ccdc5,VirusShare_00499,zusy,1108132,exe,trojan,76.47,2021-11-12T16:17:29+00:00,2012-02-04
e0dbd080fbb37a304288a1511fa9327e,VirusShare_00499,zusy,1108132,exe,trojan,76.92,2021-11-10T07:18:07+00:00,2012-02-04
e123b7365674aca61aaf838cb69ca563,VirusShare_00499,zusy,1108132,exe,trojan,74.24,2021-11-13T18:31:20+00:00,2012-02-04
e242a7c9ed5d386f16cd857639dcaec0,VirusShare_00499,zusy,1108132,exe,trojan,76.47,2021-11-11T15:38:50+00:00,2012-02-04
e2abcfe122595a31ad654e1d0f33eab0,VirusShare_00499,zusy,1108132,exe,trojan,75.0,2021-11-12T04:06:16+00:00,2012-02-04
e4f8389fbf54952986df296cc1919dd2,VirusShare_00499,zusy,1108132,exe,trojan,73.53,2021-11-13T04:34:03+00:00,2012-02-04
ebad279256a717236cab494260d7bd81,VirusShare_00499,zusy,1108132,exe,trojan,82.35,2021-11-15T13:10:04+00:00,2012-02-04
ece5705ba0de8b28a797bc4cc2754e2d,VirusShare_00499,zusy,1108132,exe,trojan,77.94,2021-11-11T15:20:51+00:00,2012-02-04
ed0d09f184029055a0a04fda24b3048a,VirusShare_00499,zusy,1108132,exe,trojan,77.27,2021-11-13T08:09:07+00:00,2012-02-04
ede47caa5f2e6f0a7b901b625b3dfeed,VirusShare_00499,zusy,1108132,exe,trojan,76.47,2021-11-12T11:37:09+00:00,2012-02-04
f19312224f26f7cfd3efbdec91e21da9,VirusShare_00499,zusy,1108132,exe,trojan,74.63,2021-11-11T14:48:49+00:00,2012-02-04
f24ba7f2fa16bb9272849cbe6086db16,VirusShare_00499,zusy,1108132,exe,trojan,76.12,2021-11-11T17:39:31+00:00,2012-02-04
f57da841dfb8315139d754c37cc930e3,VirusShare_00499,zusy,1108132,exe,trojan,76.12,2021-11-11T16:19:37+00:00,2012-02-04
f644df033ff2a772a767bece5138f091,VirusShare_00499,zusy,1108132,exe,trojan,75.0,2021-11-13T23:04:02+00:00,2012-02-04
f648557a2b19659275ec1c0c882db50e,VirusShare_00499,zusy,1108132,exe,trojan,81.54,2021-11-11T19:05:59+00:00,2012-02-04
f8db4ae1968fd6de2dbe69751617c1d9,VirusShare_00499,zusy,1108132,exe,trojan,74.63,2021-11-11T08:38:35+00:00,2012-02-04
f91875a854b83714e57d85a0af15f201,VirusShare_00499,zusy,1108132,exe,trojan,75.76,2021-11-13T18:45:27+00:00,2012-02-04
f9b927e32cd6bdb0a8eaa4b4322ea700,VirusShare_00499,zusy,1108132,exe,trojan,75.76,2021-11-12T09:43:08+00:00,2012-02-04
fd743f55195f97b238ffc79a7aea7159,VirusShare_00499,zusy,1108132,exe,trojan,76.47,2021-11-11T10:30:28+00:00,2012-02-04
fdbe697e7a00e37b05f89d31f3d7abd0,VirusShare_00499,zusy,1108132,exe,trojan,76.12,2021-11-10T20:05:58+00:00,2012-02-04
ffeebd996770acc4d322d8111262bf05,VirusShare_00499,zusy,1108132,exe,trojan,72.58,2021-11-15T08:08:27+00:00,2012-02-04
1fb25a42704775a3437874436808f0e5,VirusShare_00499,zusy,1351680,exe,trojan,69.12,2021-11-12T16:50:43+00:00,2012-07-11
74db6990354f4ee53588fe7fbda2aa11,VirusShare_00495,zusy,241152,exe,trojan,50.72,2021-10-31T04:30:01+00:00,2013-04-01
a7a14e848925b6636402a4332506da11,VirusShare_00495,zusy,77312,exe,trojan,72.46,2021-11-05T11:40:02+00:00,2013-06-23
93d1065f0780a415054286b2f1eeb318,VirusShare_00499,zusy,446800,exe,trojan,79.1,2021-11-11T06:38:00+00:00,2013-08-20
c9e97f281c6824927442f41c09e471c5,VirusShare_00499,zusy,446800,exe,trojan,77.61,2021-11-11T21:19:16+00:00,2013-08-20
4f17d9b0f39036004bc7e5f3e1a3b742,VirusShare_00499,zusy,252928,exe,trojan,67.65,2021-11-17T10:05:52+00:00,2013-11-23
683fb3a0f4c2d8806c5f80984ed04647,VirusShare_00499,zusy,225280,exe,trojan,80.3,2021-11-10T20:51:36+00:00,2014-08-30
2eb3d1c6cb4fedc49c2e198fbe72ed04,VirusShare_00499,zusy,229888,exe,trojan,86.76,2021-11-12T18:05:37+00:00,2014-10-21
5f0113927c28af7507847b7b30239d05,VirusShare_00495,zusy,749699,exe,trojan,43.28,2021-11-09T02:02:40+00:00,2014-12-02
03c7f6563e9d289790439c3d8cefae40,VirusShare_00499,zusy,438283,exe,trojan,75.76,2021-11-12T13:26:30+00:00,2014-12-08
816cd328bec3d0b1fc2798e6a80649d7,VirusShare_00499,zusy,437192,exe,trojan,78.79,2021-11-10T06:06:27+00:00,2014-12-08
97af491e19b7c6e4626f353072fb3f02,VirusShare_00499,zusy,437225,exe,trojan,76.47,2021-11-12T17:50:39+00:00,2014-12-08
01b3afc1256f3c4db3ac79e85c755016,VirusShare_00499,zusy,289912,exe,trojan,70.15,2021-11-11T17:47:30+00:00,2015-02-01
4ac49ba0af39c4dd6301fd0994aaf833,VirusShare_00499,zusy,3483022,exe,trojan,69.12,2021-11-15T14:53:26+00:00,2015-02-22
661afcd7b139f3ab5ddc666ff1e677e9,VirusShare_00499,zusy,2228224,exe,trojan,65.15,2021-11-14T02:53:07+00:00,2015-02-22
906f367b26ca203c261b85e567a2df51,VirusShare_00499,zusy,413696,exe,trojan,88.24,2021-11-11T20:41:06+00:00,2015-09-01
064c3eba530b8240db4543e324b50832,VirusShare_00495,zusy,368920,exe,trojan,35.29,2021-11-03T22:08:32+00:00,2016-06-04
3ed5f9663adad49e2725754f0a46f7ec,VirusShare_00495,zusy,368920,exe,trojan,37.68,2021-11-03T22:09:00+00:00,2016-06-04
9ef5166382596a3441f46b7e240977c9,VirusShare_00495,zusy,368920,exe,trojan,36.23,2021-11-03T22:20:51+00:00,2016-06-04
9d3a04107b41863882bd2cb8e90a2bb8,VirusShare_00495,zusy,1288623,exe,trojan,60.87,2021-11-03T12:37:15+00:00,2016-06-05
3807695a9f8b00f0f6d29c8a36d4d974,VirusShare_00495,zusy,143496,exe,trojan,23.53,2021-11-05T18:56:17+00:00,2017-04-07
5844323c7e4265c5d0537e9ca7a6ab85,VirusShare_00495,zusy,143496,exe,trojan,19.4,2021-11-05T18:57:01+00:00,2017-04-07
9e7a0f31f940e0e655f03d52c50637dc,VirusShare_00495,zusy,143496,exe,trojan,34.78,2021-11-07T23:05:29+00:00,2017-04-07
0966caad653aabffb652b54242fc9d0d,VirusShare_00499,zusy,143496,exe,trojan,20.9,2021-11-14T16:28:00+00:00,2017-04-07
250f4684a7fc629102d4383c46b73fa6,VirusShare_00499,zusy,143496,exe,trojan,34.85,2021-11-10T12:37:23+00:00,2017-04-07
6038566a8a392283fd97d55d06f0d0ae,VirusShare_00499,zusy,143496,exe,trojan,29.85,2021-11-16T08:35:30+00:00,2017-04-07
77ebeff653d03c0c07d3c884f895bdfd,VirusShare_00499,zusy,143496,exe,trojan,25.37,2021-11-14T16:14:45+00:00,2017-04-07
87800c79254a1ca77644707a3e188758,VirusShare_00499,zusy,143496,exe,sin_inferir,21.54,2021-11-14T16:05:53+00:00,2017-04-07
92600af5fd4ffed725aeb69d73c07060,VirusShare_00499,zusy,143496,exe,trojan,32.84,2021-11-16T07:40:40+00:00,2017-04-07
ac6179a3d153cd94f8c0301cbace291b,VirusShare_00499,zusy,143496,exe,trojan,30.88,2021-11-16T00:35:43+00:00,2017-04-07
c78a7b2730408ddfa30559ccb3018fb6,VirusShare_00499,zusy,143496,exe,sin_inferir,22.73,2021-11-14T16:04:10+00:00,2017-04-07
d8d79086fbfbf54a47b7cbfbbda02219,VirusShare_00499,zusy,143496,exe,trojan,32.84,2021-11-16T01:05:28+00:00,2017-04-07
f691f6a532383455be6af9b3d8216648,VirusShare_00499,zusy,143496,exe,trojan,22.39,2021-11-14T16:16:20+00:00,2017-04-07
f9fbff2fe85b476c8bfaef1180ac11e3,VirusShare_00499,zusy,143496,exe,trojan,20.9,2021-11-14T16:08:12+00:00,2017-04-07
4ccd33cd5975d8ed0edfb0fd553159a3,VirusShare_00499,zusy,2348032,exe,trojan,70.59,2021-11-14T02:51:13+00:00,2017-05-20
8637c53ef5f1c4b945978cb29abeb056,VirusShare_00499,zusy,169136,exe,trojan,32.79,2021-11-16T01:05:12+00:00,2018-02-07
05d2b5dc6002537160f81fdabba79739,VirusShare_00499,zusy,302623,exe,trojan,56.72,2021-11-13T08:02:22+00:00,2018-02-27
107a4bcad1943284c15ccc8e8537b8ab,VirusShare_00499,zusy,311604,exe,trojan,56.06,2021-11-14T09:33:58+00:00,2018-02-27
34d6c2a3ff2bb43cf4e3b324e33fdaaf,VirusShare_00499,zusy,303680,exe,backdoor,62.07,2021-11-17T02:23:44+00:00,2018-02-27
44d68ce03b54495a0fd07193b5772735,VirusShare_00499,zusy,325594,exe,trojan,57.35,2021-11-15T18:03:20+00:00,2018-02-27
5bf01bcfc6b26433e7ac5cd502c7c3d5,VirusShare_00499,zusy,307215,exe,trojan,71.64,2021-11-16T10:05:29+00:00,2018-02-27
68fbccb43e3fd8d232672e2ae262092a,VirusShare_00499,zusy,314363,exe,trojan,58.21,2021-11-14T17:24:32+00:00,2018-02-27
734d546e88369abd0edcb927c81a163b,VirusShare_00499,zusy,320261,exe,trojan,70.15,2021-11-17T12:29:29+00:00,2018-02-27
7544c86768dcae0e9c0aa8524fd0019d,VirusShare_00499,zusy,312789,exe,trojan,70.15,2021-11-17T03:20:22+00:00,2018-02-27
7a2f9bf7e3d8886e50ae76becd9a4847,VirusShare_00499,zusy,316432,exe,trojan,57.35,2021-11-14T16:29:13+00:00,2018-02-27
7ec044dd520e6cdb7a44fda5f9209723,VirusShare_00499,zusy,316562,exe,backdoor,70.15,2021-11-17T06:43:41+00:00,2018-02-27
a2e097194328b55ab02d4a6fa88bd129,VirusShare_00499,zusy,326792,exe,backdoor,55.38,2021-11-15T18:17:53+00:00,2018-02-27
b8792a4e413ffdd5be1493a365c16f28,VirusShare_00499,zusy,308789,exe,trojan,59.09,2021-11-14T09:33:57+00:00,2018-02-27
d0a0a5f9539958f9e8fc2b3b8eb776d1,VirusShare_00499,zusy,309857,exe,trojan,69.12,2021-11-17T16:16:10+00:00,2018-02-27
d1445fce3980240bed02007db7321cc6,VirusShare_00499,zusy,313463,exe,trojan,67.16,2021-11-18T02:08:42+00:00,2018-02-27
d3d3c30ea75f95ca89ff5311c0eb37d3,VirusShare_00499,zusy,308714,exe,trojan,56.72,2021-11-14T09:34:00+00:00,2018-02-27
d46672104492dbd46b9ff697645dfa17,VirusShare_00499,zusy,306573,exe,trojan,66.18,2021-11-16T11:36:34+00:00,2018-02-27
dc6b57595ed0fdc2b1dccfbc2ad8ab0a,VirusShare_00499,zusy,322761,exe,trojan,69.12,2021-11-16T18:36:56+00:00,2018-02-27
dd0a07bf6d241092f3706159c9d19869,VirusShare_00499,zusy,310858,exe,trojan,67.16,2021-11-17T09:05:27+00:00,2018-02-27
f43884520e57502a0b74b322a5befe23,VirusShare_00499,zusy,135168,exe,trojan,61.76,2021-11-13T03:10:42+00:00,2018-03-22
8d6099989df1ee75614d4e043e6af87d,VirusShare_00499,zusy,102400,exe,trojan,60.61,2021-11-15T08:50:59+00:00,2018-04-11
b5f478f3b6f5143a190fb6e930901b7a,VirusShare_00499,zusy,4096,exe,trojan,78.79,2021-11-14T22:39:01+00:00,2018-04-30
dc7999cb436d447ec9a97b303fc77abb,VirusShare_00495,zusy,4096,exe,trojan,78.57,2021-11-06T02:57:46+00:00,2018-05-01
d808edaf91f682c0a59bf33c53732a71,VirusShare_00495,zusy,334336,exe,trojan,62.32,2021-11-07T03:33:58+00:00,2018-05-03
ad2b6c8b01c9782dbe80360447dc81fa,VirusShare_00499,zusy,120832,exe,trojan,68.66,2021-11-17T07:13:33+00:00,2018-05-17
689f22cd464b0561dff305dedea704ae,VirusShare_00499,zusy,163712,exe,trojan,73.13,2021-11-13T14:35:39+00:00,2018-08-14
861bbf5bbdf50dcd85cc72d277e2a1d1,VirusShare_00495,zusy,673792,exe,trojan,56.52,2021-10-30T22:48:20+00:00,2018-09-24
0da9a69340e3fe447f25c93fa4572b89,VirusShare_00495,zusy,30720,exe,pua,28.36,2021-11-07T21:34:29+00:00,2019-05-08
1ab99c0020b6ae22bdf8bdf5c5a540a5,VirusShare_00495,zusy,30720,exe,trojan,25.0,2021-11-07T09:06:01+00:00,2019-05-08
1d3fc455c7610f3394362585ae0b58c1,VirusShare_00495,zusy,30720,exe,trojan,28.36,2021-11-08T08:07:07+00:00,2019-05-08
3a164c7e766e49995ffb170606e79218,VirusShare_00495,zusy,30720,exe,trojan,26.09,2021-11-07T18:10:31+00:00,2019-05-08
494c2b238f5bcec5ef34184e6d7c1959,VirusShare_00495,zusy,30720,exe,trojan,26.47,2021-11-07T11:05:54+00:00,2019-05-08
516a51ce11d7e2db8fbff307e4330fab,VirusShare_00495,zusy,30720,exe,trojan,26.09,2021-11-07T11:34:25+00:00,2019-05-08
74f0197a0bfc455af783a6baf186c18e,VirusShare_00495,zusy,30720,exe,trojan,24.64,2021-11-07T14:34:35+00:00,2019-05-08
96f042d482ebefa8bdc752f4c268bed5,VirusShare_00495,zusy,30720,exe,trojan,25.37,2021-11-07T11:05:35+00:00,2019-05-08
9c3017188e2f6abcddc165b07de1c6c0,VirusShare_00495,zusy,30720,exe,trojan,27.54,2021-11-07T18:10:08+00:00,2019-05-08
9def16a664fc78578811f8337e5f1e3d,VirusShare_00495,zusy,30720,exe,trojan,24.64,2021-11-07T16:34:46+00:00,2019-05-08
a142076532f18cd42e9071e2072c3f9c,VirusShare_00495,zusy,30720,exe,trojan,25.0,2021-11-07T06:35:12+00:00,2019-05-08
b63d748471c6a97336f2b680320916cb,VirusShare_00495,zusy,30720,exe,trojan,25.0,2021-11-07T08:35:04+00:00,2019-05-08
b6be3ee9f311a18862fe05cc25ce1057,VirusShare_00495,zusy,30720,exe,trojan,23.53,2021-11-07T16:05:42+00:00,2019-05-08
b98d379dc3e9c2ebb2d6ea66c1e8008a,VirusShare_00495,zusy,30720,exe,trojan,24.64,2021-11-07T16:34:39+00:00,2019-05-08
e08fd3a99517fddff152e9bd1ff43ff9,VirusShare_00495,zusy,30720,exe,trojan,23.53,2021-11-07T11:34:23+00:00,2019-05-08
e0cec246796d76538b6829bf00dbc08c,VirusShare_00495,zusy,30720,exe,trojan,26.87,2021-11-07T09:34:56+00:00,2019-05-08
f6ad2a01a9ee172f7df9896cd9c2c5d7,VirusShare_00495,zusy,30720,exe,trojan,26.47,2021-11-07T11:34:25+00:00,2019-05-08
0566a5bc3efe0105931e2ff273556680,VirusShare_00499,zusy,30720,exe,trojan,28.79,2021-11-16T04:42:48+00:00,2019-05-08
0602ffa194025d52a4f7fb70a9ed2699,VirusShare_00499,zusy,30720,exe,trojan,30.88,2021-11-14T01:09:26+00:00,2019-05-08
15024269fe7f9bfa4470b30efd288841,VirusShare_00499,zusy,30720,exe,trojan,33.82,2021-11-14T17:36:55+00:00,2019-05-08
3b60c0bb8499410532cd94968728891f,VirusShare_00499,zusy,30720,exe,trojan,20.29,2021-11-06T14:41:26+00:00,2019-05-08
3deb3218d66c7db263941abb4a3916bc,VirusShare_00499,zusy,30720,exe,trojan,18.84,2021-11-06T14:24:12+00:00,2019-05-08
48c7170075e71df44dcdb1d8ddeeb901,VirusShare_00499,zusy,30720,exe,sin_inferir,17.39,2021-11-06T15:40:59+00:00,2019-05-08
5225c60b49967a81d23b894bd7af0df6,VirusShare_00499,zusy,30720,exe,trojan,20.9,2021-11-06T15:28:06+00:00,2019-05-08
58adc2409538a890d9953dd6c46069d4,VirusShare_00499,zusy,30720,exe,trojan,20.29,2021-11-06T14:40:59+00:00,2019-05-08
6fa1d44fe12e6c082cbd83c1d610ff3f,VirusShare_00499,zusy,30720,exe,trojan,29.85,2021-11-13T11:17:06+00:00,2019-05-08
77897932fb3940bde6ffa4ea6b264897,VirusShare_00499,zusy,30720,exe,trojan,18.84,2021-11-06T14:40:22+00:00,2019-05-08
7a15450eee608d4a15ac8db5935a30b1,VirusShare_00499,zusy,30720,exe,trojan,20.29,2021-11-06T14:04:40+00:00,2019-05-08
9283c97de3d377fe1dd4c53cd74287a6,VirusShare_00499,zusy,30720,exe,trojan,20.29,2021-11-06T14:39:21+00:00,2019-05-08
9424c8a95b08566fb39a88b7e7e47a97,VirusShare_00499,zusy,30720,exe,trojan,21.74,2021-11-06T12:41:01+00:00,2019-05-08
acb5a14994c76b5ab0957cfdd6fc0dfb,VirusShare_00499,zusy,30720,exe,trojan,27.27,2021-11-14T16:37:25+00:00,2019-05-08
bfce1ce005f93317cc8245b224c123ee,VirusShare_00499,zusy,30720,exe,trojan,22.39,2021-11-14T16:09:36+00:00,2019-05-08
e44aa33fe984c6cf2456a6019fc999dc,VirusShare_00499,zusy,30720,exe,sin_inferir,17.65,2021-11-06T12:31:49+00:00,2019-05-08
f270c4324cdcc37fe259ea98a02fcb79,VirusShare_00499,zusy,30720,exe,trojan,20.29,2021-11-06T14:31:41+00:00,2019-05-08
fa5e96893169d35b325dd5ae1e5425fa,VirusShare_00499,zusy,30720,exe,ransomware,30.65,2021-11-14T11:12:49+00:00,2019-05-08
8d6d1aaaeb63c8580b7258554d1a6ac7,VirusShare_00495,zusy,1093632,exe,trojan,72.73,2021-11-09T12:29:36+00:00,2019-05-24
447fb0d7c99f2c18a7c57570dff1403e,VirusShare_00495,zusy,96768,exe,trojan,36.76,2021-11-03T22:32:49+00:00,2019-06-09
3a02b74803a7c4edb19f5d5f998f5701,VirusShare_00495,zusy,335360,exe,trojan,62.32,2021-11-03T16:39:57+00:00,2020-03-29
c55271d4cc58f99323fd9ae3daa51434,VirusShare_00495,zusy,288768,exe,trojan,71.01,2021-11-07T02:31:41+00:00,2020-03-29
73e3f0baa470628bfeee2378426b06d5,VirusShare_00499,zusy,295936,exe,trojan,70.15,2021-11-17T02:07:29+00:00,2020-03-29
f6753bb3e8f6d02c991235cf0f6d9ad7,VirusShare_00495,zusy,12817408,exe,trojan,71.01,2021-11-06T17:47:35+00:00,2020-05-12
38a42d1f07843a5c199062f269f2622c,VirusShare_00499,zusy,11763712,exe,trojan,63.77,2021-11-07T23:48:15+00:00,2020-05-12
53d6d02d1848704c541998e346ec589e,VirusShare_00499,zusy,13795840,exe,trojan,69.12,2021-11-10T20:21:19+00:00,2020-05-12
cfe56a38958f75569475808c65c1aa8e,VirusShare_00499,zusy,12014592,exe,trojan,69.12,2021-11-10T19:03:10+00:00,2020-05-12
7816ebd56a8532ec43d2b69a2e2727a2,VirusShare_00495,zusy,6510085,exe,trojan,60.29,2021-11-05T07:39:32+00:00,2020-05-24
a651443788bd37e8026c3fd9d0eff652,VirusShare_00499,zusy,350720,exe,trojan,43.28,2021-11-13T07:49:32+00:00,2020-07-20
28572413cd47a407ca1287ecfdda33e0,VirusShare_00499,zusy,12616192,exe,trojan,64.18,2021-11-11T08:51:42+00:00,2021-02-06
db61cbe488a620f6fe2a3dc1549828b8,VirusShare_00495,zusy,302592,exe,trojan,51.47,2021-11-05T19:11:11+00:00,2021-03-03
19769923fb74b20b38e574871368d626,VirusShare_00495,zusy,6478848,exe,trojan,66.67,2021-11-09T10:05:10+00:00,2021-06-25
050182443f3e3c3187fb7e28877fb1b4,VirusShare_00495,zusy,729151,exe,trojan,39.71,2021-11-09T06:01:30+00:00,2021-07-06
54400acbf2c8d5e0569ee6f42d14828e,VirusShare_00495,zusy,729151,exe,trojan,41.18,2021-11-09T06:01:01+00:00,2021-07-06
aeec863c5e5091e5f9686d9ba0b540fc,VirusShare_00495,zusy,729151,exe,trojan,41.18,2021-11-09T06:00:13+00:00,2021-07-06
d7db95ce6b4503637700154ea5308cde,VirusShare_00495,zusy,697344,exe,trojan,37.31,2021-11-07T17:59:48+00:00,2021-07-31
e457a4c8242ce35f87fb874f2a74ad27,VirusShare_00499,zusy,238080,exe,trojan,64.62,2021-11-11T00:47:33+00:00,2021-08-13
466e17c4ac23f007010cf1584fc99779,VirusShare_00495,zusy,2804455,exe,trojan,72.46,2021-11-09T01:01:42+00:00,2021-08-18
bccb87e976447b939139bd5f120baa26,VirusShare_00495,zusy,1916928,exe,trojan,53.73,2021-11-03T20:45:15+00:00,2021-08-18
d5282ccae8e6a8da175f3626113feb60,VirusShare_00495,zusy,2648350,exe,trojan,46.38,2021-11-06T17:44:30+00:00,2021-08-18
6614a89ba17d2287afaaf072718d9b58,VirusShare_00499,zusy,2579775,exe,trojan,46.97,2021-11-12T13:04:59+00:00,2021-08-18
7ba126579ecf48a08e6e620e945520d6,VirusShare_00495,zusy,285184,exe,trojan,51.47,2021-11-03T20:45:53+00:00,2021-09-01
b8331e1b67ade1d18114e801d3db9198,VirusShare_00499,zusy,2412544,exe,trojan,48.53,2021-11-13T05:25:00+00:00,2021-09-08
5e82f97d75a60fc86b0ab0463bbb736e,VirusShare_00495,zusy,12597725,exe,trojan,69.57,2021-11-03T03:18:57+00:00,2021-09-20
d5eabfd2abdc82affdc00135dc4f2d63,VirusShare_00499,zusy,4558864,exe,trojan,37.31,2021-11-14T16:19:08+00:00,2021-09-21
ac8f9986ce267ed2b6a721059572e03f,VirusShare_00495,zusy,847872,exe,trojan,46.38,2021-11-04T23:43:38+00:00,2021-09-23
1aa2b7e86640d67b76a1c35757ca43e0,VirusShare_00499,zusy,819200,exe,trojan,58.21,2021-11-15T12:19:19+00:00,2021-10-02
d05a92e8c7ffcf2c4274431a627361c0,VirusShare_00499,zusy,770048,exe,trojan,51.52,2021-11-10T04:45:46+00:00,2021-10-06
ed506a058d6229375add53a53715f3aa,VirusShare_00499,zusy,285184,exe,trojan,61.19,2021-11-13T16:28:16+00:00,2021-10-06
65f0534e3eded9bbf662a590e883be6f,VirusShare_00495,zusy,220672,exe,trojan,50.0,2021-10-31T17:33:03+00:00,2021-10-07
b74e4cdbdf5496b651e5a1c43a226ca1,VirusShare_00495,zusy,259072,exe,trojan,48.53,2021-11-08T12:09:00+00:00,2021-10-07
c4b3368101167102e381eea806a7e7cd,VirusShare_00499,zusy,84992,exe,trojan,69.12,2021-11-16T02:16:55+00:00,2021-10-08
ab4a7cf68fb9003bbff900b2627f53f6,VirusShare_00495,zusy,5447680,exe,trojan,48.53,2021-11-05T15:44:56+00:00,2021-10-10
1c68edc14e8d0ea9b48f16b65a8517ab,VirusShare_00499,zusy,5447680,exe,trojan,47.76,2021-11-14T08:23:59+00:00,2021-10-10
0d83b78c99977f99b469376cb3549fd0,VirusShare_00495,zusy,2844845,exe,trojan,78.26,2021-11-08T19:24:17+00:00,2021-10-13
11d514cd65cab850aeb75e88360d2a41,VirusShare_00495,zusy,2857453,exe,trojan,77.94,2021-11-08T09:36:47+00:00,2021-10-13
27d0ed2bec22cdabde22d8ee8ee14be4,VirusShare_00495,zusy,2854186,exe,trojan,63.77,2021-11-04T17:48:29+00:00,2021-10-13
4279063623154f627c8b72cce8477537,VirusShare_00495,zusy,5594737,exe,trojan,67.16,2021-11-07T11:37:10+00:00,2021-10-13
60b7bbd3dd80fe5fd5ef676951eb566b,VirusShare_00495,zusy,2843778,exe,trojan,68.12,2021-11-04T18:30:14+00:00,2021-10-13
813449cc53564691709fb38d731922c3,VirusShare_00495,zusy,2847718,exe,trojan,63.77,2021-11-04T17:25:31+00:00,2021-10-13
8bfba99387319ed835880854119f7e31,VirusShare_00495,zusy,5629658,exe,trojan,69.12,2021-11-07T11:57:50+00:00,2021-10-13
92f58ff001488b4b970278ee34f65425,VirusShare_00495,zusy,2846520,exe,trojan,65.22,2021-11-04T19:07:57+00:00,2021-10-13
d73bd98a82a86f45bf9cd45dcb7c5508,VirusShare_00495,zusy,2988048,exe,trojan,68.12,2021-11-07T17:03:52+00:00,2021-10-13
df6b9c575d929da31e491c072509544e,VirusShare_00495,zusy,2834871,exe,trojan,65.22,2021-11-04T19:02:20+00:00,2021-10-13
ee90be169906715256ea364ad8f50fcf,VirusShare_00495,zusy,2824359,exe,trojan,63.77,2021-11-04T18:16:35+00:00,2021-10-13
ef2190031ebccb8e3be54798294b3f12,VirusShare_00495,zusy,2853921,exe,trojan,63.24,2021-11-04T18:05:16+00:00,2021-10-13
58327b7bca5b285433c71d079f6073cf,VirusShare_00499,zusy,3166037,exe,trojan,70.59,2021-11-12T17:30:42+00:00,2021-10-13
640b59ae7940210eea4cc5784fec31ad,VirusShare_00499,zusy,5829734,exe,trojan,75.76,2021-11-13T16:38:01+00:00,2021-10-13
d5d81b90f968b40e17d9482384d32b62,VirusShare_00499,zusy,11662082,exe,trojan,69.12,2021-11-12T19:27:51+00:00,2021-10-13
1ddd73a49ca346ed7b76bf87cada5e76,VirusShare_00499,zusy,4727118,exe,trojan,73.13,2021-11-17T08:13:20+00:00,2021-10-19
9d449702fbb8a454f4f04f52061e0a40,VirusShare_00499,zusy,4727118,exe,trojan,54.41,2021-11-13T21:50:04+00:00,2021-10-19
67c0017f106ed62cb204dd1d18df319e,VirusShare_00499,zusy,5643388,exe,trojan,77.61,2021-11-13T10:05:50+00:00,2021-10-24
751e72d80262de4fc7dcd6be3ae766a4,VirusShare_00499,zusy,2831336,exe,trojan,77.61,2021-11-13T11:46:53+00:00,2021-10-24
781d899e5ee3f4c3260792fbe9af9c07,VirusShare_00499,zusy,2845200,exe,trojan,65.67,2021-11-11T18:45:13+00:00,2021-10-24
417a54c3c4b6f0d53020fc1fa74184e3,VirusShare_00495,zusy,1138688,exe,trojan,51.47,2021-10-31T04:36:56+00:00,2021-10-25
bba21b8234f66326ede022e4a66bd463,VirusShare_00495,zusy,954896,exe,trojan,43.48,2021-11-05T17:24:24+00:00,2021-10-25
3a45ebed3b53e1a87b2cbade9aef1c2b,VirusShare_00495,zusy,267264,exe,trojan,62.5,2021-11-02T22:04:59+00:00,2021-10-26
8a697110310514c763751cb7ec2a456e,VirusShare_00495,zusy,2297856,exe,trojan,46.27,2021-10-31T05:12:10+00:00,2021-10-27
c46c38a1262e21696d31813b33d3a3a6,VirusShare_00495,zusy,1191936,exe,trojan,45.59,2021-10-31T11:45:24+00:00,2021-10-27
e519be22ea110d93ea6449390a2c097a,VirusShare_00495,zusy,948077,exe,trojan,56.06,2021-11-06T11:34:43+00:00,2021-10-27
0bfd9fb97e3480672f7b8a78c20d6b5b,VirusShare_00495,zusy,1554800,exe,trojan,38.81,2021-11-04T20:15:00+00:00,2021-10-29
0e1734834129f278165f6cb9355fc9e0,VirusShare_00495,zusy,1569648,exe,trojan,35.29,2021-11-04T11:12:25+00:00,2021-10-29
2ab81053edb44559f8ea9ffef1abfe89,VirusShare_00495,zusy,1693040,exe,trojan,35.82,2021-11-04T12:04:36+00:00,2021-10-29
3a42633d3aa192b334357981de58af26,VirusShare_00495,zusy,1549768,exe,trojan,34.85,2021-10-31T08:48:59+00:00,2021-10-29
5c44c1167f8c153ce15e5b71de571cc6,VirusShare_00495,zusy,1630576,exe,trojan,47.83,2021-11-05T12:30:55+00:00,2021-10-29
5d9d1ee77b7b37d63baa4a5ef13c6ada,VirusShare_00495,zusy,7183360,exe,trojan,49.28,2021-11-08T12:42:23+00:00,2021-10-29
5ff73eac3c7fa89fac33d59e851dbb46,VirusShare_00495,zusy,1475528,exe,trojan,32.84,2021-10-31T11:36:44+00:00,2021-10-29
626a20670bf7bd81cb377df8cb433a88,VirusShare_00495,zusy,1645424,exe,trojan,62.32,2021-11-06T11:05:35+00:00,2021-10-29
6e46416e8e7836ebacd67f85c5a909c3,VirusShare_00495,zusy,1719152,exe,trojan,37.88,2021-11-05T18:07:22+00:00,2021-10-29
83dd189ae34a80c46420bd7404c08556,VirusShare_00495,zusy,1425264,exe,trojan,35.82,2021-11-04T12:42:12+00:00,2021-10-29
8814c11c813566cfbd536fccebd93ad0,VirusShare_00495,zusy,507904,exe,trojan,67.65,2021-11-02T20:47:03+00:00,2021-10-30
9c16fe66cc2a43111a000239929007ff,VirusShare_00495,zusy,2848432,exe,trojan,50.75,2021-10-31T15:29:36+00:00,2021-10-30
a5858c959dc0ce0dfc4441f03f97a3c1,VirusShare_00495,zusy,2804400,exe,trojan,72.46,2021-11-03T14:45:32+00:00,2021-10-30
1b0c7f4f0e570da673402d3901e2097d,VirusShare_00495,zusy,2171934,exe,trojan,52.94,2021-11-04T10:25:15+00:00,2021-10-31
a464843bf57f74e0df9f72ab1216c77a,VirusShare_00495,zusy,2804480,exe,trojan,55.07,2021-11-02T18:29:26+00:00,2021-11-01
b47df0a49a46785a62d07d558085b3fd,VirusShare_00495,zusy,2406400,exe,trojan,52.94,2021-11-04T01:24:39+00:00,2021-11-01
dd8772ec3d2d1a308910261459a46973,VirusShare_00495,zusy,360448,exe,trojan,48.53,2021-11-01T10:03:13+00:00,2021-11-01
ce1a9577156a9ca1586eb3b497677967,VirusShare_00495,zusy,2729488,exe,trojan,47.06,2021-11-04T18:06:06+00:00,2021-11-03
65818a1162c3f3cedb1737fb3e69c1a8,VirusShare_00495,zusy,2931968,exe,trojan,51.47,2021-11-05T18:48:28+00:00,2021-11-04
87ca9ce05b0692b08942f9761dd58484,VirusShare_00495,zusy,251392,exe,trojan,63.08,2021-11-08T23:19:34+00:00,2021-11-04
0922310c488dc21e25be5fa1f9514b5d,VirusShare_00495,zusy,656384,exe,trojan,44.12,2021-11-07T10:36:19+00:00,2021-11-05
0bcb1c8e60054826d0536214e0d00824,VirusShare_00495,zusy,656384,exe,trojan,46.27,2021-11-07T15:04:20+00:00,2021-11-05
0e343dc7ce4a71127387f2edd07b0b3a,VirusShare_00495,zusy,656896,exe,trojan,46.15,2021-11-07T17:55:55+00:00,2021-11-05
372a277b7b093e63006fb5096fed68ed,VirusShare_00495,zusy,656896,exe,trojan,67.69,2021-11-09T12:50:24+00:00,2021-11-05
82367cb7f48df658d227b78b1f195b36,VirusShare_00495,zusy,656896,exe,riskware,36.23,2021-11-06T16:58:22+00:00,2021-11-05
88b54271d5dea7fb24a84dad9074c5d1,VirusShare_00495,zusy,656384,exe,trojan,36.23,2021-11-06T17:33:17+00:00,2021-11-05
96a1104b025463002236c78faf5ade80,VirusShare_00495,zusy,652800,exe,trojan,40.58,2021-11-06T17:50:02+00:00,2021-11-05
9ca349003c45548e0ecb8f8cb27fb742,VirusShare_00495,zusy,656896,exe,trojan,38.24,2021-11-06T16:42:05+00:00,2021-11-05
9fce48f331485641a7344d37d316e044,VirusShare_00495,zusy,656384,exe,trojan,45.59,2021-11-07T16:33:36+00:00,2021-11-05
a8477932e786ce27f43c14cd834f8567,VirusShare_00495,zusy,656896,exe,trojan,46.27,2021-11-07T18:24:53+00:00,2021-11-05
a8d6a505d8695cd6046683a6d2cb8356,VirusShare_00495,zusy,656896,exe,trojan,65.22,2021-11-08T14:35:02+00:00,2021-11-05
a9c07267c6f515c40023cd4fd09db116,VirusShare_00495,zusy,652800,exe,trojan,57.97,2021-11-07T16:34:46+00:00,2021-11-05
cb510a21ff5072e08e86bf73fe5648c4,VirusShare_00495,zusy,656896,exe,trojan,43.94,2021-11-07T08:40:55+00:00,2021-11-05
d2dedee84a8d75b13279269701aacd5a,VirusShare_00495,zusy,656896,exe,trojan,44.12,2021-11-07T16:40:18+00:00,2021-11-05
d587c4ec2d34b5948f0bae05c2b0ead8,VirusShare_00495,zusy,656896,exe,trojan,46.38,2021-11-07T14:59:57+00:00,2021-11-05
f60076d95f49806ee325300ca88e3f66,VirusShare_00495,zusy,656896,exe,trojan,44.44,2021-11-07T08:01:00+00:00,2021-11-05
ff3dd4eea90eb1088b11d92e2a7e85aa,VirusShare_00495,zusy,656384,exe,trojan,46.38,2021-11-07T13:32:47+00:00,2021-11-05
aa23ce91066ea36a5574a61a7d170d3e,VirusShare_00499,zusy,656896,exe,trojan,59.7,2021-11-12T11:34:20+00:00,2021-11-05
83e8923cce267cbe9361ba5951566e7f,VirusShare_00499,zusy,4355630,exe,trojan,41.54,2021-11-14T14:22:26+00:00,2021-11-06
3d6a0d388c7cd717b176956961b0c7ed,VirusShare_00499,zusy,152576,exe,trojan,44.12,2021-11-13T09:30:29+00:00,2021-11-10
2d75a4ff1814fd294cff41304b8caaa2,VirusShare_00499,zusy,281600,exe,trojan,32.35,2021-11-13T15:33:54+00:00,2021-11-11
404de7ca02cd143e60985226b19f0d9f,VirusShare_00499,zusy,237568,exe,trojan,35.82,2021-11-13T07:37:05+00:00,2021-11-11
90248887e252a9ed0745483515f4b532,VirusShare_00499,zusy,237568,exe,trojan,37.31,2021-11-13T07:49:34+00:00,2021-11-11
c1a68e0e82d510a708ad2ccaf6d4c9f2,VirusShare_00499,zusy,237568,exe,trojan,56.06,2021-11-16T14:51:08+00:00,2021-11-11
042eae0560a7614350a50e2eb21ea6ca,VirusShare_00499,zusy,268800,exe,trojan,41.54,2021-11-13T09:55:27+00:00,2021-11-12
05ac37f6718b80bae0887253c78c019a,VirusShare_00499,zusy,820736,exe,trojan,67.19,2021-11-17T06:36:49+00:00,2021-11-12
064ad6108465a6e0613c0dc98ae63449,VirusShare_00499,zusy,278528,exe,trojan,42.65,2021-11-13T10:14:26+00:00,2021-11-12
0a2f0ff46fc836767c1496065f9a19ae,VirusShare_00499,zusy,324096,exe,trojan,46.97,2021-11-13T11:55:40+00:00,2021-11-12
0b3ba5e3b194f43ef847d64f867a4cee,VirusShare_00499,zusy,278528,exe,trojan,42.65,2021-11-13T10:05:24+00:00,2021-11-12
0d7c566f6663400c08554f339d5126f9,VirusShare_00499,zusy,1176576,exe,trojan,72.73,2021-11-18T00:15:36+00:00,2021-11-12
1646cf1c2d2b8c82db02f67d1903bc00,VirusShare_00499,zusy,1176064,exe,trojan,66.67,2021-11-15T09:10:50+00:00,2021-11-12
165486207d55ce8d26f93dde085e0f0f,VirusShare_00499,zusy,389632,exe,trojan,57.35,2021-11-14T23:36:46+00:00,2021-11-12
1a0fd60f239382a6eb30ad0f037e866c,VirusShare_00499,zusy,389632,exe,trojan,63.79,2021-11-17T14:49:37+00:00,2021-11-12
1ddbdd3885db90cd680965ea7d1f9a76,VirusShare_00499,zusy,394240,exe,trojan,66.18,2021-11-14T23:11:41+00:00,2021-11-12
1e8b5c84259736f18897a693b962e86d,VirusShare_00499,zusy,278528,exe,trojan,41.18,2021-11-13T10:07:31+00:00,2021-11-12
26874b78e183c189b8809a1451d1ad35,VirusShare_00499,zusy,285696,exe,trojan,58.82,2021-11-17T10:25:48+00:00,2021-11-12
2aae8726e78405f0f31fc393b187af6d,VirusShare_00499,zusy,820736,exe,trojan,66.13,2021-11-17T12:46:05+00:00,2021-11-12
2f7c4b159d9744d50bd07d2977eb280b,VirusShare_00499,zusy,532992,exe,trojan,63.24,2021-11-17T04:20:32+00:00,2021-11-12
4b1e72cbd5ce3bf2bbbf0636d50b3360,VirusShare_00499,zusy,389632,exe,trojan,62.69,2021-11-16T15:06:53+00:00,2021-11-12
558748f46353b456aa6c7dd4c62d53dc,VirusShare_00499,zusy,389632,exe,trojan,32.84,2021-11-13T11:29:03+00:00,2021-11-12
567baadf1a1291add6a9d500b8db5468,VirusShare_00499,zusy,278528,exe,trojan,42.65,2021-11-13T10:06:26+00:00,2021-11-12
66266296853332dc100a449b49c1be39,VirusShare_00499,zusy,295424,exe,trojan,53.97,2021-11-15T04:09:11+00:00,2021-11-12
79fe77a55bc770829e88429094f4e7a2,VirusShare_00499,zusy,542720,exe,trojan,54.41,2021-11-17T03:06:43+00:00,2021-11-12
95aec9ec1ae7b572002a7766eac4c454,VirusShare_00499,zusy,285696,exe,trojan,57.58,2021-11-15T10:34:45+00:00,2021-11-12
992d9ee54150d15703396d7f21fde6bf,VirusShare_00499,zusy,268800,exe,trojan,40.3,2021-11-13T09:57:03+00:00,2021-11-12
a8d1bb7ae60da2db74a2f3e9b897c8dd,VirusShare_00499,zusy,542720,exe,trojan,55.22,2021-11-17T03:57:59+00:00,2021-11-12
b25171ae74c866caed60b65ae492a47b,VirusShare_00499,zusy,1186304,exe,trojan,64.18,2021-11-15T09:46:07+00:00,2021-11-12
c2685e133805289d7a59c824f8c32168,VirusShare_00499,zusy,379904,exe,trojan,65.08,2021-11-17T08:30:29+00:00,2021-11-12
c441eced8974ce0b07bbdf9b031f44a8,VirusShare_00499,zusy,295424,exe,trojan,38.24,2021-11-13T13:18:57+00:00,2021-11-12
cb52585208d24a31503a3e82b70a7f96,VirusShare_00499,zusy,379904,exe,trojan,58.82,2021-11-15T13:10:45+00:00,2021-11-12
dc2a6ade0939fac3b9a174ee421d7310,VirusShare_00499,zusy,542720,exe,trojan,51.52,2021-11-15T06:12:47+00:00,2021-11-12
de7a748739435be92cb57e56a386e820,VirusShare_00499,zusy,1185792,exe,trojan,61.54,2021-11-15T09:46:28+00:00,2021-11-12
f82c5306faf6d40825d2c5bdb904e0f0,VirusShare_00499,zusy,896000,exe,trojan,64.18,2021-11-17T07:26:07+00:00,2021-11-12
f98b762814594f71060fdc68822a480b,VirusShare_00499,zusy,532992,exe,trojan,55.88,2021-11-15T17:06:49+00:00,2021-11-12
90b1f0389298f97ed2d0d6422f44d176,VirusShare_00499,zusy,11264,exe,trojan,19.4,2021-11-13T05:51:04+00:00,2021-11-13
503a913a1c1f9ee1fd30251823beaf13,VirusShare_00499,zusy,394752,exe,trojan,66.18,2021-11-15T19:38:04+00:00,2021-11-14
9b85ec9cb71f0e4f684b2a3bb25b2752,VirusShare_00499,zusy,319488,exe,trojan,56.06,2021-11-15T20:47:54+00:00,2021-11-14
bb4b173a73d02dbca1350fa67c86f96c,VirusShare_00499,zusy,319488,exe,trojan,66.15,2021-11-18T06:22:02+00:00,2021-11-14
93f16298d456b139b02656fded85f839,VirusShare_00495,zusy,58600,exe,trojan,4.41,2021-11-06T12:40:37+00:00,2028-09-17
37ac77cf57cc6d6e6cae3c45d2870122,VirusShare_00499,zusy,2750136,exe,trojan,63.93,2021-11-17T05:07:02+00:00,2040-02-29
b7305ba013ba5ea2ddcc86bee0f9a607,VirusShare_00499,zusy,2791128,exe,trojan,48.48,2021-11-14T15:10:26+00:00,2044-10-26
c16aea130225c0a7e36c301404efabc1,VirusShare_00499,zusy,2855640,exe,trojan,72.06,2021-11-16T03:09:27+00:00,2049-06-23
de4edbe6761625f9d51c5f0229732c2f,VirusShare_00499,zusy,2634920,exe,trojan,44.78,2021-11-14T16:35:17+00:00,2052-03-06
57782e81cc5bbc45e8c8194a86ddeac8,VirusShare_00495,zusy,3613408,exe,trojan,38.46,2021-11-03T18:19:43+00:00,2056-03-23
8dc017241f28a026a2a53252d0ca5546,VirusShare_00499,zusy,2825944,exe,trojan,65.67,2021-11-13T05:14:56+00:00,2056-03-23
e076bba199b750cbce0241c4358b556e,VirusShare_00499,zusy,5347840,exe,trojan,52.94,2021-11-12T00:30:22+00:00,2057-04-22
acd68c030e5667f7e849f04ea91177b5,VirusShare_00499,zusy,2716856,exe,trojan,69.23,2021-11-17T05:55:59+00:00,2064-09-15
376220407ecf0f1f6b209e482a2697a7,VirusShare_00499,zusy,2590400,exe,trojan,48.53,2021-11-13T16:54:50+00:00,2064-12-12
687d3ab1f3833eda563f285cf739947d,VirusShare_00499,zusy,513536,exe,trojan,61.76,2021-11-16T15:37:30+00:00,2079-01-17
7f7e5088eaef4dd784a5c91b2fa59c1b,VirusShare_00499,zusy,2911960,exe,trojan,63.24,2021-11-13T19:39:31+00:00,2084-03-16
4a5ba98f223f914ff9e0d359a1f765aa,VirusShare_00495,zusy,2929668,exe,trojan,36.76,2021-11-06T17:38:26+00:00,2088-09-03
2cfe987caba0a908068420a37736a0b2,VirusShare_00495,zusy,3203072,exe,trojan,67.65,2021-11-07T06:46:27+00:00,2090-07-21
55232b7cee343da1464106a4ef76e98f,VirusShare_00499,zusy,2838312,exe,trojan,40.3,2021-11-12T15:32:19+00:00,2092-01-07
3f05f68c834264dc770d21d8b153ff91,VirusShare_00499,zusy,2869464,exe,trojan,40.3,2021-11-10T06:45:32+00:00,2094-03-13
7c21d6493161c1669455021f93e99969,VirusShare_00495,zusy,2888192,exe,trojan,65.22,2021-11-10T00:16:38+00:00,2097-04-10
f0dd21fa6c6d1fe88abfc34e107de5b2,VirusShare_00495,zusy,3349383,exe,trojan,58.82,2021-11-05T10:15:24+00:00,2097-08-14
